x_m,y_m,phi_V,phi_exact_V,signed_error_V
0.0006153846153846154,0.00030769230769230776,14.64849516016089,14.489781809684196,0.15871335047669355
0.0006153846153846154,0.0006153846153846155,14.709729611311502,14.477088137177267,0.23264147413423508
0.0006153846153846154,0.0009230769230769233,14.724390862463746,14.455940252878614,0.2684506095851322
0.0006153846153846154,0.001230769230769231,14.708284431186495,14.426350506557137,0.2819339246293584
0.0006153846153846154,0.001538461538461539,14.676584309220514,14.388336177791427,0.28824813142908745
0.0006153846153846154,0.0018461538461538465,14.630293403791551,14.341919465878988,0.2883739379125636
0.0006153846153846154,0.002153846153846154,14.575776551378269,14.287127476872463,0.28864907450580546
0.0006153846153846154,0.002461538461538462,14.509720558023293,14.223992207750467,0.2857283502728265
0.0006153846153846154,0.00276923076923077,14.436704531771385,14.152550527732256,0.28415400403912905
0.0006153846153846154,0.003076923076923078,14.353623584806044,14.07284415674713,0.28077942805891354
0.0006153846153846154,0.0033846153846153852,14.26396293910525,13.98491964107119,0.27904329803405936
0.0006153846153846154,0.003692307692307693,14.164198900435087,13.8888283261456,0.27537057428948764
0.0006153846153846154,0.004000000000000001,14.057724344635275,13.784626326592303,0.2730980180429725
0.0006153846153846154,0.004307692307692308,13.941878998373758,13.672374493444677,0.2695045049290812
0.0006153846153846154,0.004615384615384617,13.819374305106354,13.55213837861222,0.2672359264941342
0.0006153846153846154,0.004923076923076924,13.68747206368477,13.4239881966001,0.26348386708467153
0.0006153846153846154,0.0052307692307692315,13.548805975904573,13.287998783505854,0.26080719239871897
0.0006153846153846154,0.00553846153846154,13.401335963655063,13.144249553317213,0.25708641033785007
0.0006153846153846154,0.005846153846153847,13.247130477021281,12.992824451536578,0.2543060254847038
0.0006153846153846154,0.006153846153846156,13.084250112863504,12.833811906159195,0.2504382067043096
0.0006153846153846154,0.006461538461538463,12.914616707916572,12.66730477603371,0.24731193188286227
0.0006153846153846154,0.0067692307692307704,12.73682356637314,12.493400296635214,0.24342326973792616
0.0006153846153846154,0.007076923076923079,12.552319082666301,12.312200023282458,0.2401190593838436
0.0006153846153846154,0.007384615384615386,12.359887012061613,12.123809771832407,0.2360772402292053
0.0006153846153846154,0.007692307692307694,12.160780951681643,11.928339556886769,0.2324413947948738
0.0006153846153846154,0.008000000000000002,11.761603815252123,11.725903527546555,0.0357002877055681
0.0006153846153846154,0.00830769230769231,11.550917754950417,11.516619900752222,0.03429785419819531
0.0006153846153846154,0.008615384615384617,11.33470438237252,11.300610892248312,0.03409349012420826
0.0006153846153846154,0.008923076923076924,11.110989657419783,11.07800264521289,0.03298701220689182
0.0006153846153846154,0.009230769230769233,10.881530043286672,10.848925156593495,0.03260488669317674
0.0006153846153846154,0.00953846153846154,10.645176562137106,10.61351220119257,0.03166436094453573
0.0006153846153846154,0.009846153846153848,10.40300176934474,10.371901253546746,0.031100515797994888
0.0006153846153846154,0.010153846153846156,10.1546418329319,10.124233407645594,0.030408425286305274
0.0006153846153846154,0.010461538461538463,9.900277046855445,9.870653294536696,0.029623752318748586
0.0006153846153846154,0.010769230769230772,9.640260637566175,9.611308997865196,0.02895163970097947
0.0006153846153846154,0.01107692307692308,9.374440637628926,9.346351967397112,0.028088670231813495
0.0006153846153846154,0.011384615384615387,9.103784312151687,9.075936930576948,0.027847381574739316
0.0006153846153846154,0.011692307692307695,8.827030998200806,8.800221802171214,0.02680919602959264
0.0006153846153846154,0.012000000000000002,8.545785166427242,8.519367592050653,0.026417574376589315
0.0006153846153846154,0.012307692307692311,8.258793096525048,8.233538311165011,0.02525478536003689
0.0006153846153846154,0.012615384615384619,7.9680659718392475,7.942900875765269,0.025165096073978432
0.0006153846153846154,0.012923076923076926,7.671410694832243,7.647625009929233,0.02378568490301003
0.0006153846153846154,0.013230769230769233,7.371367902213123,7.347883146447472,0.02348475576565079
0.0006153846153846154,0.013538461538461541,7.0660062160076995,7.043850326127408,0.022155889880291824
0.0006153846153846154,0.013846153846153848,6.757985083009124,6.735704095574432,0.022280987434691646
0.0006153846153846154,0.014153846153846157,6.444394102440044,6.423624403509665,0.020769698930378944
0.0006153846153846154,0.014461538461538465,6.128381449014228,6.1077934956849935,0.020587953329234132
0.0006153846153846154,0.014769230769230772,5.8075177605701205,5.78839580845666,0.01912195211346024
0.0006153846153846154,0.01507692307692308,5.484834933994155,5.465617861079648,0.019217072914506694
0.0006153846153846154,0.015384615384615387,5.157231100777156,5.139648146785678,0.0175829539914778
0.0006153846153846154,0.015692307692307696,4.828052545435021,4.810677022708457,0.01737552272656373
0.0006153846153846154,0.016000000000000004,4.494750487415731,4.478896598720495,0.01585388869523552
0.0006153846153846154,0.01630769230769231,4.1603382555987425,4.144500625246338,0.015837630352404375
0.0006153846153846154,0.01661538461538462,3.8218476549503726,3.8076843801177773,0.014163274832595274
0.0006153846153846154,0.016923076923076926,3.48245075011725,3.4686445545370854,0.013806195580164715
0.0006153846153846154,0.017230769230769234,3.139946312782789,3.1275791382149167,0.012367174567872397
0.0006153846153846154,0.01753846153846154,2.796886958930232,2.7846873037498634,0.012199655180368474
0.0006153846153846154,0.01784615384615385,2.450865348861717,2.440169290317292,0.010696058544425124
0.0006153846153846154,0.01815384615384616,2.1044351517289286,2.094226286735275,0.010208864993653588
0.0006153846153846154,0.018461538461538467,1.7561074450072212,1.7470603139760341,0.009047131031187039
0.0006153846153846154,0.018769230769230774,1.407589987326621,1.398874107191321,0.008715880135300003
0.0006153846153846154,0.01907692307692308,1.0570338970704125,1.0498709973208462,0.007162899749566298
0.0006153846153846154,0.01938461538461539,0.7063462821319066,0.7002547923527053,0.006091489779201376
0.0006153846153846154,0.019692307692307696,0.3532113799294525,0.35022965830527863,0.002981721624173872
0.0012307692307692308,0.00030769230769230776,29.36386927409013,28.945722062562808,0.41814721152732304
0.0012307692307692308,0.0006153846153846155,29.517337322781376,28.920364364209256,0.5969729585721204
0.0012307692307692308,0.0009230769230769233,29.55737158510486,28.878117987475623,0.6792535976292378
0.0012307692307692308,0.001230769230769231,29.529349824891458,28.819007603056253,0.7103422218352051
0.0012307692307692308,0.001538461538461539,29.468117469811855,28.743067729751072,0.7250497400607827
0.0012307692307692308,0.0018461538461538465,29.37668390811843,28.6503427143076,0.7263411938108284
0.0012307692307692308,0.002153846153846154,29.268313204660824,28.540886705523683,0.7274264991371417
0.0012307692307692308,0.002461538461538462,29.136443090824258,28.41476362262612,0.7216794681981398
0.0012307692307692308,0.00276923076923077,28.99039393027954,28.272047117943654,0.7183468123358878
0.0012307692307692308,0.003076923076923078,28.82397371888109,28.112820533896063,0.7111531849850259
0.0012307692307692308,0.0033846153846153852,28.64423511731967,27.93717685432456,0.7070582629951119
0.0012307692307692308,0.003692307692307693,28.44412881665755,27.745218650191806,0.698910166465744
0.0012307692307692308,0.004000000000000001,28.230489561470755,27.537058019683407,0.6934315417873478
0.0012307692307692308,0.004307692307692308,27.997993816917415,27.3128165227457,0.6851772941717158
0.0012307692307692308,0.004615384615384617,27.752093715351922,27.072625110098155,0.6794686052537671
0.0012307692307692308,0.004923076923076924,27.487302514829842,26.81662404676189,0.6706784680679512
0.0012307692307692308,0.0052307692307692315,27.208908805460965,26.544962830148794,0.6639459753121706
0.0012307692307692308,0.00553846153846154,26.912825158342237,26.25780010275929,0.6550250555829464
0.0012307692307692308,0.005846153846153847,26.603203142981375,25.955303559539562,0.6478995834418129
0.0012307692307692308,0.006153846153846156,26.27615515106362,25.637649849952428,0.6385053011111914
0.0012307692307692308,0.006461538461538463,25.93553695532555,25.30502447481903,0.6305124805065176
0.0012307692307692308,0.0067692307692307704,25.578529445298184,24.957621677991597,0.620907767306587
0.0012307692307692308,0.007076923076923079,25.208038186664503,24.59564433292048,0.6123938537440239
0.0012307692307692308,0.007384615384615386,24.821625170468373,24.219303824181768,0.6023213462866046
0.0012307692307692308,0.007692307692307694,24.421804839706944,23.82881992403468,0.5929849156722646
0.0012307692307692308,0.008000000000000002,23.525164480347176,23.424420664080717,0.10074381626645845
0.0012307692307692308,0.00830769230769231,23.10375960140428,23.006342202099656,0.09741739930462501
0.0012307692307692308,0.008615384615384617,22.671298899083517,22.57482868414005,0.09647021494346575
0.0012307692307692308,0.008923076923076924,22.22383386503564,22.130132101944792,0.09370176309084854
0.0012307692307692308,0.009230769230769233,21.76487788317516,21.672512145795054,0.09236573738010634
0.0012307692307692308,0.00953846153846154,21.292132763939563,21.202236052858485,0.089896711081078
0.0012307692307692308,0.009846153846153848,20.807743869508403,20.71957845113019,0.0881654183782139
0.0012307692307692308,0.010153846153846156,20.31098346393196,20.224821199057764,0.08616226487419709
0.0012307692307692308,0.010461538461538463,19.802212209843862,19.718253220943858,0.08395898890000453
0.0012307692307692308,0.010769230769230772,19.282136627744798,19.20017033822254,0.08196628952225637
0.0012307692307692308,0.01107692307692308,18.750452769849694,18.670875096707906,0.0795776731417881
0.0012307692307692308,0.011384615384615387,18.209095348791227,18.130676589915847,0.07841875887537952
0.0012307692307692308,0.011692307692307695,17.655542844849673,17.579890278562125,0.07565256628754824
0.0012307692307692308,0.012000000000000002,17.09300449036269,17.01883780634222,0.07416668402047222
0.0012307692307692308,0.012307692307692311,16.518972621639897,16.447846812100444,0.07112580953945269
0.0012307692307692308,0.012615384615384619,15.937469968663827,15.86725073849812,0.07021923016570675
0.0012307692307692308,0.012923076923076926,15.344109964420229,15.277388637292418,0.06672132712781043
0.0012307692307692308,0.013230769230769233,14.743974330880897,14.678604971339702,0.0653693595411955
0.0012307692307692308,0.013538461538461541,14.133199951529155,14.071249413438897,0.06195053809025808
0.0012307692307692308,0.013846153846153848,13.51710619927121,13.455676642132463,0.061429557138746205
0.0012307692307692308,0.014153846153846157,12.889871797462268,12.832246134584068,0.057625662878200146
0.0012307692307692308,0.014461538461538465,12.257793634978988,12.201321956654084,0.05647167832490396
0.0012307692307692308,0.014769230769230772,11.616012579475258,11.563272550295343,0.05274002917991538
0.0012307692307692308,0.01507692307692308,10.970592939088862,10.918470518393447,0.05212242069541517
0.0012307692307692308,0.015384615384615387,10.315330468432231,10.267292407177157,0.04803806125507393
0.0012307692307692308,0.015692307692307696,9.656918292089122,9.61011848632599,0.046799805763132696
0.0012307692307692308,0.016000000000000004,8.990258538433716,8.94733252690345,0.042926011530266095
0.0012307692307692308,0.01630769230769231,8.321378283194228,8.279321577245538,0.042056705948690265
0.0012307692307692308,0.01661538461538462,7.644341007458832,7.606475736935413,0.037865270523418815
0.0012307692307692308,0.016923076923076926,6.96549106050212,6.929187928996201,0.03630313150591924
0.0012307692307692308,0.017230769230769234,6.280425639946625,6.2478536704350685,0.032571969511556276
0.0012307692307692308,0.01753846153846154,5.5942503133913455,5.562870841272367,0.031379472118978846
0.0012307692307692308,0.01784615384615385,4.902150464721395,4.874639452190957,0.027511012530438528
0.0012307692307692308,0.01815384615384616,4.209233440587344,4.183561410941178,0.02567202964616566
0.0012307692307692308,0.018461538461538467,3.5125196425068603,3.4900402876381316,0.022479354868728763
0.0012307692307692308,0.018769230769230774,2.815426167031733,2.79448107908798,0.020945087943752938
0.0012307692307692308,0.01907692307692308,2.1142511080632937,2.0972899722813128,0.016961135781980996
0.0012307692307692308,0.01938461538461539,1.4128127211275434,1.398874107191322,0.013938613936221422
0.0012307692307692308,0.019692307692307696,0.7064827909272797,0.6996413390155725,0.006841451911707264
0.0018461538461538463,0.00030769230769230776,43.732923654132954,43.33405824035425,0.3988654137787009
0.0018461538461538463,0.0006153846153846155,43.89469728259063,43.29609574023354,0.5986015423570876
0.0018461538461538463,0.0009230769230769233,43.94444370236687,43.232849539435286,0.7115941629315827
0.0018461538461538463,0.001230769230769231,43.90559672385931,43.14435657195973,0.7612401518995782
0.0018461538461538463,0.001538461538461539,43.82171642961584,43.03066851520789,0.7910479144079474
0.0018461538461538463,0.0018461538461538465,43.691372588475176,42.8918517598034,0.7995208286717741
0.0018461538461538463,0.002153846153846154,43.53504365306952,42.727987370822284,0.8070562822472382
0.0018461538461538463,0.002461538461538462,43.342103240593964,42.53917104045321,0.8029322001407522
0.0018461538461538463,0.00276923076923077,43.12734042630509,42.325513032116,0.8018273941890897
0.0018461538461538463,0.003076923076923078,42.88140762699371,42.08713811607081,0.7942695109229021
0.0018461538461538463,0.0033846153846153852,42.61528297308755,41.824185496555884,0.7910974765316681
0.0018461538461538463,0.003692307692307693,42.31839627637402,41.536808730496176,0.7815875458778407
0.0018461538461538463,0.004000000000000001,42.0011888560638,41.225175637830425,0.7760132182333734
0.0018461538461538463,0.004307692307692308,41.655693082592286,40.88946820350904,0.7662248790832464
0.0018461538461538463,0.004615384615384617,41.290163025444215,40.52988247122,0.7602805542242166
0.0018461538461538463,0.004923076923076924,40.89638101852209,40.14662842890491,0.7497525896171808
0.0018461538461538463,0.0052307692307692315,40.482314922789215,39.73992988613188,0.7423850366573319
0.0018461538461538463,0.00553846153846154,40.04184566483533,39.31002434339712,0.7318213214382112
0.0018461538461538463,0.005846153846153847,39.581210175661795,38.85716285343127,0.7240473222305255
0.0018461538461538463,0.006153846153846156,39.094587805517484,38.38160987459171,0.7129779309257742
0.0018461538461538463,0.006461538461538463,38.587763965357176,37.88364311642634,0.7041208489308346
0.0018461538461538463,0.0067692307692307704,38.05651799679614,37.363553377498995,0.6929646192971433
0.0018461538461538463,0.007076923076923079,37.50520443269712,36.82164437557127,0.6835600571258524
0.0018461538461538463,0.007384615384615386,36.9301733084493,36.258232570239926,0.6719407382093721
0.0018461538461538463,0.007692307692307694,36.33519155558381,35.673646978133384,0.661544577450428
0.0018461538461538463,0.008000000000000002,35.351344340415906,35.068228980775274,0.2831153596406324
0.0018461538461538463,0.00830769230769231,34.7181723759685,34.44233212522726,0.27584025074123986
0.0018461538461538463,0.008615384615384617,34.068377714625996,33.79632191762748,0.2720557969985151
0.0018461538461538463,0.008923076923076924,33.396023678925864,33.130575609745264,0.26544806918060004
0.0018461538461538463,0.009230769230769233,32.70639521432189,32.44548197867675,0.260913235645134
0.0018461538461538463,0.00953846153846154,31.99603743503331,31.741441099809997,0.2545963352233116
0.0018461538461538463,0.009846153846153848,31.268176555877613,31.01886411319218,0.24931244268543296
0.0018461538461538463,0.010153846153846156,30.52171863311312,30.27817298343544,0.24354564967768155
0.0018461538461538463,0.010461538461538463,29.757207089087377,29.519800253301415,0.23740683578596133
0.0018461538461538463,0.010769230769230772,28.975703901521637,28.744188791108424,0.2315151104132127
0.0018461538461538463,0.01107692307692308,28.1767527290095,27.95179153210888,0.2249611969006189
0.0018461538461538463,0.011384615384615387,27.363261569042038,27.14307121398782,0.2201903550542177
0.0018461538461538463,0.011692307692307695,26.531441841836465,26.318500106637153,0.21294173519931192
0.0018461538461538463,0.012000000000000002,25.686116854560716,25.47855973636333,0.20755711819738565
0.0018461538461538463,0.012307692307692311,24.823517861628286,24.623740604689537,0.1997772569387486
0.0018461538461538463,0.012615384615384619,23.949690765019028,23.754541901916653,0.195148863102375
0.0018461538461538463,0.012923076923076926,23.058043626191928,22.871471215610114,0.18657241058181384
0.0018461538461538463,0.013230769230769233,22.156213606097495,21.975044234183123,0.18116937191437188
0.0018461538461538463,0.013538461538461541,21.238394311490843,21.065784445749085,0.17260986574175874
0.0018461538461538463,0.013846153846153848,20.312580379628084,20.14422283241936,0.16835754720872487
0.0018461538461538463,0.014153846153846157,19.37002445511424,19.21089756022458,0.1591268948896598
0.0018461538461538463,0.014461538461538465,18.4201894033608,18.26635366484093,0.1538357385198701
0.0018461538461538463,0.014769230769230772,17.455773265100934,17.31114273330457,0.14463053179636276
0.0018461538461538463,0.01507692307692308,16.485889219401155,16.345822581900425,0.14006663750073045
0.0018461538461538463,0.015384615384615387,15.501214376180748,15.370956930413127,0.13025744576762044
0.0018461538461538463,0.015692307692307696,14.511806477753733,14.387115072930541,0.12469140482319219
0.0018461538461538463,0.016000000000000004,13.51000862472383,13.394871545392073,0.1151370793317561
0.0018461538461538463,0.01630769230769231,12.504875014685455,12.39480579007585,0.11006922460960489
0.0018461538461538463,0.01661538461538462,11.487496681826022,11.387501817220748,0.09999486460527329
0.0018461538461538463,0.016923076923076926,10.467397299450795,10.373547863980823,0.09384943546997171
0.0018461538461538463,0.017230769230769234,9.437961427303906,9.353536050911456,0.08442537639244918
0.0018461538461538463,0.01753846153846154,8.406858324840647,8.328062036187532,0.07879628865311439
0.0018461538461538463,0.01784615384615385,7.36686812451579,7.297724667755924,0.06914345675986588
0.0018461538461538463,0.01815384615384616,6.32565211758932,6.263125633625061,0.06252648396425897
0.0018461538461538463,0.018461538461538467,5.278683919763879,5.2248691104962255,0.05381480926765381
0.0018461538461538463,0.018769230769230774,4.23114050284854,4.183561410941181,0.04757909190735887
0.0018461538461538463,0.01907692307692308,3.1773343645751555,3.1398106293328594,0.03752373524229613
0.0018461538461538463,0.01938461538461539,2.123124179762542,2.094226286735277,0.028897893027264754
0.0018461538461538463,0.019692307692307696,1.0616751961130966,1.0474189749604719,0.014256221152624704
0.0024615384615384616,0.00030769230769230776,58.19989771111207,57.6211857172267,0.5787119938853706
0.0024615384615384616,0.0006153846153846155,58.42422626372496,57.57070707851687,0.8535191852080928
0.0024615384615384616,0.0009230769230769233,58.495714566628116,57.4866087680865,1.0091057985416185
0.0024615384615384616,0.001230769230769231,58.447418159641586,57.368939896980656,1.07847826266093
0.0024615384615384616,0.001538461538461539,58.33993659724218,57.217769180506465,1.1221674167357136
0.0024615384615384616,0.0018461538461538465,58.169691434696034,57.033184898105326,1.1365065365907085
0.0024615384615384616,0.002153846153846154,57.96462600016874,56.81529484180019,1.149331158368554
0.0024615384615384616,0.002461538461538462,57.70996588270005,56.564226253248066,1.145739629451981
0.0024615384615384616,0.00276923076923077,57.425870742009465,56.2801257494345,1.1457449925749685
0.0024615384615384616,0.003076923076923078,57.09976039230473,55.963159237053304,1.1366011552514266
0.0024615384615384616,0.0033846153846153852,56.746511479347646,55.61351181562184,1.1329996637258049
0.0024615384615384616,0.003692307692307693,56.351972310767124,55.23138766938801,1.1205846413791107
0.0024615384615384616,0.004000000000000001,55.93021109282893,54.817009948092455,1.1132011447364718
0.0024615384615384616,0.004307692307692308,55.470605276944084,54.37062063665537,1.0999846402887172
0.0024615384615384616,0.004615384615384617,54.98422961071195,53.89248041386413,1.0917491968478217
0.0024615384615384616,0.004923076923076924,54.46011475251788,53.38286850014425,1.0772462523736337
0.0024615384615384616,0.0052307692307692315,53.90893017611034,52.84208249450245,1.0668476816078893
0.0024615384615384616,0.00553846153846154,53.32251997766941,52.2704382007373,1.0520817769321056
0.0024615384615384616,0.005846153846153847,52.7092209285889,51.668269443018644,1.040951485570254
0.0024615384615384616,0.006153846153846156,52.061268176531826,51.03592787094367,1.0253403055881591
0.0024615384615384616,0.006461538461538463,51.386391001497884,50.37378275418347,1.012608247314411
0.0024615384615384616,0.0067692307692307704,50.67896311374613,49.68222076684001,0.9967423469061174
0.0024615384615384616,0.007076923076923079,49.944797251351254,48.96164576163923,0.9831514897120215
0.0024615384615384616,0.007384615384615386,49.17902544967475,48.21247853409248,0.9665469155822635
0.0024615384615384616,0.007692307692307694,48.38667556866387,47.43515657676383,0.9515189919000377
0.0024615384615384616,0.008000000000000002,47.14498252823018,46.630133823786664,0.5148487044435157
0.0024615384615384616,0.00830769230769231,46.30062007764937,45.79788038577897,0.5027396918704028
0.0024615384615384616,0.008615384615384617,45.43408266804826,44.93888227531197,0.4952003927362938
0.0024615384615384616,0.008923076923076924,44.53745067120531,44.053641123092454,0.48380954811285903
0.0024615384615384616,0.009230769230769233,43.61777621929803,43.14267388502458,0.4751023342734513
0.0024615384615384616,0.00953846153846154,42.67045082131354,42.20651254032221,0.4639382809913286
0.0024615384615384616,0.009846153846153848,41.69977869854367,41.24570378084796,0.4540749176957064
0.0024615384615384616,0.010153846153846156,40.704300680689336,40.26080869186064,0.443491988828697
0.0024615384615384616,0.010461538461538463,39.6847424980022,39.252402424357186,0.43234007364501537
0.0024615384615384616,0.010769230769230772,38.642520630766555,38.22107385920071,0.4214467715658472
0.0024615384615384616,0.01107692307692308,37.57702700024996,37.16742526323064,0.40960173701932234
0.0024615384615384616,0.011384615384615387,36.49214023366591,36.09207193755589,0.40006829611001393
0.0024615384615384616,0.011692307692307695,35.382808012280286,34.99564185823628,0.387166154044003
0.0024615384615384616,0.012000000000000002,34.25546335051457,33.87877530956224,0.3766880409523239
0.0024615384615384616,0.012307692307692311,33.105080187523086,32.74212451014681,0.3629556773762772
0.0024615384615384616,0.012615384615384619,31.939721998734864,31.586353232048307,0.3533687666865575
0.0024615384615384616,0.012923076923076926,30.75059732920701,30.412136413146193,0.33846091606081785
0.0024615384615384616,0.013230769230769233,29.54789181354223,29.220159762996303,0.3277320505459258
0.0024615384615384616,0.013538461538461541,28.3238613303365,28.01111936239579,0.31274196794070974
0.0024615384615384616,0.013846153846153848,27.0891683633603,26.785721256891577,0.30344710646872386
0.0024615384615384616,0.014153846153846157,25.83214740731019,25.54468104446958,0.2874663628406111
0.0024615384615384616,0.014461538461538465,24.565418629923606,24.2887234576657,0.27669517225790585
0.0024615384615384616,0.014769230769230772,23.279244617998327,23.018581940342358,0.2606626776559686
0.0024615384615384616,0.01507692307692308,21.985778643121034,21.734998219378006,0.2507804237430271
0.0024615384615384616,0.015384615384615387,20.67258771267837,20.438721871519487,0.23386584115888454
0.0024615384615384616,0.015692307692307696,19.35308479645478,19.130509885650287,0.222574910804493
0.0024615384615384616,0.016000000000000004,18.01706301799473,17.811126220730404,0.20593679726432512
0.0024615384615384616,0.01630769230769231,16.67659385354794,16.48134135966581,0.19525249388212984
0.0024615384615384616,0.01661538461538462,15.319806724748387,15.141931859368114,0.1778748653802733
0.0024615384615384616,0.016923076923076926,13.959393381648225,13.793679897267175,0.16571348438104927
0.0024615384615384616,0.017230769230769234,12.586530389306898,12.437372814541597,0.1491575747653009
0.0024615384615384616,0.01753846153846154,11.211444245315361,11.073802656333534,0.1376415889818272
0.0024615384615384616,0.01784615384615385,9.824519080991138,9.70376570921674,0.12075337177439849
0.0024615384615384616,0.01815384615384616,8.435960948345148,8.328062036187513,0.10789891215763525
0.0024615384615384616,0.018461538461538467,7.039680383334802,6.94749500945063,0.09218537388417225
0.0024615384615384616,0.018769230769230774,5.642627575088016,5.562870841272357,0.07975673381565951
0.0024615384615384616,0.01907692307692308,4.237194248617093,4.174998113175382,0.06219613544171043
0.0024615384615384616,0.01938461538461539,2.831220243551062,2.78468730374986,0.04653293980120221
0.0024615384615384616,0.019692307692307696,1.415758369724908,1.392750315356829,0.023008054368079067
0.003076923076923077,0.00030769230769230776,72.1821529016817,71.77373624495894,0.40841665672276406
0.003076923076923077,0.0006153846153846155,72.33012832894045,71.71085936285964,0.61926896608081
0.003076923076923077,0.0009230769230769233,72.3575260081134,71.60610535829788,0.7514206498155147
0.003076923076923077,0.001230769230769231,72.27104677262982,71.45953540466245,0.8115113679673698
0.003076923076923077,0.001538461538461539,72.12537383250806,71.27123509467879,0.854138737829274
0.003076923076923077,0.0018461538461538465,71.90997907173895,71.04131439042533,0.8686646813136178
0.003076923076923077,0.002153846153846154,71.65480440333556,70.76990755911868,0.8848968442168825
0.003076923076923077,0.002461538461538462,71.33987997291116,70.45717309470541,0.8827068782057523
0.003076923076923077,0.00276923076923077,70.98921631247529,70.10329362530604,0.8859226871692556
0.003076923076923077,0.003076923076923078,70.58690144383151,69.70847580656527,0.8784256372662327
0.003076923076923077,0.0033846153846153852,70.15111344828229,69.27295020097105,0.8781632473112353
0.003076923076923077,0.003692307692307693,69.6640861900564,68.79697114321249,0.8671150468439066
0.003076923076923077,0.004000000000000001,69.14331462138095,68.28081659165554,0.8624980297254154
0.003076923076923077,0.004307692307692308,68.57564166493206,67.72478796602321,0.8508536989088498
0.003076923076923077,0.004615384615384617,67.97479962942927,67.1292099713749,0.8455896580543651
0.003076923076923077,0.004923076923076924,67.32714754869122,66.49443040848776,0.8327171402034566
0.003076923076923077,0.0052307692307692315,66.6459630655655,65.82081997075089,0.8251430948146066
0.003076923076923077,0.00553846153846154,65.92115836432693,65.10877202769078,0.8123863366361519
0.003076923076923077,0.005846153846153847,65.16306981589156,64.35870239525467,0.8043674206368934
0.003076923076923077,0.006153846153846156,64.36206485872076,63.571049092985604,0.7910157657351533
0.003076923076923077,0.006461538461538463,63.527742919178145,62.746272088231514,0.7814708309466312
0.003076923076923077,0.0067692307692307704,62.653142762597724,61.88485302753714,0.7682897350605842
0.003076923076923077,0.007076923076923079,61.745466243336836,60.98729495537604,0.758171287960792
0.003076923076923077,0.007384615384615386,60.79867969452284,60.05412202038675,0.7445576741360895
0.003076923076923077,0.007692307692307694,59.819019674539405,59.085879169284816,0.733140505254589
0.003076923076923077,0.008000000000000002,58.434224796100246,58.08313182862917,0.3510929674710752
0.003076923076923077,0.00830769230769231,57.387609149638564,57.04646557462901,0.3411435750095535
0.003076923076923077,0.008615384615384617,56.313492758607474,55.97648579118377,0.3370069674237044
0.003076923076923077,0.008923076923076924,55.20205392851788,54.87381731635591,0.328236612161966
0.003076923076923077,0.009230769230769233,54.06204416863007,53.73910407748317,0.32294009114689715
0.003076923076923077,0.00953846153846154,52.88774929298442,52.5730087151431,0.31474057784132015
0.003076923076923077,0.009846153846153848,51.684507413810906,51.376212196189584,0.30829521762132117
0.003076923076923077,0.010153846153846156,50.45050934338905,50.14941341608746,0.3010959273015885
0.003076923076923077,0.010461538461538463,49.18665611682249,48.89332879077719,0.29332732604530065
0.003076923076923077,0.010769230769230772,47.894703919766805,47.608691838308104,0.2860120814587006
0.003076923076923077,0.01107692307692308,46.573903108740595,46.296252750484584,0.27765035825601103
0.003076923076923077,0.011384615384615387,45.22906178607227,44.95677795477513,0.27228383129714473
0.003076923076923077,0.011692307692307695,43.85391537130808,43.5910496667403,0.2628657045677798
0.003076923076923077,0.012000000000000002,42.45643888868376,42.19986543324087,0.25657345544289
0.003076923076923077,0.012307692307692311,41.03040734496718,40.78403766669293,0.24636967827424883
0.003076923076923077,0.012615384615384619,39.585815011540646,39.34439317064188,0.2414218408987665
0.003076923076923077,0.012923076923076926,38.111761671494605,37.881772656932476,0.22998901456212906
0.003076923076923077,0.013230769230769233,36.62087347052314,36.397030254756764,0.22384321576637234
0.003076923076923077,0.013538461538461541,35.103554561883755,34.89103301186668,0.2125215500170725
0.003076923076923077,0.013846153846153848,33.57302029941042,33.36466038824264,0.20835991116778274
0.003076923076923077,0.014153846153846157,32.014809924937914,31.818803742513563,0.19600618242435175
0.003076923076923077,0.014461538461538465,30.44456645829187,30.254365811428663,0.19020064686320737
0.003076923076923077,0.014769230769230772,28.8502313136074,28.672260182684493,0.17797113092290573
0.003076923076923077,0.01507692307692308,27.24686178965852,27.07341076141555,0.17345102824297243
0.003076923076923077,0.015384615384615387,25.619047194787164,25.458751230659647,0.160295964127517
0.003076923076923077,0.015692307692307696,23.983410177220605,23.829224506113285,0.15418567110732084
0.003076923076923077,0.016000000000000004,22.32733416946781,22.185782185495512,0.14155198397229896
0.003076923076923077,0.01630769230769231,20.665755356664878,20.5293839928416,0.13637136382327952
0.003076923076923077,0.01661538461538462,18.984009480276022,18.860997218051256,0.12301226222476558
0.003076923076923077,0.016923076923076926,17.2977820342014,17.181596152018518,0.11618588218288295
0.003076923076923077,0.017230769230769234,15.59611355831843,15.492161517673393,0.10395204064503716
0.003076923076923077,0.01753846153846154,13.891687755683964,13.79367989726718,0.09800785841678383
0.003076923076923077,0.01784615384615385,12.172636136021277,12.087143156236328,0.08549297978494863
0.003076923076923077,0.01815384615384616,10.451567162285711,10.373547863980802,0.07801929830490906
0.003076923076923077,0.018461538461538467,8.720575734771256,8.65389471189587,0.06668102287538602
0.003076923076923077,0.018769230769230774,6.988592061878908,6.929187928996191,0.059404132882717064
0.003076923076923077,0.01907692307692308,5.247091859375214,5.200434695474599,0.046657163900614584
0.003076923076923077,0.01938461538461539,3.5049776872191742,3.4686445545370828,0.036333132682091485
0.003076923076923077,0.019692307692307696,1.7526484539396416,1.7348288228581012,0.017819631081540388
0.0036923076923076927,0.00030769230769230776,86.21441789285879,85.75865588603016,0.45576200682863544
0.0036923076923076927,0.0006153846153846155,86.35526731185895,85.68352761241295,0.6717396994460074
0.0036923076923076927,0.0009230769230769233,86.36094927315278,85.55836257155129,0.8025867016014985
0.0036923076923076927,0.001230769230769231,86.24313933415932,85.38323385630433,0.8599054778549942
0.0036923076923076927,0.001538461538461539,86.06125491678429,85.15824373691012,0.90301117987417
0.0036923076923076927,0.0018461538461538465,85.80095092421125,84.88352360126258,0.9174273229486687
0.0036923076923076927,0.002153846153846154,85.49536434504721,84.55923387818467,0.9361304668625365
0.0036923076923076927,0.002461538461538462,85.11961121413795,84.18556394374257,0.9340472703953822
0.0036923076923076927,0.00276923076923077,84.7017086520662,83.76273201065528,0.9389766414109175
0.0036923076923076927,0.003076923076923078,84.22242762463273,83.29098500086462,0.9314426237681062
0.0036923076923076927,0.0033846153846153852,83.70327611146935,82.77059840133977,0.9326777101295818
0.0036923076923076927,0.003692307692307693,83.12284310749025,82.2018761032005,0.92096700428975
0.0036923076923076927,0.004000000000000001,82.50206780052376,81.58515022425354,0.9169175762702224
0.0036923076923076927,0.004307692307692308,81.82524536003993,80.92078091504493,0.9044644449949999
0.0036923076923076927,0.004615384615384617,81.10877892201204,80.20915614854233,0.8996227734697015
0.0036923076923076927,0.004923076923076924,80.33633447957199,79.4506914935698,0.8856429860021819
0.0036923076923076927,0.0052307692307692315,79.52381320707516,78.64582987212714,0.877983334948027
0.0036923076923076927,0.00553846153846154,78.65918503136784,77.79504130073609,0.8641437306317528
0.0036923076923076927,0.005846153846153847,77.75479814594536,76.8988226159638,0.8559755299815635
0.0036923076923076927,0.006153846153846156,76.79913907681421,75.9576971842843,0.8414418925299145
0.0036923076923076927,0.006461538461538463,75.80368982845681,74.97221459644724,0.8314752320095664
0.0036923076923076927,0.0067692307692307704,74.76014739810206,73.94295034653237,0.8171970515696927
0.0036923076923076927,0.007076923076923079,73.67711207105239,72.87050549587714,0.8066065751752518
0.0036923076923076927,0.007384615384615386,72.54737726698193,71.75550632207387,0.7918709449080552
0.0036923076923076927,0.007692307692307694,71.37839660380581,70.59860395324127,0.7797926505645449
0.0036923076923076927,0.008000000000000002,69.72242498239474,69.40047398778388,0.32195099461085874
0.0036923076923076927,0.00830769230769231,68.4735897942289,68.16181609986178,0.311773694367119
0.0036923076923076927,0.008615384615384617,67.1919275178271,66.88335363080041,0.3085738870266823
0.0036923076923076927,0.008923076923076924,65.865714193105,65.5658331666797,0.2998810264253109
0.0036923076923076927,0.009230769230769233,64.50540103406829,64.2100241023488,0.2953769317194883
0.0036923076923076927,0.00953846153846154,63.10416807385396,62.8167181921212,0.287449881732762
0.0036923076923076927,0.009846153846153848,61.66838750491598,61.38672908741242,0.28165841750355725
0.0036923076923076927,0.010153846153846156,60.19590010170909,59.920891861590576,0.27500824011851677
0.0036923076923076927,0.010461538461538463,58.687782417236974,58.42006252231701,0.2677198949199635
0.0036923076923076927,0.010769230769230772,57.14613035039759,56.88511751166191,0.26101283873568093
0.0036923076923076927,0.01107692307692308,55.570052570098206,55.31695319428687,0.25309937581133823
0.0036923076923076927,0.011384615384615387,53.965286695248814,53.71648533399311,0.24880136125570118
0.0036923076923076927,0.011692307692307695,52.324356300395955,52.08464855894126,0.2397077414546942
0.0036923076923076927,0.012000000000000002,50.65677836448792,50.42239581585479,0.23438254863312835
0.0036923076923076927,0.012307692307692311,48.955128948495364,48.73069781352598,0.22443113496938594
0.0036923076923076927,0.012615384615384619,47.23133307044791,47.010542455949334,0.22079061449857562
0.0036923076923076927,0.012923076923076926,45.47238206375562,45.262934265413435,0.20944779834218252
0.0036923076923076927,0.013230769230769233,43.69334241212342,43.48889379588824,0.20444861623518307
0.0036923076923076927,0.013538461538461541,41.882765862445,41.68945703705026,0.19330882539473748
0.0036923076923076927,0.013846153846153848,40.05642086374347,39.865674809293864,0.19074605444960469
0.0036923076923076927,0.014153846153846157,38.19705189040578,38.018612150081616,0.17843974032416554
0.0036923076923076927,0.014461538461538465,36.323324667226295,36.14934769199252,0.17397697523377786
0.0036923076923076927,0.014769230769230772,34.42085929026993,34.258973032830866,0.1618862574390647
0.0036923076923076927,0.01507692307692308,32.50761710564723,32.34859209816394,0.15902500748328663
0.0036923076923076927,0.015384615384615387,30.565209825375437,30.419320496660546,0.14588932871489035
0.0036923076923076927,0.015692307692307696,28.613469714495924,28.472284868606888,0.14118484588903613
0.0036923076923076927,0.016000000000000004,26.637369849945877,26.508622227980492,0.1287476219653847
0.0036923076923076927,0.01630769230769231,24.654711590176827,24.529479298465986,0.12523229171084083
0.0036923076923076927,0.01661538461538462,22.648037134459635,22.536011843800807,0.11202529065882771
0.0036923076923076927,0.016923076923076926,20.636025746309514,20.52938399284161,0.10664175346790472
0.0036923076923076927,0.017230769230769234,18.605578380676832,18.510767559745993,0.0948108209308387
0.0036923076923076927,0.01753846153846154,16.571838876207973,16.481341359665826,0.09049751654214688
0.0036923076923076927,0.01784615384615385,14.52068650853541,14.442290520352563,0.07839598818284799
0.0036923076923076927,0.01815384615384616,12.467132366627832,12.394805790075834,0.07232657655199759
0.0036923076923076927,0.018461538461538467,10.401455040575415,10.340082842260271,0.06137219831514429
0.0036923076923076927,0.018769230769230774,8.33456539610851,8.279321577245533,0.055243818862978245
0.0036923076923076927,0.01907692307692308,6.257003754761633,6.213725421578592,0.043278333183041084
0.0036923076923076927,0.01938461538461539,4.178753597487012,4.144500625246337,0.03425297224067503
0.0036923076923076927,0.019692307692307696,2.0895479778430275,2.072855557259694,0.016692420583333423
0.0043076923076923075,0.00030769230769230776,99.9177353533336,99.54328221262246,0.37445314071113955
0.0043076923076923075,0.0006153846153846155,100.03177380450008,99.45607801305147,0.5756957914486094
0.0043076923076923075,0.0009230769230769233,100.02708594505214,99.31079426464238,0.7162916804097534
0.0043076923076923075,0.001230769230769231,99.88854155809867,99.10751580901304,0.7810257490856287
0.0043076923076923075,0.001538461538461539,99.67943775299553,98.84636135505711,0.833076397938413
0.0043076923076923075,0.0018461538461538465,99.37958872534062,98.52748340962154,0.8521053157190863
0.0043076923076923075,0.002153846153846154,99.02741274821292,98.1510681884467,0.876344559766224
0.0043076923076923075,0.002461538461538462,98.59347980386698,97.71733550742175,0.8761442964452328
0.0043076923076923075,0.00276923076923077,98.11057805841098,97.22653865421837,0.8840394041926061
0.0043076923076923075,0.003076923076923078,97.55638051870449,96.67896424037777,0.8774162783267201
0.0043076923076923075,0.0033846153846153852,96.95592231516918,96.07493203393773,0.8809902812314476
0.0043076923076923075,0.003692307692307693,96.28426494576328,95.41479477269704,0.8694701730662473
0.0043076923076923075,0.004000000000000001,95.56580205425321,94.69893795822652,0.8668640960266885
0.0043076923076923075,0.004307692307692308,94.78232226622589,93.92777963074705,0.8545426354788361
0.0043076923076923075,0.004615384615384617,93.95287626450721,93.10177012500574,0.8511061395014679
0.0043076923076923075,0.004923076923076924,93.05846787019206,92.22139180729323,0.8370760628988307
0.0043076923076923075,0.0052307692307692315,92.11759203475737,91.28715879375521,0.8304332410021544
0.0043076923076923075,0.00553846153846154,91.11629057570991,90.29961665016327,0.8166739255466382
0.0043076923076923075,0.005846153846153847,90.0689013748509,89.2593420733197,0.8095593015311948
0.0043076923076923075,0.006153846153846156,88.96204538194478,88.16694255428283,0.7951028276619496
0.0043076923076923075,0.006461538461538463,87.80906848841452,87.02305602360937,0.7860124648051539
0.0043076923076923075,0.0067692307692307704,86.60033514834042,85.82835047882098,0.7719846695194406
0.0043076923076923075,0.007076923076923079,85.3458308855645,84.58352359431244,0.762307291252057
0.0043076923076923075,0.007384615384615386,84.0371859568862,83.28930231392947,0.7478836429567366
0.0043076923076923075,0.007692307692307694,82.68305966121204,81.94644242645408,0.7366172347579578
0.0043076923076923075,0.008000000000000002,81.00020435293347,80.55572812424508,0.4444762286883872
0.0043076923076923075,0.00830769230769231,79.54948616483063,79.1179715452919,0.4315146195387314
0.0043076923076923075,0.008615384615384617,78.06060896365076,77.6340122989489,0.4265966647018615
0.0043076923076923075,0.008923076923076924,76.51994453043777,76.10471697562706,0.4152275548107127
0.0043076923076923075,0.009230769230769233,74.93964706056805,74.53097864072963,0.4086684198384205
0.0043076923076923075,0.00953846153846154,73.31178994671023,72.91371631312715,0.39807363358308123
0.0043076923076923075,0.009846153846153848,71.64378135439944,71.2538744284762,0.38990692592324194
0.0043076923076923075,0.010153846153846156,69.93311181623238,69.55242228769562,0.3806895285367631
0.0043076923076923075,0.010461538461538463,68.18103553359333,67.81035349092208,0.37068204267124827
0.0043076923076923075,0.010769230769230772,66.3899881973336,66.02868535727556,0.3613028400580305
0.0043076923076923075,0.01107692307692308,64.55893556012542,64.20845833077365,0.3504772293517675
0.0043076923076923075,0.011384615384615387,62.69454517212688,62.35073537274155,0.3438097993853262
0.0043076923076923075,0.011692307692307695,60.78813293008459,60.456601341072535,0.3315315890120587
0.0043076923076923075,0.012000000000000002,58.85075721664166,58.52716235670156,0.3235948599401013
0.0043076923076923075,0.012307692307692311,56.87379501286447,56.563545157661736,0.3102498552027342
0.0043076923076923075,0.012615384615384619,54.87110159037003,54.566896441101115,0.30420514926891684
0.0043076923076923075,0.012923076923076926,52.82756295575083,52.53838219364375,0.28918076210707966
0.0043076923076923075,0.013230769230769233,50.760684199917485,50.47918701048643,0.2814971894310574
0.0043076923076923075,0.013538461538461541,48.657157853146145,48.39051340362835,0.2666444495177984
0.0043076923076923075,0.013846153846153848,46.53530771090581,46.2735810996381,0.26172661126771146
0.0043076923076923075,0.014153846153846157,44.375088334275056,44.12962632736755,0.24546200690750197
0.0043076923076923075,0.014461538461538465,42.1981866818224,41.95990109602915,0.23828558579324977
0.0043076923076923075,0.014769230769230772,39.987900077467025,39.76567246405765,0.22222761340937325
0.0043076923076923075,0.01507692307692308,37.765094116148134,37.54822179918383,0.21687231696430587
0.0043076923076923075,0.015384615384615387,35.5084039407585,35.30884403015172,0.19955991060678002
0.0043076923076923075,0.015692307692307696,33.2408708168662,33.04884689051665,0.1920239263495489
0.0043076923076923075,0.016000000000000004,30.945050820473696,30.769550154965806,0.17550066550789012
0.0043076923076923075,0.01630769230769231,28.641615127638826,28.47228486860687,0.16933025903195542
0.0043076923076923075,0.01661538461538462,26.31031377520299,26.158392569675225,0.15192120552776345
0.0043076923076923075,0.016923076923076926,23.97282005396694,23.829224506113288,0.14359554785365347
0.0043076923076923075,0.017230769230769234,21.61385973650389,21.486140846479966,0.12771889002392456
0.0043076923076923075,0.01753846153846154,19.251066098286017,19.130509885650298,0.12055621263571936
0.0043076923076923075,0.01784615384615385,16.868070055889472,16.763707245769968,0.10436281011950399
0.0043076923076923075,0.01815384615384616,14.482287474985498,14.387115072930513,0.09517240205498467
0.0043076923076923075,0.018461538461538467,12.082173890056605,12.002121230035243,0.08005266002136224
0.0043076923076923075,0.018769230769230774,9.680627204725218,9.610118486325977,0.07050871839924078
0.0043076923076923075,0.01907692307692308,7.267058496431016,7.212503704045363,0.05455479238565264
0.0043076923076923075,0.01938461538461539,4.852714173752116,4.810677022708454,0.04203715104366168
0.0043076923076923075,0.019692307692307696,2.4265418986329372,2.406041041460825,0.02050085717211214
0.004923076923076923,0.00030769230769230776,113.59743190355556,113.09542059123467,0.5020113123208887
0.004923076923076923,0.0006153846153846155,113.74423757603626,112.99634413515864,0.7478934408776183
0.004923076923076923,0.0009230769230769233,113.74256445735038,112.83128099612831,0.9112834612220695
0.004923076923076923,0.001230769230769231,113.5847062490567,112.60032756636866,0.9843786826880319
0.004923076923076923,0.001538461538461539,113.3465754647212,112.30361871617895,1.0429567485422524
0.004923076923076923,0.0018461538461538465,113.00529642608707,111.94132771517222,1.0639687109148497
0.004923076923076923,0.002153846153846154,112.60485770175005,111.51366613109083,1.0911915706592197
0.004923076923076923,0.002461538461538462,112.1115829912315,111.02088370625675,1.0906992849747468
0.004923076923076923,0.00276923076923077,111.56279104436209,110.46326821172916,1.0995228326329283
0.004923076923076923,0.003076923076923078,110.93302677366886,109.84114527925416,1.091881494414693
0.004923076923076923,0.0033846153846153852,110.25072745339959,109.15487821110514,1.0958492422944488
0.004923076923076923,0.003692307692307693,109.48742869396818,108.40486776792432,1.0825609260438682
0.004923076923076923,0.004000000000000001,108.67090762082606,107.59155193468995,1.079355686136111
0.004923076923076923,0.004307692307692308,107.78043729153089,106.71540566494535,1.0650316265855366
0.004923076923076923,0.004615384615384617,106.83768471635044,105.77694060343941,1.0607441129110242
0.004923076923076923,0.004923076923076924,105.82099543597741,104.77670478734055,1.04429064863686
0.004923076923076923,0.0052307692307692315,104.75143696934957,103.71528232619832,1.0361546431512494
0.004923076923076923,0.00553846153846154,103.61312354795866,102.59329306083995,1.0198304871187105
0.004923076923076923,0.005846153846153847,102.42237265431746,101.41139220140082,1.010980452916641
0.004923076923076923,0.006153846153846156,101.1639433716198,100.17026994469998,0.9936734269198126
0.004923076923076923,0.006461538461538463,99.85303780480912,98.8706510711849,0.9823867336242245
0.004923076923076923,0.0067692307692307704,98.47869089540342,97.51329452167994,0.965396373723479
0.004923076923076923,0.007076923076923079,97.05226955215127,96.09899295418633,0.953276597964944
0.004923076923076923,0.007384615384615386,95.56424433676972,94.6285722809922,0.9356720557775162
0.004923076923076923,0.007692307692307694,94.02447685206045,93.1028911863631,0.92158566569735
0.004923076923076923,0.008000000000000002,92.17421273080191,91.52284062509449,0.6513721057074235
0.004923076923076923,0.00830769230769231,90.52348742297292,89.88934330221934,0.6341441207535752
0.004923076923076923,0.008615384615384617,88.82931957055882,88.20335313417432,0.6259664363845019
0.004923076923076923,0.008923076923076924,87.07619397906494,86.46585469173938,0.6103392873255586
0.004923076923076923,0.009230769230769233,85.27795240233397,84.6778626250763,0.600089777257665
0.004923076923076923,0.00953846153846154,83.42557164331852,82.84042107120148,0.585150572117044
0.004923076923076923,0.009846153846153848,81.52748660892784,80.95460304423929,0.5728835646885528
0.004923076923076923,0.010153846153846156,79.58084078195098,79.02150980881214,0.5593309731388416
0.004923076923076923,0.010461538461538463,77.58706482467757,77.04227023693286,0.544794587744704
0.004923076923076923,0.010769230769230772,75.54893109771328,75.01804014877527,0.5308909489380085
0.004923076923076923,0.01107692307692308,73.46526286787022,72.95000163770774,0.5152612301624799
0.004923076923076923,0.011384615384615387,71.3436492189615,70.83936237998402,0.5042868389774782
0.004923076923076923,0.011692307692307695,69.17421081682545,68.68735492949415,0.48685588733130203
0.004923076923076923,0.012000000000000002,66.96953312283769,66.49523599798789,0.474297124849798
0.004923076923076923,0.012307692307692311,64.71980455574442,64.2642857211903,0.4555188345541126
0.004923076923076923,0.012615384615384619,62.440792921132584,61.99580691123863,0.44498600989395243
0.004923076923076923,0.012923076923076926,60.115299105935904,59.691124295876655,0.42417481005924884
0.004923076923076923,0.013230769230769233,57.763244044690744,57.351583744850984,0.4116602998397596
0.004923076923076923,0.013538461538461541,55.36947427069739,54.97855148396104,0.39092278673634695
0.004923076923076923,0.013846153846153848,52.954847140329925,52.573413297221705,0.38143384310821915
0.004923076923076923,0.014153846153846157,50.49655449576383,50.13757371760439,0.3589807781594416
0.004923076923076923,0.014461538461538465,48.019276845024436,47.67245520682943,0.3468216381950029
0.004923076923076923,0.014769230769230772,45.504008417524076,45.179497324688406,0.3245110928356709
0.004923076923076923,0.01507692307692308,42.974493448738365,42.66015588838184,0.3143375603565275
0.004923076923076923,0.015384615384615387,40.40641761790611,40.11590212236293,0.29051549554317546
0.004923076923076923,0.015692307692307696,37.82600231121895,37.548221799183835,0.27778051203511467
0.004923076923076923,0.016000000000000004,35.21340409508845,34.95861437184642,0.25478972324202687
0.004923076923076923,0.01630769230769231,32.592141249492435,32.348592098163934,0.24354915132850152
0.004923076923076923,0.01661538461538462,29.9391954004526,29.719679157644975,0.21951624280762516
0.004923076923076923,0.016923076923076926,27.27920888398081,27.07341076141556,0.20579812256525187
0.004923076923076923,0.017230769230769234,24.594732967785788,24.411332255699197,0.18340071208659126
0.004923076923076923,0.01753846153846154,21.90588394449733,21.73499821937802,0.17088572511930877
0.004923076923076923,0.01784615384615385,19.194064211329742,19.04597155616269,0.1480926551670514
0.004923076923076923,0.01815384615384616,16.47907610438569,16.345822581900396,0.13325352248529398
0.004923076923076923,0.018461538461538467,13.747577025202943,13.636128107555018,0.11144891764792497
0.004923076923076923,0.018769230769230774,11.014426848796326,10.918470518393434,0.09595633040289187
0.004923076923076923,0.01907692307692308,8.267888212358775,8.194436849917476,0.07345136244129868
0.004923076923076923,0.01938461538461539,5.520485804306324,5.465617861079647,0.054867943226676985
0.004923076923076923,0.019692307692307696,2.7604404482162495,2.7336071053248783,0.02683334289137118
0.005538461538461539,0.00030769230769230776,126.63147419771614,126.38341937474053,0.2480548229756181
0.005538461538461539,0.0006153846153846155,126.658337724516,126.27270205981335,0.3856356647026473
0.005538461538461539,0.0009230769230769233,126.58499493411288,126.08824504277126,0.4967498913416222
0.005538461538461539,0.001230769230769231,126.37384157056705,125.83015604131782,0.5436855292492311
0.005538461538461539,0.001538461538461539,126.08801111781268,125.49858577216202,0.5894253456506675
0.005538461538461539,0.0018461538461538465,125.69704472929764,125.09372786300389,0.6033168662937527
0.005538461538461539,0.002153846153846154,125.24447186620705,124.61581873946142,0.6286531267456326
0.005538461538461539,0.002461538461538462,124.69201708410053,124.06513748700463,0.6268795970958934
0.005538461538461539,0.00276923076923077,124.0793398452152,123.4420056879776,0.6373341572376034
0.005538461538461539,0.003076923076923078,123.37776902473124,122.7467872338033,0.6309817909279332
0.005538461538461539,0.0033846153846153852,122.61832204269994,121.97988811248138,0.638433930218568
0.005538461538461539,0.003692307692307693,121.76923510960127,121.14175617150248,0.6274789380987897
0.005538461538461539,0.004000000000000001,120.86117227140856,120.23288085631802,0.6282914150905441
0.005538461538461539,0.004307692307692308,119.87102159180837,119.25379292451782,0.6172286672905472
0.005538461538461539,0.004615384615384617,118.82279973064948,118.20506413588251,0.6177355947669696
0.005538461538461539,0.004923076923076924,117.6923797656933,117.08730691849209,0.6050728472012139
0.005538461538461539,0.0052307692307692315,116.50317492457596,115.901174011085,0.6020009134909543
0.005538461538461539,0.00553846153846154,115.2374922731382,114.64735808187724,0.5901341912609581
0.005538461538461539,0.005846153846153847,113.9134783437849,113.32659132406351,0.586887019721388
0.005538461538461539,0.006153846153846156,112.5141574184944,111.93964502823708,0.5745123902573255
0.005538461538461539,0.006461538461538463,111.05645137989019,110.48732913197775,0.5691222479124463
0.005538461538461539,0.0067692307692307704,109.52815372826205,108.97049174687118,0.5576619813908792
0.005538461538461539,0.007076923076923079,107.94191663768706,107.39001866323555,0.5518979744515065
0.005538461538461539,0.007384615384615386,106.28713093708275,105.74683283284496,0.5402981042377917
0.005538461538461539,0.007692307692307694,104.57477613829631,104.0418938299516,0.5328823083447105
0.005538461538461539,0.008000000000000002,102.59588141181082,102.27619729092144,0.31968412088937725
0.005538461538461539,0.00830769230769231,100.75874911578425,100.45077433281055,0.3079747829737016
0.005538461538461539,0.008615384615384617,98.87324159532864,98.56669095122191,0.3065506441067214
0.005538461538461539,0.008923076923076924,96.92208198457642,96.6250473977938,0.2970345867826296
0.005538461538461539,0.009230769230769233,94.92068777977948,94.62697753768397,0.2937102420955142
0.005538461538461539,0.00953846153846154,92.85901206212888,92.57364818742437,0.2853638747045153
0.005538461538461539,0.009846153846153848,90.74644955003185,90.46625843353296,0.28019111649889794
0.005538461538461539,0.010153846153846156,88.57981981883552,88.30603893228111,0.27378088655440536
0.005538461538461539,0.010461538461538463,86.36072138253887,86.09425119102497,0.2664701915139034
0.005538461538461539,0.010769230769230772,84.09224063555955,83.83218683152059,0.26005380403896083
0.005538461538461539,0.01107692307692308,81.77306147906732,81.52116683565335,0.2518946434139764
0.005538461538461539,0.011384615384615387,79.41163364798102,79.16254077402161,0.2490928739594125
0.005538461538461539,0.011692307692307695,76.99697281719477,76.75768601782552,0.23928679936925334
0.005538461538461539,0.012000000000000002,74.54308767084017,74.3080069345211,0.23508073631906257
0.005538461538461539,0.012307692307692311,72.03905431782789,71.81493406770906,0.22412025011882974
0.005538461538461539,0.012615384615384619,69.50242463048815,69.27992330173774,0.22250132875041118
0.005538461538461539,0.012923076923076926,66.91406087799737,66.70445501150759,0.20960586648978108
0.005538461538461539,0.013230769230769233,64.29613480256313,64.09003319797392,0.20610160458920745
0.005538461538461539,0.013538461538461541,61.631742782911736,61.43818460985269,0.19355817305904566
0.005538461538461539,0.013846153846153848,58.944117791151776,58.75045785204232,0.1936599391094589
0.005538461538461539,0.014153846153846157,56.20788610999388,56.02842248128189,0.17946362871198573
0.005538461538461539,0.014461538461538465,53.450521085619506,53.27366808957443,0.17685299604507776
0.005538461538461539,0.014769230769230772,50.65085651581582,50.48780337590968,0.16305313990613968
0.005538461538461539,0.01507692307692308,47.835329616476145,47.67245520682942,0.16287440964672584
0.005538461538461539,0.015384615384615387,44.97687311784674,44.82926766638314,0.1476054514636047
0.005538461538461539,0.015692307692307696,42.104679147444614,41.95990109602914,0.1447780514154715
0.005538461538461539,0.016000000000000004,39.196631574333416,39.06603112504207,0.13060044929134307
0.005538461538461539,0.01630769230769231,36.278931108185155,36.149347691992496,0.12958341619265923
0.005538461538461539,0.01661538461538462,33.3259631633725,33.21155405787041,0.11440910550209082
0.005538461538461539,0.016923076923076926,30.36515800107886,30.254365811428663,0.11079218965019777
0.005538461538461539,0.017230769230769234,27.376897296115228,27.279509867327697,0.09738742878753115
0.005538461538461539,0.01753846153846154,24.3837338156748,24.28872345766571,0.09501035800908753
0.005538461538461539,0.01784615384615385,21.364985275394975,21.2837531174843,0.0812321579106765
0.005538461538461539,0.01815384615384616,18.342707761344162,18.266353664840896,0.07635409650326608
0.005538461538461539,0.018461538461538467,15.301941231421592,15.238287176044874,0.06365405537671798
0.005538461538461539,0.018769230769230774,12.259325799911844,12.201321956654066,0.05800384325777763
0.005538461538461539,0.01907692307692308,9.201836491659751,9.157231508834533,0.04460498282521819
0.005538461538461539,0.01938461538461539,6.143387578456537,6.107793495684988,0.03559408277154841
0.005538461538461539,0.019692307692307696,3.071897556551731,3.0547887031318117,0.01710885341991908
0.006153846153846154,0.00030769230769230776,139.6711937553951,139.3762438262771,0.29494992911801887
0.006153846153846154,0.0006153846153846155,139.67903523146407,139.25414423791793,0.4248909935461427
0.006153846153846154,0.0009230769230769233,139.56969467837885,139.05072415077424,0.5189705276046084
0.006153846153846154,0.001230769230769231,139.31763711763085,138.76610235644856,0.551534761182296
0.006153846153846154,0.001538461538461539,138.98870333774974,138.4004450660537,0.5882582716960485
0.006153846153846154,0.0018461538461538465,138.54940338137828,137.95396581315023,0.5954375682280499
0.006153846153846154,0.002153846153846154,138.04489311969306,137.4269253290488,0.6179677906442578
0.006153846153846154,0.002461538461538462,137.4328465792581,136.81963139055043,0.6132151887076702
0.006153846153846154,0.00276923076923077,136.75562745241595,136.13243864021362,0.6231888122023292
0.006153846153846154,0.003076923076923078,135.98140615354927,135.36574837925292,0.615657774296352
0.006153846153846154,0.0033846153846153852,135.14386395656663,134.52000833319048,0.6238556233761585
0.006153846153846154,0.003692307692307693,134.20793475311947,133.59571239039678,0.6122223627226901
0.006153846153846154,0.004000000000000001,133.20719859568322,132.59340031367392,0.6137982820092986
0.006153846153846154,0.004307692307692308,132.1161472729051,131.51365742504922,0.6024898478558782
0.006153846153846154,0.004615384615384617,130.96116102200358,130.3571142639636,0.6040467580399707
0.006153846153846154,0.004923076923076924,129.71562595303834,129.1244462190545,0.5911797339838358
0.006153846153846154,0.0052307692307692315,128.40531256347316,127.8163731337477,0.5889394297254569
0.006153846153846154,0.00553846153846154,127.01071013874014,126.43365888588919,0.5770512528509499
0.006153846153846154,0.005846153846153847,125.55180348488088,124.97711094166195,0.57469254321893
0.006153846153846154,0.006153846153846156,124.00987129013193,123.44757988404845,0.5622914060834745
0.006153846153846154,0.006461538461538463,122.4035645603658,121.84595891611414,0.5576056442516517
0.006153846153846154,0.0067692307692307704,120.71942869087209,120.17318333940207,0.5462453514700201
0.006153846153846154,0.007076923076923079,118.97140854646032,118.43023000774302,0.541178538717304
0.006153846153846154,0.007384615384615386,117.14780910421658,116.61811675680042,0.5296923474161588
0.006153846153846154,0.007692307692307694,115.26073450176051,114.73790180968302,0.5228326920774862
0.006153846153846154,0.008000000000000002,113.00001056930311,112.79068315897236,0.20932741033075786
0.006153846153846154,0.00830769230769231,110.97679227490902,110.77759792552602,0.1991943493829922
0.006153846153846154,0.008615384615384617,108.9002737307224,108.69982169443111,0.2004520362912956
0.006153846153846154,0.008923076923076924,106.75141913324595,106.55856782849555,0.19285130475039125
0.006153846153846154,0.009230769230769233,104.54721933582732,104.35508675967854,0.19213257614877932
0.006153846153846154,0.00953846153846154,102.2766052984781,102.09066525887343,0.18594003960467376
0.006153846153846154,0.009846153846153848,99.94992994534161,99.76662568446964,0.18330426087196372
0.006153846153846154,0.010153846153846156,97.5636894441812,97.3843252101328,0.17936423404839275
0.006153846153846154,0.010461538461538463,95.11964989375882,94.94515503225345,0.17449486150536586
0.006153846153846154,0.010769230769230772,92.62121123814872,92.45053955752745,0.17067168062126825
0.006153846153846154,0.01107692307692308,90.06691838173772,89.90193557114273,0.1649828105949922
0.006153846153846154,0.011384615384615387,87.46608035799261,87.30083138605768,0.16524897193492905
0.006153846153846154,0.011692307692307695,84.80660954210744,84.64874597386826,0.15786356823917913
0.006153846153846154,0.012000000000000002,82.10393561622438,81.94722807777146,0.1567075384529204
0.006153846153846154,0.012307692307692311,79.34602437095249,79.19785530814279,0.14816906280969988
0.006153846153846154,0.012615384615384619,76.55220886807793,76.40223322125637,0.1499756468215594
0.006153846153846154,0.012923076923076926,73.70141556142124,73.56199438168508,0.13942117973616064
0.006153846153846154,0.013230769230769233,70.81806350974622,70.67879740892907,0.13926610081715296
0.006153846153846154,0.013538461538461541,67.88350161627622,67.75432600882843,0.12917560744779166
0.006153846153846154,0.013846153846153848,64.92333480190872,64.79028799032663,0.13304681158209064
0.006153846153846154,0.014153846153846157,61.90962744036834,61.78841426815797,0.12121317221036776
0.006153846153846154,0.014461538461538465,58.87264158005717,58.750457852042324,0.12218372801484634
0.006153846153846154,0.014769230769230772,55.789054324407296,55.67819282297662,0.11086150143067641
0.006153846153846154,0.01507692307692308,52.687991545505405,52.5734132972217,0.11457824828370633
0.006153846153846154,0.015384615384615387,49.53963675246999,49.43793237858883,0.10170437388115516
0.006153846153846154,0.015692307692307696,46.376148514911826,46.27358109963811,0.10256741527371815
0.006153846153846154,0.016000000000000004,43.17314126778139,43.08220735240708,0.09093391537430762
0.006153846153846154,0.01630769230769231,39.959494287304565,39.86567480929384,0.09381947801072243
0.006153846153846154,0.01661538461538462,36.70700326349515,36.6258618347248,0.08114142877035135
0.006153846153846154,0.016923076923076926,33.445880230056275,33.36466038824264,0.08121984181363473
0.006153846153846154,0.017230769230769234,30.154343239516475,30.0839749196555,0.07036831986097525
0.006153846153846154,0.01753846153846154,26.85737518520865,26.78572125689159,0.0716539283170583
0.006153846153846154,0.01784615384615385,23.532218670916254,23.471825487209934,0.06039318370632074
0.006153846153846154,0.01815384615384616,20.203174093177676,20.144222832419324,0.05895126075835222
0.006153846153846154,0.018461538461538467,16.85366764555713,16.804856518763756,0.048811126793374626
0.006153846153846154,0.018769230769230774,13.502115010948385,13.455676642132447,0.04643836881593799
0.006153846153846154,0.01907692307692308,10.134205189854445,10.09863902925921,0.03556616059523421
0.006153846153846154,0.01938461538461539,6.765240066406616,6.735704095574428,0.029535970832188063
0.006153846153846154,0.019692307692307696,3.3828301087380073,3.368835700377887,0.013994408360120225
0.00676923076923077,0.00030769230769230776,152.23675498838347,152.04354860231084,0.19320638607263163
0.00676923076923077,0.0006153846153846155,152.20652649434624,151.9103519097658,0.29617458458042734
0.00676923076923077,0.0009230769230769233,152.07846827402173,151.6884438495596,0.39002442446212626
0.00676923076923077,0.001230769230769231,151.8011070550902,151.37795400975034,0.4231530453398591
0.00676923076923077,0.001538461538461539,151.44225724188544,150.97906370766103,0.4631935342244162
0.00676923076923077,0.0018461538461538465,150.9629357010109,150.49200588399515,0.4709298170157581
0.00676923076923077,0.002153846153846154,150.41264485869036,149.91706496680595,0.4955798918844039
0.00676923076923077,0.002461538461538462,149.74530013021095,149.25457670539856,0.49072342481238707
0.00676923076923077,0.00276923076923077,149.00711108623554,148.5049279742617,0.5021831119738351
0.00676923076923077,0.003076923076923078,148.16336359059903,147.66855654714396,0.49480704345506865
0.00676923076923077,0.0033846153846153852,147.25074543716218,146.74595084140623,0.5047945957559534
0.00676923076923077,0.003692307692307693,146.23103267217255,145.7376496327997,0.4933830393728442
0.00676923076923077,0.004000000000000001,145.14079421258128,144.6442417408361,0.4965524717451899
0.00676923076923077,0.004307692307692308,143.95220967964278,143.46636568493352,0.4858439947092563
0.00676923076923077,0.004615384615384617,142.69400773462073,142.20470931153915,0.48929842308157845
0.00676923076923077,0.004923076923076924,141.33714748754326,140.86000939244636,0.47713809509690464
0.00676923076923077,0.0052307692307692315,139.90972016988613,139.43305119454058,0.47666897534554664
0.00676923076923077,0.00553846153846154,138.39043886619345,137.92466802122573,0.4657708449677216
0.00676923076923077,0.005846153846153847,136.80108812874812,136.3357407257984,0.46534740294973176
0.00676923076923077,0.006153846153846156,135.12123622720034,134.66719719705424,0.4540390301461059
0.00676923076923077,0.006461538461538463,133.37122838743934,132.92001181742722,0.45121657001212157
0.00676923076923077,0.0067692307692307704,131.5363867939326,131.0952048939777,0.4411818999548984
0.00676923076923077,0.007076923076923079,129.6319202892585,129.19384206256166,0.43807822669683105
0.00676923076923077,0.007384615384615386,127.64506856329992,127.21703366552951,0.42803489777040227
0.00676923076923077,0.007692307692307694,125.58903686850856,125.16593410331748,0.42310276519107504
0.00676923076923077,0.008000000000000002,123.3059183951025,123.04174116031011,0.26417723479238475
0.00676923076923077,0.00830769230769231,121.09841164538892,120.84569530536803,0.25271634002089627
0.00676923076923077,0.008615384615384617,118.8327224856103,118.57907896742906,0.2536435181812493
0.00676923076923077,0.008923076923076924,116.48807148360052,116.24321578660572,0.24485569699480436
0.00676923076923077,0.009230769230769233,114.08300949204825,113.83946984121678,0.24353965083146534
0.00676923076923077,0.00953846153846154,111.60545431304497,111.36924485120403,0.23620946184094294
0.00676923076923077,0.009846153846153848,109.06670808420355,108.83398335839907,0.23272472580448778
0.00676923076923077,0.010153846153846156,106.46294636490916,106.23516588411978,0.2277804807893773
0.00676923076923077,0.010461538461538463,103.79610134378723,103.57431006458744,0.2217912791997918
0.00676923076923077,0.010769230769230772,101.06988380329823,100.85296976466991,0.21691403862831748
0.00676923076923077,0.01107692307692308,98.28270171665851,98.07273417046838,0.20996754619012847
0.00676923076923077,0.011384615384615387,95.44471584155984,95.23522686127734,0.20948898028250085
0.00676923076923077,0.011692307692307695,92.54274472446292,92.34210486146004,0.20063986300287695
0.00676923076923077,0.012000000000000002,89.59362658694626,89.39505767279297,0.19856891415328448
0.00676923076923077,0.012307692307692311,86.58422805390744,86.3958062878443,0.18842176606314354
0.00676923076923077,0.012615384615384619,83.53564726377927,83.34610218496279,0.18954507881647942
0.00676923076923077,0.012923076923076926,80.42489054847469,80.24772630546366,0.17716424301103473
0.00676923076923077,0.013230769230769233,77.27860473306932,77.1024880136091,0.1761167194602109
0.00676923076923077,0.013538461538461541,74.07640624808141,73.91222403999038,0.16418220809103445
0.00676923076923077,0.013846153846153848,70.84625142830224,70.6787974089291,0.16745401937313886
0.00676923076923077,0.014153846153846157,67.55766318115157,67.40409635052318,0.15356683062839238
0.00676923076923077,0.014461538461538465,64.24366909601335,64.09003319797395,0.15363589803939703
0.00676923076923077,0.014769230769230772,60.87881051067725,60.73854327083715,0.14026723984009948
0.00676923076923077,0.01507692307692308,57.49487773776695,57.351583744851,0.14329399291595024
0.00676923076923077,0.015384615384615387,54.05932594131589,53.93113250900061,0.12819343231527824
0.00676923076923077,0.015692307692307696,50.60725605733175,50.47918701048645,0.1280690468453045
0.00676923076923077,0.016000000000000004,47.11203136076624,46.99776308827154,0.11426827249469795
0.00676923076923077,0.01630769230769231,43.60518806081343,43.48889379588823,0.11629426492520167
0.00676923076923077,0.01661538461538462,40.05596845195326,39.9546282141922,0.1013402377610646
0.00676923076923077,0.016923076923076926,36.497331885558125,36.39703025475678,0.10030163080134713
0.00676923076923077,0.017230769230769234,32.905366227319874,32.818177454607046,0.08718877271282821
0.00676923076923077,0.01753846153846154,29.307448945538205,29.220159762996328,0.0872891825418769
0.00676923076923077,0.01784615384615385,25.67880112259141,25.60507832093503,0.07372280165638045
0.00676923076923077,0.01815384615384616,22.04591460431145,21.97504423418309,0.07087037012835751
0.00676923076923077,0.018461538461538467,18.39062242402726,18.332177340424213,0.05844508360304701
0.00676923076923077,0.018769230769230774,14.733089677542646,14.678604971339688,0.05448470620295787
0.00676923076923077,0.01907692307692308,11.057728233853943,11.016460710307111,0.04126752354683205
0.00676923076923077,0.01938461538461539,7.381216551635942,7.34788314644747,0.03333340518847194
0.00676923076923077,0.019692307692307696,3.6908251464887396,3.6750146257495597,0.01581052073917988
0.007384615384615385,0.00030769230769230776,164.68530127569363,164.3557486255933,0.3295526501003394
0.007384615384615385,0.0006153846153846155,164.68826535623387,164.21176591590955,0.4764994403243179
0.007384615384615385,0.0009230769230769233,164.56043899658556,163.97188815919762,0.5885508373879418
0.007384615384615385,0.001230769230769231,164.26262380065035,163.63625543731234,0.6263683633380026
0.007384615384615385,0.001538461538461539,163.87451185026367,163.2050637503118,0.6694480999518646
0.007384615384615385,0.0018461538461538465,163.3552742383541,162.67856490199867,0.6767093363554295
0.007384615384615385,0.002153846153846154,162.75920229937074,162.05706635287393,0.70213594649681
0.007384615384615385,0.002461538461538462,162.036685676933,161.34093104058863,0.6957546363443612
0.007384615384615385,0.00276923076923077,161.23768091332076,160.53057716799853,0.7071037453222289
0.007384615384615385,0.003076923076923078,160.32462493202257,159.62647795894532,0.6981469730772574
0.007384615384615385,0.0033846153846153852,159.3371483879845,158.6291613819073,0.707987006077218
0.007384615384615385,0.003692307692307693,158.2338758919164,157.53920984168064,0.6946660502357531
0.007384615384615385,0.004000000000000001,157.05434169788757,156.3572598392714,0.6970818586161727
0.007384615384615385,0.004307692307692308,155.76844448025707,155.08400160019684,0.6844428800602316
0.007384615384615385,0.004615384615384617,154.40724033990034,153.72017867141304,0.6870616684873028
0.007384615384615385,0.004923076923076924,152.9392807520109,152.26658748710474,0.6726932649061439
0.007384615384615385,0.0052307692307692315,151.39496131041565,150.7240769035898,0.6708844068258486
0.007384615384615385,0.00553846153846154,149.7512418475722,149.09354770361136,0.657694143960839
0.007384615384615385,0.005846153846153847,148.0316899012461,147.37595207030586,0.6557378309402395
0.007384615384615385,0.006153846153846156,146.21417883181454,145.57229303115497,0.6418858006595656
0.007384615384615385,0.006461538461538463,144.32073406704123,143.68362387224585,0.6371101947953832
0.007384615384615385,0.0067692307692307704,142.3354693628607,141.71104752318163,0.6244218396790586
0.007384615384615385,0.007076923076923079,140.27484501880951,139.65571591300167,0.6191291058078434
0.007384615384615385,0.007384615384615386,138.12504533809766,137.51882929748737,0.6062160406102919
0.007384615384615385,0.007692307692307694,135.90036706268535,135.30163555824666,0.5987315044386889
0.007384615384615385,0.008000000000000002,133.43393351266505,133.00542947398617,0.42850403867888076
0.007384615384615385,0.00830769230769231,131.0452901562495,130.63155196439712,0.4137381918523886
0.007384615384615385,0.008615384615384617,128.59366668877863,128.1813893070958,0.4122773816828271
0.007384615384615385,0.008923076923076924,126.05657021344692,125.6563723280765,0.40019788537041734
0.007384615384615385,0.009230769230769233,123.4540847614803,123.05797556614952,0.39610919533078004
0.007384615384615385,0.00953846153846154,120.77313253755177,120.38771641185204,0.3854161256997344
0.007384615384615385,0.009846153846153848,118.02594795558069,117.64715422133457,0.3787937342461163
0.007384615384615385,0.010153846153846156,115.20839149318941,114.83788940574111,0.37050208744830115
0.007384615384615385,0.010461538461538463,112.32255805702212,111.96156249661398,0.36099556040814207
0.007384615384615385,0.010769230769230772,109.37246393965388,109.01985318786963,0.3526107517842547
0.007384615384615385,0.01107692307692308,106.35638372592184,106.01447935490472,0.34190437101712234
0.007384615384615385,0.011384615384615387,103.28531509855327,102.94719605140519,0.3381190471480835
0.007384615384615385,0.011692307692307695,100.14500001154762,99.8197944844444,0.3252055271032219
0.007384615384615385,0.012000000000000002,96.95366121744097,96.63410096846866,0.3195602489723086
0.007384615384615385,0.012307692307692311,93.69708642482632,93.39197585878087,0.3051105660454567
0.007384615384615385,0.012615384615384619,90.39810823318155,90.09531246514565,0.30279576803589237
0.007384615384615385,0.012923076923076926,87.031843957003,86.74603594614958,0.28580801085342955
0.007384615384615385,0.013230769230769233,83.62713048966233,83.3461021849628,0.2810283046995323
0.007384615384615385,0.013538461538461541,80.16188362709973,79.89749664715838,0.2643869799413494
0.007384615384615385,0.013846153846153848,76.66637006692615,76.4022332212564,0.2641368456697535
0.007384615384615385,0.014153846153846157,73.10761220469405,72.86235304266955,0.24525916202449594
0.007384615384615385,0.014461538461538465,69.52135681982784,69.27992330173778,0.2414335180900622
0.007384615384615385,0.014769230769230772,65.88004881900065,65.65703603654715,0.22301278245349465
0.007384615384615385,0.01507692307692308,62.218096087188115,61.99580691123865,0.22228917594946296
0.007384615384615385,0.015384615384615387,58.50027016790119,58.29837398051988,0.20189618738131543
0.007384615384615385,0.015692307692307696,54.76456482862243,54.56689644110115,0.1976683875212828
0.007384615384615385,0.016000000000000004,50.9821334805486,50.80355337078568,0.17858010976291894
0.007384615384615385,0.01630769230769231,47.18712205318377,47.010542455949334,0.1765795972344364
0.007384615384615385,0.01661538461538462,43.346271753591424,43.190078708153784,0.15619304543763946
0.007384615384615385,0.016923076923076926,39.49523503794852,39.34439317064191,0.1508418673066103
0.007384615384615385,0.017230769230769234,35.60802193617882,35.475731615471716,0.13229032070710645
0.007384615384615385,0.01753846153846154,31.71434876545791,31.586353232048342,0.12799553340956749
0.007384615384615385,0.01784615384615385,27.787467590385003,27.678529307821385,0.10893828256361715
0.007384615384615385,0.01815384615384616,23.85600600091867,23.75454190191662,0.10146409900204745
0.007384615384615385,0.018461538461538467,19.900221617876216,19.816682512478312,0.08353910539790377
0.007384615384615385,0.018769230769230774,15.94200495547615,15.86725073849811,0.0747542169780413
0.007384615384615385,0.01907692307692308,11.964647231933665,11.908552936914562,0.05609429501910235
0.007384615384615385,0.01938461538461539,7.986054601220701,7.942900875765268,0.043153725455432834
0.007384615384615385,0.019692307692307696,3.9932493724549256,3.9726103841797165,0.020638988275209158
0.008,0.00030769230769230776,176.39021940478023,176.28408818248005,0.1061312223001778
0.008,0.0006153846153846155,176.28791539976385,176.12965573394754,0.15825966581630269
0.008,0.0009230769230769233,176.0973536086608,175.8723685263455,0.22498508231529968
0.008,0.001230769230769231,175.75307759937746,175.51237680815785,0.2407007912196093
0.008,0.001538461538461539,175.32346336914935,175.04989080441047,0.2735725647388847
0.008,0.0018461538461538465,174.76083619503916,174.48518059390582,0.2756556011333373
0.008,0.002153846153846154,174.11908018348274,173.81857595150436,0.3005042319783797
0.008,0.002461538461538462,173.34412296686884,173.0504661555454,0.29365681132344434
0.008,0.00276923076923077,172.48825151010774,172.1812997605195,0.3069517495882508
0.008,0.003076923076923078,171.51103024903875,171.2115843351253,0.2994459139134449
0.008,0.0033846153846153852,170.45448021085386,170.1418861658637,0.3125940449901634
0.008,0.003692307692307693,169.27419893104866,168.9728299263424,0.3013690047062596
0.008,0.004000000000000001,168.01240954246924,167.7050983124842,0.30731122998503224
0.008,0.004307692307692308,166.636912591611,166.33943164385187,0.2974809477591407
0.008,0.004615384615384617,165.18088172242403,164.87662743132205,0.30425429110198365
0.008,0.004923076923076924,163.61063607056298,163.31753991136182,0.2930961592011556
0.008,0.0052307692307692315,161.95870075094712,161.6630795471783,0.2956212037688033
0.008,0.00553846153846154,160.20043345044283,159.91421249703393,0.2862209534089004
0.008,0.005846153846153847,158.36103523363894,158.07196005003726,0.28907518360168183
0.008,0.006153846153846156,156.41681720706129,156.13739802973876,0.27941917732252364
0.008,0.006461538461538463,154.39135431424094,154.11165616588025,0.2796981483606942
0.008,0.0067692307692307704,152.2676544491207,151.99591743466462,0.2717370144560789
0.008,0.007076923076923079,150.06332377955047,149.79141736793085,0.27190641161962503
0.008,0.007384615384615386,147.76357416907032,147.49944333163828,0.2641308374320488
0.008,0.007692307692307694,145.38370725269834,145.1213337740813,0.26237347861703597
0.008,0.008000000000000002,142.76143144316185,142.65847744427305,0.10295399888880752
0.008,0.00830769230769231,140.20583479882305,140.1123125809551,0.09352221786795667
0.008,0.008615384615384617,137.58284040920884,137.48432607270666,0.098514336502177
0.008,0.008923076923076924,134.86837765100663,134.77605258964346,0.09232506136316943
0.008,0.009230769230769233,132.08394304036253,131.98907368721353,0.0948693531489937
0.008,0.00953846153846154,129.21554220678826,129.12501688261358,0.09052532417467773
0.008,0.009846153846153848,126.27626562327609,126.18555470436443,0.09071091891165395
0.008,0.010153846153846156,123.26168355545494,123.17240371560187,0.08927983985306298
0.008,0.010461538461538463,120.17403845468614,120.08732351165185,0.08671494303429483
0.008,0.010769230769230772,117.01762814643723,116.93211569247637,0.0855124539608596
0.008,0.01107692307692308,113.79060976972663,113.70862281059,0.08198695913662846
0.008,0.011384615384615387,110.5047513359646,110.41872729506095,0.08602404090365212
0.008,0.011692307692307695,107.1447957699138,107.06435035222555,0.08044541768825297
0.008,0.012000000000000002,103.73024231691338,103.64745084375788,0.08279147315549551
0.008,0.012307692307692311,100.24589089158292,100.17002414274965,0.07586674883326339
0.008,0.012615384615384619,96.71617078423797,96.63410096846863,0.08206981576934425
0.008,0.012923076923076926,93.11445026216826,93.04174620047559,0.07270406169267574
0.008,0.013230769230769233,89.4715866459701,89.39505767279296,0.07652897317714746
0.008,0.013538461538461541,85.76393836857719,85.69616494882872,0.06777341974846252
0.008,0.013846153846153848,82.02389776058688,81.94722807777148,0.07666968281539255
0.008,0.014153846153846157,78.21617100065305,78.15043633318236,0.0657346674706929
0.008,0.014461538461538465,74.37901547900468,74.30800693452113,0.0710085444835471
0.008,0.014769230769230772,70.48295667656456,70.42218375235227,0.060772924212287194
0.008,0.01507692307692308,66.56480914382753,66.49523599798789,0.06957314583964092
0.008,0.015384615384615387,62.58686206431381,62.52945689833225,0.057405165981563755
0.008,0.015692307692307696,58.589779129831534,58.52716235670158,0.06261677312995317
0.008,0.016000000000000004,54.542689720919725,54.49068960040207,0.052000120517654125
0.008,0.01630769230769231,50.48213703043074,50.42239581585478,0.05974121457596482
0.008,0.01661538461538462,46.37259656453982,46.3246567720652,0.04793979247462232
0.008,0.016923076923076926,42.25216992633735,42.199865433240895,0.05230449309645735
0.008,0.017230769230769234,38.09302488978774,38.05043056136812,0.04259432841962507
0.008,0.01753846153846154,33.926965853533275,33.87877530956227,0.04819054397100331
0.008,0.01784615384615385,29.725512130711568,29.687335807015067,0.0381763236965007
0.008,0.01815384615384616,25.519176382156395,25.478559736363287,0.040616645793107864
0.008,0.018461538461538467,21.286720680929886,21.25490490431166,0.03181577661822743
0.008,0.018769230769230774,17.05165298443623,17.0188378063422,0.03281517809402956
0.008,0.01907692307692308,12.796848023374386,12.772832186350916,0.024015837023469544
0.008,0.01938461538461539,8.540769690404913,8.51936759205065,0.021402098354263543
0.008,0.019692307692307696,4.270604945390656,4.2609279269853415,0.009677018405314541
0.008615384615384615,0.00030769230769230776,187.94259064998639,187.80070808323228,0.1418825667541057
0.008615384615384615,0.0006153846153846155,187.82374819603126,187.63618657999027,0.18756161604099475
0.008615384615384615,0.0009230769230769233,187.60433885025668,187.36209082769295,0.24224802256372868
0.008615384615384615,0.001230769230769231,187.22671210233878,186.97858089054105,0.2481312117977268
0.008615384615384615,0.001538461538461539,186.76169220589293,186.48588072753807,0.27581147835485353
0.008615384615384615,0.0018461538461538465,186.1584187570072,185.8842780617046,0.27414069530260576
0.008615384615384615,0.002153846153846154,185.47247489710196,185.17412421205609,0.29835068504587525
0.008615384615384615,0.002461538461538462,184.64582143383484,184.35583388844253,0.2899875453923073
0.008615384615384615,0.00276923076923077,183.73351061499903,183.42988494936958,0.30362566562945403
0.008615384615384615,0.003076923076923078,182.69233939763734,182.3968181229425,0.2955212746948348
0.008615384615384615,0.0033846153846153852,181.56683602708554,181.25723669109644,0.3095993359891054
0.008615384615384615,0.003692307692307693,180.30961304255067,180.01180613729653,0.29780690525413434
0.008615384615384615,0.004000000000000001,178.96560753525935,178.66125375791435,0.3043537773449998
0.008615384615384615,0.004307692307692308,177.50054102228063,177.20636823750743,0.2941727847731954
0.008615384615384615,0.004615384615384617,175.94970914833704,175.6479991882495,0.30170996008752127
0.008615384615384615,0.004923076923076924,174.27721084586895,173.9870566537811,0.2901541920878401
0.008615384615384615,0.0052307692307692315,172.51769522871533,172.22451057776954,0.2931846509457898
0.008615384615384615,0.00553846153846154,170.64492455934658,170.36139023748922,0.28353432185735983
0.008615384615384615,0.005846153846153847,168.6857291918556,168.39878364275273,0.2869455491028532
0.008615384615384615,0.006153846153846156,166.61486361951134,166.3378369005436,0.2770267189677327
0.008615384615384615,0.006461538461538463,164.45744670572012,164.17975354572224,0.2776931599978809
0.008615384615384615,0.0067692307692307704,162.19538404383619,161.9257938381954,0.26959020564078173
0.008615384615384615,0.007076923076923079,159.84742398987197,159.57727402695994,0.2701499629120292
0.008615384615384615,0.007384615384615386,157.39780867807534,157.1355655814503,0.26224309662504197
0.008615384615384615,0.007692307692307694,154.86284104859394,154.6020943906393,0.2607466579546269
0.008615384615384615,0.008000000000000002,152.0323323094807,151.9783399303588,0.05399237912189392
0.008615384615384615,0.00830769230769231,149.3108245518307,149.26583439932764,0.044990152503061154
0.008615384615384615,0.008615384615384617,146.51752905158347,146.46616182439084,0.051367227192628206
0.008615384615384615,0.008923076923076924,143.62680732923997,143.58095713549218,0.04585019374778199
0.008615384615384615,0.009230769230769233,140.6615590130884,140.61190521092158,0.04965380216683002
0.008615384615384615,0.00953846153846154,137.60687878436724,137.56073989339333,0.04613889097390711
0.008615384615384615,0.009846153846153848,134.47670762883547,134.42924297753083,0.04746465130463662
0.008615384615384615,0.010153846153846156,131.26632736356743,131.21924316934883,0.04708419421859844
0.008615384615384615,0.010461538461538463,127.97812707820425,127.93261501834047,0.04551205986378193
0.008615384615384615,0.010769230769230772,124.61668442098684,124.5712778227932,0.04540659819363668
0.008615384615384615,0.01107692307692308,121.18003950152959,121.13719450897268,0.04284499255690832
0.008615384615384615,0.011384615384615387,117.68072603020579,117.63237048482908,0.048355545376708164
0.008615384615384615,0.011692307692307695,114.10249367043973,114.05885246889528,0.04364120154444606
0.008615384615384615,0.012000000000000002,110.46611055076887,110.41872729506095,0.047383255707927674
0.008615384615384615,0.012307692307692311,106.75539394342671,106.71412069392026,0.041273249506446064
0.008615384615384615,0.012615384615384619,102.99636056909826,102.94719605140516,0.04916451769310015
0.008615384615384615,0.012923076923076926,99.16063970480145,99.12015314542882,0.04048655937263845
0.008615384615384615,0.013230769230769233,95.28109741766558,95.23522686127733,0.04587055638825177
0.008615384615384615,0.013538461538461541,91.33254291865902,91.29468588649955,0.03785703215946512
0.008615384615384615,0.013846153846153848,87.3494823137171,87.3008313860577,0.04865092765940915
0.008615384615384615,0.014153846153846157,83.2943178489668,83.25599565851145,0.03832219045534657
0.008615384615384615,0.014461538461538465,79.207803879952,79.16254077402164,0.04526310593035987
0.008615384615384615,0.014769230769230772,75.0585557282371,75.02285719496746,0.03569853326963823
0.008615384615384615,0.01507692307692308,70.88578225800968,70.83936237998402,0.0464198780256595
0.008615384615384615,0.015384615384615387,66.64930360770434,66.6144993722345,0.03480423546983502
0.008615384615384615,0.015692307692307696,62.39243929977405,62.350735372741575,0.041703927032472166
0.008615384615384615,0.016000000000000004,58.08230626762713,58.05056029961173,0.031745968015400194
0.008615384615384615,0.01630769230769231,53.757831655883436,53.7164853339931,0.04134632189033738
0.008615384615384615,0.01661538461538462,49.381229872277295,49.35104145361642,0.030188418660877403
0.008615384615384615,0.016923076923076926,44.99304427270173,44.95677795477515,0.0362663179265823
0.008615384615384615,0.017230769230769234,40.5636053183863,40.536260963608555,0.027344354777746105
0.008615384615384615,0.01753846153846154,36.12679969358161,36.09207193755592,0.03472775602568845
0.008615384615384615,0.01784615384615385,31.65241507705179,31.62680615785847,0.025608919193317092
0.008615384615384615,0.01815384615384616,27.172847151318443,27.143071213987778,0.029775937330665414
0.008615384615384615,0.018461538461538467,22.665374056877933,22.6434854808876,0.021888575990335113
0.008615384615384615,0.018769230769230774,18.1551104455667,18.13067658991583,0.024433855650869418
0.008615384615384615,0.01907692307692308,13.624436901628341,13.60727989438244,0.017157007245900857
0.008615384615384615,0.01938461538461539,9.09244658784307,9.075936930576944,0.01650965726612519
0.008615384615384615,0.019692307692307696,4.546442262846708,4.539293875185919,0.007148387660788735
0.009230769230769232,0.00030769230769230776,198.91687262064755,198.87871072844516,0.038161892202396075
0.009230769230769232,0.0006153846153846155,198.7620728151353,198.70448441808762,0.05758839704768093
0.009230769230769232,0.0009230769230769233,198.52919741868635,198.41422028442486,0.11497713426149403
0.009230769230769232,0.001230769230769231,198.13223042659175,198.008087833537,0.12414259305475639
0.009230769230769232,0.001538461538461539,197.64381985836044,197.48632423533854,0.15749562302190157
0.009230769230769232,0.0018461538461538465,197.00742620371219,196.84923418507776,0.15819201863442345
0.009230769230769232,0.002153846153846154,196.2829090125565,196.0971897254033,0.18571928715320496
0.009230769230769232,0.002461538461538462,195.40867143229127,195.23063002910172,0.1780414031895532
0.009230769230769232,0.00276923076923077,194.44350240856576,194.25006114263303,0.19344126593273359
0.009230769230769232,0.003076923076923078,193.34170480521885,193.15605569061375,0.18564911460509848
0.009230769230769232,0.0033846153846153852,192.15058689028666,191.9492525414202,0.20133434886645318
0.009230769230769232,0.003692307692307693,190.8199892017961,190.63035643410754,0.18963276768855053
0.009230769230769232,0.004000000000000001,189.39755374532004,189.2001375668617,0.19741617845832593
0.009230769230769232,0.004307692307692308,187.84701923973256,187.65943114722577,0.1875880925067861
0.009230769230769232,0.004615384615384617,186.20575119012673,186.00913690436184,0.1966142857648947
0.009230769230769232,0.004923076923076924,184.43572566468174,184.25021856363486,0.1855071010468805
0.009230769230769232,0.0052307692307692315,182.57363537390685,182.38370328382393,0.18993209008291956
0.009230769230769232,0.00553846153846154,180.591701303532,180.41068105729076,0.18102024624124624
0.009230769230769232,0.005846153846153847,178.51832361388628,178.3323040734545,0.18601954043177216
0.009230769230769232,0.006153846153846156,176.32675877403915,176.1497860459459,0.17697272809326137
0.009230769230769232,0.006461538461538463,174.0436088975059,173.86440150383237,0.17920739367352212
0.009230769230769232,0.0067692307692307704,171.6497126591582,171.47748504732928,0.1722276118289301
0.009230769230769232,0.007076923076923079,169.16491807538878,168.99043056843072,0.1744875069580587
0.009230769230769232,0.007384615384615386,166.5725311468006,166.40469043691593,0.16784070988467192
0.009230769230769232,0.007692307692307694,163.88981744826745,163.72177465220628,0.16804279606117234
0.009230769230769232,0.008000000000000002,161.09301550885291,160.94324996156809,0.14976554728482938
0.009230769230769232,0.00830769230769231,158.2094675721653,158.07073894517637,0.13872862698892163
0.009230769230769232,0.008615384615384617,155.24984454689462,155.1059190685737,0.1439254783209094
0.009230769230769232,0.008923076923076924,152.18697675854685,152.05052170307752,0.13645505546932668
0.009230769230769232,0.009230769230769233,149.04513213437636,148.9063311147081,0.1388010196682501
0.009230769230769232,0.00953846153846154,145.8085153072186,145.67518342222746,0.13333188499115067
0.009230769230769232,0.009846153846153848,142.49189717503273,142.35896552489763,0.13293165013510588
0.009230769230769232,0.010153846153846156,139.09027765625453,138.95961400058462,0.13066365566990612
0.009230769230769232,0.010461538461538463,135.60618911203764,135.47911397485169,0.12707513718595465
0.009230769230769232,0.010769230769230772,132.04448266152554,131.91949796170155,0.12498469982398319
0.009230769230769232,0.01107692307692308,128.40308293161155,128.28284467664574,0.12023825496581253
0.009230769230769232,0.011384615384615387,124.69527213552941,124.5712778227932,0.1239943127362011
0.009230769230769232,0.011692307692307695,120.90382809898772,120.78696485066742,0.11686324832029982
0.009230769230769232,0.012000000000000002,117.05075956947589,116.93211569247637,0.11864387699951351
0.009230769230769232,0.012307692307692311,113.11892031130877,113.00898147157442,0.10993883973435459
0.009230769230769232,0.012615384615384619,109.13588007951577,109.01985318786961,0.11602689164615754
0.009230769230769232,0.012923076923076926,105.07156651517275,104.96706037994423,0.10450613522851881
0.009230769230769232,0.013230769230769233,100.9608110465154,100.85296976466991,0.10784128184549502
0.009230769230769232,0.013538461538461541,96.77690390069999,96.67998385511153,0.09692004558846179
0.009230769230769232,0.013846153846153848,92.55642091630553,92.45053955752748,0.10588135877804916
0.009230769230769232,0.014153846153846157,88.2595060345982,88.16710674828465,0.09239928631355099
0.009230769230769232,0.014461538461538465,83.92935989318964,83.83218683152063,0.09717306166901096
0.009230769230769232,0.014769230769230772,79.53272207231322,79.44831127839369,0.0844107939195311
0.009230769230769232,0.01507692307692308,75.11114987163631,75.01804014877527,0.09310972286104402
0.009230769230769232,0.015384615384615387,70.62204383987,70.54396059624698,0.07808324362302699
0.009230769230769232,0.015692307692307696,66.11132698215503,66.02868535727559,0.08264162487944304
0.009230769230769232,0.016000000000000004,61.5441468092979,61.47485122544881,0.06929558384909029
0.009230769230769232,0.01630769230769231,56.961764974671695,56.8851175116619,0.07664746300979175
0.009230769230769232,0.01661538461538462,52.32415188237424,52.2621644911551,0.061987391219140875
0.009230769230769232,0.016923076923076926,47.67426517726095,47.608691838308125,0.06557333895282369
0.009230769230769232,0.017230769230769234,42.98061636837495,42.92741705010677,0.05319931826818447
0.009230769230769232,0.01753846153846154,38.27915289810096,38.221073859200736,0.05807903890022459
0.009230769230769232,0.01784615384615385,33.53793496001414,33.492410637481164,0.04552432253297667
0.009230769230769232,0.01815384615384616,28.791233647056522,28.74418879110838,0.04704485594814045
0.009230769230769232,0.018461538461538467,24.01488630929083,23.97918114792917,0.035705161361658355
0.009230769230769232,0.018769230769230774,19.235574369044322,19.200170338222524,0.035404030821798216
0.009230769230769232,0.01907692307692308,14.434895816617173,14.409947169722601,0.02494864689457188
0.009230769230769232,0.01938461538461539,9.632838773081593,9.611308997865192,0.021529775216400537
0.009230769230769232,0.019692307692307696,4.816640345663954,4.807058092211244,0.009582253452710354
0.009846153846153846,0.00030769230769230776,209.63214670258995,209.49222292963773,0.13992377295221559
0.009846153846153846,0.0006153846153846155,209.49791638133058,209.30869872578532,0.1892176555452636
0.009846153846153846,0.0009230769230769233,209.2611724827877,209.00294413609078,0.2582283466969386
0.009846153846153846,0.001230769230769231,208.8442715669136,208.5751377126243,0.2691338542892936
0.009846153846153846,0.001538461538461539,208.32930513488378,208.02552928229002,0.30377585259375905
0.009846153846153846,0.0018461538461538465,207.6575799819125,207.3544398009341,0.3031401809784029
0.009846153846153846,0.002153846153846154,206.8929198832576,206.5622611659155,0.3306587173421178
0.009846153846153846,0.002461538461538462,205.9705609435872,205.64945598724896,0.321104956338246
0.009846153846153846,0.00276923076923077,204.9525006809087,204.61655731745392,0.33594336345478837
0.009846153846153846,0.003076923076923078,203.79056422521973,203.46416834026672,0.3263958849530013
0.009846153846153846,0.0033846153846153852,202.53458860114867,202.1929620183983,0.34162658275036506
0.009846153846153846,0.003692307692307693,201.131723067152,200.80368070054297,0.32804236660902575
0.009846153846153846,0.004000000000000001,199.6321485577048,199.29713568786767,0.3350128698371293
0.009846153846153846,0.004307692307692308,197.99765789988538,197.67420676023494,0.3234511396504445
0.009846153846153846,0.004615384615384617,196.2675983148267,195.93584166243616,0.3317566523905384
0.009846153846153846,0.004923076923076924,194.40188515038673,194.08305555073545,0.31882959965128066
0.009846153846153846,0.0052307692307692315,192.43917584797975,192.1169304000468,0.32224544793294285
0.009846153846153846,0.00553846153846154,190.35018589117797,190.03861437209147,0.31157151908649894
0.009846153846153846,0.005846153846153847,188.16483697222188,187.84932114490357,0.31551582731830763
0.009846153846153846,0.006153846153846156,185.85493101226155,185.55032920407643,0.3046018081851116
0.009846153846153846,0.006461538461538463,183.44850603502059,183.14298109616297,0.3055249388576158
0.009846153846153846,0.0067692307692307704,180.9253610678578,180.62868264466638,0.29667842319142324
0.009846153846153846,0.007076923076923079,178.3064129724953,178.00890212907873,0.29751084341657474
0.009846153846153846,0.007384615384615386,175.57405823222615,175.28516942744707,0.2888888047790772
0.009846153846153846,0.007692307692307694,172.7464965239962,172.45907512296782,0.2874214010283822
0.009846153846153846,0.008000000000000002,169.84312783664618,169.53226957513084,0.31085826151533524
0.009846153846153846,0.00830769230769231,166.80313537908614,166.50646195595613,0.29667342313001654
0.009846153846153846,0.008615384615384617,163.68292863645988,163.38341925188539,0.29950938457449183
0.009846153846153846,0.008923076923076924,160.45385964981512,160.16496523191168,0.2888944179034354
0.009846153846153846,0.009230769230769233,157.1415162047544,156.85297938254973,0.28853682220466226
0.009846153846153846,0.00953846153846154,153.72924340959455,153.44939581026884,0.2798475993257057
0.009846153846153846,0.009846153846153848,150.23261346574853,149.95620211202896,0.27641135371956693
0.009846153846153846,0.010153846153846156,146.64635405142346,146.37543821458016,0.2709158368433009
0.009846153846153846,0.010461538461538463,142.9731361725772,142.7091951832029,0.263940989374305
0.009846153846153846,0.010769230769230772,139.21807503300516,138.95961400058462,0.2584610324205414
0.009846153846153846,0.01107692307692308,135.37898318729256,135.1288843165464,0.25009887074617154
0.009846153846153846,0.011384615384615387,131.4698657531295,131.21924316934883,0.25062258378068236
0.009846153846153846,0.011692307692307695,127.47256160787465,127.2329736793249,0.23958792854975286
0.009846153846153846,0.012000000000000002,123.41027778076273,123.17240371560189,0.2378740651608382
0.009846153846153846,0.012307692307692311,119.2649363411757,119.03990453669135,0.22503180448434534
0.009846153846153846,0.012615384615384619,115.06560745347991,114.83788940574108,0.22771804773883275
0.009846153846153846,0.012923076923076926,110.7805749916524,110.56881218125713,0.21176281039527112
0.009846153846153846,0.013230769230769233,106.44656905889249,106.23516588411977,0.21140317477272674
0.009846153846153846,0.013538461538461541,102.03541052118976,101.83948124172932,0.1959292794604437
0.009846153846153846,0.013846153846153848,97.58567568101562,97.38432521013283,0.20135047088278668
0.009846153846153846,0.014153846153846157,93.05532450628586,92.87229947499378,0.18302503129207537
0.009846153846153846,0.014461538461538465,88.48992275131458,88.30603893228115,0.18388381903342577
0.009846153846153846,0.014769230769230772,83.85439447721815,83.68821014956417,0.16618432765397984
0.009846153846153846,0.01507692307692308,79.1925687584498,79.02150980881214,0.17105894963765422
0.009846153846153846,0.015384615384615387,74.45950701974618,74.30866313160803,0.15084388813815508
0.009846153846153846,0.015692307692307696,69.70364975466327,69.55242228769565,0.1512274669676259
0.009846153846153846,0.016000000000000004,64.88824309143054,64.75556478779029,0.13267830364024746
0.009846153846153846,0.01630769230769231,60.05680389792669,59.92089186159057,0.1359120363361228
0.009846153846153846,0.01661538461538462,55.167110729480044,55.05122682193917,0.11588390754087641
0.009846153846153846,0.016923076923076926,50.26447223326833,50.149413416087484,0.1150588171808451
0.009846153846153846,0.017230769230769234,45.3156263660696,45.2183141650277,0.09731220104190186
0.009846153846153846,0.01753846153846154,40.35852918262319,40.260808691860674,0.09772049076251221
0.009846153846153846,0.01784615384615385,35.35954590052584,35.279792040177554,0.07975386034828347
0.009846153846153846,0.01815384615384616,30.35478522551105,30.278172983435393,0.07661224207565809
0.009846153846153846,0.018461538461538467,25.31870987736579,25.258872326316077,0.05983755104971422
0.009846153846153846,0.018769230769230774,20.279503061907477,20.224821199057743,0.05468186284973342
0.009846153846153846,0.01907692307692308,15.217953357607273,15.178959345757974,0.03899401184929907
0.009846153846153846,0.01938461538461539,10.154962176607592,10.124233407645589,0.030728768962003272
0.009846153846153846,0.019692307692307696,5.077704009954628,5.063595202325505,0.014108807629122921
0.010461538461538461,0.00030769230769230776,219.51697997654617,219.61645633728332,-0.09947636073715671
0.010461538461538461,0.0006153846153846155,219.2648250718208,219.4240628692178,-0.1592377973969974
0.010461538461538461,0.0009230769230769233,218.9554002013352,219.10353192750293,-0.14813172616771908
0.010461538461538461,0.001230769230769231,218.487404344201,218.6550506931824,-0.16764634898140685
0.010461538461538461,0.001538461538461539,217.92891366220687,218.0788810666677,-0.14996740446082413
0.010461538461538461,0.0018461538461538465,217.21487647622314,217.37535951479552,-0.1604830385723801
0.010461538461538461,0.002153846153846154,216.40728325833913,216.54489687434068,-0.13761361600154487
0.010461538461538461,0.002461538461538462,215.43788051812203,215.5879781120991,-0.15009759397707967
0.010461538461538461,0.00276923076923077,214.3697842679502,214.50516204168076,-0.1353777737305677
0.010461538461538461,0.003076923076923078,213.1523393620073,213.29708099717817,-0.1447416351708739
0.010461538461538461,0.0033846153846153852,211.8370919685578,211.96444046390138,-0.12734849534359682
0.010461538461538461,0.003692307692307693,210.36879455797202,210.50801866639412,-0.13922410842209842
0.010461538461538461,0.004000000000000001,208.79963595437383,208.92866611397272,-0.12903015959889785
0.010461538461538461,0.004307692307692308,207.0896386133115,207.22730510405265,-0.13766649074113957
0.010461538461538461,0.004615384615384617,205.27983395271988,205.40492918355267,-0.12509523083278395
0.010461538461538461,0.004923076923076924,203.32831659665334,203.4626025686916,-0.13428597203827053
0.010461538461538461,0.0052307692307692315,201.2754362061468,201.4014595235158,-0.12602331736900396
0.010461538461538461,0.00553846153846154,199.09055484784486,199.2227036975211,-0.1321488496762413
0.010461538461538461,0.005846153846153847,196.8049369234897,196.92760742275527,-0.12267049926558116
0.010461538461538461,0.006153846153846156,194.38909650444572,194.51751097081197,-0.12841446636625165
0.010461538461538461,0.006461538461538463,191.8723333171627,191.9938217701499,-0.1214884529871938
0.010461538461538461,0.0067692307692307704,189.23351597800144,189.35801358419417,-0.1244976061927332
0.010461538461538461,0.007076923076923079,186.49451110085133,186.61162565070006,-0.11711454984873626
0.010461538461538461,0.007384615384615386,183.63690738059591,183.7562617828813,-0.11935440228538141
0.010461538461538461,0.007692307692307694,180.67973029920634,180.79358943282858,-0.11385913362224187
0.010461538461538461,0.008000000000000002,177.6227061907555,177.72533871776434,-0.1026325270088364
0.010461538461538461,0.00830769230769231,174.44375564408904,174.55330140970307,-0.10954576561402973
0.010461538461538461,0.008615384615384617,171.18091458306918,171.2793298891069,-0.0984153060377082
0.010461538461538461,0.008923076923076924,167.80422210971258,167.90533606314747,-0.10111395343488994
0.010461538461538461,0.009230769230769233,164.340434491039,164.4332902492062,-0.09285575816721803
0.010461538461538461,0.00953846153846154,160.77213269798509,160.86522002426435,-0.0930873262792602
0.010461538461538461,0.009846153846153848,157.11560083308493,157.203209040855,-0.08760820777007439
0.010461538461538461,0.010153846153846156,153.36532451684818,153.4493958102688,-0.08407129342063513
0.010461538461538461,0.010461538461538463,149.52409894157367,149.60597245372367,-0.08187351214999694
0.010461538461538461,0.010769230769230772,145.5972740636754,145.67518342222743,-0.07790935855203429
0.010461538461538461,0.01107692307692308,141.58256102297062,141.659324185882,-0.07676316291139074
0.010461538461538461,0.011384615384615387,137.49460784659377,137.5607398933933,-0.0661320467995381
0.010461538461538461,0.011692307692307695,133.31441724282095,133.38182400257034,-0.06740675974938881
0.010461538461538461,0.012000000000000002,129.06626221886165,129.12501688261355,-0.058754663751898306
0.010461538461538461,0.012307692307692311,124.73123256474548,124.79280438900759,-0.06157182426210284
0.010461538461538461,0.012615384615384619,120.33973440102739,120.387716411852,-0.04798201082461162
0.010461538461538461,0.012923076923076926,115.85858867472086,115.91232539847644,-0.05373672375557703
0.010461538461538461,0.013230769230769233,111.32621576979237,111.36924485120402,-0.043029081411646075
0.010461538461538461,0.013538461538461541,106.71312226183213,106.76112780113935,-0.048005539307226286
0.010461538461538461,0.013846153846153848,102.059668452356,102.09066525887344,-0.03099680651745018
0.010461538461538461,0.014153846153846157,97.32186262189946,97.36058464300883,-0.03872202110937906
0.010461538461538461,0.014461538461538465,92.54738199971234,92.5736481874244,-0.02626618771205358
0.010461538461538461,0.014769230769230772,87.69952332221327,87.7326513282081,-0.03312800599483978
0.010461538461538461,0.01507692307692308,82.82414787397221,82.84042107120148,-0.016273197229267566
0.010461538461538461,0.015384615384615387,77.87422941121785,77.89981434110753,-0.025584929889674868
0.010461538461538461,0.015692307692307696,72.9004571838192,72.91371631312717,-0.013259129307968465
0.010461538461538461,0.016000000000000004,67.86438856250663,67.88503872809834,-0.02065016559170374
0.010461538461538461,0.01630769230769231,62.811547835140296,62.81671819212118,-0.005170356980883639
0.010461538461538461,0.01661538461538462,57.697684692238575,57.71171446166291,-0.014029769424332983
0.010461538461538461,0.016923076923076926,52.57026101255119,52.57300871514311,-0.002747702591918255
0.010461538461538461,0.017230769230769234,47.39438307534552,47.403601812009946,-0.009218736664422522
0.010461538461538461,0.01753846153846154,42.20985259215444,42.20651254032224,0.003340051832203983
0.010461538461538461,0.01784615384615385,36.98144139587927,36.98477585386271,-0.003334457983434902
0.010461538461538461,0.01815384615384616,31.74697768745451,31.741441099809943,0.005536587644566993
0.010461538461538461,0.018461538461538467,26.47975630688472,26.479570238006264,0.00018606887845606934
0.010461538461538461,0.018769230769230774,21.209259159100423,21.20223605285846,0.007023106241963006
0.010461538461538461,0.01907692307692308,15.915381604851342,15.912520358918982,0.0028612459323600348
0.010461538461538461,0.01938461538461539,10.619995637281946,10.613512201192563,0.0064834360893826215
0.010461538461538461,0.019692307692307696,5.310222616349766,5.308306051221296,0.0019165651284707153
0.011076923076923078,0.00030769230769230776,229.15267048723095,229.22776533514852,-0.07509484791756904
0.011076923076923078,0.0006153846153846155,228.87887399025877,229.02695194672918,-0.14807795647041644
0.011076923076923078,0.0009230769230769233,228.53607798207386,228.69239326786027,-0.1563152857864054
0.011076923076923078,0.001230769230769231,228.03288451522403,228.224284671389,-0.19140015616497408
0.011076923076923078,0.001538461538461539,227.43846227785386,227.62289951955358,-0.18443724169972597
0.011076923076923078,0.0018461538461538465,226.68558153367243,226.88858900434744,-0.20300747067500424
0.011076923076923078,0.002153846153846154,225.83698852843725,226.021781942433,-0.18479341399574878
0.011076923076923078,0.002461538461538462,224.82160328478426,225.02298452472473,-0.2013812399404742
0.011076923076923078,0.00276923076923077,223.70421324372126,223.89278002078817,-0.18856677706691016
0.011076923076923078,0.003076923076923078,222.43183130627818,222.63182843822653,-0.19999713194835067
0.011076923076923078,0.0033846153846153852,221.0578344448717,221.24086613725518,-0.18303169238348005
0.011076923076923078,0.003692307692307693,219.5246400032511,219.72070540068785,-0.19606539743674034
0.011076923076923078,0.004000000000000001,217.886457173507,218.07223395958638,-0.18577678607937287
0.011076923076923078,0.004307692307692308,216.10156654803382,216.2964144748508,-0.19484792681697627
0.011076923076923078,0.004615384615384617,214.21267087480652,214.3942839750524,-0.18161310024586896
0.011076923076923078,0.004923076923076924,212.17606887868774,212.36695325083832,-0.19088437215057752
0.011076923076923078,0.0052307692307692315,210.03378197515255,210.21560620626113,-0.18182423110857826
0.011076923076923078,0.00553846153846154,207.75383441424722,207.94149916741208,-0.18766475316485298
0.011076923076923078,0.005846153846153847,205.36881625150622,205.54596014876213,-0.17714389725591673
0.011076923076923078,0.006153846153846156,202.8479695592413,203.0303880776389,-0.18241851839758283
0.011076923076923078,0.006461538461538463,200.2218394168825,200.39625197729234,-0.17441256040984854
0.011076923076923078,0.0067692307692307704,197.46837466546182,197.64509010902688,-0.1767154435650582
0.011076923076923078,0.007076923076923079,194.61037963581495,194.77850907389978,-0.16812943808483283
0.011076923076923078,0.007384615384615386,191.62864486811768,191.7981828745115,-0.16953800639382166
0.011076923076923078,0.007692307692307694,188.54301116539312,188.70585193743534,-0.16284077204221603
0.011076923076923078,0.008000000000000002,185.2933036724094,185.50332209685735,-0.21001842444795216
0.011076923076923078,0.00830769230769231,181.9773340518497,182.1924635400199,-0.2151294881701915
0.011076923076923078,0.008615384615384617,178.5738505746022,178.77520971508523,-0.20135914048302084
0.011076923076923078,0.008923076923076924,175.05159829184967,175.2535562020558,-0.20195791020611864
0.011076923076923078,0.009230769230769233,171.43848487364144,171.62955954741213,-0.19107467377068588
0.011076923076923078,0.00953846153846154,167.71633809288636,167.90533606314744,-0.18899797026108445
0.011076923076923078,0.009846153846153848,163.9021434200207,164.08306059090094,-0.1809171708802353
0.011076923076923078,0.010153846153846156,159.9901478617876,160.16496523191165,-0.1748173701240603
0.011076923076923078,0.010461538461538463,155.9832688290847,156.15333804353415,-0.17006921444945533
0.011076923076923078,0.010769230769230772,151.88708770276318,152.0505217030775,-0.16343400031431088
0.011076923076923078,0.01107692307692308,147.69921566503734,147.85891213974762,-0.15969647471027315
0.011076923076923078,0.011384615384615387,143.4349345344745,143.58095713549218,-0.14602260101767683
0.011076923076923078,0.011692307692307695,139.07442237369682,139.21915489556474,-0.14473252186792251
0.011076923076923078,0.012000000000000002,134.64300313802397,134.77605258964346,-0.13304945161948467
0.011076923076923078,0.012307692307692311,130.1209459312273,130.25424486435543,-0.13329893312811691
0.011076923076923078,0.012615384615384619,125.53997404320032,125.65637232807644,-0.11639828487612647
0.011076923076923078,0.012923076923076926,120.865465642119,120.98512000888981,-0.11965436677080277
0.011076923076923078,0.013230769230769233,116.13750780500668,116.24321578660569,-0.10570798159901074
0.011076923076923078,0.013538461538461541,111.32531098087642,111.43342879975594,-0.10811781887952066
0.011076923076923078,0.013846153846153848,106.47099466323719,106.55856782849557,-0.08757316525837666
0.011076923076923078,0.014153846153846157,101.52864216223293,101.62147965435369,-0.09283749212076486
0.011076923076923078,0.014461538461538465,96.54801305976564,96.62504739779381,-0.07703433802817017
0.011076923076923078,0.014769230769230772,91.49079921889945,91.5721888345522,-0.08138961565273917
0.011076923076923078,0.01507692307692308,86.40486610113366,86.46585469173938,-0.06098859060571726
0.011076923076923078,0.015384615384615387,81.24112832963901,81.30902692469846,-0.06789859505944662
0.011076923076923078,0.015692307692307696,76.05249306895108,76.10471697562707,-0.05222390667599086
0.011076923076923078,0.016000000000000004,70.79885091334386,70.85596401498009,-0.057113101636232955
0.011076923076923078,0.01630769230769231,65.5277069014122,65.56583316667967,-0.03812626526746499
0.011076923076923078,0.01661538461538462,60.192816583258654,60.23741371816913,-0.044597134910475233
0.011076923076923078,0.016923076923076926,54.84376041927801,54.873817316355925,-0.03005689707791248
0.011076923076923078,0.017230769230769234,49.444036897704805,49.47817615049791,-0.03413925279310348
0.011076923076923078,0.01753846153846154,44.03526563370435,44.05364112309248,-0.01837548938813427
0.011076923076923078,0.01784615384615385,38.58065755918738,38.60338000983875,-0.022722450651372128
0.011076923076923078,0.01815384615384616,33.11972716597841,33.13057560974521,-0.010848443766796834
0.011076923076923078,0.018461538461538467,27.624616810873192,27.638423886465517,-0.013807075592325191
0.011076923076923078,0.018769230769230774,22.126088459578337,22.130132101944767,-0.004043642366429623
0.011076923076923078,0.01907692307692308,16.603131461217753,16.608916943469588,-0.005785482251834395
0.011076923076923078,0.01938461538461539,11.078598421110986,11.078002645212885,0.0005957758981001149
0.011076923076923078,0.019692307692307696,5.53952638240855,5.540619105372257,-0.0010927229637074376
0.011692307692307693,0.00030769230769230776,238.1742956350532,238.30370226572546,-0.1294066306722641
0.011692307692307693,0.0006153846153846155,237.87926883060024,238.0949379659257,-0.21566913532547005
0.011692307692307693,0.0009230769230769233,237.52534457575402,237.74713292719917,-0.22178835144515574
0.011692307692307693,0.001230769230769231,237.00385692568594,237.26049025789416,-0.2566333322082244
0.011692307692307693,0.001538461538461539,236.38702397925599,236.63529414362554,-0.24827016436955773
0.011692307692307693,0.0018461538461538465,235.60389858029944,235.87190968131824,-0.2680111010188
0.011692307692307693,0.002153846153846154,234.72077208429644,234.97078266600104,-0.25001058170460055
0.011692307692307693,0.002461538461538462,233.66413024425339,233.93243933047484,-0.2683090862214499
0.011692307692307693,0.00276923076923077,232.50150527022137,232.7574860380074,-0.25598076778604195
0.011692307692307693,0.003076923076923078,231.17789135537103,231.44660892823438,-0.26871757286335196
0.011692307692307693,0.0033846153846153852,229.74879140307286,230.00057351647314,-0.25178211340028156
0.011692307692307693,0.003692307692307693,228.15447298619063,228.42022424668318,-0.26575126049255005
0.011692307692307693,0.004000000000000001,226.45119604045144,226.70648399833482,-0.25528795788338243
0.011692307692307693,0.004307692307692308,224.59561487510155,224.86035354747352,-0.26473867237197624
0.011692307692307693,0.004615384615384617,222.63205857063153,222.88291098229485,-0.25085241166331684
0.011692307692307693,0.004923076923076924,220.51512555982129,220.7753110735713,-0.26018551375000243
0.011692307692307693,0.0052307692307692315,218.28844033690544,218.5387846002987,-0.2503442633932593
0.011692307692307693,0.00553846153846154,215.91875741137784,216.17463763095608,-0.2558802195782448
0.011692307692307693,0.005846153846153847,213.43993022648257,213.6842507607982,-0.2443205343156194
0.011692307692307693,0.006153846153846156,210.81999069291422,211.069078305627,-0.24908761271277058
0.011692307692307693,0.006461538461538463,208.09066970068517,208.33064745251198,-0.2399777518268138
0.011692307692307693,0.0067692307692307704,205.22904011681914,205.47055736795613,-0.2415172511369974
0.011692307692307693,0.007076923076923079,202.25879761402624,202.49047826402764,-0.23168065000140814
0.011692307692307693,0.007384615384615386,199.15997193031512,199.39215042300293,-0.2321784926878081
0.011692307692307693,0.007692307692307694,195.95317927362325,196.1773831810911,-0.22420390746785301
0.011692307692307693,0.008000000000000002,192.6732854941821,192.84805387183232,-0.17476837765022424
0.011692307692307693,0.00830769230769231,189.22546750696438,189.40610672978804,-0.18063922282365752
0.011692307692307693,0.008615384615384617,185.68665335259823,185.8535517551626,-0.16689840256438515
0.011692307692307693,0.008923076923076924,182.0243443999591,182.19246354001993,-0.1681191400608384
0.011692307692307693,0.009230769230769233,178.26755417975815,178.4249800567799,-0.15742587702175115
0.011692307692307693,0.00953846153846154,174.39738643848304,174.55330140970307,-0.15591497122002806
0.011692307692307693,0.009846153846153848,170.43149992588818,170.5796885500913,-0.1481886242031294
0.011692307692307693,0.010153846153846156,166.36391221876613,166.5064619559561,-0.14254973718996666
0.011692307692307693,0.010461538461538463,162.19765769930115,162.3360002769249,-0.1383425776237459
0.011692307692307693,0.010769230769230772,157.938540297631,158.07073894517637,-0.1321986475453798
0.011692307692307693,0.01107692307692308,153.58407512414036,153.71316875321685,-0.12909362907649324
0.011692307692307693,0.011384615384615387,149.15015347413262,149.26583439932764,-0.11568092519502216
0.011692307692307693,0.011692307692307695,144.61615949371824,144.7313330015327,-0.11517350781446112
0.011692307692307693,0.012000000000000002,140.00842800668846,140.1123125809551,-0.10388457426662967
0.011692307692307693,0.012307692307692311,135.30643834547453,135.41147051544695,-0.10503216997241793
0.011692307692307693,0.012615384615384619,130.543180871041,130.6315519643971,-0.08837109335610194
0.011692307692307693,0.012923076923076926,125.68264470106288,125.77534826563493,-0.09270356457204798
0.011692307692307693,0.013230769230769233,120.76652070505934,120.84569530536801,-0.07917460030867574
0.011692307692307693,0.013538461538461541,115.76277164232577,115.84547186210415,-0.08270021977837416
0.011692307692307693,0.013846153846153848,110.71521004622723,110.77759792552604,-0.062387879298810844
0.011692307692307693,0.014153846153846157,105.5760655018194,105.6450329912993,-0.06896748947990261
0.011692307692307693,0.014461538461538465,100.39710228423367,100.4507743328106,-0.05367204857692798
0.011692307692307693,0.014769230769230772,95.13846725342843,95.19785525084404,-0.059387997415612404
0.011692307692307693,0.01507692307692308,89.84995529266588,89.88934330221934,-0.039388009553462666
0.011692307692307693,0.015384615384615387,84.48049798659214,84.5283385084248,-0.047840521832654304
0.011692307692307693,0.015692307692307696,79.08513817001878,79.11797154529192,-0.03283337527314245
0.011692307692307693,0.016000000000000004,73.62215827687744,73.6614019147692,-0.039243637891758
0.011692307692307693,0.01630769230769231,68.14097297850626,68.16181609986175,-0.020843121355497374
0.011692307692307693,0.01661538461538462,62.593436282976235,62.62242570381511,-0.0289894208388759
0.011692307692307693,0.016923076923076926,57.03115483252204,57.04646557462903,-0.01531074210699046
0.011692307692307693,0.017230769230769234,51.41608302161969,51.43719191599793,-0.021108894378237153
0.011692307692307693,0.01753846153846154,45.79158436063731,45.797880385779,-0.006296025141693917
0.011692307692307693,0.01784615384615385,40.11939550370792,40.13182418310082,-0.01242867939289738
0.011692307692307693,0.01815384615384616,34.440628688716814,34.4423321252272,-0.001703436510389622
0.011692307692307693,0.018461538461538467,28.726314846780408,28.732726715301975,-0.006411868521567499
0.011692307692307693,0.018769230769230774,23.008446302149466,23.006342202099635,0.0021041000498307483
0.011692307692307693,0.01907692307692308,17.265072275243725,17.266522632918793,-0.0014503576750684033
0.011692307692307693,0.01938461538461539,11.520052733352511,11.516619900752216,0.0034328326002945886
0.011692307692307693,0.019692307692307696,5.760257240903718,5.759991786876113,0.0002654540276045836
0.012307692307692308,0.00030769230769230776,246.76277500082722,246.8230698577761,-0.06029485694887171
0.012307692307692308,0.0006153846153846155,246.4797600328047,246.6068422252913,-0.12708219248659702
0.012307692307692308,0.0009230769230769233,246.11954851775448,246.24660314149074,-0.12705462373625664
0.012307692307692308,0.001230769230769231,245.5797995217167,245.74256297585492,-0.16276345413822924
0.012307692307692308,0.001538461538461539,244.93954397719887,245.09501607364663,-0.15547209644776672
0.012307692307692308,0.0018461538461538465,244.12634835108133,244.3043405840216,-0.17799223294025524
0.012307692307692308,0.002153846153846154,243.2094626665734,243.37099823919996,-0.16153557262657614
0.012307692307692308,0.002461538461538462,242.11306671908144,242.2955340848279,-0.18246736574644729
0.012307692307692308,0.00276923076923077,240.90704831255567,241.07857616168604,-0.17152784913037067
0.012307692307692308,0.003076923076923078,239.53444277386754,239.72083513893148,-0.18639236506393786
0.012307692307692308,0.0033846153846153852,238.05268896658362,238.22310389908705,-0.17041493250343365
0.012307692307692308,0.003692307692307693,236.39997421737436,236.5862570750201,-0.18628285764572183
0.012307692307692308,0.004000000000000001,234.63449916744227,234.8112505391816,-0.17675137173932853
0.012307692307692308,0.004307692307692308,232.71137092022173,232.8991208454037,-0.18774992518197564
0.012307692307692308,0.004615384615384617,230.6764641223857,230.85098462358116,-0.17452050119544538
0.012307692307692308,0.004923076923076924,228.48275555044597,228.6680379275913,-0.18528237714534157
0.012307692307692308,0.0052307692307692315,226.1753993662438,226.3515555368319,-0.17615617058811495
0.012307692307692308,0.00553846153846154,223.7199457842499,223.90289021178617,-0.1829444275362846
0.012307692307692308,0.005846153846153847,221.151450983888,221.32347190404857,-0.1720209201605769
0.012307692307692308,0.006153846153846156,218.43679589433435,218.61480692127338,-0.17801102693903204
0.012307692307692308,0.006461538461538463,215.60884113079462,215.77847704753347,-0.16963591673885503
0.012307692307692308,0.0067692307692307704,212.6438286612526,212.816138619603,-0.17230995835041085
0.012307692307692308,0.007076923076923079,209.56630171392536,209.72952155970333,-0.16321984577797366
0.012307692307692308,0.007384615384615386,206.35556678449032,206.52042836527698,-0.16486158078666335
0.012307692307692308,0.007692307692307694,203.03297796765537,203.19073305638034,-0.15775508872496857
0.012307692307692308,0.008000000000000002,199.66353361010417,199.7423800813082,-0.07884647120403088
0.012307692307692308,0.00830769230769231,196.0907648268689,196.17738318109107,-0.08661835422216768
0.012307692307692308,0.008615384615384617,192.42370243845505,192.49782421352708,-0.07412177507202955
0.012307692307692308,0.008923076923076924,188.62867015729876,188.70585193743534,-0.07718178013658417
0.012307692307692308,0.009230769230769233,184.73572871352877,184.80368075784176,-0.06795204431298885
0.012307692307692308,0.00953846153846154,180.7252962746223,180.79358943282858,-0.06829315820627357
0.012307692307692308,0.009846153846153848,176.61566893029848,176.67791974280388,-0.06225081250539688
0.012307692307692308,0.010153846153846156,172.40064699896865,172.4590751229678,-0.05842812399913555
0.012307692307692308,0.010461538461538463,168.083375221039,168.139519259774,-0.05614403873499896
0.012307692307692308,0.010769230769230772,163.66986829336835,163.72177465220625,-0.05190635883789696
0.012307692307692308,0.01107692307692308,159.15755123578748,159.20842113870998,-0.05086990292249993
0.012307692307692308,0.011384615384615387,154.56289240328144,154.60209439063928,-0.03920198735784197
0.012307692307692308,0.011692307692307695,149.86452324594106,149.90548437309909,-0.040961127158027466
0.012307692307692308,0.012000000000000002,145.0897359545122,145.1213337740813,-0.03159781956910024
0.012307692307692308,0.012307692307692311,140.21726322440963,140.25243640281218,-0.035173178402544636
0.012307692307692308,0.012615384615384619,135.2812949591692,135.3016355582466,-0.020340599077400157
0.012307692307692308,0.012923076923076926,130.24450386692956,130.27182236866128,-0.02731850173171324
0.012307692307692308,0.013230769230769233,125.1500997306904,125.16593410331745,-0.01583437262705445
0.012307692307692308,0.013538461538461541,119.96486489060892,119.98695245717828,-0.022087566569354067
0.012307692307692308,0.013846153846153848,114.73421469860631,114.73790180968304,-0.0036871110767293658
0.012307692307692308,0.014153846153846157,109.40862244121084,109.4218474585945,-0.013225017383660997
0.012307692307692308,0.014461538461538465,104.04175102494898,104.04189382995163,-0.0001428050026532901
0.012307692307692308,0.014769230769230772,98.59228667630448,98.60118266517192,-0.0088959888674367
0.012307692307692308,0.01507692307692308,93.11184997801652,93.1028911863631,0.008958791653427056
0.012307692307692308,0.015384615384615387,87.54749404430169,87.55023024091483,-0.0027361966131422832
0.012307692307692308,0.015692307692307696,81.95628395525019,81.9464424264541,0.009841528796087573
0.012307692307692308,0.016000000000000004,76.29497759495769,76.29480019725975,0.00017739769793934101
0.012307692307692308,0.01630769230769231,70.61479916163873,70.59860395324124,0.016195208397491
0.012307692307692308,0.01661538461538462,64.86582355835898,64.86118011259802,0.004643445760962095
0.012307692307692308,0.016923076923076926,59.10155969508795,59.08587916928483,0.01568052580311985
0.012307692307692308,0.017230769230769234,53.28250937626835,53.27607373641801,0.006435639850337793
0.012307692307692308,0.01753846153846154,47.45367576181508,47.435156576763866,0.018519185051211196
0.012307692307692308,0.01784615384615385,41.57543208091018,41.566538621461255,0.008893459448927388
0.012307692307692308,0.01815384615384616,35.690373218425684,35.67364697813332,0.016726240292364025
0.012307692307692308,0.018461538461538467,29.768474028095557,29.759922929553984,0.008551098541573765
0.012307692307692308,0.018769230769230774,23.842890804980858,23.82881992403465,0.014070880946206898
0.012307692307692308,0.01907692307692308,17.89096199630161,17.883801558708498,0.007160437593110913
0.012307692307692308,0.01938461538461539,11.937333472424642,11.928339556886764,0.00899391553787865
0.012307692307692308,0.019692307692307696,5.968898093325173,5.965911740670503,0.002986352654669844
0.012923076923076924,0.00030769230769230776,254.52540152053288,254.76597073354142,-0.24056921300854128
0.012923076923076924,0.0006153846153846155,254.15222842374368,254.5427847780262,-0.39055635428252344
0.012923076923076924,0.0009230769230769233,253.73630264223505,254.17095300422363,-0.434650361988588
0.012923076923076924,0.001230769230769231,253.157513663955,253.65069255141873,-0.49317888746372773
0.012923076923076924,0.001538461538461539,252.48409215214977,252.98230723706519,-0.4982150849154152
0.012923076923076924,0.0018461538461538465,251.63854669135486,252.16618737936463,-0.5276406880097682
0.012923076923076924,0.002153846153846154,250.68871865969095,251.2028095693317,-0.5140909096407427
0.012923076923076924,0.002461538461538462,249.55581521758285,250.0927363924783,-0.5369211748954399
0.012923076923076924,0.00276923076923077,248.31077689466548,248.83661610027966,-0.5258392056141759
0.012923076923076924,0.003076923076923078,246.89468630754064,247.4351822316136,-0.5404959240729568
0.012923076923076924,0.0033846153846153852,245.36639708716208,245.88925318439453,-0.5228560972324487
0.012923076923076924,0.003692307692307693,243.662169696309,244.19973173765203,-0.5375620413430227
0.012923076923076924,0.004000000000000001,241.84185716596946,242.36760452433342,-0.525747358363958
0.012923076923076924,0.004307692307692308,239.85919634865803,240.3939414551379,-0.5347451064798747
0.012923076923076924,0.004615384615384617,237.7614029954043,238.27989509371872,-0.5184920983144252
0.012923076923076924,0.004923076923076924,235.50002011098323,236.02669998361864,-0.5266798726354125
0.012923076923076924,0.0052307692307692315,233.1215488881977,233.63567192733106,-0.5141230391333522
0.012923076923076924,0.00553846153846154,230.59048798151164,231.1082072179086,-0.5177192363969709
0.012923076923076924,0.005846153846153847,227.94294789345463,228.44578182356724,-0.5028339301126152
0.012923076923076924,0.006153846153846156,225.14480043246428,225.64995052576225,-0.5051500932979707
0.012923076923076924,0.006461538461538463,222.22989931457565,222.72234601123992,-0.492446696664274
0.012923076923076924,0.0067692307692307704,219.17376194420447,219.66467791859424,-0.49091597438976464
0.012923076923076924,0.007076923076923079,216.00167324859146,216.47873183988622,-0.4770585912947638
0.012923076923076924,0.007384615384615386,212.6923065675268,213.16636827790833,-0.4740617103815339
0.012923076923076924,0.007692307692307694,209.2676631230095,209.72952155970336,-0.4618584366938592
0.012923076923076924,0.008000000000000002,205.7573942025698,206.17019870697177,-0.4128045044019757
0.012923076923076924,0.00830769230769231,202.07553903579003,202.49047826402767,-0.4149392282376425
0.012923076923076924,0.008615384615384617,198.29651803239165,198.6925090839874,-0.3959910515957574
0.012923076923076924,0.008923076923076924,194.38562910786803,194.7785090738998,-0.392879966031785
0.012923076923076924,0.009230769230769233,190.37384527090342,190.75076389955103,-0.3769186286476156
0.012923076923076924,0.00953846153846154,186.24098753900964,186.6116256507001,-0.3706381116904538
0.012923076923076924,0.009846153846153848,182.00590668135726,182.3635114675245,-0.35760478616722935
0.012923076923076924,0.010153846153846156,177.66221375258635,178.00890212907873,-0.3466883764923807
0.012923076923076924,0.010461538461538463,173.21314864127618,173.550340604589,-0.33719196331281864
0.012923076923076924,0.010769230769230772,168.66490971110554,168.99043056843072,-0.32552085732518776
0.012923076923076924,0.01107692307692308,164.01484564828598,164.33183487965624,-0.3169892313702576
0.012923076923076924,0.011384615384615387,159.27992730825898,159.57727402695994,-0.29734671870096463
0.012923076923076924,0.011692307692307695,154.4381282522271,154.7295245399895,-0.2913962877624101
0.012923076923076924,0.012000000000000002,149.51757498440216,149.79141736793085,-0.27384238352868806
0.012923076923076924,0.012307692307692311,144.4963527721268,144.7658362263134,-0.2694834541865987
0.012923076923076924,0.012615384615384619,139.40969574595877,139.65571591300164,-0.24602016704287166
0.012923076923076924,0.012923076923076926,134.21912727871873,134.46404059435557,-0.24491331563683616
0.012923076923076924,0.013230769230769233,128.96918084515184,129.19384206256166,-0.22466121740981748
0.012923076923076924,0.013538461538461541,123.6256130886098,123.84819796515163,-0.22258487654183057
0.012923076923076924,0.013846153846153848,118.23523467058021,118.43023000774306,-0.194995337162851
0.012923076923076924,0.014153846153846157,112.74698666015375,112.9431021310509,-0.19611547089715486
0.012923076923076924,0.014461538461538465,107.21618665303308,107.39001866323561,-0.17383201020253125
0.012923076923076924,0.014769230769230772,101.60025429237889,101.7742224486653,-0.17396815628640638
0.012923076923076924,0.01507692307692308,95.95239729914964,96.09899295418634,-0.14659565503670535
0.012923076923076924,0.015384615384615387,90.21803082375102,90.36764435400694,-0.1496135302559196
0.012923076923076924,0.015692307692307696,84.45598131405818,84.58352359431248,-0.12754228025430336
0.012923076923076924,0.016000000000000004,78.62167440849527,78.75000843874359,-0.12833403024832535
0.012923076923076924,0.01630769230769231,72.76791358865964,72.87050549587713,-0.10259190721748723
0.012923076923076924,0.01661538461538462,66.84327625777163,66.94844822986269,-0.10517197209105689
0.012923076923076924,0.016923076923076926,60.90288859109421,60.98729495537607,-0.0844063642818611
0.012923076923076924,0.017230769230769234,54.906010261604706,54.99052681806134,-0.08451655645663436
0.012923076923076924,0.01753846153846154,48.8990443137559,48.961645761639275,-0.06260144788337385
0.012923076923076924,0.01784615384615385,42.84125551328039,42.904172482871296,-0.06291696959090842
0.012923076923076924,0.01815384615384616,36.77645666416663,36.82164437557121,-0.04518771140458
0.012923076923076924,0.018461538461538467,30.673693843848945,30.71761346486768,-0.043919621018734034
0.012923076923076924,0.018769230769230774,24.567134626410855,24.595644332920457,-0.028509706509602495
0.012923076923076924,0.01907692307692308,18.433934203532882,18.4593120373057,-0.025377833772818548
0.012923076923076924,0.01938461538461539,12.299014993207168,12.312200023282454,-0.013185030075286264
0.012923076923076924,0.019692307692307696,6.14973193177709,6.157898031161969,-0.00816609938487911
0.01353846153846154,0.00030769230769230776,261.8681266834032,262.1138538799889,-0.2457271965856762
0.01353846153846154,0.0006153846153846155,261.4713482865738,261.8842308625837,-0.4128825760099062
0.01353846153846154,0.0009230769230769233,261.02917622974263,261.5016748291158,-0.47249859937318206
0.01353846153846154,0.001230769230769231,260.42437513312666,260.9664091815358,-0.5420340484091639
0.01353846153846154,0.001538461538461539,259.72498146632574,260.2787464999086,-0.553765033582863
0.01353846153846154,0.0018461538461538465,258.8511366266854,259.43908835987537,-0.587951733189982
0.01353846153846154,0.002153846153846154,257.87126304592647,258.4479250981448,-0.576662052218353
0.01353846153846154,0.002461538461538462,256.70409522832375,257.3058355261503,-0.6017402978265523
0.01353846153846154,0.00276923076923077,255.42205859155996,256.0134865920401,-0.591428000480164
0.01353846153846154,0.003076923076923078,253.96444152387338,254.57163299119875,-0.6071914673253787
0.01353846153846154,0.0033846153846153852,252.39159625033824,252.98111672552596,-0.5895204751877259
0.01353846153846154,0.003692307692307693,250.63795003002983,251.24286661173136,-0.6049165817015307
0.01353846153846154,0.004000000000000001,248.76499076700284,249.35789773893157,-0.592906971928727
0.01353846153846154,0.004307692307692308,246.72514304931764,247.3273108758669,-0.6021678265492767
0.01353846153846154,0.004615384615384617,244.56692979543928,245.15229182808326,-0.5853620326439852
0.01353846153846154,0.004923076923076924,242.24051496942792,242.83411074545518,-0.5935957760272572
0.01353846153846154,0.0052307692307692315,239.79370337519103,240.37412138045397,-0.580418005262942
0.01353846153846154,0.00553846153846154,237.18998113554943,237.77376029759463,-0.5837791620452037
0.01353846153846154,0.005846153846153847,234.4664772079067,235.03454603452235,-0.5680688266156437
0.01353846153846154,0.006153846153846156,231.58809117456914,232.15807821522944,-0.569987040660294
0.01353846153846154,0.006461538461538463,228.5896348749102,229.14603661591988,-0.5564017410096938
0.01353846153846154,0.0067692307692307704,225.44592734697633,226.0001801840675,-0.5542528370911555
0.01353846153846154,0.007076923076923079,222.18296886385937,222.72234601123992,-0.5393771473805486
0.01353846153846154,0.007384615384615386,218.77882248500234,219.31444826028894,-0.5356257752866043
0.01353846153846154,0.007692307692307694,215.25611324535,215.7784770475335,-0.5223638021834915
0.01353846153846154,0.008000000000000002,211.64873642501766,212.11649728058748,-0.4677608555698214
0.01353846153846154,0.00830769230769231,207.86142161310386,208.33064745251198,-0.469225839408125
0.01353846153846154,0.008615384615384617,203.97416461460222,204.42313839299572,-0.4489737783935084
0.01353846153846154,0.008923076923076924,199.9512717914456,200.3962519772924,-0.4449801858467879
0.01353846153846154,0.009230769230769233,195.824597963321,196.25233979367007,-0.42774183034907765
0.01353846153846154,0.00953846153846154,191.57338692923489,191.99382177014994,-0.4204348409150498
0.01353846153846154,0.009846153846153848,187.217025688904,187.62318476133612,-0.406159072432132
0.01353846153846154,0.010153846153846156,182.74894235443813,183.14298109616297,-0.39403874172484166
0.01353846153846154,0.010461538461538463,178.1724688424543,178.5558270874067,-0.38335824495240445
0.01353846153846154,0.010769230769230772,173.49398104574772,173.8644015038324,-0.3704204580846806
0.01353846153846154,0.01107692307692308,168.71075327918766,169.07144400586847,-0.36069072668081503
0.01353846153846154,0.011384615384615387,163.8402422044164,164.17975354572226,-0.33951134130586524
0.01353846153846154,0.011692307692307695,158.85978667889927,159.19218673287054,-0.3324000539712699
0.01353846153846154,0.012000000000000002,153.7983194528326,154.11165616588028,-0.31333671304767563
0.01353846153846154,0.012307692307692311,148.63329983986873,148.9411287315328,-0.3078288916640872
0.01353846153846154,0.012615384615384619,143.40097117542172,143.68362387224582,-0.2826526968241012
0.01353846153846154,0.012923076923076926,138.0617470682398,138.34221182280373,-0.2804647545639227
0.01353846153846154,0.013230769230769233,132.66143985092367,132.92001181742722,-0.25857196650355263
0.01353846153846154,0.013538461538461541,127.16481318480473,127.42019026822814,-0.2553770834234115
0.01353846153846154,0.013846153846153848,121.62002679428439,121.84595891611418,-0.22593212182979983
0.01353846153846154,0.014153846153846157,115.97454331134928,116.2005729552224,-0.22602964387311886
0.01353846153846154,0.014461538461538465,110.28527848388603,110.4873291319778,-0.2020506480917703
0.01353846153846154,0.014769230769230772,104.50842739384883,104.7095638198859,-0.20113642603706694
0.01353846153846154,0.01507692307692308,98.6987314553464,98.87065107118491,-0.17191961583850457
0.01353846153846154,0.015384615384615387,92.80002447476272,92.97400064649409,-0.17397617173136837
0.01353846153846154,0.015692307692307696,86.87283396071302,87.02305602360941,-0.15022206289638973
0.01353846153846154,0.016000000000000004,80.87129697271602,81.02129238660977,-0.14999541389374826
0.01353846153846154,0.01630769230769231,74.84974362634858,74.97221459644723,-0.1224709700986466
0.01353846153846154,0.01661538461538462,68.7553011023576,68.87935514420693,-0.12405404184931967
0.01353846153846154,0.016923076923076926,62.64466098333915,62.74627208823155,-0.10161110489239888
0.01353846153846154,0.017230769230769234,56.4758785194704,56.576546976315946,-0.10066845684554693
0.01353846153846154,0.01753846153846154,50.29671349402122,50.37378275418352,-0.07706926016230398
0.01353846153846154,0.01784615384615385,44.06535361871524,44.14160166146787,-0.0762480427526242
0.01353846153846154,0.01815384615384616,37.826794453773765,37.883643116426285,-0.05684866265251998
0.01353846153846154,0.018461538461538467,31.549179508503343,31.60356159062289,-0.054382082119545316
0.01353846153846154,0.018769230769230774,25.26765898520002,25.305024474819007,-0.037365489618988335
0.01353846153846154,0.01907692307692308,18.95913645416441,18.99170993732114,-0.0325734831567317
0.01353846153846154,0.01938461538461539,12.648871858113807,12.667304776033706,-0.018432917919898983
0.01353846153846154,0.019692307692307696,6.324653949564692,6.335502265473313,-0.010848315908620343
0.014153846153846154,0.00030769230769230776,268.53362230033287,268.8495579755633,-0.31593567523043475
0.014153846153846154,0.0006153846153846155,268.1090687938522,268.61403419146507,-0.5049653976128639
0.014153846153846154,0.0009230769230769233,267.65461831200946,268.22164737567385,-0.5670290636643927
0.014153846153846154,0.001230769230769231,267.03524748674585,267.6726266710404,-0.6373791842945593
0.014153846153846154,0.001538461538461539,266.31955292794726,266.96729269019545,-0.6477397622481931
0.014153846153846154,0.0018461538461538465,265.42398279237733,266.1060573283215,-0.6820745359441958
0.014153846153846154,0.002153846153846154,264.41935109357524,265.08942352261704,-0.6700724290417952
0.014153846153846154,0.002461538461538462,263.22227221946866,263.91798495859587,-0.6957127391272024
0.014153846153846154,0.00276923076923077,261.90729299160705,262.59242572339116,-0.6851327317841083
0.014153846153846154,0.003076923076923078,260.41216651368126,261.11351990626804,-0.7013533925867819
0.014153846153846154,0.0033846153846153852,258.7988787002061,259.48213114657716,-0.683252446371057
0.014153846153846154,0.003692307692307693,257.0002172287101,257.6992121294137,-0.6989949007036103
0.014153846153846154,0.004000000000000001,255.07925449771292,255.7658040292758,-0.6865495315628891
0.014153846153846154,0.004307692307692308,252.9872175833031,253.68303590204866,-0.6958183187455518
0.014153846153846154,0.004615384615384617,250.77385885487396,251.45212402566688,-0.6782651707929119
0.014153846153846154,0.004923076923076924,248.38807545080513,249.07437118984296,-0.6862957390378313
0.014153846153846154,0.0052307692307692315,245.8788812608908,246.55116593527458,-0.6722846743837749
0.014153846153846154,0.00553846153846154,243.20882752622015,243.883981742776,-0.6751542165558533
0.014153846153846154,0.005846153846153847,240.41598509339445,241.0743761728067,-0.6583910794122403
0.014153846153846154,0.006153846153846156,237.46435664338532,238.12398995589993,-0.6596333125146145
0.014153846153846154,0.006461538461538463,234.38963840853407,235.03454603452235,-0.6449076259882816
0.014153846153846154,0.0067692307692307704,231.1660037638474,231.80784855692414,-0.6418447930767286
0.014153846153846154,0.007076923076923079,227.820113280867,228.44578182356722,-0.6256685427002253
0.014153846153846154,0.007384615384615386,224.3294665735307,224.95030918674667,-0.6208426132159559
0.014153846153846154,0.007692307692307694,220.717263953871,221.3234719040486,-0.6062079501776054
0.014153846153846154,0.008000000000000002,217.13504190743004,217.56738794631292,-0.4323460388828835
0.014153846153846154,0.00830769230769231,213.24952092720315,213.68425076079822,-0.4347298335950711
0.014153846153846154,0.008615384615384617,209.26147317336066,209.6763279902702,-0.4148548169095534
0.014153846153846154,0.008923076923076924,205.1342819410398,205.54596014876216,-0.4116782077223604
0.014153846153846154,0.009230769230769233,200.90062292582454,201.29555925478078,-0.3949363289562484
0.014153846153846154,0.00953846153846154,196.53920257113597,196.9276074227553,-0.3884048516193275
0.014153846153846154,0.009846153846153848,192.06990720942676,192.4446554135523,-0.3747482041255523
0.014153846153846154,0.010153846153846156,187.48599465275817,187.84932114490357,-0.36332649214540425
0.014153846153846154,0.010461538461538463,182.79088260551438,183.14428816261562,-0.3534055571012402
0.014153846153846154,0.010769230769230772,177.99111221419986,178.3323040734545,-0.3411918592546499
0.014153846153846154,0.01107692307692308,173.08388734689575,173.41617894062102,-0.33229159372527306
0.014153846153846154,0.011384615384615387,168.08711708293362,168.39878364275273,-0.3116665598191162
0.014153846153846154,0.011692307692307695,162.97755194634377,163.28304819741183,-0.3054962510680639
0.014153846153846154,0.012000000000000002,157.78487479834405,158.07196005003726,-0.2870852516932132
0.014153846153846154,0.012307692307692311,152.4859619476601,152.76856232936086,-0.2826003817007745
0.014153846153846154,0.012615384615384619,147.11799589023144,147.37595207030583,-0.2579561800743875
0.014153846153846154,0.012923076923076926,141.64035961322475,141.8972784054054,-0.25691879218064173
0.014153846153846154,0.013230769230769233,136.10005463931628,136.3357407257984,-0.23568608648210443
0.014153846153846154,0.013538461538461541,130.46091707738773,130.69458681287452,-0.23366973548678516
0.014153846153846154,0.013846153846153848,124.77236322144915,124.97711094166198,-0.20474772021282206
0.014153846153846154,0.014153846153846157,118.98048482704999,119.18665195706315,-0.20616713001315645
0.014153846153846154,0.014461538461538465,113.14368272027674,113.32659132406356,-0.18290860378681373
0.014153846153846154,0.014769230769230772,107.2170114661099,107.40035115305122,-0.18333968694132352
0.014153846153846154,0.01507692307692308,101.25663928167047,101.41139220140082,-0.1547529197303419
0.014153846153846154,0.015384615384615387,95.20493186889915,95.3632118524888,-0.1582799835896509
0.014153846153846154,0.015692307692307696,89.12399718306156,89.25934207331974,-0.13534489025818175
0.014153846153846154,0.016000000000000004,82.96677103830308,83.10334735195735,-0.13657631365427392
0.014153846153846154,0.01630769230769231,76.78900488537357,76.89882261596378,-0.10981773059020838
0.014153846153846154,0.01661538461538462,70.53647023729019,70.64939113306306,-0.11292089577287356
0.014153846153846154,0.016923076923076926,64.2673203680615,64.35870239525468,-0.0913820271931769
0.014153846153846154,0.017230769230769234,57.93848152239479,58.030429987613445,-0.09194846521865685
0.014153846153846154,0.01753846153846154,51.59898393093557,51.66826944301869,-0.06928551208311973
0.014153846153846154,0.01784615384615385,45.20600107027941,45.27593608406766,-0.06993501378824618
0.014153846153846154,0.01815384615384616,38.80564093111326,38.857162853431205,-0.05152192231794572
0.014153846153846154,0.018461538461538467,32.365196870959764,32.41569813392122,-0.050501262961454074
0.014153846153846154,0.018769230769230774,25.920744418707518,25.955303559539537,-0.03455914083201961
0.014153846153846154,0.01907692307692308,19.44879879159645,19.479751818790504,-0.030953027194055238
0.014153846153846154,0.01938461538461539,12.975079411268673,12.992824451536572,-0.017745040267898915
0.014153846153846154,0.019692307692307696,6.487752326023669,6.49830964068595,-0.010557314662281492
0.01476923076923077,0.00030769230769230776,274.6711404834938,274.95735147124833,-0.28621098775454357
0.01476923076923077,0.0006153846153846155,274.24442134709034,274.71647699716783,-0.4720556500774933
0.01476923076923077,0.0009230769230769233,273.7792578972737,274.315175836643,-0.5359179393693125
0.01476923076923077,0.001230769230769231,273.1435498567463,273.75368233825077,-0.6101324815044791
0.01476923076923077,0.001538461538461539,272.40922832225647,273.03232439838234,-0.6230960761258757
0.01476923076923077,0.0018461538461538465,271.49119838503714,272.1515232697609,-0.6603248847237637
0.01476923076923077,0.002153846153846154,270.46189748519436,271.11179331544184,-0.6498958302474875
0.01476923076923077,0.002461538461538462,269.2361204623887,269.9137417084393,-0.6776212460505917
0.01476923076923077,0.00276923076923077,267.88997048927195,268.5580680771542,-0.6680975878822437
0.01476923076923077,0.003076923076923078,266.3597655846996,267.0455640968108,-0.6857985121112051
0.01476923076923077,0.0033846153846153852,264.70883034035967,265.37711302714104,-0.6682826867813674
0.01476923076923077,0.003692307692307693,262.8684415704717,263.55368919658537,-0.6852476261136644
0.01476923076923077,0.004000000000000001,260.90305542086196,261.57635743331247,-0.673302012450506
0.01476923076923077,0.004307692307692308,258.7627953607761,259.4462724433897,-0.6834770826135923
0.01476923076923077,0.004615384615384617,256.4985129416578,257.16467813646716,-0.6661651948093663
0.01476923076923077,0.004923076923076924,254.05794471626714,254.73290689936954,-0.6749621831023944
0.01476923076923077,0.0052307692307692315,251.49119797285874,252.1523788180196,-0.6611808451608567
0.01476923076923077,0.00553846153846154,248.7599663390653,249.42460084814823,-0.66463450908293
0.01476923076923077,0.005846153846153847,245.90317770147297,246.5511659352746,-0.647988233801641
0.01476923076923077,0.006153846153846156,242.88401364295015,243.53375208447073,-0.6497384415205829
0.01476923076923077,0.006461538461538463,239.7389768593513,240.37412138045397,-0.6351445211026601
0.01476923076923077,0.0067692307692307704,236.44164930713214,237.07411895857908,-0.6324696514469395
0.01476923076923077,0.007076923076923079,233.01929512489588,233.63567192733106,-0.6163768024351839
0.01476923076923077,0.007384615384615386,229.448898388139,230.06078824294815,-0.6118898548091352
0.01476923076923077,0.007692307692307694,225.75418526952603,226.35155553683197,-0.5973702673059336
0.01476923076923077,0.008000000000000002,222.12994202128777,222.5101398964294,-0.3801978751416186
0.01476923076923077,0.00830769230769231,218.15500957613813,218.53878460029873,-0.38377502416059883
0.01476923076923077,0.008615384615384617,214.07519789707632,214.43980880809804,-0.36461091102171395
0.01476923076923077,0.008923076923076924,209.85305011484795,210.21560620626119,-0.3625560914132393
0.01476923076923077,0.009230769230769233,205.52198875459328,205.86864361015242,-0.34665485555913733
0.01476923076923077,0.00953846153846154,201.06023110070714,201.40145952351583,-0.34122842280868326
0.01476923076923077,0.009846153846153848,196.48811822621184,196.81666265606032,-0.32854442984847765
0.01476923076923077,0.010153846153846156,191.79875292981941,192.11693040004684,-0.3181774702274254
0.01476923076923077,0.010461538461538463,186.99563102385275,187.30500726676664,-0.3093762429138849
0.01476923076923077,0.010769230769230772,182.08544407358087,182.38370328382393,-0.2982592102430601
0.01476923076923077,0.01107692307692308,177.06533102237296,177.35589235415895,-0.2905613317859945
0.01476923076923077,0.011384615384615387,171.9536128870517,172.22451057776954,-0.2708976907178453
0.01476923076923077,0.011692307692307695,166.726506338389,166.99255453711137,-0.2660481987223875
0.01476923076923077,0.012000000000000002,161.41437674831687,161.6630795471783,-0.2487027988614443
0.01476923076923077,0.012307692307692311,155.99356971554045,156.2391978712844,-0.24562815574395813
0.01476923076923077,0.012615384615384619,150.5021223450063,150.72407690358978,-0.22195455858346236
0.01476923076923077,0.012923076923076926,144.89848102256454,145.12093731943165,-0.222456296867108
0.01476923076923077,0.013230769230769233,139.2307288704612,139.43305119454058,-0.20232232407937545
0.01476923076923077,0.013538461538461541,133.4618546505176,133.6637400942404,-0.20188544372280148
0.01476923076923077,0.013846153846153848,127.64241939665385,127.81637313374775,-0.17395373709389617
0.01476923076923077,0.014153846153846157,121.71727052895787,121.89436501070332,-0.17709448174545628
0.01476923076923077,0.014461538461538465,115.74615922046532,115.90117401108506,-0.1550147906197452
0.01476923076923077,0.014769230769230772,109.68310089334473,109.84029998966606,-0.15719909632133522
0.01476923076923077,0.01507692307692308,103.58556243423864,103.71528232619833,-0.12971989195969513
0.01476923076923077,0.015384615384615387,97.39457536955611,97.52969785851454,-0.13512248895843015
0.01476923076923077,0.015692307692307696,91.17368475108906,91.28715879375525,-0.11347404266619776
0.01476923076923077,0.016000000000000004,84.87473157298459,84.99131059894202,-0.11657902595743508
0.01476923076923077,0.01630769230769231,78.55476155190082,78.64582987212714,-0.09106832022631295
0.01476923076923077,0.01661538461538462,72.1583003388879,72.2544221953639,-0.09612185647600313
0.01476923076923077,0.016923076923076926,65.74484108322402,65.82081997075092,-0.07597888752690096
0.01476923076923077,0.017230769230769234,59.27026895126343,59.348780240814776,-0.07851128955134357
0.01476923076923077,0.01753846153846154,52.784783805678416,52.8420824945025,-0.0572986888240834
0.01476923076923077,0.01784615384615385,46.24461625395763,46.30452646006692,-0.059910206109286435
0.01476923076923077,0.01815384615384616,39.696906301390456,39.73992988613182,-0.0430235847413627
0.01476923076923077,0.018461538461538467,33.10816083977733,33.15212631223516,-0.043965472457834665
0.01476923076923077,0.018769230769230774,26.515311827259584,26.544962830148773,-0.02965100288918876
0.01476923076923077,0.01907692307692308,19.89454628594039,19.922297837286028,-0.027751551345637893
0.01476923076923077,0.01938461538461539,13.27197967824691,13.287998783505849,-0.016019105258939348
0.01476923076923077,0.019692307692307696,6.636196350376224,6.645939912631335,-0.009743562255111193
0.015384615384615385,0.00030769230769230776,279.9727524258814,280.42296933232797,-0.450216906446542
0.015384615384615385,0.0006153846153846155,279.46389361638063,280.17730674176045,-0.7134131253798159
0.015384615384615385,0.0009230769230769233,278.9484975097476,279.76802849395676,-0.819530984209166
0.015384615384615385,0.001230769230769231,278.2791588351427,279.1953735958883,-0.9162147607456177
0.015384615384615385,0.001538461538461539,277.51748731142226,278.45967646188933,-0.9421891504670725
0.015384615384615385,0.0018461538461538465,276.5743923498936,277.56136671836856,-0.9869743684749324
0.015384615384615385,0.002153846153846154,275.52043703856344,276.50096895291944,-0.9805319143559927
0.015384615384615385,0.002461538461538462,274.2683930518165,275.2791024079758,-1.0107093561593388
0.015384615384615385,0.00276923076923077,272.89466320511946,273.8964806191917,-1.0018174140722635
0.015384615384615385,0.003076923076923078,271.33422427787485,272.3539109987566,-1.0196867208817366
0.015384615384615385,0.0033846153846153852,269.65118170966497,270.65229436388944,-1.001112654224471
0.015384615384615385,0.003692307692307693,267.77552139933437,268.79262441078686,-1.017103011452491
0.015384615384615385,0.004000000000000001,265.7727210261179,266.77598713433235,-1.0032661082144614
0.015384615384615385,0.004307692307692308,263.59197247540095,264.6035601939062,-1.0115877185052682
0.015384615384615385,0.004615384615384617,261.28499156073775,262.2766122256652,-0.9916206649274386
0.015384615384615385,0.004923076923076924,258.7985478517816,259.796502101695,-0.9979542499133913
0.015384615384615385,0.0052307692307692315,256.1836336728265,257.16467813646716,-0.9810444636406714
0.015384615384615385,0.00553846153846154,253.401227345601,254.38267724106421,-0.9814498954632143
0.015384615384615385,0.005846153846153847,250.49095958512754,251.4521240256669,-0.9611644405393633
0.015384615384615385,0.006153846153846156,247.41532927348683,248.3747298508274,-0.959400577340574
0.015384615384615385,0.006461538461538463,244.21150404092703,245.15229182808326,-0.9407877871562391
0.015384615384615385,0.0067692307692307704,240.85257375061718,241.78669177049468,-0.9341180198775021
0.015384615384615385,0.007076923076923079,237.36630232372448,238.27989509371872,-0.9135927699942386
0.015384615384615385,0.007384615384615386,233.72924552698387,234.6339496682618,-0.9047041412779322
0.015384615384615385,0.007692307692307694,229.96556517527983,230.8509846235812,-0.8854194483013771
0.015384615384615385,0.008000000000000002,226.2648827401748,226.93320910473324,-0.6683263645584248
0.015384615384615385,0.00830769230769231,222.2159295610355,222.88291098229485,-0.6669814212593508
0.015384615384615385,0.008615384615384617,218.06015090946704,218.70245551631166,-0.6423046068446183
0.015384615384615385,0.008923076923076924,213.75939483103048,214.39428397505242,-0.6348891440219404
0.015384615384615385,0.009230769230769233,209.34770109932626,209.9609122093775,-0.6132111100512532
0.015384615384615385,0.00953846153846154,204.8028821837009,205.4049291835527,-0.6020469998518081
0.015384615384615385,0.009846153846153848,200.14565586145594,200.72899546336674,-0.5833396019108079
0.015384615384615385,0.010153846153846156,195.36899666967773,195.93584166243616,-0.5668449927584334
0.015384615384615385,0.010461538461538463,190.47646508892794,191.02826684760365,-0.5518017586757082
0.015384615384615385,0.010769230769230772,185.47487714208728,186.00913690436184,-0.5342597622745586
0.015384615384615385,0.01107692307692308,180.36131651144612,180.88138286325696,-0.5200663518108399
0.015384615384615385,0.011384615384615387,175.15444531097125,175.6479991882495,-0.4935538772782593
0.015384615384615385,0.011692307692307695,169.83004169848547,170.31204202803156,-0.4820003295460822
0.015384615384615385,0.012000000000000002,164.41903525609695,164.87662743132208,-0.4575921752251304
0.015384615384615385,0.012307692307692311,158.89733238857642,159.3449295271821,-0.44759713860568695
0.015384615384615385,0.012615384615384619,153.30367684472012,153.720178671413,-0.41650182669289393
0.015384615384615385,0.012923076923076926,147.59574294452523,148.0056595601194,-0.40991661559417025
0.015384615384615385,0.013230769230769233,141.82250712642258,142.20470931153915,-0.38220218511656867
0.015384615384615385,0.013538461538461541,135.94625116460438,136.32071551726042,-0.37446435265604805
0.015384615384615385,0.013846153846153848,130.0184851309284,130.35711426396367,-0.3386291330352549
0.015384615384615385,0.014153846153846157,123.98303355672822,124.31738812684331,-0.33435457011509584
0.015384615384615385,0.014461538461538465,117.90076218230016,118.20506413588257,-0.3043019535824101
0.015384615384615385,0.014769230769230772,111.72482469178362,112.02371171616664,-0.2988870243830206
0.015384615384615385,0.01507692307692308,105.51376240773392,105.77694060343943,-0.2631781957055068
0.015384615384615385,0.015384615384615387,99.20750705662395,99.46839873611934,-0.26089167949538705
0.015384615384615385,0.015692307692307696,92.87078992405466,93.10177012500579,-0.23098020095112304
0.015384615384615385,0.016000000000000004,86.45454342858139,86.68077270192101,-0.2262292733396265
0.015384615384615385,0.01630769230769231,80.01688518155702,80.20915614854232,-0.19227096698530488
0.015384615384615385,0.01661538461538462,73.50128713214949,73.69069970669375,-0.18941257454426363
0.015384615384615385,0.016923076923076926,66.9683691266568,67.12920997137493,-0.16084084471813753
0.015384615384615385,0.017230769230769234,60.37312912553447,60.528518667817366,-0.15538954228289725
0.015384615384615385,0.01753846153846154,53.766760196621114,53.89248041386418,-0.12572021724306381
0.015384615384615385,0.01784615384615385,47.104674968835425,47.22497046898239,-0.1202955001469661
0.015384615384615385,0.01815384615384616,40.43490473430864,40.52988247121994,-0.09497773691130362
0.015384615384615385,0.018461538461538467,33.72328136972689,33.81112616343161,-0.08784479370471843
0.015384615384615385,0.018769230769230774,27.00747269213963,27.072625110098134,-0.06515241795850457
0.015384615384615385,0.01907692307692308,20.263442804880164,20.31831440607599,-0.05487160119582768
0.015384615384615385,0.01938461538461539,13.517592194416038,13.552138378612215,-0.034546184196177165
0.015384615384615385,0.019692307692307696,6.75899525854254,6.778048283968838,-0.019053025426297943
0.016,0.00030769230769230776,284.78168228005086,285.23364635503634,-0.45196407498548297
0.016,0.0006153846153846155,284.2539483116267,284.9837694043449,-0.7298210927182254
0.016,0.0009230769230769233,283.7161574551206,284.56746995757425,-0.8513125024536521
0.016,0.001230769230769231,283.0254291816711,283.9849911218781,-0.9595619402070383
0.016,0.001538461538461539,282.2429564881226,283.2366730484938,-0.9937165603711833
0.016,0.0018461538461538465,281.2785347209989,282.3229527341032,-1.0444180131042913
0.016,0.002153846153846154,280.20265146700825,281.24436376563915,-1.0417122986308982
0.016,0.002461538461538462,278.9266273191929,280.0015360086858,-1.0749086894928723
0.016,0.00276923076923077,277.52749747578815,278.59519523965463,-1.0676977638664766
0.016,0.003076923076923078,275.9390850263989,277.0261627219518,-1.087077695552864
0.016,0.0033846153846153852,274.2262963477462,275.295354726383,-1.0690583786367824
0.016,0.003692307692307693,272.31794439604494,273.4037819960774,-1.0858376000324483
0.016,0.004000000000000001,270.28046708935995,271.35254915624205,-1.0720820668821034
0.016,0.004307692307692308,268.0622009046327,269.1428540690921,-1.0806531644594202
0.016,0.004615384615384617,265.7156610015914,266.7759871343323,-1.0603261327408973
0.016,0.004923076923076924,263.1867246010115,264.2533305356009,-1.0666059345894041
0.016,0.0052307692307692315,260.52720019971537,261.5763574333124,-1.0491572335970432
0.016,0.00553846153846154,257.6974053438303,258.7466311043741,-1.0492257605437771
0.016,0.005846153846153847,254.73761853478493,255.7658040292758,-1.0281854944908844
0.016,0.006153846153846156,251.609707876225,252.63561692708817,-1.025909050863163
0.016,0.006461538461538463,248.35145431705538,249.35789773893154,-1.0064434218761562
0.016,0.0067692307692307704,244.9354930048314,245.93456056051005,-0.9990675556786641
0.016,0.007076923076923079,241.39004901160553,242.3676045243334,-0.9775555127278608
0.016,0.007384615384615386,237.6912824363304,238.65911263227974,-0.9678301959493467
0.016,0.007692307692307694,233.8637572259216,234.8112505391816,-0.9474933132599972
0.016,0.008000000000000002,230.081467633189,230.826265288144,-0.7447976549549935
0.016,0.00830769230769231,225.96417504540995,226.70648399833482,-0.7423089529248728
0.016,0.008615384615384617,221.73826074485055,222.4543125060127,-0.7160517611621628
0.016,0.008923076923076924,217.3649312626607,218.07223395958638,-0.7073026969256944
0.016,0.009230769230769233,212.87879605068147,213.5628073695259,-0.6840113188444263
0.016,0.00953846153846154,208.25729396295515,208.92866611397272,-0.6713721510175787
0.016,0.009846153846153848,203.52149050073456,204.1725164009208,-0.6510259001862551
0.016,0.010153846153846156,198.6642418281138,199.29713568786767,-0.6328938597538638
0.016,0.010461538461538463,193.6891681621584,194.30537105985704,-0.6162028976986278
0.016,0.010769230769230772,188.60320038482925,189.20013756686168,-0.5969371820324341
0.016,0.01107692307692308,183.40337123377356,183.9844165214762,-0.5810452877026364
0.016,0.011384615384615387,178.10865760461243,178.66125375791432,-0.5525961533018915
0.016,0.011692307692307695,172.69443326586446,173.2337578533277,-0.5393245874632271
0.016,0.012000000000000002,167.19214840426312,167.7050983124842,-0.5129499082210884
0.016,0.012307692307692311,161.57730438071422,162.0785037168665,-0.5011993361522684
0.016,0.012615384615384619,155.88929690189948,156.35725983927136,-0.46796293737187966
0.016,0.012923076923076926,150.08508830078847,150.54470772501085,-0.45961942422238167
0.016,0.013230769230769233,144.21447905836527,144.64424174083607,-0.42976268247079474
0.016,0.013538461538461541,138.23909873300917,138.65930759272226,-0.4202088597130853
0.016,0.013846153846153848,132.21133286618658,132.59340031367395,-0.38206744748737265
0.016,0.014153846153846157,126.07406312778572,126.45006222272373,-0.37599909493800965
0.016,0.014461538461538465,119.88918301043782,120.23288085631806,-0.3436978458802429
0.016,0.014769230769230772,113.60905202048681,113.94548687329656,-0.33643485280974517
0.016,0.01507692307692308,107.29320195330963,107.59155193468995,-0.2983499813803121
0.016,0.015384615384615387,100.88055102726159,101.17478655957315,-0.29423553231156063
0.016,0.015692307692307696,94.43692382637481,94.69893795822654,-0.2620141318517284
0.016,0.016000000000000004,87.91241457616152,88.16778784387097,-0.25537326770944446
0.016,0.01630769230769231,81.36612938959108,81.58515022425351,-0.21902083466243027
0.016,0.01661538461538462,74.74057622746157,74.95486917437448,-0.2142929469129058
0.016,0.016923076923076926,68.09740795965227,68.28081659165557,-0.18340863200329238
0.016,0.017230769230769234,61.39080271712672,61.56688993486135,-0.17608721773463287
0.016,0.01753846153846154,54.67286944340182,54.81700994809249,-0.14414050469066808
0.016,0.01784615384615385,47.89827622531528,48.035118371182165,-0.13684214586688626
0.016,0.01815384615384616,41.1158678424891,41.225175637830354,-0.10930779534125179
0.016,0.018461538461538467,34.29084810037734,34.391158562823094,-0.10031046244575492
0.016,0.018769230769230774,27.461567222337006,27.53705801968338,-0.07549079734637232
0.016,0.01907692307692308,20.603790015032445,20.66687661011441,-0.06308659508196612
0.016,0.01938461538461539,13.744174334872122,13.784626326592297,-0.04045199172017533
0.016,0.019692307692307696,6.872279036471072,6.894326209475912,-0.022047173004839493
0.016615384615384615,0.00030769230769230776,288.89692207553617,289.37814698028274,-0.4812249047465684
0.016615384615384615,0.0006153846153846155,288.35478590518284,289.1246392686639,-0.7698533634810474
0.016615384615384615,0.0009230769230769233,287.80740456834764,288.7022909095735,-0.8948863412258561
0.016615384615384615,0.001230769230769231,287.10502132986704,288.1113485425599,-1.0063272126928382
0.016615384615384615,0.001538461538461539,286.30960547739255,287.3521572613242,-1.0425517839316285
0.016615384615384615,0.0018461538461538465,285.3294972018637,286.4251604121955,-1.095663210331793
0.016615384615384615,0.002153846153846154,284.2363798197474,285.33089933522916,-1.0945195154817497
0.016615384615384615,0.002461538461538462,282.9405064863929,284.07001304807926,-1.1295065616863553
0.016615384615384615,0.00276923076923077,281.51994309815865,282.6432378728305,-1.1232947746718764
0.016615384615384615,0.003076923076923078,279.90762147662537,281.0514070060067,-1.1437855293813186
0.016615384615384615,0.0033846153846153852,278.16928979266197,279.2954500320074,-1.1261602393454382
0.016615384615384615,0.003692307692307693,276.23277977238536,277.37639238025713,-1.1436126078717734
0.016615384615384615,0.004000000000000001,274.1654055764239,275.29535472638304,-1.1299491499591454
0.016615384615384615,0.004307692307692308,271.91477628142565,273.05355233777215,-1.1387760563465008
0.016615384615384615,0.004615384615384617,269.53410974678104,270.65229436388944,-1.1181846171083976
0.016615384615384615,0.004923076923076924,266.96851242268457,268.0929830717713,-1.1244706490867316
0.016615384615384615,0.0052307692307692315,264.2705032185247,265.37711302714104,-1.1066098086163265
0.016615384615384615,0.00553846153846154,261.3998281484893,262.5062702216249,-1.1064420731356108
0.016615384615384615,0.005846153846153847,258.3973271187318,259.4821311465772,-1.0848040278453936
0.016615384615384615,0.006153846153846156,255.22432103787182,256.3064618140569,-1.0821407761850708
0.016615384615384615,0.006461538461538463,251.91912273653452,252.98111672552596,-1.0619939889914463
0.016615384615384615,0.0067692307692307704,248.4539729828367,249.50803778887328,-1.0540648060365925
0.016615384615384615,0.007076923076923079,244.85749636881806,245.88925318439453,-1.0317568155764718
0.016615384615384615,0.007384615384615386,241.1055095528971,242.12687618039234,-1.0213666274952402
0.016615384615384615,0.007692307692307694,237.22292516603372,238.2231038990871,-1.0001787330533887
0.016615384615384615,0.008000000000000002,233.40827433255262,234.1802160335593,-0.771941701006682
0.016615384615384615,0.00830769230769231,229.23138283667217,230.00057351647317,-0.7691906798009995
0.016615384615384615,0.008615384615384617,224.94430415406902,225.68661714135837,-0.7423129872893526
0.016615384615384615,0.008923076923076924,220.50768571805648,221.24086613725524,-0.7331804191987601
0.016615384615384615,0.009230769230769233,215.95663347376322,216.66591669755607,-0.7092832237928519
0.016615384615384615,0.00953846153846154,211.2682606595332,211.96444046390144,-0.6961798043682279
0.016615384615384615,0.009846153846153848,206.46393591545078,207.13918296601628,-0.6752470505655026
0.016615384615384615,0.010153846153846156,201.5364122459002,202.1929620183983,-0.6565497724980958
0.016615384615384615,0.010461538461538463,196.48936201716612,197.12866607479347,-0.6393040576273563
0.016615384615384615,0.010769230769230772,191.32981620331813,191.94925254142024,-0.6194363381021049
0.016615384615384615,0.01107692307692308,186.05476323803055,186.65774604992782,-0.6029828118972773
0.016615384615384615,0.011384615384615387,180.6834543132099,181.25723669109647,-0.5737823778865732
0.016615384615384615,0.011692307692307695,175.19091130598588,175.7508782103112,-0.5599669043253357
0.016615384615384615,0.012000000000000002,169.6090379222541,170.14188616586372,-0.5328482436096351
0.016615384615384615,0.012307692307692311,163.91298301762413,164.4335360511565,-0.5205530335323658
0.016615384615384615,0.012615384615384619,158.14271012441046,158.62916138190727,-0.4864512574968103
0.016615384615384615,0.012923076923076926,152.25456201751706,152.7321517494694,-0.47758973195234944
0.016615384615384615,0.013230769230769233,146.2990566456638,146.74595084140623,-0.4468941957424306
0.016615384615384615,0.013538461538461541,140.2372556157493,140.6740544304742,-0.43679881472490933
0.016615384615384615,0.013846153846153848,134.12230675680414,134.52000833319053,-0.397701576386396
0.016615384615384615,0.014153846153846157,127.89627199620804,128.28740633917556,-0.3911343429675185
0.016615384615384615,0.014461538461538465,121.62193901750291,121.97988811248143,-0.35794909497852245
0.016615384615384615,0.014769230769230772,115.25097708805815,115.60113706613029,-0.35015997807214205
0.016615384615384615,0.01507692307692308,108.84377930208602,109.15487821110516,-0.3110989090191367
0.016615384615384615,0.015384615384615387,102.33838312646807,102.64487598104829,-0.30649285458021325
0.016615384615384615,0.015692307692307696,95.8015634661634,96.07493203393777,-0.27336856777436935
0.016615384615384615,0.016000000000000004,89.18268463448521,89.44888303202657,-0.2661983975413591
0.016615384615384615,0.01630769230769231,82.54171294897569,82.77059840133975,-0.228885452364068
0.016615384615384615,0.01661538461538462,75.82033040285133,76.04397807203861,-0.22364766918728662
0.016615384615384615,0.016923076923076926,69.08107877659033,69.2729502009711,-0.1918714243807642
0.016615384615384615,0.017230769230769234,62.27742002767467,62.46146887773929,-0.18404885006462024
0.016615384615384615,0.01753846153846154,55.46226000685638,55.6135118156219,-0.15125180876551525
0.016615384615384615,0.01784615384615385,48.58963523810599,48.73307802870219,-0.1434427905961968
0.016615384615384615,0.01815384615384616,41.70908429722695,41.82418549655582,-0.11510119932886909
0.016615384615384615,0.018461538461538467,34.78525513979841,34.890868817864856,-0.10561367806644739
0.016615384615384615,0.018769230769230774,27.857098160714905,27.937176854324534,-0.08007869360962871
0.016615384615384615,0.01907692307692308,20.90021521166551,20.967170366223023,-0.06695515455751178
0.016615384615384615,0.01938461538461539,13.941478974231213,13.984919641071187,-0.04344066683997383
0.016615384615384615,0.019692307692307696,6.970924152495319,6.994502116669762,-0.02357796417444291
0.01723076923076923,0.00030769230769230776,292.41049530831066,292.84679153481983,-0.436296226509171
0.01723076923076923,0.0006153846153846155,291.8789583052133,292.5902451412804,-0.7112868360670745
0.01723076923076923,0.0009230769230769233,291.32919945955115,292.1628342840326,-0.8336348244814644
0.01723076923076923,0.001230769230769231,290.618241167984,291.56480855898116,-0.9465673909971315
0.01723076923076923,0.001538461538461539,289.81153328549834,290.79651719630874,-0.9849839108103993
0.01723076923076923,0.0018461538461538465,288.81772069368634,289.8584088565359,-1.0406881628495626
0.01723076923076923,0.002153846153846154,287.70954285967144,288.7510313685155,-1.0414885088440542
0.01723076923076923,0.002461538461538462,286.39648745416156,287.4750314095163,-1.0785439553547462
0.01723076923076923,0.00276923076923077,284.95741589396994,286.03115412758183,-1.0737382336118912
0.01723076923076923,0.003076923076923078,283.32450949867575,284.4202427063845,-1.0957332077087472
0.01723076923076923,0.0033846153846153852,281.56419706364386,282.64323787283047,-1.0790408091866084
0.01723076923076923,0.003692307692307693,279.60346610503905,280.7011773477014,-1.097711242662342
0.01723076923076923,0.004000000000000001,277.51036924433726,278.5951952396547,-1.0848259953174306
0.01723076923076923,0.004307692307692308,275.231896644732,276.3265213829363,-1.0946247382042884
0.01723076923076923,0.004615384615384617,272.82186232863734,273.89648061919166,-1.0746182905543264
0.01723076923076923,0.004923076923076924,270.2247152223103,271.3064920237961,-1.0817768014858302
0.01723076923076923,0.0052307692307692315,267.49357979401077,268.55806807715413,-1.064488283143362
0.01723076923076923,0.00553846153846154,264.587716928987,265.6528137814539,-1.0650968524669224
0.01723076923076923,0.005846153846153847,261.5484446433532,262.59242572339116,-1.0439810800379519
0.01723076923076923,0.006153846153846156,258.3366184033889,259.37869108341,-1.0420726800210787
0.01723076923076923,0.006461538461538463,254.99100421894283,256.01348659204007,-1.0224823730972332
0.01723076923076923,0.0067692307692307704,251.48350827012933,252.49877743393904,-1.0152691638097053
0.01723076923076923,0.007076923076923079,247.84309523353218,248.83661610027963,-0.9935208667474456
0.01723076923076923,0.007384615384615386,244.0452899302119,245.02914119015276,-0.9838512599408489
0.01723076923076923,0.007692307692307694,240.11530191090495,241.07857616168607,-0.9632742507811258
0.01723076923076923,0.008000000000000002,236.21470980301822,236.98722803360664,-0.7725182305884175
0.01723076923076923,0.00830769230769231,231.98750663281714,232.7574860380074,-0.76997940519027
0.01723076923076923,0.008615384615384617,227.6487955657917,228.39182022510263,-0.7430246593109473
0.01723076923076923,0.008923076923076924,223.15875235307598,223.8927800207882,-0.734027667712212
0.01723076923076923,0.009230769230769233,218.55290188763146,219.26299273784866,-0.710090850217199
0.01723076923076923,0.00953846153846154,213.80808271891235,214.50516204168076,-0.6970793227684169
0.01723076923076923,0.009846153846153848,208.94591935590694,209.62206637142864,-0.6761470155217069
0.01723076923076923,0.010153846153846156,203.95907778647236,204.61655731745392,-0.6574795309815613
0.01723076923076923,0.010461538461538463,198.85127442812455,199.49155795608704,-0.640283527962481
0.01723076923076923,0.010769230769230772,193.62962468021138,194.25006114263303,-0.620436462421651
0.01723076923076923,0.01107692307692308,188.2910799709754,188.8951277636284,-0.6040477926530059
0.01723076923076923,0.011384615384615387,182.85512279397045,183.42988494936955,-0.5747621553990996
0.01723076923076923,0.011692307692307695,177.2964782241255,177.8575242477566,-0.5610460236310928
0.01723076923076923,0.012000000000000002,171.64743241745114,172.1812997605195,-0.5338673430683514
0.01723076923076923,0.012307692307692311,165.88283739037968,166.40452624291407,-0.5216888525343961
0.01723076923076923,0.012615384615384619,160.04313537005015,160.53057716799847,-0.4874417979483212
0.01723076923076923,0.012923076923076926,154.08414681643697,154.56288275661979,-0.4787359401828155
0.01723076923076923,0.013230769230769233,148.05699452951882,148.50492797426168,-0.44793344474285846
0.01723076923076923,0.013538461538461541,141.92226162082497,142.36025049592266,-0.43798887509768747
0.01723076923076923,0.013846153846153848,135.73373840124324,136.13243864021365,-0.39870023897040596
0.01723076923076923,0.014153846153846157,129.43279606402822,129.82512927388072,-0.3923332098524952
0.01723076923076923,0.014461538461538465,123.08297584958143,123.44200568797764,-0.3590298383962107
0.01723076923076923,0.014769230769230772,116.63536635330647,116.98679544692725,-0.35142909362078
0.01723076923076923,0.01507692307692308,110.15108587634596,110.46326821172916,-0.3121823353831985
0.01723076923076923,0.015384615384615387,103.56743029707982,103.87523353858374,-0.3078032415039189
0.01723076923076923,0.015692307692307696,96.95197468507581,97.2265386542184,-0.27456396914259074
0.01723076923076923,0.016000000000000004,90.25346772316882,90.52106620921583,-0.26759848604700665
0.01723076923076923,0.01630769230769231,83.5326007824418,83.76273201065526,-0.23013122821345178
0.01723076923076923,0.01661538461538462,76.73037646289848,76.95548273539139,-0.2251062724929085
0.01723076923076923,0.016923076923076926,69.9100727258404,70.10329362530605,-0.19322089946565768
0.01723076923076923,0.017230769230769234,63.02454822217093,63.21016616587943,-0.18561794370850038
0.01723076923076923,0.01753846153846154,56.12737715303513,56.28012574943454,-0.1527485963994124
0.01723076923076923,0.01784615384615385,49.17208798073152,49.3172193244221,-0.14513134369057923
0.01723076923076923,0.01815384615384616,42.20878251833572,42.325513032115936,-0.11673051378021881
0.01723076923076923,0.018461538461538467,35.20163523734722,35.30908983210198,-0.10745459475476338
0.01723076923076923,0.018769230769230774,28.190103774499445,28.272047117943625,-0.08194334344418053
0.01723076923076923,0.01907692307692308,21.14972256961433,21.218494324420202,-0.06877175480587283
0.01723076923076923,0.01938461538461539,14.107480091049384,14.152550527732249,-0.04507043668286492
0.01723076923076923,0.019692307692307696,7.053916931170226,7.0783420400774455,-0.024425108907219162
0.01784615384615385,0.00030769230769230776,295.16814089502356,295.6314788385697,-0.46333794354615065
0.01784615384615385,0.0006153846153846155,294.61827497047756,295.37249293909895,-0.7542179686213899
0.01784615384615385,0.0009230769230769233,294.0526236621302,294.94101782155514,-0.8883941594249336
0.01784615384615385,0.001230769230769231,293.3284786122865,294.3373054552564,-1.0088268429698815
0.01784615384615385,0.001538461538461539,292.50930105130766,293.56170839122393,-1.0524073399162717
0.01784615384615385,0.0018461538461538465,291.5031476286559,292.614679556302,-1.1115319276461264
0.01784615384615385,0.002153846153846154,290.3823672926873,291.4967719886615,-1.1144046959742013
0.01784615384615385,0.002461538461538462,289.055633681117,290.2086385148412,-1.1530048337241965
0.01784615384615385,0.00276923076923077,287.6020834455473,288.7510313685155,-1.1489479229682047
0.01784615384615385,0.003076923076923078,285.9532608863545,287.12480175121107,-1.1715408648565813
0.01784615384615385,0.0033846153846153852,284.1760150153309,285.33089933522916,-1.1548843198982581
0.01784615384615385,0.003692307692307693,282.19666180196026,283.3703717090637,-1.1737099071034436
0.01784615384615385,0.004000000000000001,280.0837932998462,281.24436376563915,-1.1605704657929437
0.01784615384615385,0.004307692307692308,277.78392513037005,278.95411703372537,-1.1701919033553168
0.01784615384615385,0.004615384615384617,275.3513178869992,276.50096895291944,-1.1496510659202386
0.01784615384615385,0.004923076923076924,272.72991754363176,273.886352092619,-1.1564345489872494
0.01784615384615385,0.0052307692307692315,269.9733090026793,271.11179331544184,-1.1384843127625572
0.01784615384615385,0.00553846153846154,267.04038620604655,268.1789128855812,-1.1385266795346638
0.01784615384615385,0.005846153846153847,263.9728301751668,265.0894235226171,-1.116593347450305
0.01784615384615385,0.006153846153846156,260.7311431387379,261.8451294013362,-1.1139862625983028
0.01784615384615385,0.006461538461538463,257.35443588234523,258.4479250981448,-1.0934892157995932
0.01784615384615385,0.0067692307692307704,253.81436201450205,254.89979448468947,-1.0854324701874134
0.01784615384615385,0.007076923076923079,250.14014434305523,251.20280956933166,-1.0626652262764367
0.01784615384615385,0.007384615384615386,246.30708672351054,247.3591292871534,-1.052042563642857
0.01784615384615385,0.007692307692307694,242.3406243210672,243.37099823920002,-1.030373918132824
0.01784615384615385,0.008000000000000002,238.3149271771223,239.24074538169614,-0.9258182045738295
0.01784615384615385,0.00830769230769231,234.05001643558865,234.97078266600107,-0.9207662304124256
0.01784615384615385,0.008615384615384617,229.67260926662712,230.56360363009702,-0.8909943634699005
0.01784615384615385,0.008923076923076924,225.14252837472768,226.02178194243302,-0.8792535677053479
0.01784615384615385,0.009230769230769233,220.49561236042416,221.3479698989752,-0.8523575385510469
0.01784615384615385,0.00953846153846154,215.70849419923582,216.54489687434074,-0.836402675104921
0.01784615384615385,0.009846153846153848,210.8029901170101,211.61536772791945,-0.8123776109093512
0.01784615384615385,0.010153846153846156,205.7717009936822,206.5622611659155,-0.7905601722332847
0.01784615384615385,0.010461538461538463,200.61837630787315,201.38852806026367,-0.7701517523905181
0.01784615384615385,0.010769230769230772,195.35019462208183,196.09718972540327,-0.7469951033214386
0.01784615384615385,0.01107692307692308,189.96408026428233,190.6913361539158,-0.7272558896334829
0.01784615384615385,0.011384615384615387,184.47968867980933,185.17412421205609,-0.6944355322467572
0.01784615384615385,0.011692307692307695,178.8715229052899,179.54877579623133,-0.6772528909414177
0.01784615384615385,0.012000000000000002,173.17215509599944,173.81857595150439,-0.6464208555049424
0.01784615384615385,0.012307692307692311,167.35621597606865,167.9868709532199,-0.630654977151238
0.01784615384615385,0.012615384615384619,161.46450550422176,162.0570663528739,-0.5925608486521412
0.01784615384615385,0.012923076923076926,155.45245379833082,156.03262498936732,-0.5801711910364986
0.01784615384615385,0.013230769230769233,149.3716356729862,149.91706496680595,-0.5454292938197511
0.01784615384615385,0.013538461538461541,143.18227714907027,143.7139576000263,-0.5316804509560313
0.01784615384615385,0.013846153846153848,136.93864842586868,137.42692532904883,-0.48827690318015016
0.01784615384615385,0.014153846153846157,130.5816050453169,131.05963960367438,-0.47803455835747855
0.01784615384615385,0.014461538461538465,124.17525094417815,124.61581873946146,-0.44056779528331447
0.01784615384615385,0.014769230769230772,117.67024274397355,118.0992257463342,-0.4289830023606527
0.01784615384615385,0.01507692307692308,111.12823925661925,111.51366613109084,-0.38542687447159096
0.01784615384615385,0.015384615384615387,104.48598363602721,104.86298567509488,-0.37700203906766205
0.01784615384615385,0.015692307692307696,97.81164733279905,98.15106818844674,-0.3394208556476883
0.01784615384615385,0.016000000000000004,91.05351849591229,91.3818332419485,-0.328314746036213
0.01784615384615385,0.01630769230769231,84.27283013073281,84.55923387818466,-0.2864037474518426
0.01784615384615385,0.01661538461538462,77.41010436640921,77.68725430305669,-0.27714993664747567
0.01784615384615385,0.016923076923076926,70.52914806894246,70.7699075591187,-0.2407594901762451
0.01784615384615385,0.017230769230769234,63.58236975916844,63.8112331820742,-0.22886342290576067
0.01784615384615385,0.01753846153846154,56.62383751862526,56.81529484180024,-0.19145732317497988
0.01784615384615385,0.01784615384615385,49.606739356704296,49.78617796927936,-0.179438612575062
0.01784615384615385,0.01815384615384616,42.58156313666217,42.72798737082222,-0.14642423416005101
0.01784615384615385,0.018461538461538467,35.51212162806941,35.64484483097732,-0.1327232029079113
0.01784615384615385,0.018769230769230774,28.438253590621574,28.540886705523654,-0.10263311490207983
0.01784615384615385,0.01907692307692308,21.33555571792025,21.42026150595641,-0.08470578803616036
0.01784615384615385,0.01938461538461539,14.230997855847733,14.287127476872458,-0.056129621024725296
0.01784615384615385,0.019692307692307696,7.115667252013886,7.1456501676730975,-0.029982915659211073
0.018461538461538463,0.00030769230769230776,297.2927441119271,297.72570512530496,-0.43296101337784876
0.018461538461538463,0.0006153846153846155,296.74937895494594,297.4648845934713,-0.7155056385253715
0.018461538461538463,0.0009230769230769233,296.1806574639622,297.030352945761,-0.8496954817988467
0.018461538461538463,0.001230769230769231,295.4502648328959,296.4223639364198,-0.972099103523874
0.018461538461538463,0.001538461538461539,294.6233920931404,295.6412726139078,-1.0178805207673918
0.018461538461538463,0.0018461538461538465,293.60856688402475,294.6875351135617,-1.0789682295369403
0.018461538461538463,0.002153846153846154,292.47848696633326,293.56170839122393,-1.0832214248906666
0.018461538461538463,0.002461538461538462,291.1413384024599,292.2644498979967,-1.1231114955368184
0.018461538461538463,0.00276923076923077,289.67663210530725,290.7965171963088,-1.1198850910015494
0.018461538461538463,0.003076923076923078,288.01544189231413,289.15876751752035,-1.1433256252062165
0.018461538461538463,0.0033846153846153852,286.2249925347428,287.3521572613242,-1.127164726581384
0.018461538461538463,0.003692307692307693,284.2310787001162,285.37774143723504,-1.1466627371188451
0.018461538461538463,0.004000000000000001,282.1027321525403,283.23667304849386,-1.1339408959535717
0.018461538461538463,0.004307692307692308,279.7860977101201,280.93020241874643,-1.1441047086263438
0.018461538461538463,0.004615384615384617,277.33579317494485,278.45967646188933,-1.1238832869444764
0.018461538461538463,0.004923076923076924,274.69537014223056,275.82653789551046,-1.1311677532798967
0.018461538461538463,0.0052307692307692315,271.9187781913796,273.03232439838234,-1.1135462070027415
0.018461538461538463,0.00553846153846154,268.9646234049061,270.0786677125012,-1.1140443075951225
0.018461538461538463,0.005846153846153847,265.8748734176793,266.9672926901955,-1.0924192725162243
0.018461538461538463,0.006153846153846156,262.6097532687224,263.7000162868607,-1.0902630181383302
0.018461538461538463,0.006461538461538463,259.20864531342454,260.2787464999086,-1.0701011864840666
0.018461538461538463,0.0067692307692307704,255.64300489098127,256.7054812545505,-1.0624763635692034
0.018461538461538463,0.007076923076923079,251.94225793959166,252.9823072370652,-1.0400492974735585
0.018461538461538463,0.007384615384615386,248.08153484536936,249.11139867623282,-1.0298638308634622
0.018461538461538463,0.007692307692307694,244.08644817311367,245.0950160736467,-1.0085679005330235
0.018461538461538463,0.008000000000000002,239.97097284387237,240.93550488364374,-0.9645320397713704
0.018461538461538463,0.00830769230769231,235.6763246947194,236.63529414362557,-0.9589694489061742
0.018461538461538463,0.008615384615384617,231.26840055113095,232.19689505556875,-0.9284945044377935
0.018461538461538463,0.008923076923076924,226.70674470080857,227.62289951955364,-0.9161548187450705
0.018461538461538463,0.009230769230769233,222.02744319745338,222.91597862016775,-0.8885354227143694
0.018461538461538463,0.00953846153846154,217.20696691045885,218.07888106666775,-0.8719141562089021
0.018461538461538463,0.009846153846153848,212.26728327293984,213.1144315878102,-0.8471483148703669
0.018461538461538463,0.010153846153846156,207.2009418254886,208.02552928229005,-0.8245874568014528
0.018461538461538463,0.010461538461538463,202.01171815475107,202.81514592574823,-0.8034277709971605
0.018461538461538463,0.010769230769230772,196.70684062680294,197.48632423533854,-0.7794836085355996
0.018461538461538463,0.01107692307692308,191.2832122279595,192.04217609286653,-0.7589638649070309
0.018461538461538463,0.011384615384615387,185.7606247700366,186.4858807275381,-0.7252559575015027
0.018461538461538463,0.011692307692307695,180.11340624116934,180.8206828593791,-0.707276618209761
0.018461538461538463,0.012000000000000002,174.37435429160627,175.0498908044105,-0.6755365128042286
0.018461538461538463,0.012307692307692311,168.51792514700287,169.17687454268454,-0.6589493956816739
0.018461538461538463,0.012615384615384619,162.58520082562333,163.20506375031178,-0.619862924688448
0.018461538461538463,0.012923076923076926,156.53130372000842,157.1379457966264,-0.6066420766179874
0.018461538461538463,0.013230769230769233,150.40816502340186,150.97906370766103,-0.5708986842591628
0.018461538461538463,0.013538461538461541,144.1757292728509,144.73201409711902,-0.5562848242681184
0.018461538461538463,0.013846153846153848,137.88864499532775,138.40044506605375,-0.5118000707259966
0.018461538461538463,0.014153846153846157,131.48736124478305,131.98805407247977,-0.5006928276967244
0.018461538461538463,0.014461538461538465,125.03642554944642,125.49858577216207,-0.46216022271565294
0.018461538461538463,0.014769230769230772,118.48615401911673,118.93582983184199,-0.44967581272526047
0.018461538461538463,0.01507692307692308,111.89863155066463,112.30361871617896,-0.4049871655143278
0.018461538461538463,0.015384615384615387,105.21016567315449,105.605825449699,-0.39565977654450535
0.018461538461538463,0.015692307692307696,98.48939790474572,98.84636135505716,-0.35696345031144006
0.018461538461538463,0.016000000000000004,91.68425333823643,92.02917376893564,-0.3449204306992044
0.018461538461538463,0.01630769230769231,84.85639194146931,85.15824373691011,-0.3018517954407969
0.018461538461538463,0.01661538461538462,77.94595953155714,78.23758368863132,-0.29162415707418177
0.018461538461538463,0.016923076923076926,71.01717800761273,71.27123509467883,-0.2540570870661014
0.018461538461538463,0.017230769230769234,64.0221031354323,64.2632661064566,-0.24116297102429485
0.018461538461538463,0.01753846153846154,57.01519016535257,57.21776918050652,-0.20257901515395105
0.018461538461538463,0.01784615384615385,49.9493632872214,50.13885868862954,-0.1894954014081378
0.018461538461538463,0.01815384615384616,42.875410352807194,43.03066851520783,-0.15525816240063506
0.018461538461538463,0.018461538461538467,35.75686234598987,35.89734964313365,-0.14048729714377828
0.018461538461538463,0.018769230769230774,28.633854831932236,28.743067729751047,-0.10921289781881072
0.018461538461538463,0.01907692307692308,21.48203208238571,21.57200067423021,-0.08996859184449946
0.018461538461538463,0.01938461538461539,14.328350285388284,14.388336177791423,-0.05998589240313912
0.018461538461538463,0.019692307692307696,7.164336578781784,7.196269298205968,-0.03193271942418452
0.019076923076923078,0.00030769230769230776,298.71537624114137,299.1245792324963,-0.4092029913549027
0.019076923076923078,0.0006153846153846155,298.1816546848805,298.86253322673707,-0.6808785418565435
0.019076923076923078,0.0009230769230769233,297.6160543378672,298.4259599176577,-0.8099055797904953
0.019076923076923078,0.001230769230769231,296.8846005772133,297.81511425177655,-0.9305136745632581
0.019076923076923078,0.001538461538461539,296.05470202332793,297.03035294576097,-0.975650922433033
0.019076923076923078,0.0018461538461538465,295.0352185858527,296.0721342781145,-1.0369156922618004
0.019076923076923078,0.002153846153846154,293.89962332850143,294.94101782155514,-1.0413944930537014
0.019076923076923078,0.002461538461538462,292.55585285585664,293.6376641162408,-1.0818112603841428
0.019076923076923078,0.00276923076923077,291.08386745737386,292.1628342840326,-1.0789668266587569
0.019076923076923078,0.003076923076923078,289.4144557144377,290.51738958402063,-1.1029338695829551
0.019076923076923078,0.0033846153846153852,287.6151634005837,288.7022909095735,-1.087127508989795
0.019076923076923078,0.003692307692307693,285.61144153604,286.718598227203,-1.107156691163027
0.019076923076923078,0.004000000000000001,283.4726435663509,284.56746995757425,-1.0948263912233642
0.019076923076923078,0.004307692307692308,281.14466571139025,282.2501622990201,-1.1054965876298297
0.019076923076923078,0.004615384615384617,278.6823770172821,279.76802849395676,-1.085651476674684
0.019076923076923078,0.004923076923076924,276.0290619298932,277.12251803862864,-1.0934561087354382
0.019076923076923078,0.0052307692307692315,273.2389214244251,274.31517583664294,-1.0762544122178497
0.019076923076923078,0.00553846153846154,270.27036643206134,271.3476412967899,-1.0772748647285653
0.019076923076923078,0.005846153846153847,267.16556094798983,268.22164737567385,-1.056086427684022
0.019076923076923078,0.006153846153846156,263.88454183863377,264.9390195657155,-1.0544777270817463
0.019076923076923078,0.006461538461538463,260.46687678111823,261.5016748291158,-1.0347980479975831
0.019076923076923078,0.0067692307692307704,256.883886595028,257.911620478404,-1.0277338833760155
0.019076923076923078,0.007076923076923079,253.1651356265278,254.1709530042236,-1.0058173776957915
0.019076923076923078,0.007384615384615386,249.28563652614577,250.28185685104083,-0.996220324895063
0.019076923076923078,0.007692307692307694,245.2711225889973,246.24660314149077,-0.9754805524934795
0.019076923076923078,0.008000000000000002,241.09401246179772,242.0675483501054,-0.9735358883076799
0.019076923076923078,0.00830769230769231,236.77919110148127,237.74713292719917,-0.9679418257179009
0.019076923076923078,0.008615384615384617,232.35056493603687,233.2878798737145,-0.9373149376776269
0.019076923076923078,0.008923076923076924,227.7674893922045,228.6923932678603,-0.9249038756557866
0.019076923076923078,0.009230769230769233,223.0662184715664,223.96335674440368,-0.8971382728372816
0.019076923076923078,0.00953846153846154,218.22311309876136,219.10353192750296,-0.8804188287415968
0.019076923076923078,0.009846153846153848,213.26024330266148,214.11575681799653,-0.8555135153350477
0.019076923076923078,0.010153846153846156,208.17012380681086,209.00294413609075,-0.8328203292798833
0.019076923076923078,0.010461538461538463,202.9565479621842,203.7680796204131,-0.811531658228887
0.019076923076923078,0.010769230769230772,197.62677790694474,198.41422028442483,-0.7874423774800903
0.019076923076923078,0.01107692307692308,192.17770219608087,192.94449263121152,-0.7667904351306447
0.019076923076923078,0.011384615384615387,186.62920510552993,187.36209082769295,-0.7328857221630187
0.019076923076923078,0.011692307692307695,180.95549596270683,181.67027483931977,-0.7147788766129395
0.019076923076923078,0.012000000000000002,175.18952530768325,175.8723685263455,-0.6828432186622422
0.019076923076923078,0.012307692307692311,169.30563102023126,169.9717577027856,-0.666126682554335
0.019076923076923078,0.012615384615384619,163.34508637170092,163.97188815919756,-0.6268017874966461
0.019076923076923078,0.012923076923076926,157.26280516942646,157.87626365043621,-0.6134584810097579
0.019076923076923078,0.013230769230769233,151.11096022215537,151.68844384955958,-0.5774836274042059
0.019076923076923078,0.013538461538461541,144.84930531127387,145.41204226907985,-0.5627369578059813
0.019076923076923078,0.013846153846153848,138.53274541858715,139.05072415077427,-0.5179787321871174
0.019076923076923078,0.014153846153846157,132.10145410606216,132.60820432528664,-0.5067502192244717
0.019076923076923078,0.014461538461538465,125.62027956752054,126.0882450427713,-0.4679654752507645
0.019076923076923078,0.014769230769230772,119.03930715563122,119.49465377584457,-0.4553466202133478
0.019076923076923078,0.01507692307692308,112.42091054123651,112.83128099612831,-0.41037045489180457
0.019076923076923078,0.015384615384615387,105.70110214809758,106.1020179256828,-0.4009157775852259
0.019076923076923078,0.015692307692307696,98.94884198576044,99.31079426464241,-0.36195227888197223
0.019076923076923078,0.016000000000000004,92.11180906405737,92.46157589638175,-0.3497668323243772
0.019076923076923078,0.01630769230769231,85.25195270714038,85.55836257155126,-0.306409864410881
0.019076923076923078,0.01661538461538462,78.30916741066969,78.60518557233557,-0.29601816166588435
0.019076923076923078,0.016923076923076926,71.34795346096485,71.60610535829791,-0.25815189733306454
0.019076923076923078,0.017230769230769234,64.32013071881578,64.56520919518665,-0.2450784763708782
0.019076923076923078,0.01753846153846154,57.280413549444496,57.48660876808655,-0.20619521864205126
0.019076923076923078,0.01784615384615385,50.18155428319171,50.37443778031102,-0.1928834971193112
0.019076923076923078,0.01815384615384616,43.07453748633449,43.232849539435215,-0.1583120531007225
0.019076923076923078,0.018461538461538467,35.92270825654827,36.0660145318823,-0.14330627533403373
0.019076923076923078,0.018769230769230774,28.76639778346914,28.878117987475594,-0.11172020400645266
0.019076923076923078,0.01907692307692308,21.58128030624262,21.67335743538321,-0.0920771291405913
0.019076923076923078,0.01938461538461539,14.394304312619488,14.455940252878607,-0.06163594025911934
0.019076923076923078,0.019692307692307696,7.197308712658768,7.230081208351246,-0.032772495692477754
0.019692307692307693,0.00030769230769230776,299.43978980426334,299.82483402484894,-0.3850442205855984
0.019692307692307693,0.0006153846153846155,298.9159558497896,299.5621745657526,-0.6462187159630162
0.019692307692307693,0.0009230769230769233,298.35416289965286,299.1245792324963,-0.7704163328434106
0.019692307692307693,0.001230769230769231,297.6231944129662,298.5123035684317,-0.889109155465519
0.019692307692307693,0.001538461538461539,296.79226406151724,297.72570512530496,-0.9334410637877113
0.019692307692307693,0.0018461538461538465,295.77065555937804,296.7652432544557,-0.9945876950776551
0.019692307692307693,0.002153846153846154,294.63237101974903,295.63147883856965,-0.9991078188206188
0.019692307692307693,0.002461538461538462,293.2852720531413,294.3250739641384,-1.0398019109971415
0.019692307692307693,0.00276923076923077,291.80958328780173,292.84679153481983,-1.0372082470180999
0.019692307692307693,0.003076923076923078,290.13596040880503,291.1974948259235,-1.0615344171184802
0.019692307692307693,0.0033846153846153852,288.33212450788585,289.37814698028274,-1.046022472396885
0.019692307692307693,0.003692307692307693,286.3233541016961,287.3898104458057,-1.0664563441096107
0.019692307692307693,0.004000000000000001,284.1791715965079,285.23364635503634,-1.0544747585284426
0.019692307692307693,0.004307692307692308,281.84534645708237,282.9109138470853,-1.0655673900029115
0.019692307692307693,0.004615384615384617,279.37687835813267,280.4229693323279,-1.0460909741952378
0.019692307692307693,0.004923076923076924,276.7169147415333,277.7712657002996,-1.0543509587662925
0.019692307692307693,0.0052307692307692315,273.919786504997,274.9573514712483,-1.0375649662512956
0.019692307692307693,0.00553846153846154,270.94380420522987,271.9828698918429,-1.0390656866130143
0.019692307692307693,0.005846153846153847,267.83123319008575,268.8495579755633,-1.018324785477546
0.019692307692307693,0.006153846153846156,264.5420135426153,265.55924548833326,-1.017231945717981
0.019692307692307693,0.006461538461538463,261.1158084625052,262.1138538799888,-0.9980454174836382
0.019692307692307693,0.0067692307692307704,257.52386950365093,258.51539516220583,-0.9915256585549059
0.019692307692307693,0.007076923076923079,253.79583234766716,254.7659707335414,-0.9701383858742361
0.019692307692307693,0.007384615384615386,249.9066490435127,250.8677701522766,-0.9611211087639049
0.019692307692307693,0.007692307692307694,245.88211507869988,246.82306985777612,-0.940954779076236
0.019692307692307693,0.008000000000000002,241.6725480225472,242.63423184111159,-0.9616838185643815
0.019692307692307693,0.00830769230769231,237.34733440193443,238.30370226572546,-0.95636786379103
0.019692307692307693,0.008615384615384617,232.90804355856423,233.8340100389404,-0.9259664803761609
0.019692307692307693,0.008923076923076924,228.31393362716614,229.22776533514855,-0.9138317079824105
0.019692307692307693,0.009230769230769233,223.6013451279277,224.48765807154325,-0.8863129436155646
0.019692307692307693,0.00953846153846154,218.74658234728088,219.61645633728332,-0.8698739900024464
0.019692307692307693,0.009846153846153848,213.77176816645755,214.61700477700657,-0.8452366105490228
0.019692307692307693,0.010153846153846156,208.66939937294663,209.4922229296377,-0.8228235566910769
0.019692307692307693,0.010461538461538463,203.44327846904375,204.24510352345982,-0.8018250544160708
0.019692307692307693,0.010769230769230772,198.1006849906543,198.87871072844516,-0.7780257377908697
0.019692307692307693,0.01107692307692308,192.63850005844654,193.3961783668663,-0.75767830841977
0.019692307692307693,0.011384615384615387,187.07665558139024,187.80070808323225,-0.7240525018420101
0.019692307692307693,0.011692307692307695,181.38929975865054,182.095567474618,-0.7062677159674706
0.019692307692307693,0.012000000000000002,175.60946189172307,176.28408818248005,-0.6746262907569758
0.019692307692307693,0.012307692307692311,169.71141889431877,170.36966394707142,-0.6582450527526476
0.019692307692307693,0.012615384615384619,163.73654256210463,164.35574862559324,-0.6192060634886047
0.019692307692307693,0.012923076923076926,157.6396392494298,158.24585417523903,-0.6062149258092404
0.019692307692307693,0.013230769230769233,151.47300623363458,152.0435486023108,-0.5705423686762288
0.019692307692307693,0.013538461538461541,145.19629902803732,145.7524538786038,-0.556154850566486
0.019692307692307693,0.013846153846153848,138.8645547275391,139.37624382627712,-0.5116890987380316
0.019692307692307693,0.014153846153846157,132.4178049739939,132.91864197244465,-0.500836998450751
0.019692307692307693,0.014461538461538465,125.92105284955879,126.38341937474057,-0.46236652518177834
0.019692307692307693,0.014769230769230772,119.32426483201753,119.77439241912745,-0.4501275871099182
0.019692307692307693,0.01507692307692308,112.68996335456146,113.09542059123467,-0.40545723667321454
0.019692307692307693,0.015384615384615387,105.9540088170077,106.35040422252737,-0.39639540551966945
0.019692307692307693,0.015692307692307696,99.18552530022264,99.54328221262249,-0.3577569123998501
0.019692307692307693,0.016000000000000004,92.33206504402578,92.67802972908265,-0.3459646850568703
0.019692307692307693,0.01630769230769231,85.45572643491036,85.75865588603014,-0.3029294511197804
0.019692307692307693,0.01661538461538462,78.49627449990953,78.7892014029371,-0.2929269030275634
0.019692307692307693,0.016923076923076926,71.51835293693416,71.77373624495897,-0.255383308024804
0.019692307692307693,0.017230769230769234,64.47366007995275,64.71635724618999,-0.24269716623723525
0.019692307692307693,0.01753846153846154,57.4170437776131,57.62118571722675,-0.20414193961364901
0.019692307692307693,0.01784615384615385,50.301167826570385,50.49236503843954,-0.19119721186915228
0.019692307692307693,0.01815384615384616,43.17711813087888,43.33405824035418,-0.15694010947530046
0.019692307692307693,0.018461538461538467,36.00814402865413,36.15044557256045,-0.14230154390632066
0.019692307692307693,0.018769230769230774,28.834677485776044,28.945722062562776,-0.11104457678673185
0.019692307692307693,0.01907692307692308,21.632408179138615,21.724095066003336,-0.09168688686472137
0.019692307692307693,0.01938461538461539,14.428280629677994,14.489781809684189,-0.061501180006194645
0.019692307692307693,0.019692307692307696,7.214294357383279,7.247006928826098,-0.03271257144281847
0.020307692307692308,0.00030769230769230776,299.43978980426385,299.82483402484894,-0.3850442205850868
0.020307692307692308,0.0006153846153846155,298.9159558497897,299.5621745657526,-0.6462187159629025
0.020307692307692308,0.0009230769230769233,298.3541628996534,299.1245792324963,-0.770416332842899
0.020307692307692308,0.001230769230769231,297.6231944129663,298.5123035684317,-0.8891091554654054
0.020307692307692308,0.001538461538461539,296.7922640615174,297.72570512530496,-0.9334410637875408
0.020307692307692308,0.0018461538461538465,295.7706555593786,296.7652432544557,-0.9945876950770867
0.020307692307692308,0.002153846153846154,294.6323710197494,295.63147883856965,-0.9991078188202209
0.020307692307692308,0.002461538461538462,293.2852720531418,294.3250739641384,-1.0398019109966299
0.020307692307692308,0.00276923076923077,291.80958328780247,292.84679153481983,-1.037208247017361
0.020307692307692308,0.003076923076923078,290.13596040880526,291.1974948259235,-1.0615344171182528
0.020307692307692308,0.0033846153846153852,288.33212450788653,289.37814698028274,-1.0460224723962028
0.020307692307692308,0.003692307692307693,286.32335410169696,287.3898104458057,-1.066456344108758
0.020307692307692308,0.004000000000000001,284.1791715965084,285.23364635503634,-1.054474758527931
0.020307692307692308,0.004307692307692308,281.84534645708294,282.9109138470853,-1.065567390002343
0.020307692307692308,0.004615384615384617,279.3768783581334,280.4229693323279,-1.0460909741944988
0.020307692307692308,0.004923076923076924,276.7169147415336,277.7712657002996,-1.0543509587659514
0.020307692307692308,0.0052307692307692315,273.9197865049974,274.9573514712483,-1.0375649662508977
0.020307692307692308,0.00553846153846154,270.9438042052305,271.9828698918429,-1.039065686612389
0.020307692307692308,0.005846153846153847,267.83123319008604,268.8495579755633,-1.0183247854772617
0.020307692307692308,0.006153846153846156,264.54201354261534,265.55924548833326,-1.0172319457179242
0.020307692307692308,0.006461538461538463,261.11580846250536,262.1138538799888,-0.9980454174834676
0.020307692307692308,0.0067692307692307704,257.5238695036513,258.51539516220583,-0.991525658554508
0.020307692307692308,0.007076923076923079,253.79583234766727,254.7659707335414,-0.9701383858741224
0.020307692307692308,0.007384615384615386,249.9066490435129,250.8677701522766,-0.9611211087636775
0.020307692307692308,0.007692307692307694,245.88211507870005,246.82306985777612,-0.9409547790760655
0.020307692307692308,0.008000000000000002,241.6725480225474,242.63423184111159,-0.9616838185641825
0.020307692307692308,0.00830769230769231,237.34733440193463,238.30370226572546,-0.956367863790831
0.020307692307692308,0.008615384615384617,232.90804355856443,233.8340100389404,-0.925966480375962
0.020307692307692308,0.008923076923076924,228.31393362716628,229.22776533514855,-0.9138317079822684
0.020307692307692308,0.009230769230769233,223.6013451279278,224.48765807154325,-0.8863129436154509
0.020307692307692308,0.00953846153846154,218.74658234728102,219.61645633728332,-0.8698739900023043
0.020307692307692308,0.009846153846153848,213.7717681664577,214.61700477700657,-0.8452366105488807
0.020307692307692308,0.010153846153846156,208.66939937294683,209.4922229296377,-0.8228235566908779
0.020307692307692308,0.010461538461538463,203.44327846904395,204.24510352345982,-0.8018250544158718
0.020307692307692308,0.010769230769230772,198.10068499065454,198.87871072844516,-0.7780257377906139
0.020307692307692308,0.01107692307692308,192.63850005844682,193.3961783668663,-0.7576783084194858
0.020307692307692308,0.011384615384615387,187.0766555813905,187.80070808323225,-0.7240525018417543
0.020307692307692308,0.011692307692307695,181.38929975865076,182.095567474618,-0.7062677159672432
0.020307692307692308,0.012000000000000002,175.60946189172336,176.28408818248005,-0.6746262907566916
0.020307692307692308,0.012307692307692311,169.71141889431908,170.36966394707142,-0.6582450527523349
0.020307692307692308,0.012615384615384619,163.73654256210494,164.35574862559324,-0.6192060634882921
0.020307692307692308,0.012923076923076926,157.63963924943008,158.24585417523903,-0.6062149258089562
0.020307692307692308,0.013230769230769233,151.4730062336348,152.0435486023108,-0.5705423686760014
0.020307692307692308,0.013538461538461541,145.19629902803754,145.7524538786038,-0.5561548505662586
0.020307692307692308,0.013846153846153848,138.86455472753926,139.37624382627712,-0.5116890987378611
0.020307692307692308,0.014153846153846157,132.41780497399404,132.91864197244465,-0.5008369984506089
0.020307692307692308,0.014461538461538465,125.92105284955889,126.38341937474057,-0.46236652518167887
0.020307692307692308,0.014769230769230772,119.3242648320176,119.77439241912745,-0.4501275871098471
0.020307692307692308,0.01507692307692308,112.68996335456154,113.09542059123467,-0.4054572366731293
0.020307692307692308,0.015384615384615387,105.9540088170078,106.35040422252737,-0.39639540551957
0.020307692307692308,0.015692307692307696,99.18552530022276,99.54328221262249,-0.3577569123997222
0.020307692307692308,0.016000000000000004,92.33206504402591,92.67802972908265,-0.3459646850567424
0.020307692307692308,0.01630769230769231,85.45572643491046,85.75865588603014,-0.30292945111968095
0.020307692307692308,0.01661538461538462,78.49627449990963,78.7892014029371,-0.29292690302746394
0.020307692307692308,0.016923076923076926,71.51835293693426,71.77373624495897,-0.25538330802470455
0.020307692307692308,0.017230769230769234,64.47366007995284,64.71635724618999,-0.24269716623714999
0.020307692307692308,0.01753846153846154,57.41704377761318,57.62118571722675,-0.20414193961357086
0.020307692307692308,0.01784615384615385,50.301167826570456,50.49236503843954,-0.19119721186908123
0.020307692307692308,0.01815384615384616,43.17711813087894,43.33405824035418,-0.15694010947524362
0.020307692307692308,0.018461538461538467,36.00814402865418,36.15044557256045,-0.14230154390627092
0.020307692307692308,0.018769230769230774,28.83467748577608,28.945722062562776,-0.11104457678669633
0.020307692307692308,0.01907692307692308,21.632408179138643,21.724095066003336,-0.09168688686469295
0.020307692307692308,0.01938461538461539,14.428280629678016,14.489781809684189,-0.06150118000617333
0.020307692307692308,0.019692307692307696,7.21429435738329,7.247006928826098,-0.032712571442807814
0.020923076923076923,0.00030769230769230776,298.71537624114166,299.1245792324963,-0.40920299135461846
0.020923076923076923,0.0006153846153846155,298.18165468488013,298.86253322673707,-0.6808785418569414
0.020923076923076923,0.0009230769230769233,297.61605433786707,298.4259599176577,-0.809905579790609
0.020923076923076923,0.001230769230769231,296.88460057721323,297.81511425177655,-0.9305136745633149
0.020923076923076923,0.001538461538461539,296.0547020233277,297.03035294576097,-0.9756509224332603
0.020923076923076923,0.0018461538461538465,295.03521858585276,296.0721342781145,-1.0369156922617435
0.020923076923076923,0.002153846153846154,293.89962332850155,294.94101782155514,-1.0413944930535877
0.020923076923076923,0.002461538461538462,292.555852855857,293.6376641162408,-1.0818112603838017
0.020923076923076923,0.00276923076923077,291.08386745737414,292.1628342840326,-1.0789668266584727
0.020923076923076923,0.003076923076923078,289.4144557144376,290.51738958402063,-1.102933869583012
0.020923076923076923,0.0033846153846153852,287.6151634005841,288.7022909095735,-1.087127508989397
0.020923076923076923,0.003692307692307693,285.61144153604056,286.718598227203,-1.1071566911624586
0.020923076923076923,0.004000000000000001,283.4726435663512,284.56746995757425,-1.0948263912230232
0.020923076923076923,0.004307692307692308,281.1446657113905,282.2501622990201,-1.1054965876296023
0.020923076923076923,0.004615384615384617,278.68237701728265,279.76802849395676,-1.0856514766741157
0.020923076923076923,0.004923076923076924,276.02906192989303,277.12251803862864,-1.0934561087356087
0.020923076923076923,0.0052307692307692315,273.2389214244251,274.31517583664294,-1.0762544122178497
0.020923076923076923,0.00553846153846154,270.27036643206156,271.3476412967899,-1.0772748647283379
0.020923076923076923,0.005846153846153847,267.1655609479897,268.22164737567385,-1.0560864276841357
0.020923076923076923,0.006153846153846156,263.88454183863325,264.9390195657155,-1.0544777270822578
0.020923076923076923,0.006461538461538463,260.46687678111795,261.5016748291158,-1.0347980479978673
0.020923076923076923,0.0067692307692307704,256.883886595028,257.911620478404,-1.0277338833760155
0.020923076923076923,0.007076923076923079,253.16513562652744,254.1709530042236,-1.005817377696161
0.020923076923076923,0.007384615384615386,249.28563652614542,250.28185685104083,-0.996220324895404
0.020923076923076923,0.007692307692307694,245.27112258899703,246.24660314149077,-0.9754805524937353
0.020923076923076923,0.008000000000000002,241.09401246179786,242.0675483501054,-0.9735358883075378
0.020923076923076923,0.00830769230769231,236.77919110148144,237.74713292719917,-0.9679418257177304
0.020923076923076923,0.008615384615384617,232.35056493603702,233.2878798737145,-0.9373149376774847
0.020923076923076923,0.008923076923076924,227.7674893922046,228.6923932678603,-0.9249038756557013
0.020923076923076923,0.009230769230769233,223.06621847156643,223.96335674440368,-0.8971382728372532
0.020923076923076923,0.00953846153846154,218.22311309876144,219.10353192750296,-0.8804188287415116
0.020923076923076923,0.009846153846153848,213.26024330266162,214.11575681799653,-0.8555135153349056
0.020923076923076923,0.010153846153846156,208.1701238068111,209.00294413609075,-0.8328203292796559
0.020923076923076923,0.010461538461538463,202.95654796218446,203.7680796204131,-0.8115316582286312
0.020923076923076923,0.010769230769230772,197.62677790694514,198.41422028442483,-0.7874423774796924
0.020923076923076923,0.01107692307692308,192.17770219608127,192.94449263121152,-0.7667904351302468
0.020923076923076923,0.011384615384615387,186.62920510553027,187.36209082769295,-0.7328857221626777
0.020923076923076923,0.011692307692307695,180.9554959627072,181.67027483931977,-0.71477887661257
0.020923076923076923,0.012000000000000002,175.18952530768368,175.8723685263455,-0.6828432186618159
0.020923076923076923,0.012307692307692311,169.30563102023171,169.9717577027856,-0.6661266825538803
0.020923076923076923,0.012615384615384619,163.34508637170134,163.97188815919756,-0.6268017874962197
0.020923076923076923,0.012923076923076926,157.26280516942685,157.87626365043621,-0.61345848100936
0.020923076923076923,0.013230769230769233,151.1109602221557,151.68844384955958,-0.5774836274038648
0.020923076923076923,0.013538461538461541,144.84930531127418,145.41204226907985,-0.5627369578056687
0.020923076923076923,0.013846153846153848,138.53274541858744,139.05072415077427,-0.5179787321868332
0.020923076923076923,0.014153846153846157,132.10145410606233,132.60820432528664,-0.5067502192243012
0.020923076923076923,0.014461538461538465,125.62027956752064,126.0882450427713,-0.467965475250665
0.020923076923076923,0.014769230769230772,119.03930715563128,119.49465377584457,-0.455346620213291
0.020923076923076923,0.01507692307692308,112.42091054123657,112.83128099612831,-0.4103704548917477
0.020923076923076923,0.015384615384615387,105.70110214809769,106.1020179256828,-0.4009157775851122
0.020923076923076923,0.015692307692307696,98.94884198576061,99.31079426464241,-0.3619522788818017
0.020923076923076923,0.016000000000000004,92.11180906405754,92.46157589638175,-0.3497668323242067
0.020923076923076923,0.01630769230769231,85.25195270714052,85.55836257155126,-0.3064098644107389
0.020923076923076923,0.01661538461538462,78.30916741066983,78.60518557233557,-0.29601816166574224
0.020923076923076923,0.016923076923076926,71.34795346096499,71.60610535829791,-0.25815189733292243
0.020923076923076923,0.017230769230769234,64.3201307188159,64.56520919518665,-0.2450784763707503
0.020923076923076923,0.01753846153846154,57.28041354944461,57.48660876808655,-0.20619521864193757
0.020923076923076923,0.01784615384615385,50.18155428319181,50.37443778031102,-0.1928834971192117
0.020923076923076923,0.01815384615384616,43.07453748633456,43.232849539435215,-0.15831205310065144
0.020923076923076923,0.018461538461538467,35.92270825654833,36.0660145318823,-0.14330627533396978
0.020923076923076923,0.018769230769230774,28.76639778346919,28.878117987475594,-0.11172020400640292
0.020923076923076923,0.01907692307692308,21.58128030624266,21.67335743538321,-0.09207712914054866
0.020923076923076923,0.01938461538461539,14.39430431261952,14.455940252878607,-0.06163594025908736
0.020923076923076923,0.019692307692307696,7.197308712658784,7.230081208351246,-0.03277249569246177
0.021538461538461538,0.00030769230769230776,297.29274411192756,297.72570512530496,-0.432961013377394
0.021538461538461538,0.0006153846153846155,296.74937895494577,297.4648845934713,-0.715505638525542
0.021538461538461538,0.0009230769230769233,296.18065746396235,297.030352945761,-0.8496954817986762
0.021538461538461538,0.001230769230769231,295.4502648328961,296.4223639364198,-0.9720991035237034
0.021538461538461538,0.001538461538461539,294.6233920931406,295.6412726139078,-1.0178805207672212
0.021538461538461538,0.0018461538461538465,293.6085668840254,294.6875351135617,-1.078968229536315
0.021538461538461538,0.002153846153846154,292.4784869663333,293.56170839122393,-1.0832214248906098
0.021538461538461538,0.002461538461538462,291.1413384024605,292.2644498979967,-1.1231114955361932
0.021538461538461538,0.00276923076923077,289.67663210530804,290.7965171963088,-1.1198850910007536
0.021538461538461538,0.003076923076923078,288.01544189231464,289.15876751752035,-1.143325625205705
0.021538461538461538,0.0033846153846153852,286.22499253474393,287.3521572613242,-1.1271647265802471
0.021538461538461538,0.003692307692307693,284.23107870011694,285.37774143723504,-1.1466627371181062
0.021538461538461538,0.004000000000000001,282.10273215254074,283.23667304849386,-1.133940895953117
0.021538461538461538,0.004307692307692308,279.7860977101204,280.93020241874643,-1.1441047086260596
0.021538461538461538,0.004615384615384617,277.3357931749453,278.45967646188933,-1.1238832869440216
0.021538461538461538,0.004923076923076924,274.6953701422305,275.82653789551046,-1.1311677532799536
0.021538461538461538,0.0052307692307692315,271.91877819138006,273.03232439838234,-1.1135462070022868
0.021538461538461538,0.00553846153846154,268.96462340490643,270.0786677125012,-1.1140443075947815
0.021538461538461538,0.005846153846153847,265.87487341767945,266.9672926901955,-1.0924192725160538
0.021538461538461538,0.006153846153846156,262.6097532687223,263.7000162868607,-1.0902630181384438
0.021538461538461538,0.006461538461538463,259.2086453134247,260.2787464999086,-1.070101186483896
0.021538461538461538,0.0067692307692307704,255.6430048909813,256.7054812545505,-1.062476363569175
0.021538461538461538,0.007076923076923079,251.94225793959174,252.9823072370652,-1.0400492974734732
0.021538461538461538,0.007384615384615386,248.08153484536936,249.11139867623282,-1.0298638308634622
0.021538461538461538,0.007692307692307694,244.0864481731134,245.0950160736467,-1.0085679005332793
0.021538461538461538,0.008000000000000002,239.97097284387218,240.93550488364374,-0.9645320397715693
0.021538461538461538,0.00830769230769231,235.6763246947192,236.63529414362557,-0.9589694489063731
0.021538461538461538,0.008615384615384617,231.2684005511307,232.19689505556875,-0.9284945044380493
0.021538461538461538,0.008923076923076924,226.70674470080826,227.62289951955364,-0.9161548187453832
0.021538461538461538,0.009230769230769233,222.02744319745307,222.91597862016775,-0.888535422714682
0.021538461538461538,0.00953846153846154,217.20696691045865,218.07888106666775,-0.8719141562091011
0.021538461538461538,0.009846153846153848,212.26728327293978,213.1144315878102,-0.8471483148704237
0.021538461538461538,0.010153846153846156,207.20094182548868,208.02552928229005,-0.8245874568013676
0.021538461538461538,0.010461538461538463,202.01171815475124,202.81514592574823,-0.8034277709969899
0.021538461538461538,0.010769230769230772,196.7068406268031,197.48632423533854,-0.7794836085354291
0.021538461538461538,0.01107692307692308,191.28321222795967,192.04217609286653,-0.7589638649068604
0.021538461538461538,0.011384615384615387,185.76062477003674,186.4858807275381,-0.7252559575013606
0.021538461538461538,0.011692307692307695,180.11340624116949,180.8206828593791,-0.7072766182096188
0.021538461538461538,0.012000000000000002,174.3743542916064,175.0498908044105,-0.6755365128040864
0.021538461538461538,0.012307692307692311,168.51792514700304,169.17687454268454,-0.6589493956815033
0.021538461538461538,0.012615384615384619,162.58520082562356,163.20506375031178,-0.6198629246882206
0.021538461538461538,0.012923076923076926,156.53130372000862,157.1379457966264,-0.6066420766177885
0.021538461538461538,0.013230769230769233,150.40816502340198,150.97906370766103,-0.5708986842590491
0.021538461538461538,0.013538461538461541,144.175729272851,144.73201409711902,-0.5562848242680332
0.021538461538461538,0.013846153846153848,137.8886449953278,138.40044506605375,-0.5118000707259398
0.021538461538461538,0.014153846153846157,131.48736124478305,131.98805407247977,-0.5006928276967244
0.021538461538461538,0.014461538461538465,125.03642554944635,125.49858577216207,-0.462160222715724
0.021538461538461538,0.014769230769230772,118.48615401911661,118.93582983184199,-0.44967581272537416
0.021538461538461538,0.01507692307692308,111.89863155066452,112.30361871617896,-0.40498716551444147
0.021538461538461538,0.015384615384615387,105.21016567315444,105.605825449699,-0.3956597765445622
0.021538461538461538,0.015692307692307696,98.48939790474572,98.84636135505716,-0.35696345031144006
0.021538461538461538,0.016000000000000004,91.68425333823646,92.02917376893564,-0.344920430699176
0.021538461538461538,0.01630769230769231,84.85639194146937,85.15824373691011,-0.30185179544074003
0.021538461538461538,0.01661538461538462,77.94595953155721,78.23758368863132,-0.2916241570741107
0.021538461538461538,0.016923076923076926,71.01717800761278,71.27123509467883,-0.2540570870660446
0.021538461538461538,0.017230769230769234,64.02210313543236,64.2632661064566,-0.241162971024238
0.021538461538461538,0.01753846153846154,57.015190165352635,57.21776918050652,-0.2025790151538871
0.021538461538461538,0.01784615384615385,49.949363287221445,50.13885868862954,-0.18949540140809518
0.021538461538461538,0.01815384615384616,42.875410352807215,43.03066851520783,-0.15525816240061374
0.021538461538461538,0.018461538461538467,35.756862345989894,35.89734964313365,-0.14048729714375696
0.021538461538461538,0.018769230769230774,28.633854831932258,28.743067729751047,-0.1092128978187894
0.021538461538461538,0.01907692307692308,21.48203208238573,21.57200067423021,-0.0899685918444817
0.021538461538461538,0.01938461538461539,14.328350285388302,14.388336177791423,-0.059985892403121355
0.021538461538461538,0.019692307692307696,7.164336578781794,7.196269298205968,-0.03193271942417475
0.022153846153846156,0.00030769230769230776,295.16814089502356,295.6314788385697,-0.46333794354615065
0.022153846153846156,0.0006153846153846155,294.61827497047676,295.37249293909895,-0.7542179686221857
0.022153846153846156,0.0009230769230769233,294.05262366212975,294.94101782155514,-0.8883941594253884
0.022153846153846156,0.001230769230769231,293.3284786122863,294.3373054552564,-1.0088268429701088
0.022153846153846156,0.001538461538461539,292.509301051307,293.56170839122393,-1.0524073399169538
0.022153846153846156,0.0018461538461538465,291.5031476286558,292.614679556302,-1.1115319276461832
0.022153846153846156,0.002153846153846154,290.38236729268687,291.4967719886615,-1.114404695974656
0.022153846153846156,0.002461538461538462,289.05563368111683,290.2086385148412,-1.153004833724367
0.022153846153846156,0.00276923076923077,287.60208344554746,288.7510313685155,-1.1489479229680342
0.022153846153846156,0.003076923076923078,285.9532608863544,287.12480175121107,-1.171540864856638
0.022153846153846156,0.0033846153846153852,284.17601501533176,285.33089933522916,-1.1548843198974055
0.022153846153846156,0.003692307692307693,282.1966618019604,283.3703717090637,-1.17370990710333
0.022153846153846156,0.004000000000000001,280.0837932998461,281.24436376563915,-1.1605704657930573
0.022153846153846156,0.004307692307692308,277.78392513036965,278.95411703372537,-1.1701919033557147
0.022153846153846156,0.004615384615384617,275.35131788699897,276.50096895291944,-1.149651065920466
0.022153846153846156,0.004923076923076924,272.7299175436312,273.886352092619,-1.1564345489878178
0.022153846153846156,0.0052307692307692315,269.97330900267895,271.11179331544184,-1.1384843127628983
0.022153846153846156,0.00553846153846154,267.0403862060463,268.1789128855812,-1.1385266795348912
0.022153846153846156,0.005846153846153847,263.9728301751663,265.0894235226171,-1.1165933474508165
0.022153846153846156,0.006153846153846156,260.7311431387374,261.8451294013362,-1.1139862625987575
0.022153846153846156,0.006461538461538463,257.35443588234483,258.4479250981448,-1.0934892157999911
0.022153846153846156,0.0067692307692307704,253.81436201450185,254.89979448468947,-1.0854324701876124
0.022153846153846156,0.007076923076923079,250.14014434305477,251.20280956933166,-1.0626652262768914
0.022153846153846156,0.007384615384615386,246.30708672351022,247.3591292871534,-1.0520425636431696
0.022153846153846156,0.007692307692307694,242.3406243210667,243.37099823920002,-1.0303739181333071
0.022153846153846156,0.008000000000000002,238.3149271771221,239.24074538169614,-0.9258182045740568
0.022153846153846156,0.00830769230769231,234.05001643558845,234.97078266600107,-0.9207662304126245
0.022153846153846156,0.008615384615384617,229.67260926662686,230.56360363009702,-0.8909943634701563
0.022153846153846156,0.008923076923076924,225.1425283747274,226.02178194243302,-0.8792535677056321
0.022153846153846156,0.009230769230769233,220.4956123604239,221.3479698989752,-0.8523575385513027
0.022153846153846156,0.00953846153846154,215.70849419923573,216.54489687434074,-0.8364026751050062
0.022153846153846156,0.009846153846153848,210.80299011701015,211.61536772791945,-0.8123776109092944
0.022153846153846156,0.010153846153846156,205.77170099368234,206.5622611659155,-0.7905601722331426
0.022153846153846156,0.010461538461538463,200.61837630787335,201.38852806026367,-0.7701517523903192
0.022153846153846156,0.010769230769230772,195.35019462208209,196.09718972540327,-0.7469951033211828
0.022153846153846156,0.01107692307692308,189.9640802642826,190.6913361539158,-0.7272558896332271
0.022153846153846156,0.011384615384615387,184.47968867980953,185.17412421205609,-0.6944355322465583
0.022153846153846156,0.011692307692307695,178.87152290529008,179.54877579623133,-0.6772528909412472
0.022153846153846156,0.012000000000000002,173.17215509599964,173.81857595150439,-0.6464208555047435
0.022153846153846156,0.012307692307692311,167.35621597606888,167.9868709532199,-0.6306549771510106
0.022153846153846156,0.012615384615384619,161.464505504222,162.0570663528739,-0.5925608486519138
0.022153846153846156,0.012923076923076926,155.45245379833102,156.03262498936732,-0.5801711910362997
0.022153846153846156,0.013230769230769233,149.37163567298632,149.91706496680595,-0.5454292938196375
0.022153846153846156,0.013538461538461541,143.18227714907033,143.7139576000263,-0.5316804509559745
0.022153846153846156,0.013846153846153848,136.93864842586873,137.42692532904883,-0.4882769031800933
0.022153846153846156,0.014153846153846157,130.5816050453169,131.05963960367438,-0.47803455835747855
0.022153846153846156,0.014461538461538465,124.17525094417809,124.61581873946146,-0.4405677952833713
0.022153846153846156,0.014769230769230772,117.67024274397346,118.0992257463342,-0.42898300236073794
0.022153846153846156,0.01507692307692308,111.12823925661914,111.51366613109084,-0.38542687447170465
0.022153846153846156,0.015384615384615387,104.48598363602716,104.86298567509488,-0.3770020390677189
0.022153846153846156,0.015692307692307696,97.81164733279905,98.15106818844674,-0.3394208556476883
0.022153846153846156,0.016000000000000004,91.05351849591233,91.3818332419485,-0.3283147460361704
0.022153846153846156,0.01630769230769231,84.27283013073288,84.55923387818466,-0.28640374745177155
0.022153846153846156,0.01661538461538462,77.41010436640927,77.68725430305669,-0.2771499366474188
0.022153846153846156,0.016923076923076926,70.52914806894252,70.7699075591187,-0.24075949017618825
0.022153846153846156,0.017230769230769234,63.582369759168486,63.8112331820742,-0.22886342290571093
0.022153846153846156,0.01753846153846154,56.6238375186253,56.81529484180024,-0.19145732317493724
0.022153846153846156,0.01784615384615385,49.606739356704324,49.78617796927936,-0.17943861257503357
0.022153846153846156,0.01815384615384616,42.58156313666218,42.72798737082222,-0.1464242341600368
0.022153846153846156,0.018461538461538467,35.51212162806943,35.64484483097732,-0.13272320290788997
0.022153846153846156,0.018769230769230774,28.4382535906216,28.540886705523654,-0.10263311490205496
0.022153846153846156,0.01907692307692308,21.335555717920272,21.42026150595641,-0.08470578803613904
0.022153846153846156,0.01938461538461539,14.23099785584775,14.287127476872458,-0.05612962102470753
0.022153846153846156,0.019692307692307696,7.115667252013895,7.1456501676730975,-0.02998291565920219
0.02276923076923077,0.00030769230769230776,292.41049530831106,292.84679153481983,-0.4362962265087731
0.02276923076923077,0.0006153846153846155,291.87895830521387,292.5902451412804,-0.7112868360665061
0.02276923076923077,0.0009230769230769233,291.32919945955166,292.1628342840326,-0.8336348244809528
0.02276923076923077,0.001230769230769231,290.6182411679842,291.56480855898116,-0.946567390996961
0.02276923076923077,0.001538461538461539,289.81153328549897,290.79651719630874,-0.984983910809774
0.02276923076923077,0.0018461538461538465,288.8177206936871,289.8584088565359,-1.0406881628488236
0.02276923076923077,0.002153846153846154,287.7095428596721,288.7510313685155,-1.041488508843372
0.02276923076923077,0.002461538461538462,286.39648745416235,287.4750314095163,-1.0785439553539504
0.02276923076923077,0.00276923076923077,284.9574158939705,286.03115412758183,-1.0737382336113228
0.02276923076923077,0.003076923076923078,283.3245094986765,284.4202427063845,-1.0957332077080082
0.02276923076923077,0.0033846153846153852,281.56419706364505,282.64323787283047,-1.0790408091854147
0.02276923076923077,0.003692307692307693,279.60346610504024,280.7011773477014,-1.0977112426611484
0.02276923076923077,0.004000000000000001,277.5103692443384,278.5951952396547,-1.0848259953162938
0.02276923076923077,0.004307692307692308,275.23189664473267,276.3265213829363,-1.0946247382036063
0.02276923076923077,0.004615384615384617,272.8218623286379,273.89648061919166,-1.074618290553758
0.02276923076923077,0.004923076923076924,270.2247152223106,271.3064920237961,-1.081776801485546
0.02276923076923077,0.0052307692307692315,267.4935797940111,268.55806807715413,-1.064488283143021
0.02276923076923077,0.00553846153846154,264.58771692898756,265.6528137814539,-1.065096852466354
0.02276923076923077,0.005846153846153847,261.5484446433535,262.59242572339116,-1.0439810800376677
0.02276923076923077,0.006153846153846156,258.3366184033893,259.37869108341,-1.0420726800206808
0.02276923076923077,0.006461538461538463,254.99100421894323,256.01348659204007,-1.0224823730968353
0.02276923076923077,0.0067692307692307704,251.48350827012987,252.49877743393904,-1.0152691638091653
0.02276923076923077,0.007076923076923079,247.8430952335325,248.83661610027963,-0.9935208667471329
0.02276923076923077,0.007384615384615386,244.04528993021236,245.02914119015276,-0.9838512599403941
0.02276923076923077,0.007692307692307694,240.11530191090546,241.07857616168607,-0.9632742507806142
0.02276923076923077,0.008000000000000002,236.21470980301845,236.98722803360664,-0.7725182305881901
0.02276923076923077,0.00830769230769231,231.98750663281734,232.7574860380074,-0.769979405190071
0.02276923076923077,0.008615384615384617,227.64879556579183,228.39182022510263,-0.7430246593108052
0.02276923076923077,0.008923076923076924,223.15875235307607,223.8927800207882,-0.7340276677121267
0.02276923076923077,0.009230769230769233,218.55290188763158,219.26299273784866,-0.7100908502170853
0.02276923076923077,0.00953846153846154,213.80808271891271,214.50516204168076,-0.6970793227680474
0.02276923076923077,0.009846153846153848,208.9459193559074,209.62206637142864,-0.6761470155212521
0.02276923076923077,0.010153846153846156,203.9590777864728,204.61655731745392,-0.657479530981135
0.02276923076923077,0.010461538461538463,198.85127442812498,199.49155795608704,-0.6402835279620547
0.02276923076923077,0.010769230769230772,193.62962468021183,194.25006114263303,-0.6204364624211962
0.02276923076923077,0.01107692307692308,188.29107997097586,188.8951277636284,-0.6040477926525512
0.02276923076923077,0.011384615384615387,182.85512279397085,183.42988494936955,-0.5747621553987017
0.02276923076923077,0.011692307692307695,177.29647822412593,177.8575242477566,-0.5610460236306665
0.02276923076923077,0.012000000000000002,171.6474324174516,172.1812997605195,-0.5338673430678966
0.02276923076923077,0.012307692307692311,165.8828373903801,166.40452624291407,-0.5216888525339698
0.02276923076923077,0.012615384615384619,160.04313537005055,160.53057716799847,-0.4874417979479233
0.02276923076923077,0.012923076923076926,154.0841468164373,154.56288275661979,-0.47873594018247445
0.02276923076923077,0.013230769230769233,148.05699452951907,148.50492797426168,-0.44793344474260266
0.02276923076923077,0.013538461538461541,141.92226162082517,142.36025049592266,-0.4379888750974885
0.02276923076923077,0.013846153846153848,135.73373840124344,136.13243864021365,-0.398700238970207
0.02276923076923077,0.014153846153846157,129.43279606402842,129.82512927388072,-0.39233320985229625
0.02276923076923077,0.014461538461538465,123.08297584958157,123.44200568797764,-0.3590298383960686
0.02276923076923077,0.014769230769230772,116.63536635330657,116.98679544692725,-0.35142909362068053
0.02276923076923077,0.01507692307692308,110.15108587634599,110.46326821172916,-0.3121823353831701
0.02276923076923077,0.015384615384615387,103.56743029707987,103.87523353858374,-0.3078032415038763
0.02276923076923077,0.015692307692307696,96.95197468507592,97.2265386542184,-0.27456396914247705
0.02276923076923077,0.016000000000000004,90.25346772316898,90.52106620921583,-0.2675984860468503
0.02276923076923077,0.01630769230769231,83.53260078244197,83.76273201065526,-0.23013122821328125
0.02276923076923077,0.01661538461538462,76.73037646289862,76.95548273539139,-0.22510627249276638
0.02276923076923077,0.016923076923076926,69.91007272584051,70.10329362530605,-0.193220899465544
0.02276923076923077,0.017230769230769234,63.02454822217102,63.21016616587943,-0.185617943708408
0.02276923076923077,0.01753846153846154,56.1273771530352,56.28012574943454,-0.15274859639934135
0.02276923076923077,0.01784615384615385,49.17208798073158,49.3172193244221,-0.14513134369051528
0.02276923076923077,0.01815384615384616,42.20878251833577,42.325513032115936,-0.11673051378016908
0.02276923076923077,0.018461538461538467,35.201635237347276,35.30908983210198,-0.10745459475470653
0.02276923076923077,0.018769230769230774,28.1901037744995,28.272047117943625,-0.08194334344412368
0.02276923076923077,0.01907692307692308,21.149722569614376,21.218494324420202,-0.06877175480582665
0.02276923076923077,0.01938461538461539,14.107480091049418,14.152550527732249,-0.04507043668283117
0.02276923076923077,0.019692307692307696,7.053916931170243,7.0783420400774455,-0.024425108907202286
0.023384615384615386,0.00030769230769230776,288.89692207553645,289.37814698028274,-0.4812249047462842
0.023384615384615386,0.0006153846153846155,288.354785905183,289.1246392686639,-0.7698533634808769
0.023384615384615386,0.0009230769230769233,287.80740456834786,288.7022909095735,-0.8948863412256287
0.023384615384615386,0.001230769230769231,287.10502132986693,288.1113485425599,-1.006327212692952
0.023384615384615386,0.001538461538461539,286.3096054773926,287.3521572613242,-1.0425517839315717
0.023384615384615386,0.0018461538461538465,285.3294972018639,286.4251604121955,-1.0956632103316224
0.023384615384615386,0.002153846153846154,284.2363798197475,285.33089933522916,-1.094519515481636
0.023384615384615386,0.002461538461538462,282.94050648639313,284.07001304807926,-1.129506561686128
0.023384615384615386,0.00276923076923077,281.5199430981589,282.6432378728305,-1.123294774671649
0.023384615384615386,0.003076923076923078,279.9076214766256,281.0514070060067,-1.1437855293810912
0.023384615384615386,0.0033846153846153852,278.16928979266237,279.2954500320074,-1.1261602393450403
0.023384615384615386,0.003692307692307693,276.2327797723857,277.37639238025713,-1.1436126078714324
0.023384615384615386,0.004000000000000001,274.1654055764242,275.29535472638304,-1.1299491499588612
0.023384615384615386,0.004307692307692308,271.91477628142604,273.05355233777215,-1.138776056346103
0.023384615384615386,0.004615384615384617,269.5341097467811,270.65229436388944,-1.1181846171083407
0.023384615384615386,0.004923076923076924,266.9685124226844,268.0929830717713,-1.124470649086902
0.023384615384615386,0.0052307692307692315,264.2705032185245,265.37711302714104,-1.106609808616554
0.023384615384615386,0.00553846153846154,261.3998281484894,262.5062702216249,-1.1064420731354971
0.023384615384615386,0.005846153846153847,258.3973271187317,259.4821311465772,-1.0848040278455073
0.023384615384615386,0.006153846153846156,255.22432103787173,256.3064618140569,-1.082140776185156
0.023384615384615386,0.006461538461538463,251.91912273653435,252.98111672552596,-1.0619939889916168
0.023384615384615386,0.0067692307692307704,248.45397298283655,249.50803778887328,-1.0540648060367346
0.023384615384615386,0.007076923076923079,244.85749636881798,245.88925318439453,-1.031756815576557
0.023384615384615386,0.007384615384615386,241.10550955289722,242.12687618039234,-1.0213666274951265
0.023384615384615386,0.007692307692307694,237.22292516603386,238.2231038990871,-1.0001787330532466
0.023384615384615386,0.008000000000000002,233.40827433255293,234.1802160335593,-0.7719417010063694
0.023384615384615386,0.00830769230769231,229.23138283667242,230.00057351647317,-0.7691906798007437
0.023384615384615386,0.008615384615384617,224.94430415406921,225.68661714135837,-0.7423129872891536
0.023384615384615386,0.008923076923076924,220.50768571805662,221.24086613725524,-0.733180419198618
0.023384615384615386,0.009230769230769233,215.95663347376342,216.66591669755607,-0.709283223792653
0.023384615384615386,0.00953846153846154,211.26826065953358,211.96444046390144,-0.6961798043678584
0.023384615384615386,0.009846153846153848,206.46393591545123,207.13918296601628,-0.6752470505650479
0.023384615384615386,0.010153846153846156,201.53641224590064,202.1929620183983,-0.6565497724976694
0.023384615384615386,0.010461538461538463,196.48936201716654,197.12866607479347,-0.63930405762693
0.023384615384615386,0.010769230769230772,191.3298162033186,191.94925254142024,-0.6194363381016501
0.023384615384615386,0.01107692307692308,186.05476323803094,186.65774604992782,-0.6029828118968794
0.023384615384615386,0.011384615384615387,180.6834543132103,181.25723669109647,-0.5737823778861753
0.023384615384615386,0.011692307692307695,175.19091130598625,175.7508782103112,-0.5599669043249662
0.023384615384615386,0.012000000000000002,169.60903792225446,170.14188616586372,-0.5328482436092656
0.023384615384615386,0.012307692307692311,163.91298301762447,164.4335360511565,-0.5205530335320248
0.023384615384615386,0.012615384615384619,158.14271012441077,158.62916138190727,-0.48645125749649765
0.023384615384615386,0.012923076923076926,152.2545620175173,152.7321517494694,-0.47758973195212207
0.023384615384615386,0.013230769230769233,146.29905664566394,146.74595084140623,-0.4468941957422885
0.023384615384615386,0.013538461538461541,140.23725561574943,140.6740544304742,-0.4367988147247672
0.023384615384615386,0.013846153846153848,134.1223067568043,134.52000833319053,-0.3977015763862255
0.023384615384615386,0.014153846153846157,127.89627199620821,128.28740633917556,-0.39113434296734795
0.023384615384615386,0.014461538461538465,121.62193901750305,121.97988811248143,-0.35794909497838034
0.023384615384615386,0.014769230769230772,115.25097708805822,115.60113706613029,-0.350159978072071
0.023384615384615386,0.01507692307692308,108.84377930208605,109.15487821110516,-0.3110989090191083
0.023384615384615386,0.015384615384615387,102.33838312646813,102.64487598104829,-0.3064928545801564
0.023384615384615386,0.015692307692307696,95.80156346616351,96.07493203393777,-0.27336856777425567
0.023384615384615386,0.016000000000000004,89.18268463448535,89.44888303202657,-0.266198397541217
0.023384615384615386,0.01630769230769231,82.54171294897584,82.77059840133975,-0.22888545236391167
0.023384615384615386,0.01661538461538462,75.82033040285145,76.04397807203861,-0.22364766918715873
0.023384615384615386,0.016923076923076926,69.08107877659042,69.2729502009711,-0.19187142438067895
0.023384615384615386,0.017230769230769234,62.27742002767473,62.46146887773929,-0.1840488500645634
0.023384615384615386,0.01753846153846154,55.46226000685642,55.6135118156219,-0.15125180876547972
0.023384615384615386,0.01784615384615385,48.58963523810602,48.73307802870219,-0.14344279059616838
0.023384615384615386,0.01815384615384616,41.70908429722698,41.82418549655582,-0.11510119932884066
0.023384615384615386,0.018461538461538467,34.785255139798444,34.890868817864856,-0.10561367806641186
0.023384615384615386,0.018769230769230774,27.85709816071496,27.937176854324534,-0.08007869360957542
0.023384615384615386,0.01907692307692308,20.90021521166555,20.967170366223023,-0.0669551545574727
0.023384615384615386,0.01938461538461539,13.941478974231243,13.984919641071187,-0.04344066683994363
0.023384615384615386,0.019692307692307696,6.970924152495334,6.994502116669762,-0.023577964174427812
0.024,0.00030769230769230776,284.78168228005103,285.2336463550364,-0.4519640749853693
0.024,0.0006153846153846155,284.2539483116268,284.98376940434497,-0.7298210927181685
0.024,0.0009230769230769233,283.716157455121,284.5674699575743,-0.851312502453311
0.024,0.001230769230769231,283.02542918167137,283.9849911218782,-0.959561940206811
0.024,0.001538461538461539,282.2429564881227,283.23667304849386,-0.9937165603711833
0.024,0.0018461538461538465,281.2785347209991,282.32295273410324,-1.0444180131041207
0.024,0.002153846153846154,280.2026514670084,281.2443637656392,-1.0417122986307845
0.024,0.002461538461538462,278.9266273191935,280.00153600868583,-1.074908689492304
0.024,0.00276923076923077,277.5274974757886,278.5951952396547,-1.0676977638660787
0.024,0.003076923076923078,275.9390850263992,277.02616272195183,-1.0870776955526367
0.024,0.0033846153846153852,274.22629634774677,275.29535472638304,-1.0690583786362708
0.024,0.003692307692307693,272.31794439604533,273.40378199607744,-1.0858376000321073
0.024,0.004000000000000001,270.2804670893603,271.3525491562421,-1.0720820668818192
0.024,0.004307692307692308,268.0622009046333,269.1428540690921,-1.080653164458795
0.024,0.004615384615384617,265.71566100159174,266.77598713433235,-1.060326132740613
0.024,0.004923076923076924,263.1867246010114,264.2533305356009,-1.0666059345895178
0.024,0.0052307692307692315,260.5272001997154,261.57635743331247,-1.0491572335970432
0.024,0.00553846153846154,257.6974053438303,258.74663110437416,-1.049225760543834
0.024,0.005846153846153847,254.73761853478467,255.76580402927584,-1.0281854944911686
0.024,0.006153846153846156,251.60970787622512,252.6356169270882,-1.0259090508630777
0.024,0.006461538461538463,248.35145431705513,249.3578977389316,-1.0064434218764688
0.024,0.0067692307692307704,244.93549300483133,245.93456056051008,-0.9990675556787494
0.024,0.007076923076923079,241.3900490116057,242.36760452433342,-0.9775555127277187
0.024,0.007384615384615386,237.69128243633065,238.6591126322798,-0.9678301959491478
0.024,0.007692307692307694,233.86375722592206,234.81125053918166,-0.9474933132595993
0.024,0.008000000000000002,230.08146763318922,230.82626528814404,-0.744797654954823
0.024,0.00830769230769231,225.96417504541003,226.70648399833485,-0.7423089529248159
0.024,0.008615384615384617,221.73826074485055,222.45431250601277,-0.7160517611622197
0.024,0.008923076923076924,217.36493126266066,218.07223395958644,-0.7073026969257796
0.024,0.009230769230769233,212.8787960506815,213.56280736952593,-0.6840113188444263
0.024,0.00953846153846154,208.25729396295526,208.92866611397275,-0.6713721510174935
0.024,0.009846153846153848,203.5214905007347,204.17251640092087,-0.6510259001861698
0.024,0.010153846153846156,198.664241828114,199.2971356878677,-0.6328938597536933
0.024,0.010461538461538463,193.6891681621586,194.3053710598571,-0.6162028976984857
0.024,0.010769230769230772,188.60320038482942,189.20013756686174,-0.5969371820323204
0.024,0.01107692307692308,183.40337123377373,183.98441652147622,-0.5810452877024943
0.024,0.011384615384615387,178.10865760461255,178.66125375791438,-0.5525961533018346
0.024,0.011692307692307695,172.6944332658646,173.23375785332772,-0.5393245874631134
0.024,0.012000000000000002,167.19214840426326,167.70509831248424,-0.5129499082209747
0.024,0.012307692307692311,161.57730438071434,162.07850371686652,-0.5011993361521832
0.024,0.012615384615384619,155.88929690189954,156.3572598392714,-0.46796293737185124
0.024,0.012923076923076926,150.08508830078844,150.54470772501088,-0.4596194242224385
0.024,0.013230769230769233,144.21447905836516,144.6442417408361,-0.42976268247093685
0.024,0.013538461538461541,138.23909873300903,138.65930759272229,-0.42020885971325583
0.024,0.013846153846153848,132.2113328661865,132.59340031367398,-0.38206744748748633
0.024,0.014153846153846157,126.07406312778566,126.45006222272376,-0.3759990949380949
0.024,0.014461538461538465,119.88918301043782,120.23288085631808,-0.3436978458802571
0.024,0.014769230769230772,113.60905202048677,113.94548687329659,-0.3364348528098162
0.024,0.01507692307692308,107.29320195330953,107.59155193468996,-0.2983499813804258
0.024,0.015384615384615387,100.88055102726153,101.17478655957316,-0.2942355323116317
0.024,0.015692307692307696,94.43692382637481,94.69893795822657,-0.2620141318517568
0.024,0.016000000000000004,87.91241457616155,88.16778784387098,-0.25537326770943025
0.024,0.01630769230769231,81.36612938959114,81.58515022425352,-0.21902083466238764
0.024,0.01661538461538462,74.74057622746163,74.9548691743745,-0.21429294691286316
0.024,0.016923076923076926,68.0974079596523,68.28081659165558,-0.18340863200327817
0.024,0.017230769230769234,61.39080271712671,61.56688993486136,-0.17608721773464708
0.024,0.01753846153846154,54.67286944340178,54.817009948092505,-0.14414050469072492
0.024,0.01784615384615385,47.89827622531524,48.03511837118217,-0.1368421458669289
0.024,0.01815384615384616,41.11586784248909,41.22517563783036,-0.1093077953412731
0.024,0.018461538461538467,34.290848100377346,34.3911585628231,-0.10031046244575492
0.024,0.018769230769230774,27.46156722233703,27.537058019683386,-0.07549079734635455
0.024,0.01907692307692308,20.603790015032466,20.666876610114414,-0.06308659508194836
0.024,0.01938461538461539,13.744174334872135,13.7846263265923,-0.04045199172016467
0.024,0.019692307692307696,6.872279036471078,6.8943262094759135,-0.022047173004835052
0.024615384615384615,0.00030769230769230776,279.97275242588125,280.42296933232797,-0.45021690644671253
0.024615384615384615,0.0006153846153846155,279.46389361638035,280.17730674176045,-0.7134131253801002
0.024615384615384615,0.0009230769230769233,278.9484975097475,279.76802849395676,-0.8195309842092797
0.024615384615384615,0.001230769230769231,278.2791588351424,279.1953735958883,-0.9162147607459019
0.024615384615384615,0.001538461538461539,277.51748731142163,278.45967646188933,-0.9421891504676978
0.024615384615384615,0.0018461538461538465,276.5743923498934,277.56136671836856,-0.9869743684751597
0.024615384615384615,0.002153846153846154,275.52043703856333,276.50096895291944,-0.9805319143561064
0.024615384615384615,0.002461538461538462,274.2683930518167,275.2791024079758,-1.0107093561591114
0.024615384615384615,0.00276923076923077,272.8946632051196,273.8964806191917,-1.001817414072093
0.024615384615384615,0.003076923076923078,271.3342242778746,272.3539109987566,-1.019686720881964
0.024615384615384615,0.0033846153846153852,269.6511817096649,270.65229436388944,-1.0011126542245279
0.024615384615384615,0.003692307692307693,267.7755213993343,268.79262441078686,-1.017103011452548
0.024615384615384615,0.004000000000000001,265.77272102611806,266.77598713433235,-1.0032661082142909
0.024615384615384615,0.004307692307692308,263.5919724754011,264.6035601939062,-1.0115877185050977
0.024615384615384615,0.004615384615384617,261.28499156073764,262.2766122256652,-0.9916206649275523
0.024615384615384615,0.004923076923076924,258.7985478517809,259.796502101695,-0.9979542499141303
0.024615384615384615,0.0052307692307692315,256.18363367282603,257.16467813646716,-0.9810444636411262
0.024615384615384615,0.00553846153846154,253.4012273456006,254.38267724106421,-0.9814498954636122
0.024615384615384615,0.005846153846153847,250.49095958512706,251.4521240256669,-0.9611644405398465
0.024615384615384615,0.006153846153846156,247.41532927348638,248.3747298508274,-0.9594005773410288
0.024615384615384615,0.006461538461538463,244.21150404092649,245.15229182808326,-0.9407877871567791
0.024615384615384615,0.0067692307692307704,240.85257375061673,241.78669177049468,-0.9341180198779568
0.024615384615384615,0.007076923076923079,237.36630232372417,238.27989509371872,-0.9135927699945512
0.024615384615384615,0.007384615384615386,233.72924552698376,234.6339496682618,-0.9047041412780459
0.024615384615384615,0.007692307692307694,229.96556517528012,230.8509846235812,-0.8854194483010929
0.024615384615384615,0.008000000000000002,226.2648827401751,226.93320910473324,-0.6683263645581405
0.024615384615384615,0.00830769230769231,222.21592956103564,222.88291098229485,-0.6669814212592087
0.024615384615384615,0.008615384615384617,218.0601509094671,218.70245551631166,-0.6423046068445615
0.024615384615384615,0.008923076923076924,213.7593948310305,214.39428397505242,-0.634889144021912
0.024615384615384615,0.009230769230769233,209.3477010993263,209.9609122093775,-0.6132111100512248
0.024615384615384615,0.00953846153846154,204.80288218370097,205.4049291835527,-0.6020469998517228
0.024615384615384615,0.009846153846153848,200.14565586145608,200.72899546336674,-0.5833396019106658
0.024615384615384615,0.010153846153846156,195.36899666967784,195.93584166243616,-0.5668449927583197
0.024615384615384615,0.010461538461538463,190.47646508892805,191.02826684760365,-0.5518017586755946
0.024615384615384615,0.010769230769230772,185.47487714208737,186.00913690436184,-0.5342597622744734
0.024615384615384615,0.01107692307692308,180.3613165114462,180.88138286325696,-0.5200663518107547
0.024615384615384615,0.011384615384615387,175.1544453109713,175.6479991882495,-0.49355387727820244
0.024615384615384615,0.011692307692307695,169.83004169848556,170.31204202803156,-0.4820003295459969
0.024615384615384615,0.012000000000000002,164.41903525609703,164.87662743132208,-0.45759217522504514
0.024615384615384615,0.012307692307692311,158.8973323885765,159.3449295271821,-0.4475971386056017
0.024615384615384615,0.012615384615384619,153.30367684472023,153.720178671413,-0.41650182669278024
0.024615384615384615,0.012923076923076926,147.59574294452526,148.0056595601194,-0.40991661559414183
0.024615384615384615,0.013230769230769233,141.82250712642252,142.20470931153915,-0.3822021851166255
0.024615384615384615,0.013538461538461541,135.94625116460432,136.32071551726042,-0.3744643526561049
0.024615384615384615,0.013846153846153848,130.01848513092838,130.35711426396367,-0.3386291330352833
0.024615384615384615,0.014153846153846157,123.98303355672823,124.31738812684331,-0.33435457011508163
0.024615384615384615,0.014461538461538465,117.90076218230018,118.20506413588257,-0.30430195358238166
0.024615384615384615,0.014769230769230772,111.72482469178364,112.02371171616664,-0.2988870243830064
0.024615384615384615,0.01507692307692308,105.51376240773389,105.77694060343943,-0.26317819570553524
0.024615384615384615,0.015384615384615387,99.20750705662394,99.46839873611934,-0.26089167949540126
0.024615384615384615,0.015692307692307696,92.87078992405469,93.10177012500579,-0.23098020095109462
0.024615384615384615,0.016000000000000004,86.45454342858143,86.68077270192101,-0.22622927333958387
0.024615384615384615,0.01630769230769231,80.01688518155709,80.20915614854232,-0.19227096698523383
0.024615384615384615,0.01661538461538462,73.50128713214954,73.69069970669375,-0.1894125745442068
0.024615384615384615,0.016923076923076926,66.96836912665685,67.12920997137493,-0.1608408447180807
0.024615384615384615,0.017230769230769234,60.37312912553449,60.528518667817366,-0.15538954228287594
0.024615384615384615,0.01753846153846154,53.766760196621114,53.89248041386418,-0.12572021724306381
0.024615384615384615,0.01784615384615385,47.10467496883543,47.22497046898239,-0.120295500146959
0.024615384615384615,0.01815384615384616,40.43490473430865,40.52988247121994,-0.09497773691128941
0.024615384615384615,0.018461538461538467,33.72328136972691,33.81112616343161,-0.08784479370469711
0.024615384615384615,0.018769230769230774,27.00747269213966,27.072625110098134,-0.0651524179584726
0.024615384615384615,0.01907692307692308,20.26344280488019,20.31831440607599,-0.05487160119580281
0.024615384615384615,0.01938461538461539,13.517592194416055,13.552138378612215,-0.0345461841961594
0.024615384615384615,0.019692307692307696,6.758995258542549,6.778048283968838,-0.01905302542628906
0.02523076923076923,0.00030769230769230776,274.6711404834938,274.95735147124833,-0.28621098775454357
0.02523076923076923,0.0006153846153846155,274.2444213470907,274.71647699716783,-0.4720556500771522
0.02523076923076923,0.0009230769230769233,273.77925789727414,274.315175836643,-0.5359179393688578
0.02523076923076923,0.001230769230769231,273.1435498567467,273.75368233825077,-0.6101324815040812
0.02523076923076923,0.001538461538461539,272.4092283222567,273.03232439838234,-0.6230960761256483
0.02523076923076923,0.0018461538461538465,271.49119838503753,272.1515232697609,-0.6603248847233658
0.02523076923076923,0.002153846153846154,270.46189748519527,271.11179331544184,-0.649895830246578
0.02523076923076923,0.002461538461538462,269.2361204623894,269.9137417084393,-0.6776212460499096
0.02523076923076923,0.00276923076923077,267.8899704892727,268.5580680771542,-0.6680975878815048
0.02523076923076923,0.003076923076923078,266.35976558470014,267.0455640968108,-0.6857985121106367
0.02523076923076923,0.0033846153846153852,264.70883034036,265.37711302714104,-0.6682826867810263
0.02523076923076923,0.003692307692307693,262.8684415704722,263.55368919658537,-0.6852476261131528
0.02523076923076923,0.004000000000000001,260.90305542086276,261.57635743331247,-0.6733020124497102
0.02523076923076923,0.004307692307692308,258.76279536077647,259.4462724433897,-0.6834770826132512
0.02523076923076923,0.004615384615384617,256.4985129416582,257.16467813646716,-0.6661651948089684
0.02523076923076923,0.004923076923076924,254.05794471626712,254.73290689936954,-0.6749621831024228
0.02523076923076923,0.0052307692307692315,251.49119797285925,252.1523788180196,-0.6611808451603451
0.02523076923076923,0.00553846153846154,248.75996633906541,249.42460084814823,-0.6646345090828163
0.02523076923076923,0.005846153846153847,245.90317770147297,246.5511659352746,-0.647988233801641
0.02523076923076923,0.006153846153846156,242.88401364295007,243.53375208447073,-0.6497384415206682
0.02523076923076923,0.006461538461538463,239.73897685935148,240.37412138045397,-0.6351445211024895
0.02523076923076923,0.0067692307692307704,236.4416493071323,237.07411895857908,-0.6324696514467689
0.02523076923076923,0.007076923076923079,233.01929512489644,233.63567192733106,-0.6163768024346155
0.02523076923076923,0.007384615384615386,229.44889838813955,230.06078824294815,-0.6118898548085951
0.02523076923076923,0.007692307692307694,225.75418526952697,226.35155553683197,-0.5973702673049957
0.02523076923076923,0.008000000000000002,222.1299420212883,222.5101398964294,-0.38019787514110703
0.02523076923076923,0.00830769230769231,218.15500957613847,218.53878460029873,-0.38377502416025777
0.02523076923076923,0.008615384615384617,214.07519789707652,214.43980880809804,-0.364610911021515
0.02523076923076923,0.008923076923076924,209.85305011484806,210.21560620626119,-0.3625560914131256
0.02523076923076923,0.009230769230769233,205.52198875459342,205.86864361015242,-0.3466548555589952
0.02523076923076923,0.00953846153846154,201.06023110070737,201.40145952351583,-0.3412284228084559
0.02523076923076923,0.009846153846153848,196.4881182262121,196.81666265606032,-0.32854442984822185
0.02523076923076923,0.010153846153846156,191.79875292981956,192.11693040004684,-0.31817747022728327
0.02523076923076923,0.010461538461538463,186.99563102385284,187.30500726676664,-0.3093762429137996
0.02523076923076923,0.010769230769230772,182.085444073581,182.38370328382393,-0.29825921024294644
0.02523076923076923,0.01107692307692308,177.06533102237313,177.35589235415895,-0.290561331785824
0.02523076923076923,0.011384615384615387,171.95361288705186,172.22451057776954,-0.2708976907176748
0.02523076923076923,0.011692307692307695,166.7265063383892,166.99255453711137,-0.2660481987221601
0.02523076923076923,0.012000000000000002,161.4143767483171,161.6630795471783,-0.24870279886121693
0.02523076923076923,0.012307692307692311,155.99356971554073,156.2391978712844,-0.24562815574367391
0.02523076923076923,0.012615384615384619,150.50212234500665,150.72407690358978,-0.2219545585831213
0.02523076923076923,0.012923076923076926,144.8984810225648,145.12093731943165,-0.2224562968668522
0.02523076923076923,0.013230769230769233,139.23072887046138,139.43305119454058,-0.20232232407920492
0.02523076923076923,0.013538461538461541,133.46185465051778,133.6637400942404,-0.20188544372263095
0.02523076923076923,0.013846153846153848,127.64241939665408,127.81637313374775,-0.1739537370936688
0.02523076923076923,0.014153846153846157,121.7172705289581,121.89436501070332,-0.1770944817452289
0.02523076923076923,0.014461538461538465,115.74615922046554,115.90117401108506,-0.15501479061951784
0.02523076923076923,0.014769230769230772,109.68310089334491,109.84029998966606,-0.15719909632115048
0.02523076923076923,0.01507692307692308,103.58556243423878,103.71528232619833,-0.12971989195955302
0.02523076923076923,0.015384615384615387,97.39457536955621,97.52969785851454,-0.13512248895833068
0.02523076923076923,0.015692307692307696,91.17368475108913,91.28715879375525,-0.1134740426661267
0.02523076923076923,0.016000000000000004,84.87473157298469,84.99131059894202,-0.1165790259573356
0.02523076923076923,0.01630769230769231,78.55476155190094,78.64582987212714,-0.09106832022619926
0.02523076923076923,0.01661538461538462,72.158300338888,72.2544221953639,-0.09612185647590366
0.02523076923076923,0.016923076923076926,65.74484108322413,65.82081997075092,-0.07597888752678728
0.02523076923076923,0.017230769230769234,59.27026895126355,59.348780240814776,-0.07851128955122277
0.02523076923076923,0.01753846153846154,52.78478380567855,52.8420824945025,-0.057298688823948396
0.02523076923076923,0.01784615384615385,46.24461625395775,46.30452646006692,-0.05991020610916564
0.02523076923076923,0.01815384615384616,39.696906301390555,39.73992988613182,-0.04302358474126322
0.02523076923076923,0.018461538461538467,33.108160839777405,33.15212631223516,-0.043965472457756505
0.02523076923076923,0.018769230769230774,26.515311827259644,26.544962830148773,-0.029651002889128364
0.02523076923076923,0.01907692307692308,19.89454628594044,19.922297837286028,-0.027751551345588155
0.02523076923076923,0.01938461538461539,13.271979678246948,13.287998783505849,-0.016019105258900268
0.02523076923076923,0.019692307692307696,6.636196350376243,6.645939912631335,-0.009743562255092542
0.02584615384615385,0.00030769230769230776,268.5336223003328,268.84955797556324,-0.31593567523043475
0.02584615384615385,0.0006153846153846155,268.1090687938519,268.614034191465,-0.5049653976130912
0.02584615384615385,0.0009230769230769233,267.6546183120094,268.2216473756738,-0.5670290636643927
0.02584615384615385,0.001230769230769231,267.0352474867458,267.67262667104035,-0.6373791842945593
0.02584615384615385,0.001538461538461539,266.3195529279471,266.9672926901954,-0.6477397622483068
0.02584615384615385,0.0018461538461538465,265.42398279237744,266.10605732832147,-0.6820745359440252
0.02584615384615385,0.002153846153846154,264.41935109357564,265.089423522617,-0.6700724290413405
0.02584615384615385,0.002461538461538462,263.22227221946855,263.9179849585958,-0.6957127391272593
0.02584615384615385,0.00276923076923077,261.9072929916072,262.5924257233911,-0.6851327317838809
0.02584615384615385,0.003076923076923078,260.4121665136812,261.113519906268,-0.7013533925867819
0.02584615384615385,0.0033846153846153852,258.7988787002059,259.48213114657716,-0.6832524463712843
0.02584615384615385,0.003692307692307693,257.0002172287102,257.69921212941364,-0.6989949007034397
0.02584615384615385,0.004000000000000001,255.07925449771307,255.76580402927576,-0.6865495315626902
0.02584615384615385,0.004307692307692308,252.98721758330308,253.6830359020486,-0.6958183187455234
0.02584615384615385,0.004615384615384617,250.7738588548741,251.45212402566682,-0.678265170792713
0.02584615384615385,0.004923076923076924,248.3880754508047,249.0743711898429,-0.6862957390382007
0.02584615384615385,0.0052307692307692315,245.87888126089064,246.55116593527453,-0.6722846743838886
0.02584615384615385,0.00553846153846154,243.20882752621978,243.88398174277594,-0.6751542165561659
0.02584615384615385,0.005846153846153847,240.4159850933941,241.07437617280664,-0.6583910794125245
0.02584615384615385,0.006153846153846156,237.4643566433849,238.12398995589987,-0.659633312514984
0.02584615384615385,0.006461538461538463,234.3896384085338,235.0345460345223,-0.6449076259884805
0.02584615384615385,0.0067692307692307704,231.16600376384733,231.8078485569241,-0.6418447930767854
0.02584615384615385,0.007076923076923079,227.82011328086685,228.44578182356716,-0.6256685427003106
0.02584615384615385,0.007384615384615386,224.32946657353082,224.9503091867466,-0.6208426132157854
0.02584615384615385,0.007692307692307694,220.71726395387142,221.32347190404855,-0.6062079501771223
0.02584615384615385,0.008000000000000002,217.13504190743038,217.5673879463129,-0.432346038882514
0.02584615384615385,0.00830769230769231,213.24952092720335,213.68425076079816,-0.4347298335948153
0.02584615384615385,0.008615384615384617,209.26147317336077,209.67632799027015,-0.41485481690938286
0.02584615384615385,0.008923076923076924,205.1342819410398,205.54596014876213,-0.411678207722332
0.02584615384615385,0.009230769230769233,200.90062292582454,201.29555925478076,-0.39493632895622
0.02584615384615385,0.00953846153846154,196.5392025711361,196.92760742275524,-0.38840485161915694
0.02584615384615385,0.009846153846153848,192.0699072094269,192.44465541355228,-0.3747482041253818
0.02584615384615385,0.010153846153846156,187.48599465275817,187.84932114490354,-0.3633264921453758
0.02584615384615385,0.010461538461538463,182.79088260551433,183.1442881626156,-0.35340555710126864
0.02584615384615385,0.010769230769230772,177.99111221419983,178.33230407345448,-0.3411918592546499
0.02584615384615385,0.01107692307692308,173.08388734689572,173.416178940621,-0.33229159372527306
0.02584615384615385,0.011384615384615387,168.08711708293362,168.3987836427527,-0.31166655981908775
0.02584615384615385,0.011692307692307695,162.97755194634382,163.28304819741177,-0.3054962510679502
0.02584615384615385,0.012000000000000002,157.78487479834416,158.07196005003723,-0.2870852516930711
0.02584615384615385,0.012307692307692311,152.4859619476603,152.76856232936083,-0.28260038170054713
0.02584615384615385,0.012615384615384619,147.1179958902317,147.3759520703058,-0.25795618007410326
0.02584615384615385,0.012923076923076926,141.64035961322494,141.89727840540536,-0.25691879218041436
0.02584615384615385,0.013230769230769233,136.10005463931643,136.33574072579836,-0.2356860864819339
0.02584615384615385,0.013538461538461541,130.46091707738788,130.6945868128745,-0.23366973548661463
0.02584615384615385,0.013846153846153848,124.77236322144935,124.97711094166195,-0.20474772021259469
0.02584615384615385,0.014153846153846157,118.9804848270502,119.18665195706312,-0.20616713001291487
0.02584615384615385,0.014461538461538465,113.14368272027694,113.32659132406353,-0.18290860378658635
0.02584615384615385,0.014769230769230772,107.21701146611007,107.40035115305119,-0.18333968694112457
0.02584615384615385,0.01507692307692308,101.2566392816706,101.4113922014008,-0.15475291973019978
0.02584615384615385,0.015384615384615387,95.20493186889922,95.36321185248879,-0.15827998358956563
0.02584615384615385,0.015692307692307696,89.12399718306159,89.25934207331971,-0.1353448902581249
0.02584615384615385,0.016000000000000004,82.96677103830312,83.10334735195734,-0.13657631365421707
0.02584615384615385,0.01630769230769231,76.78900488537364,76.89882261596377,-0.10981773059012312
0.02584615384615385,0.01661538461538462,70.53647023729027,70.64939113306305,-0.11292089577277409
0.02584615384615385,0.016923076923076926,64.2673203680616,64.35870239525467,-0.09138202719306321
0.02584615384615385,0.017230769230769234,57.938481522394895,58.03042998761343,-0.09194846521853606
0.02584615384615385,0.01753846153846154,51.598983930935674,51.66826944301867,-0.06928551208299893
0.02584615384615385,0.01784615384615385,45.20600107027951,45.27593608406765,-0.0699350137881396
0.02584615384615385,0.01815384615384616,38.805640931113345,38.8571628534312,-0.05152192231785335
0.02584615384615385,0.018461538461538467,32.36519687095983,32.41569813392121,-0.05050126296138302
0.02584615384615385,0.018769230769230774,25.920744418707564,25.955303559539534,-0.03455914083196987
0.02584615384615385,0.01907692307692308,19.448798791596484,19.4797518187905,-0.03095302719401616
0.02584615384615385,0.01938461538461539,12.975079411268705,12.99282445153657,-0.017745040267865164
0.02584615384615385,0.019692307692307696,6.487752326023685,6.498309640685949,-0.010557314662263728
0.026461538461538463,0.00030769230769230776,261.8681266834036,262.1138538799889,-0.2457271965852783
0.026461538461538463,0.0006153846153846155,261.47134828657397,261.8842308625837,-0.41288257600973566
0.026461538461538463,0.0009230769230769233,261.0291762297429,261.5016748291158,-0.47249859937289784
0.026461538461538463,0.001230769230769231,260.4243751331266,260.9664091815358,-0.5420340484092208
0.026461538461538463,0.001538461538461539,259.72498146632597,260.2787464999086,-0.5537650335826356
0.026461538461538463,0.0018461538461538465,258.85113662668573,259.43908835987537,-0.5879517331896409
0.026461538461538463,0.002153846153846154,257.8712630459271,258.4479250981448,-0.5766620522177277
0.026461538461538463,0.002461538461538462,256.70409522832387,257.3058355261503,-0.6017402978264386
0.026461538461538463,0.00276923076923077,255.42205859156027,256.0134865920401,-0.5914280004798513
0.026461538461538463,0.003076923076923078,253.9644415238736,254.57163299119875,-0.6071914673251513
0.026461538461538463,0.0033846153846153852,252.39159625033832,252.98111672552596,-0.5895204751876406
0.026461538461538463,0.003692307692307693,250.63795003003003,251.24286661173136,-0.6049165817013318
0.026461538461538463,0.004000000000000001,248.76499076700284,249.35789773893157,-0.592906971928727
0.026461538461538463,0.004307692307692308,246.72514304931747,247.3273108758669,-0.6021678265494472
0.026461538461538463,0.004615384615384617,244.56692979543956,245.15229182808326,-0.585362032643701
0.026461538461538463,0.004923076923076924,242.24051496942752,242.83411074545518,-0.5935957760276551
0.026461538461538463,0.0052307692307692315,239.79370337519066,240.37412138045397,-0.5804180052633114
0.026461538461538463,0.00553846153846154,237.18998113554895,237.77376029759463,-0.5837791620456869
0.026461538461538463,0.005846153846153847,234.46647720790656,235.03454603452235,-0.5680688266157858
0.026461538461538463,0.006153846153846156,231.5880911745689,232.15807821522944,-0.5699870406605498
0.026461538461538463,0.006461538461538463,228.58963487490988,229.14603661591988,-0.5564017410100064
0.026461538461538463,0.0067692307692307704,225.44592734697628,226.0001801840675,-0.5542528370912123
0.026461538461538463,0.007076923076923079,222.18296886385946,222.72234601123992,-0.5393771473804634
0.026461538461538463,0.007384615384615386,218.77882248500214,219.31444826028894,-0.5356257752868032
0.026461538461538463,0.007692307692307694,215.2561132453501,215.7784770475335,-0.5223638021834063
0.026461538461538463,0.008000000000000002,211.64873642501763,212.11649728058748,-0.4677608555698498
0.026461538461538463,0.00830769230769231,207.86142161310377,208.33064745251198,-0.4692258394082103
0.026461538461538463,0.008615384615384617,203.97416461460205,204.42313839299572,-0.4489737783936789
0.026461538461538463,0.008923076923076924,199.95127179144538,200.3962519772924,-0.44498018584701526
0.026461538461538463,0.009230769230769233,195.8245979633208,196.25233979367007,-0.4277418303492766
0.026461538461538463,0.00953846153846154,191.57338692923474,191.99382177014994,-0.4204348409151919
0.026461538461538463,0.009846153846153848,187.21702568890385,187.62318476133612,-0.4061590724322741
0.026461538461538463,0.010153846153846156,182.74894235443784,183.14298109616297,-0.3940387417251259
0.026461538461538463,0.010461538461538463,178.17246884245395,178.5558270874067,-0.3833582449527455
0.026461538461538463,0.010769230769230772,173.4939810457474,173.8644015038324,-0.37042045808499324
0.026461538461538463,0.01107692307692308,168.71075327918737,169.07144400586847,-0.36069072668109925
0.026461538461538463,0.011384615384615387,163.8402422044161,164.17975354572226,-0.33951134130614946
0.026461538461538463,0.011692307692307695,158.859786678899,159.19218673287054,-0.3324000539715257
0.026461538461538463,0.012000000000000002,153.79831945283243,154.11165616588028,-0.31333671304784616
0.026461538461538463,0.012307692307692311,148.6332998398686,148.9411287315328,-0.3078288916642009
0.026461538461538463,0.012615384615384619,143.4009711754217,143.68362387224582,-0.28265269682412963
0.026461538461538463,0.012923076923076926,138.06174706823978,138.34221182280373,-0.28046475456395115
0.026461538461538463,0.013230769230769233,132.6614398509236,132.92001181742722,-0.2585719665036095
0.026461538461538463,0.013538461538461541,127.1648131848047,127.42019026822814,-0.2553770834234399
0.026461538461538463,0.013846153846153848,121.62002679428443,121.84595891611418,-0.2259321218297572
0.026461538461538463,0.014153846153846157,115.97454331134934,116.2005729552224,-0.22602964387306201
0.026461538461538463,0.014461538461538465,110.28527848388612,110.4873291319778,-0.20205064809168505
0.026461538461538463,0.014769230769230772,104.50842739384888,104.7095638198859,-0.2011364260370243
0.026461538461538463,0.01507692307692308,98.69873145534639,98.87065107118491,-0.17191961583851878
0.026461538461538463,0.015384615384615387,92.80002447476268,92.97400064649409,-0.173976171731411
0.026461538461538463,0.015692307692307696,86.87283396071292,87.02305602360941,-0.1502220628964892
0.026461538461538463,0.016000000000000004,80.87129697271595,81.02129238660977,-0.14999541389381932
0.026461538461538463,0.01630769230769231,74.84974362634856,74.97221459644723,-0.12247097009867502
0.026461538461538463,0.01661538461538462,68.75530110235759,68.87935514420693,-0.12405404184933388
0.026461538461538463,0.016923076923076926,62.64466098333917,62.74627208823155,-0.10161110489237757
0.026461538461538463,0.017230769230769234,56.47587851947041,56.576546976315946,-0.10066845684553272
0.026461538461538463,0.01753846153846154,50.296713494021226,50.37378275418352,-0.07706926016229687
0.026461538461538463,0.01784615384615385,44.06535361871526,44.14160166146787,-0.07624804275260999
0.026461538461538463,0.01815384615384616,37.826794453773786,37.883643116426285,-0.05684866265249866
0.026461538461538463,0.018461538461538467,31.549179508503357,31.60356159062289,-0.054382082119531105
0.026461538461538463,0.018769230769230774,25.26765898520002,25.305024474819007,-0.037365489618988335
0.026461538461538463,0.01907692307692308,18.959136454164412,18.99170993732114,-0.032573483156728145
0.026461538461538463,0.01938461538461539,12.648871858113816,12.667304776033706,-0.0184329179198901
0.026461538461538463,0.019692307692307696,6.324653949564698,6.335502265473313,-0.010848315908615014
0.02707692307692308,0.00030769230769230776,254.52540152053317,254.76597073354137,-0.24056921300820022
0.02707692307692308,0.0006153846153846155,254.15222842374342,254.54278477802615,-0.3905563542827224
0.02707692307692308,0.0009230769230769233,253.73630264223485,254.17095300422358,-0.4346503619887301
0.02707692307692308,0.001230769230769231,253.15751366395463,253.65069255141867,-0.49317888746404037
0.02707692307692308,0.001538461538461539,252.4840921521494,252.98230723706513,-0.49821508491572786
0.02707692307692308,0.0018461538461538465,251.638546691355,252.16618737936457,-0.5276406880095692
0.02707692307692308,0.002153846153846154,250.6887186596912,251.20280956933163,-0.51409090964043
0.02707692307692308,0.002461538461538462,249.55581521758245,250.09273639247823,-0.536921174895781
0.02707692307692308,0.00276923076923077,248.31077689466542,248.8366161002796,-0.5258392056141759
0.02707692307692308,0.003076923076923078,246.8946863075405,247.43518223161354,-0.540495924073042
0.02707692307692308,0.0033846153846153852,245.36639708716208,245.88925318439448,-0.5228560972323919
0.02707692307692308,0.003692307692307693,243.66216969630878,244.19973173765197,-0.5375620413431932
0.02707692307692308,0.004000000000000001,241.8418571659693,242.36760452433336,-0.5257473583640717
0.02707692307692308,0.004307692307692308,239.85919634865746,240.39394145513785,-0.5347451064803863
0.02707692307692308,0.004615384615384617,237.76140299540415,238.27989509371866,-0.5184920983145105
0.02707692307692308,0.004923076923076924,235.50002011098255,236.02669998361858,-0.5266798726360378
0.02707692307692308,0.0052307692307692315,233.12154888819734,233.635671927331,-0.5141230391336649
0.02707692307692308,0.00553846153846154,230.5904879815111,231.10820721790856,-0.5177192363974541
0.02707692307692308,0.005846153846153847,227.94294789345435,228.4457818235672,-0.5028339301128426
0.02707692307692308,0.006153846153846156,225.14480043246402,225.6499505257622,-0.5051500932981696
0.02707692307692308,0.006461538461538463,222.22989931457542,222.72234601123986,-0.4924466966644445
0.02707692307692308,0.0067692307692307704,219.1737619442043,219.66467791859418,-0.49091597438987833
0.02707692307692308,0.007076923076923079,216.00167324859152,216.4787318398862,-0.47705859129467854
0.02707692307692308,0.007384615384615386,212.6923065675265,213.16636827790828,-0.4740617103817897
0.02707692307692308,0.007692307692307694,209.26766312300944,209.72952155970333,-0.4618584366938876
0.02707692307692308,0.008000000000000002,205.75739420256977,206.17019870697172,-0.41280450440194727
0.02707692307692308,0.00830769230769231,202.07553903578994,202.49047826402762,-0.41493922823767093
0.02707692307692308,0.008615384615384617,198.29651803239156,198.69250908398737,-0.39599105159581427
0.02707692307692308,0.008923076923076924,194.3856291078679,194.77850907389978,-0.39287996603187025
0.02707692307692308,0.009230769230769233,190.3738452709033,190.750763899551,-0.37691862864770087
0.02707692307692308,0.00953846153846154,186.24098753900955,186.61162565070003,-0.3706381116904822
0.02707692307692308,0.009846153846153848,182.00590668135712,182.36351146752446,-0.35760478616734304
0.02707692307692308,0.010153846153846156,177.66221375258613,178.0089021290787,-0.34668837649257966
0.02707692307692308,0.010461538461538463,173.21314864127595,173.55034060458897,-0.3371919633130176
0.02707692307692308,0.010769230769230772,168.6649097111053,168.9904305684307,-0.3255208573253867
0.02707692307692308,0.01107692307692308,164.01484564828573,164.3318348796562,-0.31698923137048496
0.02707692307692308,0.011384615384615387,159.27992730825872,159.5772740269599,-0.297346718701192
0.02707692307692308,0.011692307692307695,154.43812825222687,154.72952453998946,-0.29139628776258064
0.02707692307692308,0.012000000000000002,149.51757498440202,149.79141736793082,-0.27384238352880175
0.02707692307692308,0.012307692307692311,144.49635277212673,144.76583622631338,-0.26948345418665554
0.02707692307692308,0.012615384615384619,139.40969574595874,139.65571591300161,-0.24602016704287166
0.02707692307692308,0.012923076923076926,134.21912727871873,134.46404059435554,-0.24491331563680774
0.02707692307692308,0.013230769230769233,128.96918084515184,129.19384206256163,-0.22466121740978906
0.02707692307692308,0.013538461538461541,123.62561308860982,123.8481979651516,-0.22258487654177372
0.02707692307692308,0.013846153846153848,118.23523467058028,118.43023000774303,-0.19499533716275153
0.02707692307692308,0.014153846153846157,112.74698666015385,112.94310213105088,-0.19611547089702697
0.02707692307692308,0.014461538461538465,107.21618665303319,107.39001866323558,-0.17383201020238914
0.02707692307692308,0.014769230769230772,101.60025429237898,101.77422244866527,-0.1739681562862927
0.02707692307692308,0.01507692307692308,95.95239729914967,96.09899295418633,-0.14659565503666272
0.02707692307692308,0.015384615384615387,90.21803082375102,90.36764435400691,-0.1496135302558912
0.02707692307692308,0.015692307692307696,84.45598131405814,84.58352359431245,-0.12754228025431757
0.02707692307692308,0.016000000000000004,78.62167440849525,78.75000843874358,-0.12833403024832535
0.02707692307692308,0.01630769230769231,72.76791358865965,72.87050549587711,-0.10259190721745881
0.02707692307692308,0.01661538461538462,66.84327625777166,66.94844822986268,-0.10517197209101425
0.02707692307692308,0.016923076923076926,60.90288859109424,60.98729495537606,-0.08440636428181847
0.02707692307692308,0.017230769230769234,54.90601026160473,54.99052681806133,-0.08451655645660594
0.02707692307692308,0.01753846153846154,48.899044313755915,48.96164576163926,-0.06260144788334543
0.02707692307692308,0.01784615384615385,42.8412555132804,42.90417248287129,-0.0629169695908871
0.02707692307692308,0.01815384615384616,36.77645666416665,36.8216443755712,-0.04518771140455158
0.02707692307692308,0.018461538461538467,30.673693843848955,30.71761346486767,-0.04391962101871627
0.02707692307692308,0.018769230769230774,24.56713462641086,24.59564433292045,-0.028509706509591837
0.02707692307692308,0.01907692307692308,18.433934203532885,18.459312037305697,-0.025377833772811442
0.02707692307692308,0.01938461538461539,12.299014993207175,12.31220002328245,-0.013185030075275606
0.02707692307692308,0.019692307692307696,6.149731931777094,6.1578980311619675,-0.008166099384873782
0.027692307692307693,0.00030769230769230776,246.76277500082742,246.82306985777612,-0.06029485694870118
0.027692307692307693,0.0006153846153846155,246.47976003280488,246.60684222529133,-0.12708219248645491
0.027692307692307693,0.0009230769230769233,246.1195485177546,246.24660314149077,-0.12705462373617138
0.027692307692307693,0.001230769230769231,245.57979952171698,245.74256297585495,-0.16276345413797344
0.027692307692307693,0.001538461538461539,244.93954397719915,245.09501607364666,-0.15547209644751092
0.027692307692307693,0.0018461538461538465,244.1263483510817,244.30434058402162,-0.17799223293991417
0.027692307692307693,0.002153846153846154,243.2094626665743,243.3709982392,-0.16153557262569507
0.027692307692307693,0.002461538461538462,242.1130667190817,242.29553408482792,-0.1824673657462199
0.027692307692307693,0.00276923076923077,240.9070483125561,241.07857616168607,-0.17152784912997276
0.027692307692307693,0.003076923076923078,239.53444277386814,239.7208351389315,-0.18639236506336943
0.027692307692307693,0.0033846153846153852,238.05268896658416,238.22310389908708,-0.17041493250292206
0.027692307692307693,0.003692307692307693,236.39997421737468,236.58625707502011,-0.18628285764543762
0.027692307692307693,0.004000000000000001,234.63449916744278,234.8112505391816,-0.17675137173881694
0.027692307692307693,0.004307692307692308,232.7113709202224,232.8991208454037,-0.18774992518129352
0.027692307692307693,0.004615384615384617,230.67646412238616,230.85098462358118,-0.17452050119501905
0.027692307692307693,0.004923076923076924,228.48275555044634,228.66803792759134,-0.1852823771450005
0.027692307692307693,0.0052307692307692315,226.17539936624428,226.35155553683194,-0.1761561705876602
0.027692307692307693,0.00553846153846154,223.7199457842503,223.9028902117862,-0.1829444275358867
0.027692307692307693,0.005846153846153847,221.15145098388854,221.3234719040486,-0.17202092016006532
0.027692307692307693,0.006153846153846156,218.43679589433472,218.61480692127338,-0.17801102693866255
0.027692307692307693,0.006461538461538463,215.6088411307951,215.7784770475335,-0.16963591673840028
0.027692307692307693,0.0067692307692307704,212.64382866125297,212.81613861960304,-0.1723099583500698
0.027692307692307693,0.007076923076923079,209.56630171392567,209.72952155970336,-0.16321984577768944
0.027692307692307693,0.007384615384615386,206.35556678449058,206.520428365277,-0.16486158078643598
0.027692307692307693,0.007692307692307694,203.03297796765582,203.19073305638037,-0.15775508872454225
0.027692307692307693,0.008000000000000002,199.6635336101044,199.74238008130823,-0.07884647120383192
0.027692307692307693,0.00830769230769231,196.09076482686905,196.1773831810911,-0.086618354222054
0.027692307692307693,0.008615384615384617,192.42370243845517,192.49782421352708,-0.07412177507191586
0.027692307692307693,0.008923076923076924,188.62867015729887,188.70585193743537,-0.0771817801364989
0.027692307692307693,0.009230769230769233,184.73572871352889,184.80368075784176,-0.06795204431287516
0.027692307692307693,0.00953846153846154,180.72529627462242,180.7935894328286,-0.06829315820618831
0.027692307692307693,0.009846153846153848,176.61566893029857,176.6779197428039,-0.062250812505340036
0.027692307692307693,0.010153846153846156,172.40064699896874,172.45907512296782,-0.05842812399907871
0.027692307692307693,0.010461538461538463,168.08337522103903,168.13951925977403,-0.05614403873499896
0.027692307692307693,0.010769230769230772,163.66986829336835,163.72177465220628,-0.05190635883792538
0.027692307692307693,0.01107692307692308,159.1575512357875,159.20842113870998,-0.05086990292247151
0.027692307692307693,0.011384615384615387,154.56289240328147,154.6020943906393,-0.03920198735784197
0.027692307692307693,0.011692307692307695,149.86452324594111,149.90548437309909,-0.04096112715797062
0.027692307692307693,0.012000000000000002,145.08973595451232,145.1213337740813,-0.03159781956898655
0.027692307692307693,0.012307692307692311,140.21726322440978,140.2524364028122,-0.03517317840243095
0.027692307692307693,0.012615384615384619,135.2812949591694,135.30163555824663,-0.020340599077229626
0.027692307692307693,0.012923076923076926,130.24450386692976,130.27182236866128,-0.02731850173151429
0.027692307692307693,0.013230769230769233,125.15009973069057,125.16593410331747,-0.01583437262689813
0.027692307692307693,0.013538461538461541,119.9648648906091,119.98695245717829,-0.022087566569183537
0.027692307692307693,0.013846153846153848,114.7342146986065,114.73790180968305,-0.0036871110765588355
0.027692307692307693,0.014153846153846157,109.40862244121107,109.42184745859451,-0.013225017383447835
0.027692307692307693,0.014461538461538465,104.04175102494922,104.04189382995165,-0.00014280500242591643
0.027692307692307693,0.014769230769230772,98.59228667630472,98.60118266517193,-0.008895988867209326
0.027692307692307693,0.01507692307692308,93.11184997801672,93.1028911863631,0.008958791653626008
0.027692307692307693,0.015384615384615387,87.54749404430183,87.55023024091484,-0.0027361966130143855
0.027692307692307693,0.015692307692307696,81.9562839552503,81.94644242645411,0.009841528796187049
0.027692307692307693,0.016000000000000004,76.2949775949578,76.29480019725976,0.000177397698038817
0.027692307692307693,0.01630769230769231,70.61479916163886,70.59860395324124,0.0161952083976189
0.027692307692307693,0.01661538461538462,64.86582355835911,64.86118011259802,0.004643445761089993
0.027692307692307693,0.016923076923076926,59.101559695088056,59.08587916928484,0.015680525803219325
0.027692307692307693,0.017230769230769234,53.28250937626844,53.27607373641801,0.006435639850430164
0.027692307692307693,0.01753846153846154,47.45367576181516,47.43515657676387,0.018519185051289355
0.027692307692307693,0.01784615384615385,41.575432080910254,41.56653862146126,0.008893459448991337
0.027692307692307693,0.01815384615384616,35.69037321842574,35.67364697813333,0.016726240292413763
0.027692307692307693,0.018461538461538467,29.7684740280956,29.759922929553987,0.008551098541612845
0.027692307692307693,0.018769230769230774,23.842890804980886,23.828819924034654,0.014070880946231767
0.027692307692307693,0.01907692307692308,17.890961996301634,17.8838015587085,0.0071604375931322295
0.027692307692307693,0.01938461538461539,11.93733347242466,11.928339556886765,0.008993915537894637
0.027692307692307693,0.019692307692307696,5.968898093325182,5.965911740670504,0.0029863526546778374
0.028307692307692308,0.00030769230769230776,238.17429563505303,238.30370226572546,-0.12940663067243463
0.028307692307692308,0.0006153846153846155,237.8792688306001,238.0949379659257,-0.21566913532561216
0.028307692307692308,0.0009230769230769233,237.52534457575393,237.74713292719917,-0.221788351445241
0.028307692307692308,0.001230769230769231,237.003856925686,237.26049025789416,-0.25663333220816753
0.028307692307692308,0.001538461538461539,236.3870239792556,236.63529414362554,-0.24827016436995564
0.028307692307692308,0.0018461538461538465,235.60389858029964,235.87190968131824,-0.26801110101860104
0.028307692307692308,0.002153846153846154,234.72077208429673,234.97078266600104,-0.25001058170431634
0.028307692307692308,0.002461538461538462,233.6641302442531,233.93243933047484,-0.2683090862217341
0.028307692307692308,0.00276923076923077,232.5015052702213,232.7574860380074,-0.2559807677861272
0.028307692307692308,0.003076923076923078,231.17789135537103,231.44660892823438,-0.26871757286335196
0.028307692307692308,0.0033846153846153852,229.748791403073,230.00057351647314,-0.25178211340013945
0.028307692307692308,0.003692307692307693,228.1544729861906,228.42022424668318,-0.26575126049257847
0.028307692307692308,0.004000000000000001,226.4511960404516,226.70648399833482,-0.2552879578832119
0.028307692307692308,0.004307692307692308,224.59561487510172,224.86035354747352,-0.2647386723718057
0.028307692307692308,0.004615384615384617,222.63205857063153,222.88291098229485,-0.25085241166331684
0.028307692307692308,0.004923076923076924,220.51512555982112,220.7753110735713,-0.26018551375017296
0.028307692307692308,0.0052307692307692315,218.28844033690524,218.5387846002987,-0.2503442633934583
0.028307692307692308,0.00553846153846154,215.9187574113778,216.17463763095608,-0.2558802195782732
0.028307692307692308,0.005846153846153847,213.43993022648263,213.6842507607982,-0.24432053431556255
0.028307692307692308,0.006153846153846156,210.8199906929142,211.069078305627,-0.249087612712799
0.028307692307692308,0.006461538461538463,208.09066970068525,208.33064745251198,-0.23997775182672854
0.028307692307692308,0.0067692307692307704,205.22904011681916,205.47055736795613,-0.24151725113696898
0.028307692307692308,0.007076923076923079,202.25879761402624,202.49047826402764,-0.23168065000140814
0.028307692307692308,0.007384615384615386,199.1599719303151,199.39215042300293,-0.23217849268783652
0.028307692307692308,0.007692307692307694,195.95317927362345,196.1773831810911,-0.22420390746765406
0.028307692307692308,0.008000000000000002,192.67328549418224,192.84805387183232,-0.17476837765008213
0.028307692307692308,0.00830769230769231,189.2254675069645,189.40610672978804,-0.18063922282354383
0.028307692307692308,0.008615384615384617,185.68665335259828,185.8535517551626,-0.1668984025643283
0.028307692307692308,0.008923076923076924,182.02434439995912,182.19246354001993,-0.16811914006080997
0.028307692307692308,0.009230769230769233,178.26755417975815,178.4249800567799,-0.15742587702175115
0.028307692307692308,0.00953846153846154,174.397386438483,174.55330140970307,-0.1559149712200565
0.028307692307692308,0.009846153846153848,170.43149992588815,170.5796885500913,-0.14818862420315781
0.028307692307692308,0.010153846153846156,166.3639122187661,166.5064619559561,-0.14254973718999508
0.028307692307692308,0.010461538461538463,162.1976576993011,162.3360002769249,-0.13834257762380275
0.028307692307692308,0.010769230769230772,157.93854029763096,158.07073894517637,-0.13219864754540822
0.028307692307692308,0.01107692307692308,153.58407512414036,153.71316875321685,-0.12909362907649324
0.028307692307692308,0.011384615384615387,149.1501534741326,149.26583439932764,-0.11568092519505058
0.028307692307692308,0.011692307692307695,144.61615949371827,144.7313330015327,-0.1151735078144327
0.028307692307692308,0.012000000000000002,140.00842800668855,140.1123125809551,-0.1038845742665444
0.028307692307692308,0.012307692307692311,135.30643834547467,135.41147051544695,-0.10503216997227582
0.028307692307692308,0.012615384615384619,130.54318087104113,130.6315519643971,-0.08837109335595983
0.028307692307692308,0.012923076923076926,125.68264470106304,125.77534826563493,-0.09270356457189166
0.028307692307692308,0.013230769230769233,120.76652070505948,120.84569530536801,-0.07917460030853363
0.028307692307692308,0.013538461538461541,115.76277164232592,115.84547186210415,-0.08270021977823205
0.028307692307692308,0.013846153846153848,110.71521004622736,110.77759792552604,-0.06238787929868295
0.028307692307692308,0.014153846153846157,105.57606550181954,105.6450329912993,-0.0689674894797605
0.028307692307692308,0.014461538461538465,100.39710228423382,100.4507743328106,-0.05367204857677166
0.028307692307692308,0.014769230769230772,95.13846725342859,95.19785525084404,-0.059387997415456084
0.028307692307692308,0.01507692307692308,89.84995529266602,89.88934330221934,-0.03938800955332056
0.028307692307692308,0.015384615384615387,84.48049798659225,84.5283385084248,-0.04784052183254062
0.028307692307692308,0.015692307692307696,79.08513817001885,79.11797154529192,-0.0328333752730714
0.028307692307692308,0.016000000000000004,73.62215827687751,73.6614019147692,-0.039243637891686944
0.028307692307692308,0.01630769230769231,68.14097297850634,68.16181609986175,-0.02084312135541211
0.028307692307692308,0.01661538461538462,62.59343628297631,62.62242570381511,-0.02898942083879774
0.028307692307692308,0.016923076923076926,57.03115483252209,57.04646557462903,-0.015310742106940722
0.028307692307692308,0.017230769230769234,51.41608302161974,51.43719191599793,-0.021108894378187415
0.028307692307692308,0.01753846153846154,45.79158436063736,45.797880385779,-0.006296025141644179
0.028307692307692308,0.01784615384615385,40.11939550370796,40.13182418310082,-0.012428679392854747
0.028307692307692308,0.01815384615384616,34.440628688716835,34.4423321252272,-0.0017034365103683058
0.028307692307692308,0.018461538461538467,28.726314846780426,28.732726715301975,-0.006411868521549735
0.028307692307692308,0.018769230769230774,23.008446302149476,23.006342202099635,0.0021041000498414064
0.028307692307692308,0.01907692307692308,17.265072275243735,17.266522632918793,-0.0014503576750577452
0.028307692307692308,0.01938461538461539,11.520052733352518,11.516619900752216,0.003432832600301694
0.028307692307692308,0.019692307692307696,5.760257240903721,5.759991786876113,0.0002654540276081363
0.028923076923076923,0.00030769230769230776,229.15267048723072,229.22776533514858,-0.07509484791785326
0.028923076923076923,0.0006153846153846155,228.8788739902589,229.02695194672924,-0.14807795647033117
0.028923076923076923,0.0009230769230769233,228.53607798207403,228.69239326786033,-0.15631528578629172
0.028923076923076923,0.001230769230769231,228.03288451522437,228.22428467138906,-0.19140015616468986
0.028923076923076923,0.001538461538461539,227.43846227785392,227.62289951955364,-0.18443724169972597
0.028923076923076923,0.0018461538461538465,226.68558153367272,226.8885890043475,-0.20300747067477687
0.028923076923076923,0.002153846153846154,225.8369885284374,226.02178194243305,-0.1847934139956635
0.028923076923076923,0.002461538461538462,224.82160328478417,225.0229845247248,-0.2013812399406163
0.028923076923076923,0.00276923076923077,223.70421324372145,223.89278002078822,-0.18856677706676805
0.028923076923076923,0.003076923076923078,222.4318313062785,222.6318284382266,-0.19999713194809488
0.028923076923076923,0.0033846153846153852,221.057834444872,221.24086613725524,-0.18303169238325268
0.028923076923076923,0.003692307692307693,219.52464000325145,219.7207054006879,-0.19606539743645612
0.028923076923076923,0.004000000000000001,217.8864571735071,218.0722339595864,-0.18577678607931603
0.028923076923076923,0.004307692307692308,216.10156654803396,216.29641447485085,-0.194847926816891
0.028923076923076923,0.004615384615384617,214.21267087480655,214.39428397505242,-0.18161310024586896
0.028923076923076923,0.004923076923076924,212.17606887868772,212.36695325083838,-0.19088437215066278
0.028923076923076923,0.0052307692307692315,210.03378197515286,210.21560620626119,-0.18182423110832246
0.028923076923076923,0.00553846153846154,207.75383441424736,207.94149916741213,-0.18766475316476772
0.028923076923076923,0.005846153846153847,205.36881625150647,205.5459601487622,-0.17714389725571777
0.028923076923076923,0.006153846153846156,202.8479695592414,203.03038807763892,-0.18241851839752599
0.028923076923076923,0.006461538461538463,200.22183941688232,200.3962519772924,-0.1744125604100759
0.028923076923076923,0.0067692307692307704,197.46837466546182,197.64509010902694,-0.17671544356511504
0.028923076923076923,0.007076923076923079,194.61037963581524,194.77850907389984,-0.16812943808460545
0.028923076923076923,0.007384615384615386,191.62864486811793,191.79818287451153,-0.1695380063935943
0.028923076923076923,0.007692307692307694,188.54301116539364,188.7058519374354,-0.16284077204176128
0.028923076923076923,0.008000000000000002,185.2933036724093,185.50332209685737,-0.21001842444806584
0.028923076923076923,0.00830769230769231,181.97733405184962,182.19246354001996,-0.21512948817033362
0.028923076923076923,0.008615384615384617,178.57385057460203,178.77520971508525,-0.2013591404832198
0.028923076923076923,0.008923076923076924,175.0515982918495,175.25355620205585,-0.20195791020634601
0.028923076923076923,0.009230769230769233,171.43848487364122,171.62955954741219,-0.1910746737709701
0.028923076923076923,0.00953846153846154,167.7163380928861,167.9053360631475,-0.18899797026139709
0.028923076923076923,0.009846153846153848,163.90214342002042,164.08306059090097,-0.18091717088054793
0.028923076923076923,0.010153846153846156,159.9901478617873,160.16496523191168,-0.17481737012437293
0.028923076923076923,0.010461538461538463,155.9832688290844,156.1533380435342,-0.1700692144497964
0.028923076923076923,0.010769230769230772,151.88708770276295,152.05052170307755,-0.1634340003145951
0.028923076923076923,0.01107692307692308,147.69921566503714,147.85891213974767,-0.15969647471052895
0.028923076923076923,0.011384615384615387,143.4349345344743,143.5809571354922,-0.1460226010179042
0.028923076923076923,0.011692307692307695,139.07442237369668,139.21915489556477,-0.14473252186809304
0.028923076923076923,0.012000000000000002,134.6430031380239,134.77605258964348,-0.13304945161959836
0.028923076923076923,0.012307692307692311,130.12094593122734,130.25424486435546,-0.13329893312811691
0.028923076923076923,0.012615384615384619,125.53997404320035,125.65637232807649,-0.11639828487614068
0.028923076923076923,0.012923076923076926,120.86546564211905,120.98512000888985,-0.11965436677080277
0.028923076923076923,0.013230769230769233,116.1375078050067,116.24321578660572,-0.10570798159901074
0.028923076923076923,0.013538461538461541,111.32531098087642,111.43342879975597,-0.10811781887954908
0.028923076923076923,0.013846153846153848,106.47099466323718,106.5585678284956,-0.0875731652584193
0.028923076923076923,0.014153846153846157,101.52864216223293,101.62147965435372,-0.09283749212079329
0.028923076923076923,0.014461538461538465,96.54801305976567,96.62504739779384,-0.07703433802817017
0.028923076923076923,0.014769230769230772,91.49079921889948,91.57218883455222,-0.08138961565273917
0.028923076923076923,0.01507692307692308,86.40486610113369,86.4658546917394,-0.06098859060570305
0.028923076923076923,0.015384615384615387,81.24112832963903,81.30902692469849,-0.06789859505946083
0.028923076923076923,0.015692307692307696,76.05249306895107,76.10471697562708,-0.05222390667601928
0.028923076923076923,0.016000000000000004,70.79885091334386,70.85596401498012,-0.057113101636261376
0.028923076923076923,0.01630769230769231,65.5277069014122,65.56583316667968,-0.0381262652674792
0.028923076923076923,0.01661538461538462,60.19281658325864,60.237413718169144,-0.044597134910503655
0.028923076923076923,0.016923076923076926,54.84376041927798,54.87381731635594,-0.03005689707796222
0.028923076923076923,0.017230769230769234,49.44403689770477,49.478176150497916,-0.03413925279314611
0.028923076923076923,0.01753846153846154,44.03526563370432,44.0536411230925,-0.018375489388176902
0.028923076923076923,0.01784615384615385,38.580657559187344,38.60338000983876,-0.02272245065141476
0.028923076923076923,0.01815384615384616,33.11972716597837,33.130575609745215,-0.010848443766846572
0.028923076923076923,0.018461538461538467,27.624616810873153,27.638423886465525,-0.013807075592371376
0.028923076923076923,0.018769230769230774,22.12608845957831,22.13013210194477,-0.004043642366461597
0.028923076923076923,0.01907692307692308,16.603131461217732,16.60891694346959,-0.005785482251859264
0.028923076923076923,0.01938461538461539,11.078598421110975,11.078002645212887,0.0005957758980876804
0.028923076923076923,0.019692307692307696,5.539526382408545,5.540619105372258,-0.0010927229637127667
0.02953846153846154,0.00030769230769230776,219.5169799765455,219.6164563372833,-0.09947636073778199
0.02953846153846154,0.0006153846153846155,219.26482507182064,219.42406286921778,-0.1592377973971395
0.02953846153846154,0.0009230769230769233,218.95540020133507,219.1035319275029,-0.14813172616783277
0.02953846153846154,0.001230769230769231,218.4874043442008,218.65505069318237,-0.16764634898157738
0.02953846153846154,0.001538461538461539,217.92891366220672,218.07888106666766,-0.14996740446093781
0.02953846153846154,0.0018461538461538465,217.21487647622328,217.3753595147955,-0.16048303857220958
0.02953846153846154,0.002153846153846154,216.4072832583391,216.54489687434065,-0.13761361600154487
0.02953846153846154,0.002461538461538462,215.43788051812172,215.58797811209908,-0.15009759397736389
0.02953846153846154,0.00276923076923077,214.36978426795005,214.50516204168073,-0.13537777373068138
0.02953846153846154,0.003076923076923078,213.15233936200755,213.29708099717814,-0.1447416351705897
0.02953846153846154,0.0033846153846153852,211.83709196855764,211.96444046390135,-0.1273484953437105
0.02953846153846154,0.003692307692307693,210.36879455797157,210.5080186663941,-0.13922410842252475
0.02953846153846154,0.004000000000000001,208.79963595437346,208.9286661139727,-0.1290301595992389
0.02953846153846154,0.004307692307692308,207.08963861331137,207.22730510405262,-0.13766649074125326
0.02953846153846154,0.004615384615384617,205.27983395271966,205.40492918355264,-0.1250952308329829
0.02953846153846154,0.004923076923076924,203.32831659665334,203.46260256869158,-0.1342859720382421
0.02953846153846154,0.0052307692307692315,201.27543620614694,201.40145952351577,-0.12602331736883343
0.02953846153846154,0.00553846153846154,199.09055484784477,199.22270369752107,-0.13214884967629814
0.02953846153846154,0.005846153846153847,196.80493692348978,196.92760742275524,-0.12267049926546747
0.02953846153846154,0.006153846153846156,194.38909650444572,194.51751097081194,-0.12841446636622322
0.02953846153846154,0.006461538461538463,191.87233331716251,191.99382177014988,-0.12148845298736433
0.02953846153846154,0.0067692307692307704,189.23351597800144,189.35801358419414,-0.12449760619270478
0.02953846153846154,0.007076923076923079,186.49451110085118,186.61162565070003,-0.11711454984884995
0.02953846153846154,0.007384615384615386,183.6369073805958,183.75626178288127,-0.11935440228546668
0.02953846153846154,0.007692307692307694,180.67973029920668,180.79358943282858,-0.11385913362190081
0.02953846153846154,0.008000000000000002,177.62270619075554,177.72533871776432,-0.10263252700877956
0.02953846153846154,0.00830769230769231,174.44375564408904,174.55330140970304,-0.10954576561400131
0.02953846153846154,0.008615384615384617,171.18091458306918,171.27932988910686,-0.09841530603767978
0.02953846153846154,0.008923076923076924,167.8042221097125,167.90533606314744,-0.10111395343494678
0.02953846153846154,0.009230769230769233,164.34043449103885,164.43329024920618,-0.09285575816733171
0.02953846153846154,0.00953846153846154,160.7721326979849,160.86522002426435,-0.09308732627945915
0.02953846153846154,0.009846153846153848,157.11560083308473,157.20320904085497,-0.08760820777024492
0.02953846153846154,0.010153846153846156,153.365324516848,153.4493958102688,-0.08407129342080566
0.02953846153846154,0.010461538461538463,149.52409894157353,149.60597245372364,-0.08187351215011063
0.02953846153846154,0.010769230769230772,145.59727406367531,145.67518342222743,-0.07790935855211956
0.02953846153846154,0.01107692307692308,141.58256102297057,141.659324185882,-0.07676316291144758
0.02953846153846154,0.011384615384615387,137.4946078465937,137.5607398933933,-0.06613204679959495
0.02953846153846154,0.011692307692307695,133.31441724282092,133.38182400257034,-0.06740675974941723
0.02953846153846154,0.012000000000000002,129.06626221886168,129.12501688261355,-0.058754663751869884
0.02953846153846154,0.012307692307692311,124.73123256474554,124.79280438900757,-0.06157182426203178
0.02953846153846154,0.012615384615384619,120.33973440102747,120.38771641185198,-0.047982010824512145
0.02953846153846154,0.012923076923076926,115.85858867472096,115.91232539847643,-0.053736723755463345
0.02953846153846154,0.013230769230769233,111.3262157697925,111.369244851204,-0.04302908141150397
0.02953846153846154,0.013538461538461541,106.71312226183223,106.76112780113934,-0.0480055393071126
0.02953846153846154,0.013846153846153848,102.05966845235604,102.09066525887343,-0.030996806517393338
0.02953846153846154,0.014153846153846157,97.32186262189948,97.36058464300882,-0.038722021109336424
0.02953846153846154,0.014461538461538465,92.54738199971241,92.57364818742438,-0.026266187711968314
0.02953846153846154,0.014769230769230772,87.69952332221334,87.73265132820809,-0.03312800599475452
0.02953846153846154,0.01507692307692308,82.82414787397227,82.84042107120146,-0.016273197229196512
0.02953846153846154,0.015384615384615387,77.8742294112179,77.89981434110751,-0.025584929889618024
0.02953846153846154,0.015692307692307696,72.90045718381923,72.91371631312717,-0.013259129307940043
0.02953846153846154,0.016000000000000004,67.86438856250665,67.88503872809832,-0.020650165591675318
0.02953846153846154,0.01630769230769231,62.811547835140324,62.816718192121165,-0.005170356980841007
0.02953846153846154,0.01661538461538462,57.69768469223858,57.7117144616629,-0.014029769424318772
0.02953846153846154,0.016923076923076926,52.570261012551185,52.573008715143104,-0.002747702591918255
0.02953846153846154,0.017230769230769234,47.394383075345516,47.40360181200994,-0.009218736664422522
0.02953846153846154,0.01753846153846154,42.209852592154434,42.20651254032223,0.003340051832203983
0.02953846153846154,0.01784615384615385,36.98144139587926,36.9847758538627,-0.0033344579834420074
0.02953846153846154,0.01815384615384616,31.746977687454486,31.74144109980994,0.005536587644545676
0.02953846153846154,0.018461538461538467,26.479756306884706,26.47957023800626,0.0001860688784454112
0.02953846153846154,0.018769230769230774,21.209259159100412,21.202236052858456,0.007023106241955901
0.02953846153846154,0.01907692307692308,15.915381604851337,15.91252035891898,0.002861245932356482
0.02953846153846154,0.01938461538461539,10.619995637281948,10.613512201192563,0.006483436089384398
0.02953846153846154,0.019692307692307696,5.310222616349767,5.308306051221295,0.0019165651284724916
0.030153846153846156,0.00030769230769230776,209.63214670258995,209.49222292963773,0.13992377295221559
0.030153846153846156,0.0006153846153846155,209.49791638133075,209.30869872578532,0.18921765554543413
0.030153846153846156,0.0009230769230769233,209.26117248278825,209.00294413609078,0.25822834669747863
0.030153846153846156,0.001230769230769231,208.84427156691396,208.5751377126243,0.2691338542896631
0.030153846153846156,0.001538461538461539,208.32930513488435,208.02552928229002,0.3037758525943275
0.030153846153846156,0.0018461538461538465,207.65757998191282,207.3544398009341,0.30314018097871553
0.030153846153846156,0.002153846153846154,206.89291988325806,206.5622611659155,0.3306587173425726
0.030153846153846156,0.002461538461538462,205.9705609435877,205.64945598724896,0.3211049563387576
0.030153846153846156,0.00276923076923077,204.95250068090917,204.61655731745392,0.3359433634552431
0.030153846153846156,0.003076923076923078,203.79056422522007,203.46416834026672,0.3263958849533424
0.030153846153846156,0.0033846153846153852,202.53458860114895,202.1929620183983,0.3416265827506493
0.030153846153846156,0.003692307692307693,201.13172306715214,200.80368070054297,0.32804236660916786
0.030153846153846156,0.004000000000000001,199.6321485577053,199.29713568786767,0.3350128698376409
0.030153846153846156,0.004307692307692308,197.99765789988604,197.67420676023494,0.3234511396510982
0.030153846153846156,0.004615384615384617,196.26759831482715,195.93584166243616,0.33175665239099317
0.030153846153846156,0.004923076923076924,194.4018851503873,194.08305555073545,0.3188295996518491
0.030153846153846156,0.0052307692307692315,192.43917584798047,192.1169304000468,0.3222454479336534
0.030153846153846156,0.00553846153846154,190.35018589117865,190.03861437209147,0.31157151908718106
0.030153846153846156,0.005846153846153847,188.16483697222242,187.84932114490357,0.31551582731884764
0.030153846153846156,0.006153846153846156,185.85493101226206,185.55032920407643,0.3046018081856232
0.030153846153846156,0.006461538461538463,183.44850603502098,183.14298109616297,0.3055249388580137
0.030153846153846156,0.0067692307692307704,180.92536106785823,180.62868264466638,0.29667842319184956
0.030153846153846156,0.007076923076923079,178.30641297249556,178.00890212907873,0.29751084341683054
0.030153846153846156,0.007384615384615386,175.57405823222646,175.28516942744707,0.28888880477938983
0.030153846153846156,0.007692307692307694,172.74649652399694,172.45907512296782,0.28742140102912117
0.030153846153846156,0.008000000000000002,169.8431278366465,169.53226957513084,0.3108582615156479
0.030153846153846156,0.00830769230769231,166.8031353790864,166.50646195595613,0.29667342313027234
0.030153846153846156,0.008615384615384617,163.6829286364601,163.38341925188539,0.2995093845747192
0.030153846153846156,0.008923076923076924,160.4538596498153,160.16496523191168,0.28889441790363435
0.030153846153846156,0.009230769230769233,157.14151620475454,156.85297938254973,0.28853682220480437
0.030153846153846156,0.00953846153846154,153.72924340959466,153.44939581026884,0.2798475993258194
0.030153846153846156,0.009846153846153848,150.2326134657486,149.95620211202896,0.2764113537196522
0.030153846153846156,0.010153846153846156,146.64635405142354,146.37543821458016,0.27091583684338616
0.030153846153846156,0.010461538461538463,142.97313617257734,142.7091951832029,0.2639409893744471
0.030153846153846156,0.010769230769230772,139.21807503300533,138.95961400058462,0.25846103242071194
0.030153846153846156,0.01107692307692308,135.3789831872928,135.1288843165464,0.2500988707463989
0.030153846153846156,0.011384615384615387,131.46986575312974,131.21924316934883,0.25062258378090974
0.030153846153846156,0.011692307692307695,127.47256160787487,127.2329736793249,0.23958792854996602
0.030153846153846156,0.012000000000000002,123.41027778076294,123.17240371560189,0.23787406516105136
0.030153846153846156,0.012307692307692311,119.2649363411759,119.03990453669135,0.2250318044845443
0.030153846153846156,0.012615384615384619,115.0656074534801,114.83788940574108,0.2277180477390175
0.030153846153846156,0.012923076923076926,110.78057499165261,110.56881218125713,0.21176281039548428
0.030153846153846156,0.013230769230769233,106.44656905889273,106.23516588411977,0.21140317477296833
0.030153846153846156,0.013538461538461541,102.03541052118999,101.83948124172932,0.19592927946067107
0.030153846153846156,0.013846153846153848,97.5856756810158,97.38432521013283,0.20135047088297142
0.030153846153846156,0.014153846153846157,93.05532450628607,92.87229947499378,0.18302503129228853
0.030153846153846156,0.014461538461538465,88.48992275131481,88.30603893228115,0.18388381903365314
0.030153846153846156,0.014769230769230772,83.85439447721835,83.68821014956417,0.1661843276541788
0.030153846153846156,0.01507692307692308,79.19256875844994,79.02150980881214,0.17105894963779633
0.030153846153846156,0.015384615384615387,74.45950701974633,74.30866313160803,0.1508438881382972
0.030153846153846156,0.015692307692307696,69.70364975466339,69.55242228769565,0.1512274669677396
0.030153846153846156,0.016000000000000004,64.88824309143065,64.75556478779029,0.13267830364036115
0.030153846153846156,0.01630769230769231,60.05680389792683,59.92089186159057,0.1359120363362578
0.030153846153846156,0.01661538461538462,55.16711072948016,55.05122682193917,0.1158839075409901
0.030153846153846156,0.016923076923076926,50.264472233268414,50.149413416087484,0.11505881718093036
0.030153846153846156,0.017230769230769234,45.315626366069665,45.2183141650277,0.0973122010419658
0.030153846153846156,0.01753846153846154,40.358529182623236,40.260808691860674,0.09772049076256195
0.030153846153846156,0.01784615384615385,35.35954590052587,35.279792040177554,0.079753860348319
0.030153846153846156,0.01815384615384616,30.354785225511087,30.278172983435393,0.07661224207569362
0.030153846153846156,0.018461538461538467,25.31870987736582,25.258872326316077,0.05983755104974264
0.030153846153846156,0.018769230769230774,20.279503061907498,20.224821199057743,0.05468186284975474
0.030153846153846156,0.01907692307692308,15.217953357607295,15.178959345757974,0.03899401184932039
0.030153846153846156,0.01938461538461539,10.154962176607615,10.124233407645589,0.030728768962026365
0.030153846153846156,0.019692307692307696,5.0777040099546396,5.063595202325505,0.014108807629134468
0.03076923076923077,0.00030769230769230776,198.9168726206474,198.87871072844516,0.038161892202253966
0.03076923076923077,0.0006153846153846155,198.762072815135,198.70448441808762,0.05758839704739671
0.03076923076923077,0.0009230769230769233,198.52919741868632,198.41422028442486,0.11497713426146561
0.03076923076923077,0.001230769230769231,198.13223042659195,198.008087833537,0.12414259305495534
0.03076923076923077,0.001538461538461539,197.64381985836073,197.48632423533854,0.15749562302218578
0.03076923076923077,0.0018461538461538465,197.00742620371227,196.84923418507776,0.1581920186345087
0.03076923076923077,0.002153846153846154,196.28290901255642,196.0971897254033,0.1857192871531197
0.03076923076923077,0.002461538461538462,195.40867143229124,195.23063002910172,0.17804140318952477
0.03076923076923077,0.00276923076923077,194.44350240856565,194.25006114263303,0.1934412659326199
0.03076923076923077,0.003076923076923078,193.3417048052187,193.15605569061375,0.18564911460495637
0.03076923076923077,0.0033846153846153852,192.15058689028666,191.9492525414202,0.20133434886645318
0.03076923076923077,0.003692307692307693,190.81998920179606,190.63035643410754,0.1896327676885221
0.03076923076923077,0.004000000000000001,189.39755374532024,189.2001375668617,0.19741617845852488
0.03076923076923077,0.004307692307692308,187.8470192397328,187.65943114722577,0.18758809250701347
0.03076923076923077,0.004615384615384617,186.20575119012685,186.00913690436184,0.1966142857650084
0.03076923076923077,0.004923076923076924,184.43572566468177,184.25021856363486,0.18550710104690893
0.03076923076923077,0.0052307692307692315,182.5736353739071,182.38370328382393,0.18993209008317535
0.03076923076923077,0.00553846153846154,180.59170130353223,180.41068105729076,0.18102024624147361
0.03076923076923077,0.005846153846153847,178.51832361388645,178.3323040734545,0.1860195404319427
0.03076923076923077,0.006153846153846156,176.3267587740393,176.1497860459459,0.17697272809340348
0.03076923076923077,0.006461538461538463,174.0436088975061,173.86440150383237,0.17920739367372107
0.03076923076923077,0.0067692307692307704,171.64971265915833,171.47748504732928,0.17222761182904378
0.03076923076923077,0.007076923076923079,169.1649180753888,168.99043056843072,0.17448750695808712
0.03076923076923077,0.007384615384615386,166.57253114680066,166.40469043691593,0.16784070988472877
0.03076923076923077,0.007692307692307694,163.88981744826788,163.72177465220628,0.16804279606159866
0.03076923076923077,0.008000000000000002,161.09301550885306,160.94324996156809,0.1497655472849715
0.03076923076923077,0.00830769230769231,158.2094675721654,158.07073894517637,0.13872862698903532
0.03076923076923077,0.008615384615384617,155.2498445468947,155.1059190685737,0.14392547832099467
0.03076923076923077,0.008923076923076924,152.18697675854696,152.05052170307752,0.13645505546944037
0.03076923076923077,0.009230769230769233,149.04513213437642,148.9063311147081,0.13880101966830694
0.03076923076923077,0.00953846153846154,145.8085153072186,145.67518342222746,0.13333188499115067
0.03076923076923077,0.009846153846153848,142.49189717503273,142.35896552489763,0.13293165013510588
0.03076923076923077,0.010153846153846156,139.09027765625456,138.95961400058462,0.13066365566993454
0.03076923076923077,0.010461538461538463,135.6061891120377,135.47911397485169,0.1270751371860115
0.03076923076923077,0.010769230769230772,132.0444826615256,131.91949796170155,0.12498469982404004
0.03076923076923077,0.01107692307692308,128.40308293161166,128.28284467664574,0.12023825496592622
0.03076923076923077,0.011384615384615387,124.69527213552952,124.5712778227932,0.12399431273631478
0.03076923076923077,0.011692307692307695,120.90382809898784,120.78696485066742,0.11686324832042772
0.03076923076923077,0.012000000000000002,117.05075956947599,116.93211569247637,0.11864387699961298
0.03076923076923077,0.012307692307692311,113.11892031130887,113.00898147157442,0.10993883973445406
0.03076923076923077,0.012615384615384619,109.13588007951587,109.01985318786961,0.11602689164625701
0.03076923076923077,0.012923076923076926,105.07156651517286,104.96706037994423,0.1045061352286325
0.03076923076923077,0.013230769230769233,100.96081104651556,100.85296976466991,0.10784128184565134
0.03076923076923077,0.013538461538461541,96.77690390070013,96.67998385511153,0.0969200455886039
0.03076923076923077,0.013846153846153848,92.55642091630564,92.45053955752748,0.10588135877816285
0.03076923076923077,0.014153846153846157,88.25950603459832,88.16710674828465,0.09239928631366467
0.03076923076923077,0.014461538461538465,83.9293598931898,83.83218683152063,0.09717306166916728
0.03076923076923077,0.014769230769230772,79.53272207231333,79.44831127839369,0.08441079391964479
0.03076923076923077,0.01507692307692308,75.1111498716364,75.01804014877527,0.09310972286112928
0.03076923076923077,0.015384615384615387,70.62204383987007,70.54396059624698,0.07808324362309804
0.03076923076923077,0.015692307692307696,66.11132698215509,66.02868535727559,0.08264162487949989
0.03076923076923077,0.016000000000000004,61.54414680929796,61.47485122544881,0.06929558384915424
0.03076923076923077,0.01630769230769231,56.961764974671766,56.8851175116619,0.0766474630098628
0.03076923076923077,0.01661538461538462,52.3241518823743,52.2621644911551,0.061987391219204824
0.03076923076923077,0.016923076923076926,47.67426517726099,47.608691838308125,0.06557333895286632
0.03076923076923077,0.017230769230769234,42.980616368374974,42.92741705010677,0.053199318268205786
0.03076923076923077,0.01753846153846154,38.27915289810097,38.221073859200736,0.058079038900231694
0.03076923076923077,0.01784615384615385,33.53793496001415,33.492410637481164,0.045524322532983774
0.03076923076923077,0.01815384615384616,28.791233647056533,28.74418879110838,0.04704485594815111
0.03076923076923077,0.018461538461538467,24.01488630929084,23.97918114792917,0.03570516136166901
0.03076923076923077,0.018769230769230774,19.235574369044333,19.200170338222524,0.035404030821808874
0.03076923076923077,0.01907692307692308,14.434895816617187,14.409947169722601,0.02494864689458609
0.03076923076923077,0.01938461538461539,9.632838773081613,9.611308997865192,0.021529775216420077
0.03076923076923077,0.019692307692307696,4.816640345663964,4.807058092211244,0.009582253452720124
0.031384615384615386,0.00030769230769230776,187.9425906499866,187.80070808323222,0.14188256675438993
0.031384615384615386,0.0006153846153846155,187.8237481960315,187.6361865799902,0.18756161604127897
0.031384615384615386,0.0009230769230769233,187.60433885025705,187.3620908276929,0.242248022564155
0.031384615384615386,0.001230769230769231,187.2267121023394,186.978580890541,0.2481312117984089
0.031384615384615386,0.001538461538461539,186.76169220589333,186.48588072753802,0.2758114783553083
0.031384615384615386,0.0018461538461538465,186.15841875700735,185.88427806170455,0.2741406953028047
0.031384615384615386,0.002153846153846154,185.47247489710193,185.17412421205603,0.2983506850459037
0.031384615384615386,0.002461538461538462,184.64582143383478,184.35583388844248,0.2899875453923073
0.031384615384615386,0.00276923076923077,183.733510614999,183.42988494936952,0.30362566562948246
0.031384615384615386,0.003076923076923078,182.69233939763745,182.39681812294245,0.29552127469500533
0.031384615384615386,0.0033846153846153852,181.5668360270857,181.2572366910964,0.30959933598930434
0.031384615384615386,0.003692307692307693,180.30961304255078,180.01180613729647,0.29780690525430487
0.031384615384615386,0.004000000000000001,178.96560753525958,178.6612537579143,0.304353777345284
0.031384615384615386,0.004307692307692308,177.50054102228103,177.20636823750738,0.29417278477365016
0.031384615384615386,0.004615384615384617,175.9497091483373,175.64799918824946,0.3017099600878339
0.031384615384615386,0.004923076923076924,174.27721084586918,173.98705665378105,0.2901541920881243
0.031384615384615386,0.0052307692307692315,172.5176952287158,172.22451057776948,0.29318465094632984
0.031384615384615386,0.00553846153846154,170.64492455934695,170.36139023748916,0.28353432185778615
0.031384615384615386,0.005846153846153847,168.68572919185598,168.3987836427527,0.2869455491032795
0.031384615384615386,0.006153846153846156,166.6148636195115,166.33783690054358,0.27702671896793163
0.031384615384615386,0.006461538461538463,164.4574467057204,164.1797535457222,0.27769315999819355
0.031384615384615386,0.0067692307692307704,162.19538404383644,161.92579383819537,0.26959020564106595
0.031384615384615386,0.007076923076923079,159.84742398987223,159.57727402695988,0.27014996291234183
0.031384615384615386,0.007384615384615386,157.3978086780754,157.13556558145027,0.26224309662512724
0.031384615384615386,0.007692307692307694,154.8628410485942,154.60209439063925,0.26074665795493956
0.031384615384615386,0.008000000000000002,152.03233230948055,151.97833993035874,0.053992379121808654
0.031384615384615386,0.00830769230769231,149.31082455183056,149.26583439932762,0.04499015250294747
0.031384615384615386,0.008615384615384617,146.51752905158332,146.46616182439078,0.05136722719254294
0.031384615384615386,0.008923076923076924,143.62680732923982,143.58095713549216,0.0458501937476683
0.031384615384615386,0.009230769230769233,140.6615590130883,140.61190521092152,0.049653802166773175
0.031384615384615386,0.00953846153846154,137.60687878436713,137.56073989339328,0.046138890973850266
0.031384615384615386,0.009846153846153848,134.47670762883536,134.4292429775308,0.04746465130455135
0.031384615384615386,0.010153846153846156,131.2663273635673,131.2192431693488,0.047084194218513176
0.031384615384615386,0.010461538461538463,127.97812707820414,127.93261501834044,0.04551205986369666
0.031384615384615386,0.010769230769230772,124.61668442098672,124.57127782279316,0.04540659819355142
0.031384615384615386,0.01107692307692308,121.18003950152946,121.13719450897266,0.04284499255680885
0.031384615384615386,0.011384615384615387,117.6807260302057,117.63237048482905,0.04835554537665132
0.031384615384615386,0.011692307692307695,114.10249367043967,114.05885246889524,0.04364120154443185
0.031384615384615386,0.012000000000000002,110.46611055076882,110.41872729506092,0.04738325570789925
0.031384615384615386,0.012307692307692311,106.75539394342667,106.71412069392022,0.041273249506446064
0.031384615384615386,0.012615384615384619,102.99636056909824,102.94719605140513,0.04916451769311436
0.031384615384615386,0.012923076923076926,99.16063970480145,99.12015314542879,0.040486559372666875
0.031384615384615386,0.013230769230769233,95.28109741766559,95.2352268612773,0.0458705563882944
0.031384615384615386,0.013538461538461541,91.33254291865903,91.29468588649952,0.03785703215950775
0.031384615384615386,0.013846153846153848,87.3494823137171,87.30083138605767,0.04865092765943757
0.031384615384615386,0.014153846153846157,83.2943178489668,83.25599565851142,0.038322190455374994
0.031384615384615386,0.014461538461538465,79.20780387995201,79.16254077402161,0.0452631059304025
0.031384615384615386,0.014769230769230772,75.05855572823711,75.02285719496743,0.035698533269680865
0.031384615384615386,0.01507692307692308,70.88578225800966,70.83936237998401,0.04641987802564529
0.031384615384615386,0.015384615384615387,66.64930360770433,66.61449937223449,0.03480423546983502
0.031384615384615386,0.015692307692307696,62.39243929977403,62.35073537274156,0.041703927032472166
0.031384615384615386,0.016000000000000004,58.08230626762711,58.05056029961172,0.03174596801539309
0.031384615384615386,0.01630769230769231,53.75783165588341,53.716485333993084,0.04134632189032317
0.031384615384615386,0.01661538461538462,49.38122987227725,49.3510414536164,0.03018841866084898
0.031384615384615386,0.016923076923076926,44.993044272701674,44.956777954775134,0.03626631792653967
0.031384615384615386,0.017230769230769234,40.56360531838625,40.53626096360854,0.027344354777710578
0.031384615384615386,0.01753846153846154,36.12679969358156,36.092071937555914,0.03472775602564582
0.031384615384615386,0.01784615384615385,31.652415077051742,31.62680615785846,0.025608919193281565
0.031384615384615386,0.01815384615384616,27.172847151318404,27.14307121398777,0.02977593733063344
0.031384615384615386,0.018461538461538467,22.66537405687791,22.64348548088759,0.02188857599031735
0.031384615384615386,0.018769230769230774,18.155110445566688,18.130676589915826,0.024433855650862313
0.031384615384615386,0.01907692307692308,13.62443690162834,13.607279894382437,0.017157007245902633
0.031384615384615386,0.01938461538461539,9.092446587843074,9.075936930576942,0.016509657266132294
0.031384615384615386,0.019692307692307696,4.546442262846711,4.539293875185917,0.007148387660794064
0.032,0.00030769230769230776,176.39021940478023,176.28408818248008,0.10613122230014937
0.032,0.0006153846153846155,176.28791539976388,176.12965573394757,0.15825966581630269
0.032,0.0009230769230769233,176.0973536086609,175.87236852634553,0.22498508231538494
0.032,0.001230769230769231,175.75307759937772,175.51237680815788,0.24070079121983667
0.032,0.001538461538461539,175.3234633691493,175.0498908044105,0.27357256473879943
0.032,0.0018461538461538465,174.760836195039,174.48518059390585,0.27565560113313836
0.032,0.002153846153846154,174.11908018348248,173.81857595150439,0.3005042319780955
0.032,0.002461538461538462,173.34412296686847,173.05046615554542,0.29365681132304644
0.032,0.00276923076923077,172.48825151010766,172.18129976051952,0.3069517495881371
0.032,0.003076923076923078,171.5110302490386,171.21158433512534,0.29944591391327435
0.032,0.0033846153846153852,170.45448021085355,170.14188616586372,0.31259404498982235
0.032,0.003692307692307693,169.27419893104843,168.97282992634243,0.3013690047060038
0.032,0.004000000000000001,168.01240954246921,167.70509831248424,0.3073112299849754
0.032,0.004307692307692308,166.63691259161106,166.3394316438519,0.2974809477591691
0.032,0.004615384615384617,165.180881722424,164.87662743132208,0.3042542911019268
0.032,0.004923076923076924,163.61063607056283,163.31753991136185,0.2930961592009851
0.032,0.0052307692307692315,161.95870075094714,161.66307954717834,0.2956212037688033
0.032,0.00553846153846154,160.2004334504428,159.91421249703396,0.28622095340884357
0.032,0.005846153846153847,158.36103523363886,158.0719600500373,0.28907518360156814
0.032,0.006153846153846156,156.4168172070614,156.1373980297388,0.2794191773226089
0.032,0.006461538461538463,154.39135431424097,154.11165616588028,0.2796981483606942
0.032,0.0067692307692307704,152.26765444912067,151.99591743466465,0.27173701445602205
0.032,0.007076923076923079,150.0633237795505,149.79141736793085,0.27190641161965345
0.032,0.007384615384615386,147.7635741690702,147.4994433316383,0.2641308374319067
0.032,0.007692307692307694,145.3837072526983,145.12133377408134,0.2623734786169507
0.032,0.008000000000000002,142.76143144316174,142.65847744427307,0.10295399888866541
0.032,0.00830769230769231,140.20583479882293,140.11231258095512,0.09352221786781456
0.032,0.008615384615384617,137.58284040920876,137.4843260727067,0.09851433650206332
0.032,0.008923076923076924,134.8683776510065,134.77605258964348,0.09232506136302732
0.032,0.009230769230769233,132.08394304036247,131.98907368721356,0.09486935314890843
0.032,0.00953846153846154,129.21554220678817,129.12501688261358,0.09052532417459247
0.032,0.009846153846153848,126.27626562327603,126.18555470436446,0.09071091891156868
0.032,0.010153846153846156,123.26168355545491,123.1724037156019,0.08927983985300614
0.032,0.010461538461538463,120.17403845468611,120.08732351165186,0.0867149430342522
0.032,0.010769230769230772,117.01762814643716,116.93211569247639,0.08551245396077434
0.032,0.01107692307692308,113.79060976972654,113.70862281059001,0.08198695913652898
0.032,0.011384615384615387,110.50475133596454,110.41872729506098,0.08602404090356686
0.032,0.011692307692307695,107.14479576991376,107.06435035222556,0.08044541768819613
0.032,0.012000000000000002,103.73024231691335,103.64745084375791,0.08279147315543867
0.032,0.012307692307692311,100.24589089158289,100.17002414274968,0.07586674883320654
0.032,0.012615384615384619,96.71617078423797,96.63410096846864,0.08206981576933003
0.032,0.012923076923076926,93.11445026216829,93.0417462004756,0.07270406169268995
0.032,0.013230769230769233,89.47158664597015,89.39505767279297,0.07652897317717589
0.032,0.013538461538461541,85.76393836857721,85.69616494882874,0.06777341974847673
0.032,0.013846153846153848,82.02389776058688,81.9472280777715,0.07666968281537834
0.032,0.014153846153846157,78.21617100065305,78.15043633318237,0.06573466747067869
0.032,0.014461538461538465,74.3790154790047,74.30800693452115,0.07100854448356131
0.032,0.014769230769230772,70.48295667656457,70.42218375235228,0.060772924212287194
0.032,0.01507692307692308,66.5648091438275,66.4952359979879,0.06957314583959828
0.032,0.015384615384615387,62.58686206431379,62.529456898332256,0.05740516598153533
0.032,0.015692307692307696,58.58977912983151,58.52716235670159,0.06261677312992475
0.032,0.016000000000000004,54.54268972091971,54.49068960040208,0.05200012051763281
0.032,0.01630769230769231,50.48213703043073,50.422395815854784,0.0597412145759435
0.032,0.01661538461538462,46.372596564539805,46.324656772065204,0.047939792474601006
0.032,0.016923076923076926,42.25216992633733,42.1998654332409,0.05230449309642893
0.032,0.017230769230769234,38.09302488978772,38.050430561368124,0.04259432841959665
0.032,0.01753846153846154,33.926965853533254,33.87877530956228,0.048190543970974886
0.032,0.01784615384615385,29.72551213071155,29.687335807015074,0.03817632369647583
0.032,0.01815384615384616,25.51917638215638,25.47855973636329,0.0406166457930901
0.032,0.018461538461538467,21.286720680929875,21.254904904311662,0.03181577661821322
0.032,0.018769230769230774,17.051652984436224,17.018837806342205,0.032815178094018904
0.032,0.01907692307692308,12.796848023374386,12.772832186350918,0.024015837023467768
0.032,0.01938461538461539,8.54076969040492,8.519367592050651,0.021402098354268873
0.032,0.019692307692307696,4.27060494539066,4.260927926985342,0.009677018405317206
0.032615384615384616,0.00030769230769230776,164.68530127569352,164.3557486255933,0.3295526501002257
0.032615384615384616,0.0006153846153846155,164.68826535623413,164.21176591590955,0.4764994403245737
0.032615384615384616,0.0009230769230769233,164.5604389965858,163.97188815919762,0.5885508373881692
0.032615384615384616,0.001230769230769231,164.26262380065074,163.63625543731234,0.6263683633384005
0.032615384615384616,0.001538461538461539,163.87451185026407,163.2050637503118,0.6694480999522625
0.032615384615384616,0.0018461538461538465,163.35527423835438,162.67856490199867,0.6767093363557137
0.032615384615384616,0.002153846153846154,162.7592022993711,162.05706635287393,0.7021359464971795
0.032615384615384616,0.002461538461538462,162.03668567693336,161.34093104058863,0.6957546363447307
0.032615384615384616,0.00276923076923077,161.23768091332127,160.53057716799853,0.7071037453227405
0.032615384615384616,0.003076923076923078,160.32462493202266,159.62647795894532,0.6981469730773426
0.032615384615384616,0.0033846153846153852,159.33714838798454,158.6291613819073,0.7079870060772464
0.032615384615384616,0.003692307692307693,158.23387589191654,157.53920984168064,0.6946660502358952
0.032615384615384616,0.004000000000000001,157.0543416978878,156.3572598392714,0.6970818586164
0.032615384615384616,0.004307692307692308,155.76844448025759,155.08400160019684,0.6844428800607432
0.032615384615384616,0.004615384615384617,154.40724033990062,153.72017867141304,0.687061668487587
0.032615384615384616,0.004923076923076924,152.93928075201114,152.26658748710474,0.6726932649063997
0.032615384615384616,0.0052307692307692315,151.3949613104158,150.7240769035898,0.6708844068259907
0.032615384615384616,0.00553846153846154,149.7512418475722,149.09354770361136,0.657694143960839
0.032615384615384616,0.005846153846153847,148.03168990124618,147.37595207030586,0.6557378309403248
0.032615384615384616,0.006153846153846156,146.21417883181468,145.57229303115497,0.6418858006597077
0.032615384615384616,0.006461538461538463,144.3207340670413,143.68362387224585,0.6371101947954401
0.032615384615384616,0.0067692307692307704,142.33546936286066,141.71104752318163,0.6244218396790302
0.032615384615384616,0.007076923076923079,140.2748450188096,139.65571591300167,0.6191291058079287
0.032615384615384616,0.007384615384615386,138.12504533809783,137.51882929748737,0.6062160406104624
0.032615384615384616,0.007692307692307694,135.9003670626854,135.30163555824666,0.5987315044387458
0.032615384615384616,0.008000000000000002,133.43393351266505,133.00542947398617,0.42850403867888076
0.032615384615384616,0.00830769230769231,131.0452901562495,130.63155196439712,0.4137381918523886
0.032615384615384616,0.008615384615384617,128.59366668877865,128.1813893070958,0.41227738168285555
0.032615384615384616,0.008923076923076924,126.05657021344693,125.6563723280765,0.40019788537043155
0.032615384615384616,0.009230769230769233,123.45408476148033,123.05797556614952,0.39610919533080846
0.032615384615384616,0.00953846153846154,120.77313253755185,120.38771641185204,0.38541612569980543
0.032615384615384616,0.009846153846153848,118.02594795558079,117.64715422133457,0.37879373424621576
0.032615384615384616,0.010153846153846156,115.20839149318955,114.83788940574111,0.37050208744844326
0.032615384615384616,0.010461538461538463,112.32255805702223,111.96156249661398,0.36099556040825576
0.032615384615384616,0.010769230769230772,109.37246393965393,109.01985318786963,0.35261075178429735
0.032615384615384616,0.01107692307692308,106.35638372592186,106.01447935490472,0.34190437101713655
0.032615384615384616,0.011384615384615387,103.28531509855331,102.94719605140519,0.33811904714812613
0.032615384615384616,0.011692307692307695,100.14500001154767,99.8197944844444,0.32520552710326456
0.032615384615384616,0.012000000000000002,96.953661217441,96.63410096846866,0.31956024897233704
0.032615384615384616,0.012307692307692311,93.69708642482638,93.39197585878087,0.30511056604551356
0.032615384615384616,0.012615384615384619,90.3981082331816,90.09531246514565,0.3027957680359492
0.032615384615384616,0.012923076923076926,87.03184395700308,86.74603594614958,0.2858080108535006
0.032615384615384616,0.013230769230769233,83.62713048966242,83.3461021849628,0.2810283046996176
0.032615384615384616,0.013538461538461541,80.1618836270998,79.89749664715838,0.26438697994142046
0.032615384615384616,0.013846153846153848,76.6663700669262,76.4022332212564,0.2641368456698103
0.032615384615384616,0.014153846153846157,73.1076122046941,72.86235304266955,0.24525916202455278
0.032615384615384616,0.014461538461538465,69.52135681982789,69.27992330173778,0.24143351809010483
0.032615384615384616,0.014769230769230772,65.88004881900069,65.65703603654715,0.22301278245353728
0.032615384615384616,0.01507692307692308,62.21809608718812,61.99580691123865,0.22228917594947006
0.032615384615384616,0.015384615384615387,58.500270167901206,58.29837398051988,0.20189618738132964
0.032615384615384616,0.015692307692307696,54.764564828622454,54.56689644110115,0.1976683875213041
0.032615384615384616,0.016000000000000004,50.98213348054862,50.80355337078568,0.17858010976294025
0.032615384615384616,0.01630769230769231,47.18712205318379,47.010542455949334,0.1765795972344577
0.032615384615384616,0.01661538461538462,43.34627175359145,43.190078708153784,0.15619304543766788
0.032615384615384616,0.016923076923076926,39.49523503794855,39.34439317064191,0.15084186730663873
0.032615384615384616,0.017230769230769234,35.60802193617885,35.475731615471716,0.13229032070713487
0.032615384615384616,0.01753846153846154,31.714348765457938,31.586353232048342,0.1279955334095959
0.032615384615384616,0.01784615384615385,27.787467590385024,27.678529307821385,0.10893828256363847
0.032615384615384616,0.01815384615384616,23.856006000918686,23.75454190191662,0.10146409900206521
0.032615384615384616,0.018461538461538467,19.90022161787623,19.816682512478312,0.08353910539791798
0.032615384615384616,0.018769230769230774,15.942004955476154,15.86725073849811,0.07475421697804485
0.032615384615384616,0.01907692307692308,11.964647231933673,11.908552936914562,0.05609429501911123
0.032615384615384616,0.01938461538461539,7.986054601220714,7.942900875765268,0.04315372545544616
0.032615384615384616,0.019692307692307696,3.9932493724549323,3.9726103841797165,0.02063898827521582
0.03323076923076923,0.00030769230769230776,152.23675498838335,152.0435486023109,0.1932063860724611
0.03323076923076923,0.0006153846153846155,152.2065264943463,151.91035190976586,0.29617458458042734
0.03323076923076923,0.0009230769230769233,152.07846827402184,151.68844384955966,0.3900244244621831
0.03323076923076923,0.001230769230769231,151.8011070550901,151.3779540097504,0.423153045339717
0.03323076923076923,0.001538461538461539,151.44225724188536,150.97906370766108,0.4631935342242741
0.03323076923076923,0.0018461538461538465,150.96293570101076,150.4920058839952,0.47092981701555914
0.03323076923076923,0.002153846153846154,150.41264485869036,149.917064966806,0.49557989188434703
0.03323076923076923,0.002461538461538462,149.74530013021086,149.25457670539862,0.49072342481224496
0.03323076923076923,0.00276923076923077,149.0071110862355,148.50492797426176,0.5021831119737499
0.03323076923076923,0.003076923076923078,148.1633635905989,147.668556547144,0.4948070434548981
0.03323076923076923,0.0033846153846153852,147.25074543716207,146.74595084140628,0.5047945957557829
0.03323076923076923,0.003692307692307693,146.2310326721724,145.73764963279976,0.49338303937264527
0.03323076923076923,0.004000000000000001,145.1407942125811,144.64424174083615,0.49655247174496253
0.03323076923076923,0.004307692307692308,143.95220967964272,143.46636568493358,0.48584399470914263
0.03323076923076923,0.004615384615384617,142.6940077346205,142.2047093115392,0.48929842308129423
0.03323076923076923,0.004923076923076924,141.3371474875429,140.86000939244641,0.4771380950964783
0.03323076923076923,0.0052307692307692315,139.90972016988593,139.43305119454064,0.47666897534529085
0.03323076923076923,0.00553846153846154,138.39043886619316,137.92466802122578,0.4657708449673805
0.03323076923076923,0.005846153846153847,136.80108812874784,136.33574072579844,0.4653474029493907
0.03323076923076923,0.006153846153846156,135.12123622720011,134.6671971970543,0.4540390301458217
0.03323076923076923,0.006461538461538463,133.37122838743906,132.92001181742728,0.4512165700117805
0.03323076923076923,0.0067692307692307704,131.53638679393234,131.09520489397775,0.4411818999545858
0.03323076923076923,0.007076923076923079,129.63192028925835,129.1938420625617,0.4380782266966321
0.03323076923076923,0.007384615384615386,127.64506856329987,127.21703366552957,0.4280348977703028
0.03323076923076923,0.007692307692307694,125.58903686850837,125.16593410331754,0.42310276519083345
0.03323076923076923,0.008000000000000002,123.3059183951024,123.04174116031015,0.26417723479224264
0.03323076923076923,0.00830769230769231,121.09841164538886,120.84569530536807,0.2527163400207968
0.03323076923076923,0.008615384615384617,118.83272248561028,118.5790789674291,0.25364351818117825
0.03323076923076923,0.008923076923076924,116.48807148360048,116.24321578660576,0.2448556969947191
0.03323076923076923,0.009230769230769233,114.0830094920482,113.83946984121683,0.24353965083138007
0.03323076923076923,0.00953846153846154,111.60545431304494,111.36924485120407,0.23620946184087188
0.03323076923076923,0.009846153846153848,109.06670808420357,108.83398335839911,0.23272472580445935
0.03323076923076923,0.010153846153846156,106.46294636490917,106.23516588411981,0.22778048078936308
0.03323076923076923,0.010461538461538463,103.79610134378723,103.57431006458748,0.22179127919974917
0.03323076923076923,0.010769230769230772,101.06988380329817,100.85296976466995,0.216914038628218
0.03323076923076923,0.01107692307692308,98.28270171665844,98.07273417046841,0.209967546190029
0.03323076923076923,0.011384615384615387,95.44471584155977,95.23522686127737,0.20948898028240137
0.03323076923076923,0.011692307692307695,92.54274472446286,92.34210486146007,0.20063986300279169
0.03323076923076923,0.012000000000000002,89.5936265869462,89.395057672793,0.19856891415319922
0.03323076923076923,0.012307692307692311,86.5842280539074,86.39580628784432,0.18842176606307248
0.03323076923076923,0.012615384615384619,83.53564726377923,83.34610218496282,0.18954507881640836
0.03323076923076923,0.012923076923076926,80.42489054847466,80.24772630546369,0.17716424301097788
0.03323076923076923,0.013230769230769233,77.2786047330693,77.10248801360913,0.17611671946016827
0.03323076923076923,0.013538461538461541,74.07640624808138,73.9122240399904,0.1641822080909776
0.03323076923076923,0.013846153846153848,70.84625142830218,70.67879740892913,0.1674540193730536
0.03323076923076923,0.014153846153846157,67.55766318115153,67.4040963505232,0.15356683062832133
0.03323076923076923,0.014461538461538465,64.24366909601332,64.09003319797398,0.1536358980393402
0.03323076923076923,0.014769230769230772,60.87881051067722,60.73854327083717,0.14026723984004974
0.03323076923076923,0.01507692307692308,57.494877737766906,57.35158374485102,0.1432939929158863
0.03323076923076923,0.015384615384615387,54.05932594131585,53.93113250900063,0.1281934323152143
0.03323076923076923,0.015692307692307696,50.60725605733172,50.47918701048646,0.12806904684525477
0.03323076923076923,0.016000000000000004,47.1120313607662,46.997763088271554,0.11426827249464822
0.03323076923076923,0.01630769230769231,43.60518806081339,43.48889379588825,0.11629426492513772
0.03323076923076923,0.01661538461538462,40.05596845195324,39.95462821419221,0.10134023776102907
0.03323076923076923,0.016923076923076926,36.497331885558125,36.39703025475679,0.10030163080133292
0.03323076923076923,0.017230769230769234,32.905366227319874,32.81817745460706,0.087188772712814
0.03323076923076923,0.01753846153846154,29.307448945538198,29.22015976299634,0.08728918254185913
0.03323076923076923,0.01784615384615385,25.678801122591402,25.605078320935036,0.07372280165636624
0.03323076923076923,0.01815384615384616,22.04591460431144,21.9750442341831,0.0708703701283433
0.03323076923076923,0.018461538461538467,18.390622424027253,18.33217734042422,0.0584450836030328
0.03323076923076923,0.018769230769230774,14.733089677542633,14.678604971339693,0.0544847062029401
0.03323076923076923,0.01907692307692308,11.057728233853938,11.016460710307117,0.041267523546821394
0.03323076923076923,0.01938461538461539,7.381216551635944,7.347883146447472,0.03333340518847194
0.03323076923076923,0.019692307692307696,3.6908251464887414,3.675014625749561,0.015810520739180323
0.033846153846153845,0.00030769230769230776,139.6711937553951,139.37624382627715,0.29494992911796203
0.033846153846153845,0.0006153846153846155,139.67903523146418,139.25414423791798,0.4248909935461995
0.033846153846153845,0.0009230769230769233,139.56969467837905,139.0507241507743,0.5189705276047505
0.033846153846153845,0.001230769230769231,139.31763711763088,138.7661023564486,0.5515347611822676
0.033846153846153845,0.001538461538461539,138.98870333774977,138.40044506605375,0.5882582716960201
0.033846153846153845,0.0018461538461538465,138.54940338137814,137.9539658131503,0.595437568227851
0.033846153846153845,0.002153846153846154,138.04489311969283,137.42692532904883,0.617967790644002
0.033846153846153845,0.002461538461538462,137.43284657925815,136.81963139055048,0.6132151887076702
0.033846153846153845,0.00276923076923077,136.7556274524159,136.13243864021368,0.6231888122022156
0.033846153846153845,0.003076923076923078,135.9814061535492,135.36574837925298,0.6156577742962099
0.033846153846153845,0.0033846153846153852,135.14386395656658,134.52000833319053,0.6238556233760448
0.033846153846153845,0.003692307692307693,134.20793475311947,133.59571239039684,0.6122223627226333
0.033846153846153845,0.004000000000000001,133.20719859568334,132.59340031367398,0.6137982820093555
0.033846153846153845,0.004307692307692308,132.11614727290518,131.51365742504927,0.6024898478559066
0.033846153846153845,0.004615384615384617,130.9611610220034,130.35711426396367,0.6040467580397433
0.033846153846153845,0.004923076923076924,129.71562595303826,129.12444621905456,0.5911797339836937
0.033846153846153845,0.0052307692307692315,128.40531256347316,127.81637313374776,0.5889394297254
0.033846153846153845,0.00553846153846154,127.01071013874011,126.43365888588923,0.5770512528508789
0.033846153846153845,0.005846153846153847,125.55180348488075,124.97711094166199,0.5746925432187595
0.033846153846153845,0.006153846153846156,124.00987129013185,123.4475798840485,0.5622914060833608
0.033846153846153845,0.006461538461538463,122.40356456036578,121.8459589161142,0.5576056442515807
0.033846153846153845,0.0067692307692307704,120.71942869087209,120.17318333940213,0.5462453514699632
0.033846153846153845,0.007076923076923079,118.97140854646042,118.43023000774308,0.5411785387173467
0.033846153846153845,0.007384615384615386,117.14780910421663,116.61811675680046,0.529692347416173
0.033846153846153845,0.007692307692307694,115.26073450176061,114.73790180968307,0.522832692077543
0.033846153846153845,0.008000000000000002,113.00001056930284,112.7906831589724,0.20932741033044522
0.033846153846153845,0.00830769230769231,110.97679227490883,110.77759792552607,0.1991943493827648
0.033846153846153845,0.008615384615384617,108.90027373072228,108.69982169443115,0.20045203629112507
0.033846153846153845,0.008923076923076924,106.7514191332458,106.5585678284956,0.1928513047502065
0.033846153846153845,0.009230769230769233,104.54721933582717,104.35508675967858,0.19213257614858037
0.033846153846153845,0.00953846153846154,102.27660529847793,102.09066525887347,0.1859400396044606
0.033846153846153845,0.009846153846153848,99.94992994534144,99.76662568446969,0.18330426087175056
0.033846153846153845,0.010153846153846156,97.563689444181,97.38432521013284,0.17936423404815116
0.033846153846153845,0.010461538461538463,95.1196498937586,94.94515503225348,0.17449486150512428
0.033846153846153845,0.010769230769230772,92.62121123814848,92.45053955752749,0.17067168062098403
0.033846153846153845,0.01107692307692308,90.06691838173748,89.90193557114277,0.16498281059470798
0.033846153846153845,0.011384615384615387,87.4660803579924,87.30083138605771,0.16524897193468746
0.033846153846153845,0.011692307692307695,84.80660954210725,84.64874597386829,0.15786356823896597
0.033846153846153845,0.012000000000000002,82.10393561622419,81.9472280777715,0.15670753845269303
0.033846153846153845,0.012307692307692311,79.3460243709523,79.19785530814283,0.1481690628094725
0.033846153846153845,0.012615384615384619,76.55220886807774,76.4022332212564,0.14997564682134623
0.033846153846153845,0.012923076923076926,73.70141556142107,73.56199438168511,0.1394211797359617
0.033846153846153845,0.013230769230769233,70.81806350974608,70.6787974089291,0.13926610081698243
0.033846153846153845,0.013538461538461541,67.88350161627606,67.75432600882846,0.12917560744760692
0.033846153846153845,0.013846153846153848,64.92333480190854,64.79028799032666,0.13304681158187748
0.033846153846153845,0.014153846153846157,61.90962744036817,61.788414268158,0.12121317221016881
0.033846153846153845,0.014461538461538465,58.87264158005703,58.750457852042345,0.12218372801468291
0.033846153846153845,0.014769230769230772,55.78905432440717,55.67819282297665,0.11086150143052009
0.033846153846153845,0.01507692307692308,52.687991545505284,52.57341329722172,0.11457824828356422
0.033846153846153845,0.015384615384615387,49.539636752469875,49.437932378588854,0.10170437388102016
0.033846153846153845,0.015692307692307696,46.37614851491171,46.27358109963812,0.10256741527359026
0.033846153846153845,0.016000000000000004,43.17314126778127,43.0822073524071,0.09093391537416551
0.033846153846153845,0.01630769230769231,39.95949428730443,39.865674809293864,0.09381947801056612
0.033846153846153845,0.01661538461538462,36.707003263495054,36.625861834724816,0.08114142877023767
0.033846153846153845,0.016923076923076926,33.44588023005622,33.364660388242655,0.08121984181356368
0.033846153846153845,0.017230769230769234,30.15434323951642,30.083974919655514,0.07036831986090775
0.033846153846153845,0.01753846153846154,26.85737518520859,26.785721256891602,0.07165392831698725
0.033846153846153845,0.01784615384615385,23.5322186709162,23.471825487209944,0.06039318370625679
0.033846153846153845,0.01815384615384616,20.203174093177623,20.14422283241933,0.058951260758291824
0.033846153846153845,0.018461538461538467,16.85366764555709,16.804856518763764,0.04881112679332489
0.033846153846153845,0.018769230769230774,13.502115010948348,13.455676642132453,0.04643836881589536
0.033846153846153845,0.01907692307692308,10.13420518985442,10.098639029259214,0.03556616059520579
0.033846153846153845,0.01938461538461539,6.765240066406605,6.73570409557443,0.02953597083217474
0.033846153846153845,0.019692307692307696,3.3828301087380024,3.3688357003778884,0.013994408360114008
0.03446153846153846,0.00030769230769230776,126.63147419771586,126.38341937474053,0.24805482297533388
0.03446153846153846,0.0006153846153846155,126.6583377245159,126.27270205981335,0.38563566470254784
0.03446153846153846,0.0009230769230769233,126.58499493411271,126.08824504277126,0.49674989134145164
0.03446153846153846,0.001230769230769231,126.37384157056681,125.83015604131782,0.5436855292489895
0.03446153846153846,0.001538461538461539,126.08801111781248,125.49858577216202,0.5894253456504686
0.03446153846153846,0.0018461538461538465,125.69704472929742,125.09372786300389,0.6033168662935253
0.03446153846153846,0.002153846153846154,125.24447186620674,124.61581873946142,0.6286531267453199
0.03446153846153846,0.002461538461538462,124.69201708410039,124.06513748700463,0.6268795970957513
0.03446153846153846,0.00276923076923077,124.07933984521505,123.4420056879776,0.6373341572374471
0.03446153846153846,0.003076923076923078,123.37776902473091,122.7467872338033,0.6309817909276063
0.03446153846153846,0.0033846153846153852,122.61832204269972,121.97988811248138,0.6384339302183406
0.03446153846153846,0.003692307692307693,121.76923510960106,121.14175617150248,0.6274789380985766
0.03446153846153846,0.004000000000000001,120.86117227140845,120.23288085631802,0.6282914150904304
0.03446153846153846,0.004307692307692308,119.87102159180822,119.25379292451782,0.6172286672903908
0.03446153846153846,0.004615384615384617,118.82279973064941,118.20506413588251,0.6177355947668985
0.03446153846153846,0.004923076923076924,117.69237976569319,117.08730691849209,0.6050728472011002
0.03446153846153846,0.0052307692307692315,116.50317492457583,115.901174011085,0.6020009134908264
0.03446153846153846,0.00553846153846154,115.23749227313799,114.64735808187724,0.590134191260745
0.03446153846153846,0.005846153846153847,113.91347834378473,113.32659132406351,0.5868870197212175
0.03446153846153846,0.006153846153846156,112.51415741849424,111.93964502823708,0.574512390257155
0.03446153846153846,0.006461538461538463,111.05645137988991,110.48732913197775,0.569122247912162
0.03446153846153846,0.0067692307692307704,109.52815372826198,108.97049174687118,0.5576619813908081
0.03446153846153846,0.007076923076923079,107.94191663768716,107.39001866323555,0.5518979744516059
0.03446153846153846,0.007384615384615386,106.28713093708274,105.74683283284496,0.5402981042377775
0.03446153846153846,0.007692307692307694,104.57477613829629,104.0418938299516,0.5328823083446821
0.03446153846153846,0.008000000000000002,102.59588141181072,102.27619729092144,0.3196841208892778
0.03446153846153846,0.00830769230769231,100.75874911578421,100.45077433281055,0.307974782973659
0.03446153846153846,0.008615384615384617,98.87324159532862,98.56669095122191,0.3065506441067072
0.03446153846153846,0.008923076923076924,96.9220819845764,96.6250473977938,0.2970345867826012
0.03446153846153846,0.009230769230769233,94.92068777977944,94.62697753768397,0.2937102420954716
0.03446153846153846,0.00953846153846154,92.85901206212884,92.57364818742437,0.28536387470447266
0.03446153846153846,0.009846153846153848,90.74644955003178,90.46625843353296,0.2801911164988269
0.03446153846153846,0.010153846153846156,88.57981981883542,88.30603893228111,0.2737808865543059
0.03446153846153846,0.010461538461538463,86.36072138253876,86.09425119102497,0.2664701915137897
0.03446153846153846,0.010769230769230772,84.09224063555943,83.83218683152059,0.26005380403884715
0.03446153846153846,0.01107692307692308,81.77306147906722,81.52116683565335,0.2518946434138769
0.03446153846153846,0.011384615384615387,79.41163364798093,79.16254077402161,0.24909287395932722
0.03446153846153846,0.011692307692307695,76.9969728171947,76.75768601782552,0.2392867993691823
0.03446153846153846,0.012000000000000002,74.54308767084011,74.3080069345211,0.23508073631900572
0.03446153846153846,0.012307692307692311,72.03905431782782,71.81493406770906,0.2241202501187587
0.03446153846153846,0.012615384615384619,69.50242463048808,69.27992330173774,0.22250132875034012
0.03446153846153846,0.012923076923076926,66.91406087799729,66.70445501150759,0.2096058664896958
0.03446153846153846,0.013230769230769233,64.29613480256305,64.09003319797392,0.2061016045891222
0.03446153846153846,0.013538461538461541,61.631742782911644,61.43818460985269,0.1935581730589533
0.03446153846153846,0.013846153846153848,58.94411779115166,58.75045785204232,0.1936599391093452
0.03446153846153846,0.014153846153846157,56.20788610999377,56.02842248128189,0.17946362871187915
0.03446153846153846,0.014461538461538465,53.45052108561942,53.27366808957443,0.1768529960449925
0.03446153846153846,0.014769230769230772,50.65085651581575,50.48780337590968,0.16305313990606862
0.03446153846153846,0.01507692307692308,47.83532961647609,47.67245520682942,0.162874409646669
0.03446153846153846,0.015384615384615387,44.976873117846694,44.82926766638314,0.14760545146355497
0.03446153846153846,0.015692307692307696,42.104679147444564,41.95990109602914,0.14477805141542177
0.03446153846153846,0.016000000000000004,39.19663157433335,39.06603112504207,0.13060044929127912
0.03446153846153846,0.01630769230769231,36.27893110818508,36.149347691992496,0.12958341619258107
0.03446153846153846,0.01661538461538462,33.325963163372435,33.21155405787041,0.11440910550202688
0.03446153846153846,0.016923076923076926,30.365158001078825,30.254365811428663,0.11079218965016224
0.03446153846153846,0.017230769230769234,27.37689729611519,27.279509867327697,0.09738742878749207
0.03446153846153846,0.01753846153846154,24.383733815674763,24.28872345766571,0.095010358009052
0.03446153846153846,0.01784615384615385,21.364985275394943,21.2837531174843,0.08123215791064453
0.03446153846153846,0.01815384615384616,18.342707761344137,18.266353664840896,0.07635409650324121
0.03446153846153846,0.018461538461538467,15.301941231421573,15.238287176044874,0.06365405537669844
0.03446153846153846,0.018769230769230774,12.259325799911826,12.201321956654066,0.05800384325775987
0.03446153846153846,0.01907692307692308,9.201836491659739,9.157231508834533,0.04460498282520575
0.03446153846153846,0.01938461538461539,6.143387578456533,6.107793495684988,0.035594082771544855
0.03446153846153846,0.019692307692307696,3.071897556551729,3.0547887031318117,0.017108853419917303
0.035076923076923075,0.00030769230769230776,113.59743190355559,113.09542059123477,0.5020113123208176
0.035076923076923075,0.0006153846153846155,113.74423757603633,112.99634413515874,0.7478934408775899
0.035076923076923075,0.0009230769230769233,113.74256445735041,112.83128099612841,0.9112834612219984
0.035076923076923075,0.001230769230769231,113.58470624905674,112.60032756636876,0.984378682687975
0.035076923076923075,0.001538461538461539,113.34657546472148,112.30361871617905,1.0429567485424371
0.035076923076923075,0.0018461538461538465,113.00529642608733,111.94132771517232,1.063968710915006
0.035076923076923075,0.002153846153846154,112.60485770175028,111.51366613109093,1.0911915706593476
0.035076923076923075,0.002461538461538462,112.11158299123176,111.02088370625685,1.090699284974903
0.035076923076923075,0.00276923076923077,111.5627910443622,110.46326821172926,1.0995228326329425
0.035076923076923075,0.003076923076923078,110.93302677366904,109.84114527925426,1.0918814944147783
0.035076923076923075,0.0033846153846153852,110.25072745339956,109.15487821110523,1.0958492422943351
0.035076923076923075,0.003692307692307693,109.4874286939683,108.40486776792442,1.0825609260438824
0.035076923076923075,0.004000000000000001,108.67090762082606,107.59155193469003,1.0793556861360258
0.035076923076923075,0.004307692307692308,107.7804372915309,106.71540566494544,1.0650316265854656
0.035076923076923075,0.004615384615384617,106.83768471635055,105.7769406034395,1.0607441129110526
0.035076923076923075,0.004923076923076924,105.82099543597748,104.77670478734065,1.0442906486368315
0.035076923076923075,0.0052307692307692315,104.75143696934967,103.7152823261984,1.0361546431512636
0.035076923076923075,0.00553846153846154,103.61312354795874,102.59329306084005,1.019830487118682
0.035076923076923075,0.005846153846153847,102.4223726543176,101.4113922014009,1.010980452916698
0.035076923076923075,0.006153846153846156,101.16394337162001,100.17026994470007,0.9936734269199405
0.035076923076923075,0.006461538461538463,99.85303780480933,98.87065107118498,0.9823867336243524
0.035076923076923075,0.0067692307692307704,98.47869089540363,97.51329452168002,0.9653963737236069
0.035076923076923075,0.007076923076923079,97.0522695521515,96.09899295418641,0.9532765979650861
0.035076923076923075,0.007384615384615386,95.56424433676997,94.62857228099229,0.9356720557776868
0.035076923076923075,0.007692307692307694,94.02447685206066,93.10289118636318,0.9215856656974779
0.035076923076923075,0.008000000000000002,92.17421273080204,91.52284062509457,0.6513721057074662
0.035076923076923075,0.00830769230769231,90.52348742297306,89.88934330221942,0.6341441207536462
0.035076923076923075,0.008615384615384617,88.82931957055897,88.20335313417439,0.6259664363845729
0.035076923076923075,0.008923076923076924,87.07619397906507,86.46585469173945,0.6103392873256155
0.035076923076923075,0.009230769230769233,85.2779524023341,84.67786262507637,0.6000897772577218
0.035076923076923075,0.00953846153846154,83.42557164331862,82.84042107120155,0.5851505721170724
0.035076923076923075,0.009846153846153848,81.52748660892792,80.95460304423936,0.5728835646885528
0.035076923076923075,0.010153846153846156,79.58084078195101,79.02150980881221,0.559330973138799
0.035076923076923075,0.010461538461538463,77.5870648246776,77.04227023693292,0.5447945877446756
0.035076923076923075,0.010769230769230772,75.54893109771334,75.01804014877533,0.5308909489380085
0.035076923076923075,0.01107692307692308,73.4652628678703,72.95000163770781,0.5152612301624799
0.035076923076923075,0.011384615384615387,71.34364921896157,70.83936237998408,0.5042868389774924
0.035076923076923075,0.011692307692307695,69.17421081682552,68.68735492949422,0.48685588733130203
0.035076923076923075,0.012000000000000002,66.96953312283777,66.49523599798795,0.47429712484982645
0.035076923076923075,0.012307692307692311,64.71980455574449,64.26428572119036,0.4555188345541268
0.035076923076923075,0.012615384615384619,62.44079292113264,61.99580691123869,0.44498600989395243
0.035076923076923075,0.012923076923076926,60.11529910593595,59.691124295876705,0.42417481005924174
0.035076923076923075,0.013230769230769233,57.76324404469077,57.351583744851034,0.4116602998397383
0.035076923076923075,0.013538461538461541,55.36947427069739,54.978551483961084,0.3909227867363043
0.035076923076923075,0.013846153846153848,52.95484714032991,52.573413297221755,0.3814338431081552
0.035076923076923075,0.014153846153846157,50.49655449576382,50.13757371760443,0.3589807781593848
0.035076923076923075,0.014461538461538465,48.01927684502443,47.672455206829476,0.34682163819495315
0.035076923076923075,0.014769230769230772,45.50400841752409,45.17949732468845,0.3245110928356425
0.035076923076923075,0.01507692307692308,42.974493448738386,42.66015588838188,0.3143375603565062
0.035076923076923075,0.015384615384615387,40.40641761790614,40.11590212236297,0.29051549554317546
0.035076923076923075,0.015692307692307696,37.826002311218986,37.54822179918387,0.27778051203511467
0.035076923076923075,0.016000000000000004,35.21340409508847,34.95861437184646,0.25478972324201266
0.035076923076923075,0.01630769230769231,32.59214124949243,32.34859209816396,0.243549151328466
0.035076923076923075,0.01661538461538462,29.939195400452597,29.719679157645004,0.2195162428075932
0.035076923076923075,0.016923076923076926,27.279208883980814,27.07341076141558,0.2057981225652341
0.035076923076923075,0.017230769230769234,24.59473296778579,24.411332255699218,0.1834007120865735
0.035076923076923075,0.01753846153846154,21.90588394449733,21.734998219378042,0.17088572511928746
0.035076923076923075,0.01784615384615385,19.19406421132975,19.04597155616271,0.14809265516704073
0.035076923076923075,0.01815384615384616,16.479076104385705,16.34582258190041,0.13325352248529398
0.035076923076923075,0.018461538461538467,13.747577025202958,13.636128107555031,0.11144891764792675
0.035076923076923075,0.018769230769230774,11.014426848796331,10.918470518393445,0.09595633040288654
0.035076923076923075,0.01907692307692308,8.26788821235878,8.194436849917484,0.07345136244129691
0.035076923076923075,0.01938461538461539,5.52048580430633,5.465617861079651,0.05486794322667876
0.035076923076923075,0.019692307692307696,2.7604404482162526,2.7336071053248805,0.02683334289137207
0.0356923076923077,0.00030769230769230776,99.91773535333351,99.54328221262237,0.37445314071113955
0.0356923076923077,0.0006153846153846155,100.03177380449982,99.45607801305138,0.5756957914484389
0.0356923076923077,0.0009230769230769233,100.02708594505197,99.3107942646423,0.7162916804096682
0.0356923076923077,0.001230769230769231,99.8885415580985,99.10751580901295,0.7810257490855435
0.0356923076923077,0.001538461538461539,99.67943775299554,98.84636135505703,0.8330763979385125
0.0356923076923077,0.0018461538461538465,99.37958872534061,98.52748340962145,0.8521053157191574
0.0356923076923077,0.002153846153846154,99.0274127482129,98.15106818844662,0.8763445597662809
0.0356923076923077,0.002461538461538462,98.59347980386683,97.71733550742168,0.8761442964451476
0.0356923076923077,0.00276923076923077,98.11057805841072,97.22653865421829,0.8840394041924355
0.0356923076923077,0.003076923076923078,97.55638051870444,96.67896424037768,0.8774162783267627
0.0356923076923077,0.0033846153846153852,96.95592231516893,96.07493203393764,0.8809902812312913
0.0356923076923077,0.003692307692307693,96.28426494576307,95.41479477269695,0.8694701730661194
0.0356923076923077,0.004000000000000001,95.56580205425294,94.69893795822644,0.8668640960265037
0.0356923076923077,0.004307692307692308,94.78232226622562,93.92777963074698,0.8545426354786372
0.0356923076923077,0.004615384615384617,93.95287626450701,93.10177012500567,0.85110613950134
0.0356923076923077,0.004923076923076924,93.0584678701918,92.22139180729314,0.8370760628986602
0.0356923076923077,0.0052307692307692315,92.11759203475715,91.28715879375514,0.8304332410020123
0.0356923076923077,0.00553846153846154,91.11629057570973,90.2996166501632,0.8166739255465245
0.0356923076923077,0.005846153846153847,90.06890137485078,89.25934207331963,0.8095593015311522
0.0356923076923077,0.006153846153846156,88.96204538194468,88.16694255428276,0.7951028276619212
0.0356923076923077,0.006461538461538463,87.80906848841455,87.0230560236093,0.7860124648052533
0.0356923076923077,0.0067692307692307704,86.60033514834045,85.82835047882091,0.77198466951954
0.0356923076923077,0.007076923076923079,85.34583088556448,84.58352359431237,0.7623072912521138
0.0356923076923077,0.007384615384615386,84.03718595688615,83.2893023139294,0.7478836429567508
0.0356923076923077,0.007692307692307694,82.68305966121198,81.94644242645401,0.736617234757972
0.0356923076923077,0.008000000000000002,81.00020435293342,80.55572812424501,0.44447622868841563
0.0356923076923077,0.00830769230769231,79.5494861648306,79.11797154529182,0.431514619538774
0.0356923076923077,0.008615384615384617,78.06060896365074,77.63401229894883,0.42659666470190416
0.0356923076923077,0.008923076923076924,76.51994453043774,76.10471697562699,0.41522755481075535
0.0356923076923077,0.009230769230769233,74.93964706056799,74.53097864072956,0.4086684198384347
0.0356923076923077,0.00953846153846154,73.31178994671018,72.9137163131271,0.39807363358308123
0.0356923076923077,0.009846153846153848,71.64378135439937,71.25387442847614,0.38990692592322773
0.0356923076923077,0.010153846153846156,69.93311181623228,69.55242228769556,0.38068952853672045
0.0356923076923077,0.010461538461538463,68.18103553359325,67.81035349092203,0.37068204267121985
0.0356923076923077,0.010769230769230772,66.38998819733354,66.0286853572755,0.3613028400580305
0.0356923076923077,0.01107692307692308,64.55893556012538,64.20845833077361,0.3504772293517675
0.0356923076923077,0.011384615384615387,62.694545172126816,62.350735372741504,0.343809799385312
0.0356923076923077,0.011692307692307695,60.78813293008453,60.456601341072485,0.3315315890120445
0.0356923076923077,0.012000000000000002,58.8507572166416,58.52716235670151,0.3235948599400871
0.0356923076923077,0.012307692307692311,56.8737950128644,56.56354515766169,0.31024985520270576
0.0356923076923077,0.012615384615384619,54.87110159036996,54.566896441101065,0.3042051492688955
0.0356923076923077,0.012923076923076926,52.82756295575076,52.538382193643706,0.28918076210705124
0.0356923076923077,0.013230769230769233,50.76068419991741,50.479187010486385,0.28149718943102187
0.0356923076923077,0.013538461538461541,48.65715785314606,48.390513403628304,0.2666444495177558
0.0356923076923077,0.013846153846153848,46.53530771090571,46.273581099638065,0.2617266112676475
0.0356923076923077,0.014153846153846157,44.37508833427497,44.12962632736752,0.24546200690745223
0.0356923076923077,0.014461538461538465,42.19818668182232,41.959901096029114,0.23828558579320713
0.0356923076923077,0.014769230769230772,39.98790007746696,39.765672464057616,0.22222761340934483
0.0356923076923077,0.01507692307692308,37.765094116148084,37.54822179918379,0.21687231696429166
0.0356923076923077,0.015384615384615387,35.50840394075845,35.30884403015168,0.1995599106067658
0.0356923076923077,0.015692307692307696,33.240870816866156,33.04884689051662,0.1920239263495347
0.0356923076923077,0.016000000000000004,30.945050820473654,30.76955015496578,0.17550066550787236
0.0356923076923077,0.01630769230769231,28.641615127638783,28.472284868606845,0.16933025903193766
0.0356923076923077,0.01661538461538462,26.310313775202946,26.1583925696752,0.15192120552774568
0.0356923076923077,0.016923076923076926,23.9728200539669,23.829224506113267,0.14359554785363216
0.0356923076923077,0.017230769230769234,21.613859736503855,21.486140846479948,0.1277188900239068
0.0356923076923077,0.01753846153846154,19.25106609828599,19.13050988565028,0.1205562126357087
0.0356923076923077,0.01784615384615385,16.86807005588945,16.763707245769954,0.10436281011949688
0.0356923076923077,0.01815384615384616,14.482287474985485,14.3871150729305,0.09517240205498467
0.0356923076923077,0.018461538461538467,12.082173890056595,12.002121230035232,0.08005266002136224
0.0356923076923077,0.018769230769230774,9.680627204725209,9.610118486325968,0.07050871839924078
0.0356923076923077,0.01907692307692308,7.26705849643101,7.212503704045357,0.05455479238565264
0.0356923076923077,0.01938461538461539,4.852714173752112,4.810677022708449,0.04203715104366257
0.0356923076923077,0.019692307692307696,2.4265418986329355,2.406041041460823,0.020500857172112585
0.03630769230769231,0.00030769230769230776,86.21441789285875,85.75865588603016,0.4557620068285928
0.03630769230769231,0.0006153846153846155,86.35526731185884,85.68352761241295,0.6717396994458937
0.03630769230769231,0.0009230769230769233,86.36094927315264,85.55836257155129,0.8025867016013564
0.03630769230769231,0.001230769230769231,86.24313933415917,85.38323385630433,0.8599054778548378
0.03630769230769231,0.001538461538461539,86.06125491678443,85.15824373691012,0.9030111798743121
0.03630769230769231,0.0018461538461538465,85.80095092421122,84.88352360126258,0.9174273229486403
0.03630769230769231,0.002153846153846154,85.49536434504715,84.55923387818467,0.9361304668624797
0.03630769230769231,0.002461538461538462,85.11961121413785,84.18556394374257,0.9340472703952827
0.03630769230769231,0.00276923076923077,84.7017086520661,83.76273201065528,0.938976641410818
0.03630769230769231,0.003076923076923078,84.22242762463266,83.29098500086462,0.9314426237680351
0.03630769230769231,0.0033846153846153852,83.70327611146925,82.77059840133977,0.9326777101294823
0.03630769230769231,0.003692307692307693,83.12284310749018,82.2018761032005,0.9209670042896789
0.03630769230769231,0.004000000000000001,82.5020678005236,81.58515022425354,0.9169175762700661
0.03630769230769231,0.004307692307692308,81.82524536003967,80.92078091504493,0.9044644449947441
0.03630769230769231,0.004615384615384617,81.1087789220119,80.20915614854233,0.8996227734695594
0.03630769230769231,0.004923076923076924,80.33633447957175,79.4506914935698,0.8856429860019404
0.03630769230769231,0.0052307692307692315,79.52381320707508,78.64582987212714,0.8779833349479418
0.03630769230769231,0.00553846153846154,78.65918503136783,77.79504130073609,0.8641437306317385
0.03630769230769231,0.005846153846153847,77.7547981459453,76.8988226159638,0.8559755299815066
0.03630769230769231,0.006153846153846156,76.79913907681406,75.9576971842843,0.8414418925297582
0.03630769230769231,0.006461538461538463,75.80368982845678,74.97221459644724,0.831475232009538
0.03630769230769231,0.0067692307692307704,74.76014739810203,73.94295034653237,0.8171970515696643
0.03630769230769231,0.007076923076923079,73.67711207105242,72.87050549587714,0.8066065751752802
0.03630769230769231,0.007384615384615386,72.5473772669819,71.75550632207387,0.7918709449080268
0.03630769230769231,0.007692307692307694,71.37839660380575,70.59860395324127,0.7797926505644881
0.03630769230769231,0.008000000000000002,69.7224249823946,69.40047398778388,0.32195099461071663
0.03630769230769231,0.00830769230769231,68.47358979422879,68.16181609986178,0.3117736943670053
0.03630769230769231,0.008615384615384617,67.19192751782698,66.88335363080041,0.3085738870265686
0.03630769230769231,0.008923076923076924,65.86571419310488,65.5658331666797,0.299881026425183
0.03630769230769231,0.009230769230769233,64.50540103406813,64.2100241023488,0.295376931719332
0.03630769230769231,0.00953846153846154,63.10416807385383,62.8167181921212,0.287449881732627
0.03630769230769231,0.009846153846153848,61.66838750491584,61.38672908741242,0.28165841750342224
0.03630769230769231,0.010153846153846156,60.19590010170896,59.920891861590576,0.27500824011838176
0.03630769230769231,0.010461538461538463,58.687782417236846,58.42006252231701,0.2677198949198356
0.03630769230769231,0.010769230769230772,57.146130350397456,56.88511751166191,0.2610128387355459
0.03630769230769231,0.01107692307692308,55.57005257009806,55.31695319428687,0.2530993758111961
0.03630769230769231,0.011384615384615387,53.96528669524866,53.71648533399311,0.24880136125554486
0.03630769230769231,0.011692307692307695,52.32435630039579,52.08464855894126,0.23970774145453078
0.03630769230769231,0.012000000000000002,50.65677836448775,50.42239581585479,0.23438254863295782
0.03630769230769231,0.012307692307692311,48.9551289484952,48.73069781352598,0.2244311349692225
0.03630769230769231,0.012615384615384619,47.231333070447754,47.010542455949334,0.2207906144984193
0.03630769230769231,0.012923076923076926,45.47238206375547,45.262934265413435,0.2094477983420333
0.03630769230769231,0.013230769230769233,43.693342412123286,43.48889379588824,0.20444861623504806
0.03630769230769231,0.013538461538461541,41.88276586244486,41.68945703705026,0.19330882539460248
0.03630769230769231,0.013846153846153848,40.056420863743334,39.865674809293864,0.19074605444946968
0.03630769230769231,0.014153846153846157,38.19705189040565,38.018612150081616,0.17843974032403764
0.03630769230769231,0.014461538461538465,36.32332466722619,36.14934769199252,0.17397697523367128
0.03630769230769231,0.014769230769230772,34.420859290269824,34.258973032830866,0.16188625743895813
0.03630769230769231,0.01507692307692308,32.50761710564713,32.34859209816394,0.15902500748318715
0.03630769230769231,0.015384615384615387,30.565209825375344,30.419320496660546,0.14588932871479798
0.03630769230769231,0.015692307692307696,28.61346971449583,28.472284868606888,0.14118484588894376
0.03630769230769231,0.016000000000000004,26.637369849945795,26.508622227980492,0.12874762196530298
0.03630769230769231,0.01630769230769231,24.654711590176767,24.529479298465986,0.12523229171078043
0.03630769230769231,0.01661538461538462,22.648037134459575,22.536011843800807,0.11202529065876732
0.03630769230769231,0.016923076923076926,20.636025746309457,20.52938399284161,0.10664175346784788
0.03630769230769231,0.017230769230769234,18.60557838067678,18.510767559745993,0.09481082093078541
0.03630769230769231,0.01753846153846154,16.57183887620793,16.481341359665826,0.09049751654210425
0.03630769230769231,0.01784615384615385,14.520686508535375,14.442290520352563,0.07839598818281246
0.03630769230769231,0.01815384615384616,12.4671323666278,12.394805790075834,0.07232657655196562
0.03630769230769231,0.018461538461538467,10.401455040575392,10.340082842260271,0.061372198315121196
0.03630769230769231,0.018769230769230774,8.334565396108498,8.279321577245533,0.05524381886296581
0.03630769230769231,0.01907692307692308,6.257003754761621,6.213725421578592,0.04327833318302954
0.03630769230769231,0.01938461538461539,4.1787535974870025,4.144500625246337,0.03425297224066526
0.03630769230769231,0.019692307692307696,2.0895479778430226,2.072855557259694,0.016692420583328538
0.036923076923076927,0.00030769230769230776,72.18215290168166,71.77373624495893,0.40841665672273564
0.036923076923076927,0.0006153846153846155,72.33012832894029,71.71085936285962,0.6192689660806678
0.036923076923076927,0.0009230769230769233,72.3575260081132,71.60610535829787,0.75142064981533
0.036923076923076927,0.001230769230769231,72.27104677262969,71.45953540466243,0.8115113679672561
0.036923076923076927,0.001538461538461539,72.12537383250812,71.27123509467877,0.854138737829345
0.036923076923076927,0.0018461538461538465,71.90997907173882,71.04131439042531,0.8686646813135042
0.036923076923076927,0.002153846153846154,71.65480440333542,70.76990755911866,0.8848968442167546
0.036923076923076927,0.002461538461538462,71.33987997291105,70.4571730947054,0.8827068782056529
0.036923076923076927,0.00276923076923077,70.98921631247524,70.10329362530602,0.885922687169213
0.036923076923076927,0.003076923076923078,70.58690144383144,69.70847580656526,0.8784256372661758
0.036923076923076927,0.0033846153846153852,70.15111344828217,69.27295020097104,0.8781632473111358
0.036923076923076927,0.003692307692307693,69.6640861900563,68.79697114321247,0.8671150468438213
0.036923076923076927,0.004000000000000001,69.14331462138078,68.28081659165552,0.8624980297252591
0.036923076923076927,0.004307692307692308,68.57564166493178,67.72478796602321,0.8508536989085655
0.036923076923076927,0.004615384615384617,67.97479962942914,67.12920997137489,0.8455896580542515
0.036923076923076927,0.004923076923076924,67.32714754869097,66.49443040848774,0.8327171402032292
0.036923076923076927,0.0052307692307692315,66.64596306556531,65.82081997075088,0.825143094814436
0.036923076923076927,0.00553846153846154,65.92115836432681,65.10877202769076,0.8123863366360524
0.036923076923076927,0.005846153846153847,65.16306981589136,64.35870239525465,0.8043674206367086
0.036923076923076927,0.006153846153846156,64.3620648587206,63.57104909298559,0.7910157657350112
0.036923076923076927,0.006461538461538463,63.52774291917806,62.74627208823151,0.781470830946553
0.036923076923076927,0.0067692307692307704,62.653142762597675,61.88485302753713,0.7682897350605415
0.036923076923076927,0.007076923076923079,61.745466243336864,60.98729495537603,0.7581712879608347
0.036923076923076927,0.007384615384615386,60.798679694522754,60.054122020386735,0.7445576741360185
0.036923076923076927,0.007692307692307694,59.819019674539305,59.0858791692848,0.7331405052545037
0.036923076923076927,0.008000000000000002,58.43422479610015,58.083131828629156,0.35109296747099705
0.036923076923076927,0.00830769230769231,57.3876091496385,57.046465574629,0.34114357500949666
0.036923076923076927,0.008615384615384617,56.31349275860742,55.97648579118376,0.33700696742365466
0.036923076923076927,0.008923076923076924,55.20205392851781,54.873817316355904,0.32823661216190914
0.036923076923076927,0.009230769230769233,54.06204416863,53.739104077483155,0.3229400911468474
0.036923076923076927,0.00953846153846154,52.88774929298436,52.57300871514308,0.3147405778412775
0.036923076923076927,0.009846153846153848,51.684507413810856,51.37621219618958,0.30829521762127854
0.036923076923076927,0.010153846153846156,50.450509343388994,50.149413416087455,0.3010959273015388
0.036923076923076927,0.010461538461538463,49.18665611682243,48.89332879077718,0.2933273260452438
0.036923076923076927,0.010769230769230772,47.89470391976673,47.6086918383081,0.28601208145862955
0.036923076923076927,0.01107692307692308,46.5739031087405,46.29625275048458,0.27765035825592577
0.036923076923076927,0.011384615384615387,45.22906178607219,44.95677795477512,0.27228383129706657
0.036923076923076927,0.011692307692307695,43.853915371307984,43.59104966674029,0.26286570456769454
0.036923076923076927,0.012000000000000002,42.45643888868366,42.199865433240866,0.25657345544279053
0.036923076923076927,0.012307692307692311,41.030407344967074,40.78403766669292,0.24636967827415646
0.036923076923076927,0.012615384615384619,39.58581501154054,39.34439317064187,0.24142184089866703
0.036923076923076927,0.012923076923076926,38.111761671494506,37.88177265693247,0.2299890145620367
0.036923076923076927,0.013230769230769233,36.62087347052305,36.39703025475676,0.22384321576629418
0.036923076923076927,0.013538461538461541,35.10355456188367,34.891033011866675,0.21252155001699435
0.036923076923076927,0.013846153846153848,33.573020299410324,33.36466038824263,0.20835991116769037
0.036923076923076927,0.014153846153846157,32.01480992493783,31.818803742513555,0.1960061824242736
0.036923076923076927,0.014461538461538465,30.4445664582918,30.254365811428656,0.19020064686314342
0.036923076923076927,0.014769230769230772,28.850231313607335,28.67226018268449,0.17797113092284533
0.036923076923076927,0.01507692307692308,27.246861789658457,27.073410761415545,0.17345102824291203
0.036923076923076927,0.015384615384615387,25.619047194787107,25.45875123065964,0.16029596412746727
0.036923076923076927,0.015692307692307696,23.983410177220552,23.82922450611328,0.1541856711072711
0.036923076923076927,0.016000000000000004,22.327334169467775,22.18578218549551,0.14155198397226698
0.036923076923076927,0.01630769230769231,20.665755356664857,20.529383992841595,0.13637136382326176
0.036923076923076927,0.01661538461538462,18.984009480275997,18.860997218051253,0.12301226222474426
0.036923076923076927,0.016923076923076926,17.297782034201372,17.181596152018514,0.11618588218285808
0.036923076923076927,0.017230769230769234,15.596113558318404,15.49216151767339,0.10395204064501407
0.036923076923076927,0.01753846153846154,13.891687755683947,13.793679897267179,0.09800785841676785
0.036923076923076927,0.01784615384615385,12.172636136021262,12.087143156236325,0.08549297978493797
0.036923076923076927,0.01815384615384616,10.451567162285697,10.3735478639808,0.07801929830489662
0.036923076923076927,0.018461538461538467,8.720575734771245,8.65389471189587,0.06668102287537536
0.036923076923076927,0.018769230769230774,6.988592061878902,6.92918792899619,0.059404132882711735
0.036923076923076927,0.01907692307692308,5.247091859375208,5.2004346954745975,0.046657163900610144
0.036923076923076927,0.01938461538461539,3.5049776872191667,3.468644554537082,0.03633313268208482
0.036923076923076927,0.019692307692307696,1.7526484539396379,1.7348288228581008,0.017819631081537057
0.03753846153846154,0.00030769230769230776,58.19989771111211,57.621185717226766,0.5787119938853422
0.03753846153846154,0.0006153846153846155,58.42422626372498,57.57070707851693,0.8535191852080501
0.03753846153846154,0.0009230769230769233,58.49571456662812,57.48660876808656,1.0091057985415617
0.03753846153846154,0.001230769230769231,58.447418159641536,57.36893989698072,1.0784782626608163
0.03753846153846154,0.001538461538461539,58.339936597242186,57.21776918050653,1.1221674167356568
0.03753846153846154,0.0018461538461538465,58.16969143469603,57.03318489810539,1.1365065365906375
0.03753846153846154,0.002153846153846154,57.9646260001687,56.81529484180025,1.1493311583684473
0.03753846153846154,0.002461538461538462,57.709965882700025,56.56422625324813,1.1457396294518958
0.03753846153846154,0.00276923076923077,57.42587074200953,56.28012574943455,1.1457449925749756
0.03753846153846154,0.003076923076923078,57.09976039230475,55.96315923705337,1.136601155251384
0.03753846153846154,0.0033846153846153852,56.746511479347646,55.613511815621905,1.132999663725741
0.03753846153846154,0.003692307692307693,56.3519723107672,55.23138766938808,1.120584641379125
0.03753846153846154,0.004000000000000001,55.93021109282899,54.81700994809251,1.113201144736479
0.03753846153846154,0.004307692307692308,55.470605276944084,54.37062063665543,1.0999846402886533
0.03753846153846154,0.004615384615384617,54.98422961071198,53.892480413864185,1.0917491968477933
0.03753846153846154,0.004923076923076924,54.46011475251787,53.382868500144305,1.0772462523735626
0.03753846153846154,0.0052307692307692315,53.9089301761102,52.842082494502506,1.0668476816076975
0.03753846153846154,0.00553846153846154,53.3225199776694,52.27043820073736,1.0520817769320416
0.03753846153846154,0.005846153846153847,52.709220928588856,51.6682694430187,1.0409514855701545
0.03753846153846154,0.006153846153846156,52.06126817653177,51.03592787094372,1.0253403055880455
0.03753846153846154,0.006461538461538463,51.386391001497906,50.37378275418353,1.0126082473143754
0.03753846153846154,0.0067692307692307704,50.67896311374623,49.68222076684007,0.99674234690616
0.03753846153846154,0.007076923076923079,49.94479725135135,48.96164576163928,0.9831514897120712
0.03753846153846154,0.007384615384615386,49.17902544967486,48.21247853409253,0.9665469155823274
0.03753846153846154,0.007692307692307694,48.386675568663975,47.43515657676389,0.9515189919000875
0.03753846153846154,0.008000000000000002,47.14498252823013,46.630133823786714,0.5148487044434162
0.03753846153846154,0.00830769230769231,46.30062007764936,45.79788038577902,0.502739691870346
0.03753846153846154,0.008615384615384617,45.434082668048276,44.93888227531202,0.49520039273625827
0.03753846153846154,0.008923076923076924,44.53745067120533,44.053641123092504,0.4838095481128235
0.03753846153846154,0.009230769230769233,43.617776219298044,43.14267388502463,0.47510233427341575
0.03753846153846154,0.00953846153846154,42.67045082131358,42.20651254032225,0.4639382809913286
0.03753846153846154,0.009846153846153848,41.69977869854371,41.24570378084801,0.4540749176956993
0.03753846153846154,0.010153846153846156,40.70430068068936,40.26080869186069,0.4434919888286686
0.03753846153846154,0.010461538461538463,39.684742498002194,39.25240242435723,0.43234007364496563
0.03753846153846154,0.010769230769230772,38.64252063076652,38.22107385920075,0.42144677156576904
0.03753846153846154,0.01107692307692308,37.57702700024992,37.16742526323068,0.4096017370192371
0.03753846153846154,0.011384615384615387,36.49214023366588,36.092071937555936,0.4000682961099429
0.03753846153846154,0.011692307692307695,35.382808012280265,34.99564185823632,0.38716615404394616
0.03753846153846154,0.012000000000000002,34.255463350514546,33.878775309562286,0.37668804095225994
0.03753846153846154,0.012307692307692311,33.10508018752305,32.742124510146844,0.36295567737620615
0.03753846153846154,0.012615384615384619,31.93972199873483,31.586353232048342,0.3533687666864864
0.03753846153846154,0.012923076923076926,30.750597329206975,30.412136413146225,0.33846091606075035
0.03753846153846154,0.013230769230769233,29.54789181354219,29.220159762996335,0.32773205054585475
0.03753846153846154,0.013538461538461541,28.323861330336456,28.011119362395817,0.3127419679406387
0.03753846153846154,0.013846153846153848,27.089168363360244,26.785721256891605,0.3034471064686386
0.03753846153846154,0.014153846153846157,25.832147407310146,25.54468104446961,0.2874663628405365
0.03753846153846154,0.014461538461538465,24.56541862992358,24.288723457665725,0.2766951722578561
0.03753846153846154,0.014769230769230772,23.279244617998305,23.018581940342383,0.26066267765592244
0.03753846153846154,0.01507692307692308,21.985778643121005,21.73499821937803,0.2507804237429738
0.03753846153846154,0.015384615384615387,20.67258771267835,20.438721871519512,0.23386584115883835
0.03753846153846154,0.015692307692307696,19.35308479645477,19.13050988565031,0.222574910804461
0.03753846153846154,0.016000000000000004,18.01706301799473,17.811126220730426,0.2059367972643038
0.03753846153846154,0.01630769230769231,16.67659385354795,16.481341359665826,0.19525249388212274
0.03753846153846154,0.01661538461538462,15.319806724748394,15.14193185936813,0.17787486538026442
0.03753846153846154,0.016923076923076926,13.95939338164822,13.793679897267191,0.16571348438102795
0.03753846153846154,0.017230769230769234,12.586530389306896,12.437372814541611,0.1491575747652849
0.03753846153846154,0.01753846153846154,11.211444245315368,11.073802656333546,0.13764158898182188
0.03753846153846154,0.01784615384615385,9.824519080991143,9.70376570921675,0.12075337177439316
0.03753846153846154,0.01815384615384616,8.435960948345151,8.328062036187521,0.10789891215762992
0.03753846153846154,0.018461538461538467,7.039680383334803,6.947495009450637,0.09218537388416603
0.03753846153846154,0.018769230769230774,5.642627575088016,5.562870841272363,0.07975673381565329
0.03753846153846154,0.01907692307692308,4.237194248617089,4.174998113175387,0.06219613544170244
0.03753846153846154,0.01938461538461539,2.8312202435510563,2.784687303749863,0.04653293980119333
0.03753846153846154,0.019692307692307696,1.415758369724905,1.3927503153568306,0.023008054368074404
0.038153846153846156,0.00030769230769230776,43.73292365413291,43.33405824035427,0.39886541377864404
0.038153846153846156,0.0006153846153846155,43.894697282590556,43.296095740233554,0.5986015423570024
0.038153846153846156,0.0009230769230769233,43.94444370236682,43.2328495394353,0.7115941629315188
0.038153846153846156,0.001230769230769231,43.90559672385925,43.14435657195975,0.7612401518995
0.038153846153846156,0.001538461538461539,43.82171642961581,43.03066851520791,0.7910479144079048
0.038153846153846156,0.0018461538461538465,43.69137258847507,42.891851759803416,0.7995208286716533
0.038153846153846156,0.002153846153846154,43.53504365306946,42.7279873708223,0.8070562822471601
0.038153846153846156,0.002461538461538462,43.34210324059388,42.539171040453226,0.8029322001406527
0.038153846153846156,0.00276923076923077,43.12734042630504,42.325513032116014,0.8018273941890257
0.038153846153846156,0.003076923076923078,42.88140762699363,42.087138116070825,0.7942695109228026
0.038153846153846156,0.0033846153846153852,42.61528297308743,41.8241854965559,0.7910974765315331
0.038153846153846156,0.003692307692307693,42.31839627637396,41.53680873049619,0.7815875458777697
0.038153846153846156,0.004000000000000001,42.00118885606373,41.22517563783044,0.7760132182332882
0.038153846153846156,0.004307692307692308,41.655693082592194,40.889468203509054,0.7662248790831399
0.038153846153846156,0.004615384615384617,41.2901630254441,40.52988247122001,0.7602805542240887
0.038153846153846156,0.004923076923076924,40.896381018521936,40.14662842890492,0.7497525896170174
0.038153846153846156,0.0052307692307692315,40.48231492278901,39.7399298861319,0.7423850366571116
0.038153846153846156,0.00553846153846154,40.041845664835186,39.31002434339713,0.7318213214380549
0.038153846153846156,0.005846153846153847,39.58121017566161,38.85716285343128,0.7240473222303336
0.038153846153846156,0.006153846153846156,39.09458780551735,38.381609874591724,0.712977930925625
0.038153846153846156,0.006461538461538463,38.587763965357105,37.883643116426356,0.7041208489307493
0.038153846153846156,0.0067692307692307704,38.05651799679615,37.363553377499,0.6929646192971504
0.038153846153846156,0.007076923076923079,37.505204432697155,36.82164437557128,0.6835600571258738
0.038153846153846156,0.007384615384615386,36.93017330844936,36.25823257023993,0.6719407382094289
0.038153846153846156,0.007692307692307694,36.335191555583826,35.6736469781334,0.661544577450428
0.038153846153846156,0.008000000000000002,35.35134434041586,35.06822898077529,0.28311535964056844
0.038153846153846156,0.00830769230769231,34.71817237596847,34.44233212522727,0.27584025074120433
0.038153846153846156,0.008615384615384617,34.06837771462598,33.79632191762749,0.2720557969984938
0.038153846153846156,0.008923076923076924,33.39602367892585,33.13057560974528,0.2654480691805716
0.038153846153846156,0.009230769230769233,32.70639521432188,32.44548197867677,0.2609132356451127
0.038153846153846156,0.00953846153846154,31.996037435033326,31.741441099810007,0.2545963352233187
0.038153846153846156,0.009846153846153848,31.26817655587763,31.01886411319219,0.24931244268544006
0.038153846153846156,0.010153846153846156,30.52171863311312,30.27817298343545,0.2435456496776709
0.038153846153846156,0.010461538461538463,29.75720708908736,29.519800253301423,0.23740683578593647
0.038153846153846156,0.010769230769230772,28.975703901521598,28.744188791108435,0.23151511041316297
0.038153846153846156,0.01107692307692308,28.17675272900946,27.95179153210889,0.2249611969005727
0.038153846153846156,0.011384615384615387,27.363261569042002,27.14307121398783,0.2201903550541715
0.038153846153846156,0.011692307692307695,26.531441841836436,26.31850010663716,0.2129417351992764
0.038153846153846156,0.012000000000000002,25.686116854560684,25.478559736363337,0.20755711819734657
0.038153846153846156,0.012307692307692311,24.82351786162825,24.623740604689548,0.1997772569387024
0.038153846153846156,0.012615384615384619,23.949690765018982,23.75454190191666,0.1951488631023217
0.038153846153846156,0.012923076923076926,23.05804362619188,22.871471215610125,0.18657241058175345
0.038153846153846156,0.013230769230769233,22.156213606097445,21.97504423418313,0.18116937191431504
0.038153846153846156,0.013538461538461541,21.238394311490794,21.06578444574909,0.1726098657417019
0.038153846153846156,0.013846153846153848,20.31258037962803,20.144222832419366,0.16835754720866447
0.038153846153846156,0.014153846153846157,19.370024455114198,19.210897560224588,0.15912689488961007
0.038153846153846156,0.014461538461538465,18.420189403360776,18.26635366484094,0.15383573851983812
0.038153846153846156,0.014769230769230772,17.455773265100916,17.311142733304578,0.1446305317963379
0.038153846153846156,0.01507692307692308,16.485889219401134,16.34582258190043,0.14006663750070558
0.038153846153846156,0.015384615384615387,15.501214376180732,15.370956930413133,0.13025744576759912
0.038153846153846156,0.015692307692307696,14.51180647775372,14.387115072930545,0.12469140482317442
0.038153846153846156,0.016000000000000004,13.510008624723826,13.394871545392078,0.11513707933174722
0.038153846153846156,0.01630769230769231,12.504875014685464,12.394805790075855,0.11006922460960844
0.038153846153846156,0.01661538461538462,11.487496681826023,11.387501817220752,0.09999486460527152
0.038153846153846156,0.016923076923076926,10.467397299450786,10.373547863980827,0.09384943546995927
0.038153846153846156,0.017230769230769234,9.4379614273039,9.353536050911458,0.08442537639244208
0.038153846153846156,0.01753846153846154,8.40685832484065,8.328062036187534,0.07879628865311616
0.038153846153846156,0.01784615384615385,7.36686812451579,7.297724667755926,0.06914345675986411
0.038153846153846156,0.01815384615384616,6.325652117589317,6.263125633625063,0.06252648396425364
0.038153846153846156,0.018461538461538467,5.278683919763877,5.224869110496226,0.053814809267650254
0.038153846153846156,0.018769230769230774,4.231140502848537,4.183561410941182,0.04757909190735532
0.038153846153846156,0.01907692307692308,3.1773343645751506,3.1398106293328603,0.03752373524229036
0.038153846153846156,0.01938461538461539,2.1231241797625353,2.094226286735278,0.028897893027257204
0.038153846153846156,0.019692307692307696,1.0616751961130932,1.0474189749604723,0.01425622115262093
0.03876923076923077,0.00030769230769230776,29.36386927409009,28.945722062562798,0.41814721152729106
0.03876923076923077,0.0006153846153846155,29.517337322781337,28.920364364209245,0.596972958572092
0.03876923076923077,0.0009230769230769233,29.557371585104825,28.878117987475612,0.6792535976292129
0.03876923076923077,0.001230769230769231,29.529349824891398,28.819007603056242,0.7103422218351554
0.03876923076923077,0.001538461538461539,29.468117469811855,28.74306772975106,0.7250497400607934
0.03876923076923077,0.0018461538461538465,29.37668390811835,28.65034271430759,0.7263411938107573
0.03876923076923077,0.002153846153846154,29.268313204660785,28.540886705523672,0.7274264991371133
0.03876923076923077,0.002461538461538462,29.136443090824223,28.414763622626108,0.7216794681981149
0.03876923076923077,0.00276923076923077,28.99039393027954,28.272047117943643,0.7183468123358985
0.03876923076923077,0.003076923076923078,28.823973718881078,28.112820533896052,0.7111531849850259
0.03876923076923077,0.0033846153846153852,28.644235117319614,27.937176854324548,0.7070582629950657
0.03876923076923077,0.003692307692307693,28.444128816657507,27.745218650191795,0.698910166465712
0.03876923076923077,0.004000000000000001,28.230489561470684,27.537058019683396,0.6934315417872874
0.03876923076923077,0.004307692307692308,27.99799381691736,27.31281652274569,0.6851772941716732
0.03876923076923077,0.004615384615384617,27.75209371535184,27.072625110098144,0.679468605253696
0.03876923076923077,0.004923076923076924,27.487302514829754,26.81662404676188,0.670678468067873
0.03876923076923077,0.0052307692307692315,27.2089088054609,26.544962830148787,0.6639459753121137
0.03876923076923077,0.00553846153846154,26.91282515834215,26.25780010275928,0.6550250555828718
0.03876923076923077,0.005846153846153847,26.6032031429813,25.95530355953955,0.6478995834417489
0.03876923076923077,0.006153846153846156,26.2761551510636,25.637649849952417,0.6385053011111808
0.03876923076923077,0.006461538461538463,25.93553695532553,25.30502447481902,0.6305124805065105
0.03876923076923077,0.0067692307692307704,25.57852944529815,24.95762167799159,0.6209077673065622
0.03876923076923077,0.007076923076923079,25.208038186664528,24.59564433292047,0.6123938537440559
0.03876923076923077,0.007384615384615386,24.82162517046842,24.219303824181758,0.6023213462866615
0.03876923076923077,0.007692307692307694,24.421804839706944,23.82881992403467,0.5929849156722753
0.03876923076923077,0.008000000000000002,23.52516448034711,23.424420664080706,0.10074381626640516
0.03876923076923077,0.00830769230769231,23.10375960140424,23.00634220209965,0.09741739930458948
0.03876923076923077,0.008615384615384617,22.671298899083485,22.57482868414004,0.09647021494344443
0.03876923076923077,0.008923076923076924,22.2238338650356,22.130132101944785,0.09370176309081657
0.03876923076923077,0.009230769230769233,21.764877883175128,21.672512145795046,0.09236573738008147
0.03876923076923077,0.00953846153846154,21.292132763939552,21.202236052858474,0.089896711081078
0.03876923076923077,0.009846153846153848,20.807743869508396,20.719578451130182,0.0881654183782139
0.03876923076923077,0.010153846153846156,20.310983463931937,20.224821199057754,0.08616226487418288
0.03876923076923077,0.010461538461538463,19.80221220984383,19.71825322094385,0.08395898889997966
0.03876923076923077,0.010769230769230772,19.282136627744755,19.200170338222534,0.08196628952222085
0.03876923076923077,0.01107692307692308,18.75045276984965,18.6708750967079,0.07957767314175257
0.03876923076923077,0.011384615384615387,18.209095348791188,18.13067658991584,0.07841875887534755
0.03876923076923077,0.011692307692307695,17.655542844849634,17.579890278562118,0.07565256628751627
0.03876923076923077,0.012000000000000002,17.09300449036265,17.018837806342212,0.07416668402043669
0.03876923076923077,0.012307692307692311,16.518972621639843,16.447846812100437,0.0711258095394065
0.03876923076923077,0.012615384615384619,15.937469968663766,15.867250738498115,0.07021923016565168
0.03876923076923077,0.012923076923076926,15.344109964420166,15.277388637292413,0.06672132712775358
0.03876923076923077,0.013230769230769233,14.743974330880839,14.678604971339697,0.0653693595411422
0.03876923076923077,0.013538461538461541,14.133199951529102,14.071249413438892,0.06195053809021012
0.03876923076923077,0.013846153846153848,13.517106199271158,13.45567664213246,0.06142955713869824
0.03876923076923077,0.014153846153846157,12.88987179746223,12.832246134584063,0.05762566287816817
0.03876923076923077,0.014461538461538465,12.257793634978965,12.201321956654079,0.0564716783248862
0.03876923076923077,0.014769230769230772,11.61601257947524,11.563272550295338,0.05274002917990295
0.03876923076923077,0.01507692307692308,10.970592939088844,10.918470518393443,0.05212242069540096
0.03876923076923077,0.015384615384615387,10.315330468432213,10.267292407177154,0.048038061255059716
0.03876923076923077,0.015692307692307696,9.656918292089102,9.610118486325986,0.04679980576311671
0.03876923076923077,0.016000000000000004,8.990258538433704,8.947332526903448,0.04292601153025544
0.03876923076923077,0.01630769230769231,8.321378283194226,8.279321577245536,0.042056705948690265
0.03876923076923077,0.01661538461538462,7.644341007458826,7.60647573693541,0.03786527052341615
0.03876923076923077,0.016923076923076926,6.965491060502108,6.929187928996198,0.03630313150591036
0.03876923076923077,0.017230769230769234,6.280425639946616,6.247853670435066,0.03257196951155006
0.03876923076923077,0.01753846153846154,5.594250313391341,5.562870841272365,0.03137947211897618
0.03876923076923077,0.01784615384615385,4.90215046472139,4.874639452190955,0.027511012530434975
0.03876923076923077,0.01815384615384616,4.209233440587337,4.183561410941176,0.025672029646160333
0.03876923076923077,0.018461538461538467,3.512519642506854,3.4900402876381302,0.022479354868723878
0.03876923076923077,0.018769230769230774,2.8154261670317267,2.794481079087979,0.02094508794374761
0.03876923076923077,0.01907692307692308,2.114251108063287,2.097289972281312,0.016961135781975223
0.03876923076923077,0.01938461538461539,1.4128127211275363,1.3988741071913215,0.013938613936214761
0.03876923076923077,0.019692307692307696,0.7064827909272762,0.6996413390155722,0.006841451911703933
0.039384615384615386,0.00030769230769230776,14.64849516016088,14.489781809684274,0.1587133504766065
0.039384615384615386,0.0006153846153846155,14.709729611311449,14.477088137177345,0.23264147413410363
0.039384615384615386,0.0009230769230769233,14.724390862463663,14.455940252878692,0.2684506095849706
0.039384615384615386,0.001230769230769231,14.708284431186447,14.426350506557213,0.28193392462923406
0.039384615384615386,0.001538461538461539,14.676584309220482,14.388336177791505,0.2882481314289773
0.039384615384615386,0.0018461538461538465,14.63029340379152,14.341919465879066,0.28837393791245347
0.039384615384615386,0.002153846153846154,14.575776551378222,14.28712747687254,0.2886490745056829
0.039384615384615386,0.002461538461538462,14.50972055802325,14.223992207750543,0.2857283502727075
0.039384615384615386,0.00276923076923077,14.436704531771356,14.152550527732332,0.28415400403902424
0.039384615384615386,0.003076923076923078,14.353623584806027,14.072844156747207,0.2807794280588194
0.039384615384615386,0.0033846153846153852,14.263962939105182,13.984919641071267,0.2790432980339155
0.039384615384615386,0.003692307692307693,14.16419890043504,13.888828326145674,0.27537057428936507
0.039384615384615386,0.004000000000000001,14.057724344635215,13.784626326592377,0.2730980180428375
0.039384615384615386,0.004307692307692308,13.941878998373705,13.672374493444751,0.2695045049289533
0.039384615384615386,0.004615384615384617,13.819374305106296,13.552138378612293,0.26723592649400274
0.039384615384615386,0.004923076923076924,13.687472063684716,13.423988196600172,0.26348386708454363
0.039384615384615386,0.0052307692307692315,13.548805975904505,13.287998783505925,0.2608071923985804
0.039384615384615386,0.00553846153846154,13.40133596365501,13.144249553317284,0.2570864103377257
0.039384615384615386,0.005846153846153847,13.247130477021244,12.992824451536647,0.25430602548459724
0.039384615384615386,0.006153846153846156,13.084250112863506,12.833811906159264,0.2504382067042421
0.039384615384615386,0.006461538461538463,12.91461670791656,12.667304776033777,0.24731193188278233
0.039384615384615386,0.0067692307692307704,12.736823566373113,12.493400296635281,0.24342326973783202
0.039384615384615386,0.007076923076923079,12.55231908266629,12.312200023282523,0.2401190593837672
0.039384615384615386,0.007384615384615386,12.359887012061607,12.123809771832471,0.236077240229136
0.039384615384615386,0.007692307692307694,12.160780951681625,11.928339556886835,0.2324413947947903
0.039384615384615386,0.008000000000000002,11.76160381525209,11.725903527546619,0.03570028770547218
0.039384615384615386,0.00830769230769231,11.550917754950394,11.516619900752284,0.034297854198110045
0.039384615384615386,0.008615384615384617,11.3347043823725,11.300610892248372,0.03409349012412832
0.039384615384615386,0.008923076923076924,11.110989657419761,11.078002645212951,0.03298701220681011
0.039384615384615386,0.009230769230769233,10.881530043286654,10.848925156593554,0.032604886693100354
0.039384615384615386,0.00953846153846154,10.645176562137099,10.613512201192627,0.03166436094447178
0.039384615384615386,0.009846153846153848,10.403001769344737,10.371901253546802,0.03110051579793449
0.039384615384615386,0.010153846153846156,10.154641832931889,10.124233407645647,0.030408425286241325
0.039384615384615386,0.010461538461538463,9.900277046855429,9.87065329453675,0.02962375231867931
0.039384615384615386,0.010769230769230772,9.640260637566156,9.611308997865248,0.028951639700908416
0.039384615384615386,0.01107692307692308,9.374440637628902,9.346351967397164,0.028088670231738888
0.039384615384615386,0.011384615384615387,9.103784312151667,9.075936930576997,0.027847381574670038
0.039384615384615386,0.011692307692307695,8.827030998200787,8.80022180217126,0.026809196029526916
0.039384615384615386,0.012000000000000002,8.54578516642722,8.519367592050699,0.026417574376521813
0.039384615384615386,0.012307692307692311,8.258793096525023,8.233538311165056,0.025254785359967613
0.039384615384615386,0.012615384615384619,7.968065971839216,7.942900875765312,0.025165096073904714
0.039384615384615386,0.012923076923076926,7.671410694832212,7.647625009929275,0.0237856849029372
0.039384615384615386,0.013230769230769233,7.371367902213094,7.347883146447511,0.0234847557655824
0.039384615384615386,0.013538461538461541,7.066006216007672,7.043850326127446,0.0221558898802261
0.039384615384615386,0.013846153846153848,6.757985083009098,6.7357040955744685,0.022280987434629473
0.039384615384615386,0.014153846153846157,6.444394102440025,6.4236244035097,0.020769698930325653
0.039384615384615386,0.014461538461538465,6.128381449014216,6.107793495685026,0.020587953329189723
0.039384615384615386,0.014769230769230772,5.807517760570112,5.788395808456691,0.01912195211342027
0.039384615384615386,0.01507692307692308,5.484834933994147,5.465617861079679,0.019217072914468503
0.039384615384615386,0.015384615384615387,5.157231100777146,5.139648146785706,0.017582953991440498
0.039384615384615386,0.015692307692307696,4.828052545435011,4.810677022708483,0.017375522726528203
0.039384615384615386,0.016000000000000004,4.4947504874157245,4.478896598720519,0.01585388869520532
0.039384615384615386,0.01630769230769231,4.1603382555987425,4.14450062524636,0.01583763035238217
0.039384615384615386,0.01661538461538462,3.8218476549503704,3.8076843801177978,0.014163274832572625
0.039384615384615386,0.016923076923076926,3.482450750117245,3.468644554537104,0.013806195580140734
0.039384615384615386,0.017230769230769234,3.139946312782785,3.1275791382149336,0.012367174567851524
0.039384615384615386,0.01753846153846154,2.7968869589302296,2.7846873037498785,0.012199655180351154
0.039384615384615386,0.01784615384615385,2.450865348861715,2.440169290317305,0.010696058544410025
0.039384615384615386,0.01815384615384616,2.104435151728925,2.094226286735286,0.010208864993638933
0.039384615384615386,0.018461538461538467,1.7561074450072178,1.7470603139760437,0.00904713103117416
0.039384615384615386,0.018769230769230774,1.4075899873266182,1.3988741071913287,0.008715880135289567
0.039384615384615386,0.01907692307692308,1.0570338970704094,1.0498709973208518,0.0071628997495576385
0.039384615384615386,0.01938461538461539,0.7063462821319032,0.700254792352709,0.006091489779194159
0.039384615384615386,0.019692307692307696,0.3532113799294508,0.3502296583052805,0.0029817216241702638
