x_m,y_m,phi_V,phi_exact_V,signed_error_V
0.0006153846153846154,0.00030769230769230776,14.489817709490554,14.489781809684196,3.5899806357875264e-05
0.0006153846153846154,0.0006153846153846155,14.477160436115117,14.477088137177267,7.229893784987951e-05
0.0006153846153846154,0.0009230769230769233,14.456048210072584,14.455940252878614,0.00010795719397016512
0.0006153846153846154,0.001230769230769231,14.426493165901077,14.426350506557137,0.000142659343939755
0.0006153846153846154,0.001538461538461539,14.388512158223715,14.388336177791427,0.00017598043228872484
0.0006153846153846154,0.0018461538461538465,14.342127400448842,14.341919465878988,0.00020793456985401804
0.0006153846153846154,0.002153846153846154,14.287365861607388,14.287127476872463,0.000238384734924324
0.0006153846153846154,0.002461538461538462,14.224259531319607,14.223992207750467,0.00026732356914038746
0.0006153846153846154,0.00276923076923077,14.152845294075405,14.152550527732256,0.0002947663431491776
0.0006153846153846154,0.003076923076923078,14.073164846452674,14.07284415674713,0.000320689705542776
0.0006153846153846154,0.0033846153846153852,13.985264787463747,13.98491964107119,0.0003451463925561171
0.0006153846153846154,0.003692307692307693,13.889196422071132,13.8888283261456,0.00036809592553233017
0.0006153846153846154,0.004000000000000001,13.78501593122754,13.784626326592303,0.0003896046352380722
0.0006153846153846154,0.004307692307692308,13.67278411966542,13.672374493444677,0.00040962622074403043
0.0006153846153846154,0.004615384615384617,13.552566612606011,13.55213837861222,0.000428233993790883
0.0006153846153846154,0.004923076923076924,13.424433586930151,13.4239881966001,0.0004453903300518647
0.0006153846153846154,0.0052307692307692315,13.288459940356512,13.287998783505854,0.00046115685065828416
0.0006153846153846154,0.00553846153846154,13.144725050733621,13.144249553317213,0.00047549741640828813
0.0006153846153846154,0.005846153846153847,12.993312930353898,12.992824451536578,0.0004884788173207255
0.0006153846153846154,0.006153846153846156,12.834311986255031,12.833811906159195,0.0005000800958363527
0.0006153846153846154,0.006461538461538463,12.667815127203994,12.66730477603371,0.0005103511702841956
0.0006153846153846154,0.0067692307692307704,12.493919572503104,12.493400296635214,0.0005192758678909115
0.0006153846153846154,0.007076923076923079,12.31272693290121,12.312200023282458,0.000526909618752569
0.0006153846153846154,0.007384615384615386,12.124343019866537,12.123809771832407,0.0005332480341291301
0.0006153846153846154,0.007692307692307694,11.928877888194057,11.928339556886769,0.0005383313072879758
0.0006153846153846154,0.008000000000000002,11.726445687638192,11.725903527546555,0.0005421600916371005
0.0006153846153846154,0.00830769230769231,11.517164680650353,11.516619900752222,0.0005447798981315088
0.0006153846153846154,0.008615384615384617,11.301157091746813,11.300610892248312,0.0005461994985012097
0.0006153846153846154,0.008923076923076924,11.078549096737458,11.07800264521289,0.0005464515245670043
0.0006153846153846154,0.009230769230769233,10.849470706681084,10.848925156593495,0.0005455500875886088
0.0006153846153846154,0.00953846153846154,10.614055733865973,10.61351220119257,0.0005435326734026802
0.0006153846153846154,0.009846153846153848,10.372441671179237,10.371901253546746,0.0005404176324912413
0.0006153846153846154,0.010153846153846156,10.124769641270928,10.124233407645594,0.0005362336253345035
0.0006153846153846154,0.010461538461538463,9.871184298150334,9.870653294536696,0.0005310036136378926
0.0006153846153846154,0.010769230769230772,9.611833756840618,9.611308997865196,0.0005247589754215909
0.0006153846153846154,0.01107692307692308,9.34686949139619,9.346351967397112,0.0005175239990773406
0.0006153846153846154,0.011384615384615387,9.076446255637743,9.075936930576948,0.0005093250607952626
0.0006153846153846154,0.011692307692307695,8.800721992322753,8.800221802171214,0.0005001901515395701
0.0006153846153846154,0.012000000000000002,8.519857739944262,8.519367592050653,0.0004901478936094605
0.0006153846153846154,0.012307692307692311,8.234017536061652,8.233538311165011,0.00047922489664031787
0.0006153846153846154,0.012615384615384619,7.943368324165177,7.942900875765269,0.000467448399907866
0.0006153846153846154,0.012923076923076926,7.648079854677731,7.647625009929233,0.00045484474849821765
0.0006153846153846154,0.013230769230769233,7.348324588576078,7.347883146447472,0.00044144212860608434
0.0006153846153846154,0.013538461538461541,7.044277590259165,7.043850326127408,0.0004272641317575321
0.0006153846153846154,0.013846153846153848,6.736116437787459,6.735704095574432,0.00041234221302666185
0.0006153846153846154,0.014153846153846157,6.424021100859912,6.423624403509665,0.000396697350247166
0.0006153846153846154,0.014461538461538465,6.108173861185739,6.1077934956849935,0.00038036550074505016
0.0006153846153846154,0.014769230769230772,5.7887591723505825,5.78839580845666,0.00036336389392221946
0.0006153846153846154,0.01507692307692308,5.465963594023854,5.465617861079648,0.000345732944205146
0.0006153846153846154,0.015384615384615387,5.139975634640926,5.139648146785678,0.00032748785524816526
0.0006153846153846154,0.015692307692307696,4.810985699460065,4.810677022708457,0.0003086767516071731
0.0006153846153846154,0.016000000000000004,4.47918590768991,4.478896598720495,0.00028930896941492534
0.0006153846153846154,0.01630769230769231,4.14477005313642,4.144500625246338,0.00026942789008188583
0.0006153846153846154,0.01661538461538462,3.8079334157095444,3.8076843801177773,0.0002490355917670328
0.0006153846153846154,0.016923076923076926,3.468872733577363,3.4686445545370854,0.0002281790402776096
0.0006153846153846154,0.017230769230769234,3.1277859919175857,3.1275791382149167,0.00020685370266892988
0.0006153846153846154,0.01753846153846154,2.7848724114311967,2.7846873037498634,0.00018510768133328526
0.0006153846153846154,0.01784615384615385,2.4403322350373844,2.440169290317292,0.00016294472009237282
0.0006153846153846154,0.01815384615384616,2.094366713972203,2.094226286735275,0.00014042723692808678
0.0006153846153846154,0.018461538461538467,1.7471778841825119,1.7470603139760341,0.00011757020647773508
0.0006153846153846154,0.018769230769230774,1.398968543832585,1.398874107191321,9.443664126385087e-05
0.0006153846153846154,0.01907692307692308,1.0499420550810963,1.0498709973208462,7.10577602500706e-05
0.0006153846153846154,0.01938461538461539,0.7003022858780903,0.7002547923527053,4.749352538502283e-05
0.0006153846153846154,0.019692307692307696,0.3502534479909596,0.35022965830527863,2.3789685680952743e-05
0.0012307692307692308,0.00030769230769230776,28.945811276186408,28.945722062562808,8.92136235997043e-05
0.0012307692307692308,0.0006153846153846155,28.92053851587298,28.920364364209256,0.00017415166372458657
0.0012307692307692308,0.0009230769230769233,28.878372409141804,28.878117987475623,0.00025442166618105944
0.0012307692307692308,0.001230769230769231,28.81933834070612,28.819007603056253,0.00033073764986824017
0.0012307692307692308,0.001538461538461539,28.743470641826498,28.743067729751072,0.0004029120754260873
0.0012307692307692308,0.0018461538461538465,28.650814074840167,28.6503427143076,0.0004713605325648018
0.0012307692307692308,0.002153846153846154,28.54142273253561,28.540886705523683,0.0005360270119290078
0.0012307692307692308,0.002461538461538462,28.41536067666738,28.41476362262612,0.0005970540412612024
0.0012307692307692308,0.00276923076923077,28.27270167000246,28.272047117943654,0.0006545520588048248
0.0012307692307692308,0.003076923076923078,28.11352909154719,28.112820533896063,0.0007085576511265401
0.0012307692307692308,0.0033846153846153852,27.937936067636574,27.93717685432456,0.0007592133120155609
0.0012307692307692308,0.003692307692307693,27.746025143765266,27.745218650191806,0.0008064935734601875
0.0012307692307692308,0.004000000000000001,27.537908574271718,27.537058019683407,0.0008505545883110699
0.0012307692307692308,0.004307692307692308,27.313707868321895,27.3128165227457,0.0008913455761963007
0.0012307692307692308,0.004615384615384617,27.073554141472954,27.072625110098155,0.0009290313747989387
0.0012307692307692308,0.004923076923076924,26.81758761624042,26.81662404676189,0.0009635694785288251
0.0012307692307692308,0.0052307692307692315,26.545957928817298,26.544962830148794,0.000995098668504113
0.0012307692307692308,0.00553846153846154,26.25882367542429,26.25780010275929,0.0010235726649980847
0.0012307692307692308,0.005846153846153847,25.95635269771471,25.955303559539562,0.0010491381751478457
0.0012307692307692308,0.006153846153846156,25.638721623657247,25.637649849952428,0.0010717737048189235
0.0012307692307692308,0.006461538461538463,25.30611606511742,25.30502447481903,0.0010915902983867909
0.0012307692307692308,0.0067692307692307704,24.958730249651655,24.957621677991597,0.0011085716600582884
0.0012307692307692308,0.007076923076923079,24.596767170895323,24.59564433292048,0.0011228379748438044
0.0012307692307692308,0.007384615384615386,24.2204382171533,24.219303824181768,0.0011343929715330603
0.0012307692307692308,0.007692307692307694,23.829963249000624,23.82881992403468,0.0011433249659447142
0.0012307692307692308,0.008000000000000002,23.425570309251487,23.424420664080717,0.0011496451707699862
0.0012307692307692308,0.00830769230769231,23.00749565356964,23.006342202099656,0.001153451469985356
0.0012307692307692308,0.008615384615384617,22.57598345352315,22.57482868414005,0.001154769383099108
0.0012307692307692308,0.008923076923076924,22.13128577224167,22.130132101944792,0.0011536702968797385
0.0012307692307692308,0.009230769230769233,21.673662334757505,21.672512145795054,0.0011501889624518924
0.0012307692307692308,0.00953846153846154,21.20338045871582,21.202236052858485,0.0011444058573353288
0.0012307692307692308,0.009846153846153848,20.720714814275457,20.71957845113019,0.0011363631452674383
0.0012307692307692308,0.010153846153846156,20.225947322273736,20.224821199057764,0.0011261232159718304
0.0012307692307692308,0.010461538461538463,19.7193669576997,19.718253220943858,0.0011137367558440303
0.0012307692307692308,0.010769230769230772,19.201269609583658,19.20017033822254,0.0010992713611166494
0.0012307692307692308,0.01107692307692308,18.671957876713677,18.670875096707906,0.001082780005770445
0.0012307692307692308,0.011384615384615387,18.13174091010052,18.130676589915847,0.0010643201846711747
0.0012307692307692308,0.011692307692307695,17.580934230733856,17.579890278562125,0.001043952171730922
0.0012307692307692308,0.012000000000000002,17.019859544185646,17.01883780634222,0.001021737843426962
0.0012307692307692308,0.012307692307692311,16.44884454721316,16.447846812100444,0.0009977351127155032
0.0012307692307692308,0.012615384615384619,15.868222741856657,15.86725073849812,0.000972003358537421
0.0012307692307692308,0.012923076923076926,15.27833323843294,15.277388637292418,0.0009446011405227495
0.0012307692307692308,0.013230769230769233,14.679520561425697,14.678604971339702,0.0009155900859951771
0.0012307692307692308,0.013538461538461541,14.072134438064376,14.071249413438897,0.0008850246254787919
0.0012307692307692308,0.013846153846153848,13.456529614805776,13.455676642132463,0.0008529726733126353
0.0012307692307692308,0.014153846153846157,12.83306561902086,12.832246134584068,0.0008194844367928056
0.0012307692307692308,0.014461538461538465,12.202106592856767,12.201321956654084,0.0007846362026828757
0.0012307692307692308,0.014769230769230772,11.564021021991849,11.563272550295343,0.0007484716965056037
0.0012307692307692308,0.01507692307692308,10.919181593022966,10.918470518393447,0.0007110746295193593
0.0012307692307692308,0.015384615384615387,10.267964891687424,10.267292407177157,0.0006724845102663579
0.0012307692307692308,0.015692307692307696,9.610751287114347,9.61011848632599,0.0006328007883578124
0.0012307692307692308,0.016000000000000004,8.947924583835327,8.94733252690345,0.0005920569318771385
0.0012307692307692308,0.01630769230769231,8.27987192952124,8.279321577245538,0.0005503522757024371
0.0012307692307692308,0.01661538461538462,7.606983455044435,7.606475736935413,0.0005077181090218374
0.0012307692307692308,0.016923076923076926,6.92965220171988,6.929187928996201,0.00046427272367921546
0.0012307692307692308,0.017230769230769234,6.248273711294953,6.2478536704350685,0.00042004085988445183
0.0012307692307692308,0.01753846153846154,5.5632459823679765,5.562870841272367,0.00037514109560987663
0.0012307692307692308,0.01784615384615385,4.874969053694739,4.874639452190957,0.0003296015037825839
0.0012307692307692308,0.01815384615384616,4.183844960315605,4.183561410941178,0.00028354937442731654
0.0012307692307692308,0.018461538461538467,3.490277299513334,3.4900402876381316,0.00023701187520241973
0.0012307692307692308,0.018769230769230774,2.7946711776162054,2.79448107908798,0.00019009852822549078
0.0012307692307692308,0.01907692307692308,2.0974328251309053,2.0972899722813128,0.0001428528495925896
0.0012307692307692308,0.01938461538461539,1.398969479462888,1.398874107191322,9.537227156597439e-05
0.0012307692307692308,0.019692307692307696,0.6996890627000848,0.6996413390155725,4.772368451233522e-05
0.0018461538461538463,0.00030769230769230776,43.3341959302583,43.33405824035425,0.0001376899040508306
0.0018461538461538463,0.0006153846153846155,43.296364075171084,43.29609574023354,0.0002683349375445232
0.0018461538461538463,0.0009230769230769233,43.23324100304361,43.232849539435286,0.00039146360832376104
0.0018461538461538463,0.001230769230769231,43.144864594598204,43.14435657195973,0.0005080226384706066
0.0018461538461538463,0.001538461538461539,43.03128644897416,43.03066851520789,0.0006179337662644002
0.0018461538461538463,0.0018461538461538465,42.892573688732305,42.8918517598034,0.0007219289289039921
0.0018461538461538463,0.002153846153846154,42.728807328157046,42.727987370822284,0.0008199573347624778
0.0018461538461538463,0.002461538461538462,42.540083428431984,42.53917104045321,0.0009123879787722444
0.0018461538461538463,0.00276923076923077,42.326512346056006,42.325513032116,0.0009993139400066298
0.0018461538461538463,0.003076923076923078,42.088219052715125,42.08713811607081,0.0010809366443140789
0.0018461538461538463,0.0033846153846153852,41.82534286344228,41.824185496555884,0.0011573668863960052
0.0018461538461538463,0.003692307692307693,41.538037419335595,41.536808730496176,0.0012286888394186235
0.0018461538461538463,0.004000000000000001,41.226470681109845,41.225175637830425,0.0012950432794198719
0.0018461538461538463,0.004307692307692308,40.89082465560144,40.88946820350904,0.001356452092402094
0.0018461538461538463,0.004615384615384617,40.53129555822299,40.52988247122,0.001413087002994473
0.0018461538461538463,0.004923076923076924,40.148093386917324,40.14662842890491,0.0014649580124128647
0.0018461538461538463,0.0052307692307692315,39.74144210561989,39.73992988613188,0.0015122194880063944
0.0018461538461538463,0.00553846153846154,39.31157920177761,39.31002434339712,0.001554858380494295
0.0018461538461538463,0.005846153846153847,38.85875590886224,38.85716285343127,0.0015930554309733225
0.0018461538461538463,0.006153846153846156,38.38323669373962,38.38160987459171,0.0016268191479085203
0.0018461538461538463,0.006461538461538463,37.88529940664306,37.88364311642634,0.001656290216715206
0.0018461538461538463,0.0067692307692307704,37.36523485201802,37.363553377498995,0.0016814745190245617
0.0018461538461538463,0.007076923076923079,36.823346909807654,36.82164437557127,0.0017025342363865548
0.0018461538461538463,0.007384615384615386,36.25995206648367,36.258232570239926,0.001719496243744345
0.0018461538461538463,0.007692307692307694,35.67537946021564,35.673646978133384,0.001732482082253739
0.0018461538461538463,0.008000000000000002,35.069970504505235,35.068228980775274,0.0017415237299616138
0.0018461538461538463,0.00830769230769231,34.44407888656936,34.44233212522726,0.0017467613420976136
0.0018461538461538463,0.008615384615384617,33.79807016085426,33.79632191762748,0.0017482432267783565
0.0018461538461538463,0.008923076923076924,33.13232168336635,33.130575609745264,0.0017460736210850314
0.0018461538461538463,0.009230769230769233,32.44722228975562,32.44548197867675,0.0017403110788691833
0.0018461538461538463,0.00953846153846154,31.74317217571202,31.741441099809997,0.001731075902021928
0.0018461538461538463,0.009846153846153848,31.020582548218997,31.01886411319218,0.0017184350268166781
0.0018461538461538463,0.010153846153846156,30.27987546698405,30.27817298343544,0.001702483548609024
0.0018461538461538463,0.010461538461538463,29.521483552719552,29.519800253301415,0.0016832994181363858
0.0018461538461538463,0.010769230769230772,28.745849777906386,28.744188791108424,0.0016609867979617832
0.0018461538461538463,0.01107692307692308,27.95342715821081,27.95179153210888,0.001635626101929688
0.0018461538461538463,0.011384615384615387,27.144678521222627,27.14307121398782,0.0016073072348063988
0.0018461538461538463,0.011692307692307695,26.32007622810601,26.318500106637153,0.0015761214688581049
0.0018461538461538463,0.012000000000000002,25.480101901566012,25.47855973636333,0.0015421652026823551
0.0018461538461538463,0.012307692307692311,24.62524613193598,24.623740604689537,0.0015055272464437053
0.0018461538461538463,0.012615384615384619,23.756008201006473,23.754541901916653,0.001466299089820211
0.0018461538461538463,0.012923076923076926,22.872895788746863,22.871471215610114,0.001424573136748819
0.0018461538461538463,0.013230769230769233,21.976424675302965,21.975044234183123,0.0013804411198421462
0.0018461538461538463,0.013538461538461541,21.067118438706444,21.065784445749085,0.0013339929573596976
0.0018461538461538463,0.013846153846153848,20.145508156939204,20.14422283241936,0.001285324519844977
0.0018461538461538463,0.014153846153846157,19.212132084001233,19.21089756022458,0.001234523776652452
0.0018461538461538463,0.014461538461538465,18.267535357083855,18.26635366484093,0.0011816922429233045
0.0018461538461538463,0.014769230769230772,17.31226964709139,17.31114273330457,0.0011269137868197276
0.0018461538461538463,0.01507692307692308,16.346892876846184,16.345822581900425,0.0010702949457588318
0.0018461538461538463,0.015384615384615387,15.371968848181174,15.370956930413127,0.001011917768046544
0.0018461538461538463,0.015692307692307696,14.3880669802914,14.387115072930541,0.0009519073608590389
0.0018461538461538463,0.016000000000000004,13.39576189002305,13.394871545392073,0.0008903446309762586
0.0018461538461538463,0.01630769230769231,12.39563314742065,12.39480579007585,0.0008273573448001059
0.0018461538461538463,0.01661538461538462,11.388264847530884,11.387501817220748,0.0007630303101358038
0.0018461538461538463,0.016923076923076926,10.374245380848613,10.373547863980823,0.0006975168677900712
0.0018461538461538463,0.017230769230769234,9.354166937832753,9.353536050911456,0.0006308869212965362
0.0018461538461538463,0.01753846153846154,8.328625323588769,8.328062036187532,0.0005632874012366784
0.0018461538461538463,0.01784615384615385,7.2982194535509315,7.297724667755924,0.0004947857950075019
0.0018461538461538463,0.01815384615384616,6.263551174567924,6.263125633625061,0.0004255409428628454
0.0018461538461538463,0.018461538461538467,5.225224729211069,5.2248691104962255,0.00035561871484368623
0.0018461538461538463,0.018769230769230774,4.183846570479409,4.183561410941181,0.00028515953822871865
0.0018461538461538463,0.01907692307692308,3.140024877206619,3.1398106293328594,0.00021424787375945442
0.0018461538461538463,0.01938461538461539,2.0943693010841473,2.094226286735277,0.00014301434887009634
0.0018461538461538463,0.019692307692307696,1.0474905353575477,1.0474189749604719,7.156039707578721e-05
0.0024615384615384616,0.00030769230769230776,57.62136762228495,57.6211857172267,0.0001819050582483328
0.0024615384615384616,0.0006153846153846155,57.57106200102404,57.57070707851687,0.0003549225071708406
0.0024615384615384616,0.0009230769230769233,57.48712770267837,57.4866087680865,0.0005189345918736876
0.0024615384615384616,0.001230769230769231,57.36961486867101,57.368939896980656,0.0006749716903513558
0.0024615384615384616,0.001538461538461539,57.21859191560596,57.217769180506465,0.0008227350994971516
0.0024615384615384616,0.0018461538461538465,57.034147858239,57.033184898105326,0.0009629601336769156
0.0024615384615384616,0.002153846153846154,56.81639017716563,56.81529484180019,0.0010953353654414855
0.0024615384615384616,0.002461538461538462,56.565446536233246,56.564226253248066,0.0012202829851801766
0.0024615384615384616,0.00276923076923077,56.28146349572065,56.2801257494345,0.001337746286154129
0.0024615384615384616,0.003076923076923078,55.96460726716101,55.963159237053304,0.0014480301077028912
0.0024615384615384616,0.0033846153846153852,55.615062981409444,55.61351181562184,0.0015511657876032814
0.0024615384615384616,0.003692307692307693,55.23303501197414,55.23138766938801,0.001647342586124978
0.0024615384615384616,0.004000000000000001,54.8187466252355,54.817009948092455,0.0017366771430431527
0.0024615384615384616,0.004307692307692308,54.37243991711062,54.37062063665537,0.0018192804552512598
0.0024615384615384616,0.004615384615384617,53.894375747790356,53.89248041386413,0.0018953339262282043
0.0024615384615384616,0.004923076923076924,53.38483341909196,53.38286850014425,0.0019649189477135565
0.0024615384615384616,0.0052307692307692315,52.84411070622914,52.84208249450245,0.0020282117266887667
0.0024615384615384616,0.00553846153846154,52.272523450103584,52.2704382007373,0.0020852493662815164
0.0024615384615384616,0.005846153846153847,51.670405693431306,51.668269443018644,0.0021362504126614112
0.0024615384615384616,0.006153846153846156,51.03810913645913,51.03592787094367,0.0021812655154604954
0.0024615384615384616,0.006461538461538463,50.376003222570546,50.37378275418347,0.0022204683870725717
0.0024615384615384616,0.0067692307692307704,49.68447466324005,49.68222076684001,0.0022538964000418105
0.0024615384615384616,0.007076923076923079,48.96392751690948,48.96164576163923,0.0022817552702463217
0.0024615384615384616,0.007384615384615386,48.2147826354497,48.21247853409248,0.002304101357218258
0.0024615384615384616,0.007692307692307694,47.43747766800281,47.43515657676383,0.002321091238982831
0.0024615384615384616,0.008000000000000002,46.63246660628109,46.630133823786664,0.0023327824944274766
0.0024615384615384616,0.00830769230769231,45.80021974453923,45.79788038577897,0.002339358760259813
0.0024615384615384616,0.008615384615384617,44.94122316981649,44.93888227531197,0.002340894504520463
0.0024615384615384616,0.008923076923076924,44.05597865156855,44.053641123092454,0.0023375284760973614
0.0024615384615384616,0.009230769230769233,43.14500323070291,43.14267388502458,0.0023293456783335387
0.0024615384615384616,0.00953846153846154,42.20882904812576,42.20651254032221,0.002316507803548973
0.0024615384615384616,0.009846153846153848,41.248002889465575,41.24570378084796,0.002299108617613399
0.0024615384615384616,0.010153846153846156,40.26308596962714,40.26080869186064,0.00227727776650255
0.0024615384615384616,0.010461538461538463,39.254653546522206,39.252402424357186,0.002251122165020547
0.0024615384615384616,0.010769230769230772,38.22329464355749,38.22107385920071,0.002220784356779859
0.0024615384615384616,0.01107692307692308,37.16961163701941,37.16742526323064,0.002186373788767071
0.0024615384615384616,0.011384615384615387,36.09421995245935,36.09207193755589,0.0021480149034545093
0.0024615384615384616,0.011692307692307695,34.99774768982068,34.99564185823628,0.0021058315843944797
0.0024615384615384616,0.012000000000000002,33.88083526635709,33.87877530956224,0.0020599567948451636
0.0024615384615384616,0.012307692307692311,32.744135022821546,32.74212451014681,0.002010512674736731
0.0024615384615384616,0.012615384615384619,31.588310857625686,31.586353232048307,0.0019576255773792184
0.0024615384615384616,0.012923076923076926,30.414037838329932,30.412136413146193,0.0019014251837390361
0.0024615384615384616,0.013230769230769233,29.22200179911417,29.220159762996303,0.001842036117867707
0.0024615384615384616,0.013538461538461541,28.012898952023008,28.01111936239579,0.0017795896272190248
0.0024615384615384616,0.013846153846153848,26.78743547049853,26.785721256891577,0.0017142136069523417
0.0024615384615384616,0.014153846153846157,25.54632708632041,25.54468104446958,0.001646041850829505
0.0024615384615384616,0.014461538461538465,24.290298662156736,24.2887234576657,0.0015752044910364305
0.0024615384615384616,0.014769230769230772,23.02008377451409,23.018581940342358,0.0015018341717336625
0.0024615384615384616,0.01507692307692308,21.73642428191881,21.734998219378006,0.0014260625408049066
0.0024615384615384616,0.015384615384615387,20.440069892859196,20.438721871519487,0.0013480213397087937
0.0024615384615384616,0.015692307692307696,19.131777743785133,19.130509885650287,0.0012678581348453122
0.0024615384615384616,0.016000000000000004,17.812311919806145,17.811126220730404,0.0011856990757408425
0.0024615384615384616,0.01630769230769231,16.48244304335164,16.48134135966581,0.0011016836858317447
0.0024615384615384616,0.01661538461538462,15.142947794772523,15.141931859368114,0.0010159354044088076
0.0024615384615384616,0.016923076923076926,13.79460852070943,13.793679897267175,0.000928623442254306
0.0024615384615384616,0.017230769230769234,12.43821267243849,12.437372814541597,0.0008398578968940029
0.0024615384615384616,0.01753846153846154,11.074552465229488,11.073802656333534,0.0007498088959536631
0.0024615384615384616,0.01784615384615385,9.704424296789407,9.70376570921674,0.0006585875726674573
0.0024615384615384616,0.01815384615384616,8.328628417948227,8.328062036187513,0.0005663817607146626
0.0024615384615384616,0.018461538461538467,6.947968307092895,6.94749500945063,0.0004732976422650026
0.0024615384615384616,0.018769230769230774,5.563250344125134,5.562870841272357,0.00037950285277688067
0.0024615384615384616,0.01907692307692308,4.175283234672976,4.174998113175382,0.00028512149759318817
0.0024615384615384616,0.01938461538461539,2.7848776217006006,2.78468730374986,0.0001903179507407593
0.0024615384615384616,0.019692307692307696,1.3928455428958009,1.392750315356829,9.522753897184266e-05
0.003076923076923077,0.00030769230769230776,71.77395115222478,71.77373624495894,0.0002149072658426121
0.003076923076923077,0.0006153846153846155,71.7112840373156,71.71085936285964,0.00042467445595661957
0.003076923076923077,0.0009230769230769233,71.60673187494358,71.60610535829788,0.000626516645695574
0.003076923076923077,0.001230769230769231,71.46035564584696,71.45953540466245,0.0008202411845132929
0.003076923076923077,0.001538461538461539,71.27223968379012,71.27123509467879,0.0010045891113321659
0.003076923076923077,0.0018461538461538465,71.04249440080038,71.04131439042533,0.0011800103750516655
0.003076923076923077,0.002153846153846154,70.77125336928636,70.76990755911868,0.0013458101676775414
0.003076923076923077,0.002461538461538462,70.45867551841486,70.45717309470541,0.0015024237094536375
0.003076923076923077,0.00276923076923077,70.10494326647907,70.10329362530604,0.0016496411730315685
0.003076923076923077,0.003076923076923078,69.7102636705151,69.70847580656527,0.001787863949829216
0.003076923076923077,0.0033846153846153852,69.27486725712954,69.27295020097105,0.001917056158490027
0.003076923076923077,0.003692307692307693,68.79900865208246,68.79697114321249,0.002037508869975113
0.003076923076923077,0.004000000000000001,68.28296591617925,68.28081659165554,0.002149324523713858
0.003076923076923077,0.004307692307692308,67.72704067425227,67.72478796602321,0.0022527082290508815
0.003076923076923077,0.004615384615384617,67.13155781464462,67.1292099713749,0.0023478432697174867
0.003076923076923077,0.004923076923076924,66.49686529080918,66.49443040848776,0.00243488232142397
0.003076923076923077,0.0052307692307692315,65.82333399093206,65.82081997075089,0.002514020181166643
0.003076923076923077,0.00553846153846154,65.11135738027197,65.10877202769078,0.0025853525811925238
0.003076923076923077,0.005846153846153847,64.36135151631639,64.35870239525467,0.002649121061722326
0.003076923076923077,0.006153846153846156,63.57375451411218,63.571049092985604,0.0027054211265777894
0.003076923076923077,0.006461538461538463,62.74902654074743,62.746272088231514,0.002754452515915773
0.003076923076923077,0.0067692307692307704,61.8876493182255,61.88485302753714,0.002796290688358738
0.003076923076923077,0.007076923076923079,60.99012612785255,60.98729495537604,0.002831172476504662
0.003076923076923077,0.007384615384615386,60.056981206105824,60.05412202038675,0.0028591857190747305
0.003076923076923077,0.007692307692307694,59.08875968526712,59.085879169284816,0.0028805159823050985
0.003076923076923077,0.008000000000000002,58.086027077787655,58.08313182862917,0.002895249158484603
0.003076923076923077,0.00830769230769231,57.0493691790369,57.04646557462901,0.0029036044078907253
0.003076923076923077,0.008615384615384617,55.97939147335,55.97648579118377,0.0029056821662294396
0.003076923076923077,0.008923076923076924,54.87671896793271,54.87381731635591,0.0029016515767992246
0.003076923076923077,0.009230769230769233,53.74199570102302,53.73910407748317,0.002891623539852617
0.003076923076923077,0.00953846153846154,52.575884511989095,52.5730087151431,0.0028757968459984795
0.003076923076923077,0.009846153846153848,51.379066486471814,51.376212196189584,0.002854290282229499
0.003076923076923077,0.010153846153846156,50.152240681592794,50.14941341608746,0.002827265505331411
0.003076923076923077,0.010461538461538463,48.89612364707616,48.89332879077719,0.0027948562989692505
0.003076923076923077,0.010769230769230772,47.61144907956353,47.608691838308104,0.002757241255423537
0.003076923076923077,0.01107692307692308,46.298967306926166,46.296252750484584,0.0027145564415818058
0.003076923076923077,0.011384615384615387,44.95944491408154,44.95677795477513,0.0026669593064099217
0.003076923076923077,0.011692307692307695,43.59366427053422,43.5910496667403,0.002614603793922754
0.003076923076923077,0.012000000000000002,42.2024230909036,42.19986543324087,0.0025576576627273084
0.003076923076923077,0.012307692307692311,40.78653394091696,40.78403766669293,0.0024962742240290936
0.003076923076923077,0.012615384615384619,39.346823784472434,39.34439317064188,0.002430613830554762
0.003076923076923077,0.012923076923076926,37.88413349856543,37.881772656932476,0.0023608416329565785
0.003076923076923077,0.013230769230769233,36.39931736760256,36.397030254756764,0.0022871128457992995
0.003076923076923077,0.013538461538461541,34.893242610998804,34.89103301186668,0.002209599132122264
0.003076923076923077,0.013846153846153848,33.366788845953636,33.36466038824264,0.002128457710995235
0.003076923076923077,0.014153846153846157,31.82084761035856,31.818803742513563,0.0020438678449963277
0.003076923076923077,0.014461538461538465,30.256321792572916,30.254365811428663,0.001955981144252661
0.003076923076923077,0.014769230769230772,28.674125162764273,28.672260182684493,0.0018649800797803096
0.003076923076923077,0.01507692307692308,27.075181776379587,27.07341076141555,0.001771014964038642
0.003076923076923077,0.015384615384615387,25.46042549970919,25.458751230659647,0.001674269049541266
0.003076923076923077,0.015692307692307696,23.83079940834295,23.829224506113285,0.0015749022296667192
0.003076923076923077,0.016000000000000004,22.18725527567421,22.185782185495512,0.0014730901786990103
0.003076923076923077,0.01630769230769231,20.530752974409967,20.5293839928416,0.0013689815683690654
0.003076923076923077,0.01661538461538462,18.86225995576712,18.860997218051256,0.0012627377158622721
0.003076923076923077,0.016923076923076926,17.182750678513855,17.181596152018518,0.0011545264953376488
0.003076923076923077,0.017230769230769234,15.493206000431089,15.492161517673393,0.0010444827576954197
0.003076923076923077,0.01753846153846154,13.794612672431697,13.79367989726718,0.0009327751645162863
0.003076923076923077,0.01784615384615385,12.087962701469841,12.087143156236328,0.0008195452335133524
0.003076923076923077,0.01815384615384616,10.374252860557668,10.373547863980802,0.0007049965768661792
0.003076923076923077,0.018461538461538467,8.654483994454127,8.65389471189587,0.000589282558257409
0.003076923076923077,0.018769230769230774,6.929660533918554,6.929187928996191,0.0004726049223631179
0.003076923076923077,0.01907692307692308,5.200789836663389,5.200434695474599,0.0003551411887894318
0.003076923076923077,0.01938461538461539,3.4688816493706183,3.4686445545370828,0.00023709483353551164
0.003076923076923077,0.019692307692307696,1.734947474411462,1.7348288228581012,0.00011865155336066024
0.0036923076923076927,0.00030769230769230776,85.75893285536439,85.75865588603016,0.0002769693342372648
0.0036923076923076927,0.0006153846153846155,85.68406701833008,85.68352761241295,0.0005394059171379695
0.0036923076923076927,0.0009230769230769233,85.55915002161905,85.55836257155129,0.000787450067761597
0.0036923076923076927,0.001230769230769231,85.38425669636459,85.38323385630433,0.0010228400602585452
0.0036923076923076927,0.001538461538461539,85.15948903590746,85.15824373691012,0.0012452989973326112
0.0036923076923076927,0.0018461538461538465,84.88497965676926,84.88352360126258,0.0014560555066793768
0.0036923076923076927,0.002153846153846154,84.56088861698214,84.55923387818467,0.0016547387974696903
0.0036923076923076927,0.002461538461538462,84.18740608653717,84.18556394374257,0.0018421427946009317
0.0036923076923076927,0.00276923076923077,83.76475016040509,83.76273201065528,0.0020181497498015233
0.0036923076923076927,0.003076923076923078,83.29316834687368,83.29098500086462,0.002183346009061893
0.0036923076923076927,0.0033846153846153852,82.7729360975595,82.77059840133977,0.0023376962197261264
0.0036923076923076927,0.003692307692307693,82.20435769938632,82.2018761032005,0.00248159618581667
0.0036923076923076927,0.004000000000000001,81.58776536196962,81.58515022425354,0.0026151377160772427
0.0036923076923076927,0.004307692307692308,80.92351951663146,80.92078091504493,0.0027386015865289437
0.0036923076923076927,0.004615384615384617,80.21200830543455,80.20915614854233,0.0028521568922172946
0.0036923076923076927,0.004923076923076924,79.45364750260173,79.4506914935698,0.0029560090319193932
0.0036923076923076927,0.0052307692307692315,78.64888022667517,78.64582987212714,0.0030503545480371486
0.0036923076923076927,0.00553846153846154,77.798176636329,77.79504130073609,0.003135335592915567
0.0036923076923076927,0.005846153846153847,76.90203381899653,76.8988226159638,0.0032112030327340335
0.0036923076923076927,0.006153846153846156,75.96097527469719,75.9576971842843,0.003278090412891288
0.0036923076923076927,0.006461538461538463,74.97555081179239,74.97221459644724,0.0033362153451435006
0.0036923076923076927,0.0067692307692307704,73.94633603574879,73.94295034653237,0.003385689216415244
0.0036923076923076927,0.007076923076923079,72.87393227124144,72.87050549587714,0.0034267753643035803
0.0036923076923076927,0.007384615384615386,71.75896591549913,71.75550632207387,0.003459593425262142
0.0036923076923076927,0.007692307692307694,70.60208831005141,70.59860395324127,0.003484356810147915
0.0036923076923076927,0.008000000000000002,69.40397516957411,69.40047398778388,0.0035011817902272924
0.0036923076923076927,0.00830769230769231,68.16532642341937,68.16181609986178,0.0035103235575917324
0.0036923076923076927,0.008615384615384617,66.8868655420061,66.88335363080041,0.003511911205691831
0.0036923076923076927,0.008923076923076924,65.56933931292535,65.5658331666797,0.0035061462456553727
0.0036923076923076927,0.009230769230769233,64.21351727080518,64.2100241023488,0.0034931684563872523
0.0036923076923076927,0.00953846153846154,62.82019140802778,62.8167181921212,0.0034732159065811175
0.0036923076923076927,0.009846153846153848,61.39017552260375,61.38672908741242,0.0034464351913285896
0.0036923076923076927,0.010153846153846156,59.924304883967466,59.920891861590576,0.003413022376889785
0.0036923076923076927,0.010461538461538463,58.423435663054654,58.42006252231701,0.0033731407376436096
0.0036923076923076927,0.010769230769230772,56.888444518685695,56.88511751166191,0.003327007023784745
0.0036923076923076927,0.01107692307692308,55.32022798051914,55.31695319428687,0.003274786232275062
0.0036923076923076927,0.011384615384615387,53.71970200455522,53.71648533399311,0.0032166705621037295
0.0036923076923076927,0.011692307692307695,52.08780140448461,52.08464855894126,0.0031528455433473823
0.0036923076923076927,0.012000000000000002,50.425479330393536,50.42239581585479,0.0030835145387442253
0.0036923076923076927,0.012307692307692311,48.73370667609835,48.73069781352598,0.003008862572372095
0.0036923076923076927,0.012615384615384619,47.01347153999383,47.010542455949334,0.0029290840444957666
0.0036923076923076927,0.012923076923076926,45.26577864353522,45.262934265413435,0.002844378121785951
0.0036923076923076927,0.013230769230769233,43.49164872538865,43.48889379588824,0.0027549295004121177
0.0036923076923076927,0.013538461538461541,41.69211798479337,41.68945703705026,0.002660947743109432
0.0036923076923076927,0.013846153846153848,39.868237428553954,39.865674809293864,0.0025626192600896047
0.0036923076923076927,0.014153846153846157,38.02107231622463,38.018612150081616,0.0024601661430168065
0.0036923076923076927,0.014461538461538465,36.15170145482589,36.14934769199252,0.002353762833372741
0.0036923076923076927,0.014769230769230772,34.26121667321041,34.258973032830866,0.0022436403795467186
0.0036923076923076927,0.01507692307692308,32.35072206955767,32.34859209816394,0.0021299713937281695
0.0036923076923076927,0.015384615384615387,30.421333487244166,30.419320496660546,0.0020129905836192563
0.0036923076923076927,0.015692307692307696,28.47417774518511,28.472284868606888,0.0018928765782213475
0.0036923076923076927,0.016000000000000004,26.51039208956587,26.508622227980492,0.0017698615853767308
0.0036923076923076927,0.01630769230769231,24.53112341827474,24.529479298465986,0.0016441198087520092
0.0036923076923076927,0.01661538461538462,22.537527717629633,22.536011843800807,0.0015158738288256757
0.0036923076923076927,0.016923076923076926,20.53076932209604,20.52938399284161,0.0013853292544325768
0.0036923076923076927,0.017230769230769234,18.512020252845936,18.510767559745993,0.0012526930999428032
0.0036923076923076927,0.01753846153846154,16.482459541607597,16.481341359665826,0.0011181819417700467
0.0036923076923076927,0.01784615384615385,14.443272521935821,14.442290520352563,0.0009820015832584517
0.0036923076923076927,0.01815384615384616,12.395650178400812,12.394805790075834,0.0008443883249782402
0.0036923076923076927,0.018461538461538467,10.340788377545271,10.340082842260271,0.0007055352850002805
0.0036923076923076927,0.018769230769230774,8.27988723586937,8.279321577245533,0.0005656586238380612
0.0036923076923076927,0.01907692307692308,6.214150378939909,6.213725421578592,0.00042495736131709094
0.0036923076923076927,0.01938461538461539,4.144784269081583,4.144500625246337,0.0002836438352460391
0.0036923076923076927,0.019692307692307696,2.0729974798491795,2.072855557259694,0.00014192258948542147
0.0043076923076923075,0.00030769230769230776,99.54360268479998,99.54328221262246,0.0003204721775205144
0.0043076923076923075,0.0006153846153846155,99.45670348600454,99.45607801305147,0.0006254729530752456
0.0043076923076923075,0.0009230769230769233,99.31170859730068,99.31079426464238,0.0009143326582972122
0.0043076923076923075,0.001230769230769231,99.10870409637387,99.10751580901304,0.0011882873608328737
0.0043076923076923075,0.001538461538461539,98.847808568955,98.84636135505711,0.0014472138978902649
0.0043076923076923075,0.0018461538461538465,98.52917564493215,98.52748340962154,0.0016922353106139099
0.0043076923076923075,0.002153846153846154,98.15299142190659,98.1510681884467,0.0019232334598910938
0.0043076923076923075,0.002461538461538462,97.71947649336667,97.71733550742175,0.0021409859449192936
0.0043076923076923075,0.00276923076923077,97.22888419989735,97.22653865421837,0.002345545678977601
0.0043076923076923075,0.003076923076923078,96.68150174999131,96.67896424037777,0.0025375096135462627
0.0043076923076923075,0.0033846153846153852,96.07764895242195,96.07493203393773,0.0027169184842250615
0.0043076923076923075,0.003692307692307693,95.4176789648149,95.41479477269704,0.002884192117861062
0.0043076923076923075,0.004000000000000001,94.70197741515167,94.69893795822652,0.003039456925151285
0.0043076923076923075,0.004307692307692308,93.93096266750173,93.92777963074705,0.0031830367546774596
0.0043076923076923075,0.004615384615384617,93.1050852298041,93.10177012500574,0.003315104798360835
0.0043076923076923075,0.004923076923076924,92.22482771654204,92.22139180729323,0.003435909248807434
0.0043076923076923075,0.0052307692307692315,91.2907044456377,91.28715879375521,0.0035456518824901195
0.0043076923076923075,0.00553846153846154,90.303261172661,90.29961665016327,0.0036445224977228463
0.0043076923076923075,0.005846153846153847,89.2630748496045,89.2593420733197,0.003732776284792294
0.0043076923076923075,0.006153846153846156,88.1707531433403,88.16694255428283,0.003810589057479774
0.0043076923076923075,0.006461538461538463,87.02693421338407,87.02305602360937,0.003878189774695784
0.0043076923076923075,0.0067692307692307704,85.8322862095446,85.82835047882098,0.003935730723625852
0.0043076923076923075,0.007076923076923079,84.58750708922534,84.58352359431244,0.0039834949129016195
0.0043076923076923075,0.007384615384615386,83.29332395139294,83.28930231392947,0.004021637463466732
0.0043076923076923075,0.007692307692307694,81.95049282104576,81.94644242645408,0.004050394591672557
0.0043076923076923075,0.008000000000000002,80.55979803974519,80.55572812424508,0.00406991550011071
0.0043076923076923075,0.00830769230769231,79.12205203269242,79.1179715452919,0.004080487400528909
0.0043076923076923075,0.008615384615384617,77.6380945681633,77.6340122989489,0.004082269214393364
0.0043076923076923075,0.008923076923076924,76.10879246777594,76.10471697562706,0.004075492148885473
0.0043076923076923075,0.009230769230769233,74.53503896580517,74.53097864072963,0.004060325075542437
0.0043076923076923075,0.00953846153846154,72.91775335609847,72.91371631312715,0.004037042971319238
0.0043076923076923075,0.009846153846153848,71.25788024823571,71.2538744284762,0.004005819759512974
0.0043076923076923075,0.010153846153846156,69.55638917143709,69.55242228769562,0.0039668837414694735
0.0043076923076923075,0.010461538461538463,67.81427391797726,67.81035349092208,0.003920427055177811
0.0043076923076923075,0.010769230769230772,66.03255205972056,66.02868535727556,0.003866702444994985
0.0043076923076923075,0.01107692307692308,64.21226423393722,64.20845833077365,0.0038059031635668816
0.0043076923076923075,0.011384615384615387,62.3544736264597,62.35073537274155,0.0037382537181471776
0.0043076923076923075,0.011692307692307695,60.46026531130541,60.456601341072535,0.003663970232878455
0.0043076923076923075,0.012000000000000002,58.53074564582824,58.52716235670156,0.003583289126680711
0.0043076923076923075,0.012307692307692311,56.56704158298068,56.563545157661736,0.0034964253189428973
0.0043076923076923075,0.012615384615384619,54.57030004656592,54.566896441101115,0.003403605464804116
0.0043076923076923075,0.012923076923076926,52.54168725320276,52.53838219364375,0.0033050595590111698
0.0043076923076923075,0.013230769230769233,50.48238801341553,50.47918701048643,0.0032010029291029696
0.0043076923076923075,0.013538461538461541,48.39360508107627,48.39051340362835,0.003091677447919494
0.0043076923076923075,0.013846153846153848,46.27655840354655,46.2735810996381,0.002977303908451745
0.0043076923076923075,0.014153846153846157,44.13248446588833,44.12962632736755,0.0028581385207786525
0.0043076923076923075,0.014461538461538465,41.9626354849132,41.95990109602915,0.0027343888840505315
0.0043076923076923075,0.014769230769230772,39.76827878744495,39.76567246405765,0.0026063233872974934
0.0043076923076923075,0.01507692307692308,37.55069595024875,37.54822179918383,0.0024741510649235465
0.0043076923076923075,0.015384615384615387,35.311182174125015,35.30884403015172,0.0023381439732972353
0.0043076923076923075,0.015692307692307696,33.05104540449214,33.04884689051665,0.0021985139754931993
0.0043076923076923075,0.016000000000000004,30.771605690993656,30.769550154965806,0.0020555360278500245
0.0043076923076923075,0.01630769230769231,28.474194289077023,28.47228486860687,0.001909420470152412
0.0043076923076923075,0.01661538461538462,26.160153004356854,26.158392569675225,0.0017604346816284533
0.0043076923076923075,0.016923076923076926,23.83083331653202,23.829224506113288,0.0016088104187303998
0.0043076923076923075,0.017230769230769234,21.48759563239988,21.486140846479966,0.0014547859199147695
0.0043076923076923075,0.01753846153846154,19.131808481308603,19.130509885650298,0.0012985956583051461
0.0043076923076923075,0.01784615384615385,16.764847713648066,16.763707245769968,0.0011404678780984057
0.0043076923076923075,0.01815384615384616,14.388095738251948,14.387115072930513,0.000980665321435481
0.0043076923076923075,0.018461538461538467,12.00294064004202,12.002121230035243,0.0008194100067768773
0.0043076923076923075,0.018769230769230774,9.610775443210866,9.610118486325977,0.0006569568848888707
0.0043076923076923075,0.01907692307692308,7.212997244705473,7.212503704045363,0.0004935406601100922
0.0043076923076923075,0.01938461538461539,4.811006438038721,4.810677022708454,0.000329415330266869
0.0043076923076923075,0.019692307692307696,2.4062058622604003,2.406041041460825,0.0001648207995752493
0.004923076923076923,0.00030769230769230776,113.09577799908129,113.09542059123467,0.0003574078466215269
0.004923076923076923,0.0006153846153846155,112.99704100998446,112.99634413515864,0.0006968748258202595
0.004923076923076923,0.0009230769230769233,112.83230021664896,112.83128099612831,0.0010192205206465133
0.004923076923076923,0.001230769230769231,112.60165336583188,112.60032756636866,0.0013257994632169812
0.004923076923076923,0.001538461538461539,112.30523549085204,112.30361871617895,0.0016167746730957333
0.004923076923076923,0.0018461538461538465,111.94322064270168,111.94132771517222,0.0018929275294539138
0.004923076923076923,0.002153846153846154,111.51582029574254,111.51366613109083,0.002154164651713586
0.004923076923076923,0.002461538461538462,111.02328468272557,111.02088370625675,0.002400976468820204
0.004923076923076923,0.00276923076923077,110.46590160112282,110.46326821172916,0.0026333893936651975
0.004923076923076923,0.003076923076923078,109.8439971150369,109.84114527925416,0.0028518357827351792
0.004923076923076923,0.0033846153846153852,109.15793452343983,109.15487821110514,0.0030563123346922794
0.004923076923076923,0.003692307692307693,108.4081149341555,108.40486776792432,0.0032471662311905902
0.004923076923076923,0.004000000000000001,107.59497642800306,107.59155193468995,0.0034244933131191146
0.004923076923076923,0.004307692307692308,106.71899427678903,106.71540566494535,0.003588611843682088
0.004923076923076923,0.004615384615384617,105.78068027061744,105.77694060343941,0.0037396671780243196
0.004923076923076923,0.004923076923076924,104.78058271581567,104.77670478734055,0.0038779284751200294
0.004923076923076923,0.0052307692307692315,103.71928591565825,103.71528232619832,0.0040035894599270705
0.004923076923076923,0.00553846153846154,102.5974099407876,102.59329306083995,0.004116879947645202
0.004923076923076923,0.005846153846153847,101.41561025730064,101.41139220140082,0.0042180558998268225
0.004923076923076923,0.006153846153846156,100.17457727918341,100.17026994469998,0.004307334483428349
0.004923076923076923,0.006461538461538463,98.87503602856712,98.8706510711849,0.004384957382228549
0.004923076923076923,0.0067692307692307704,97.51774564147583,97.51329452167994,0.004451119795888303
0.004923076923076923,0.007076923076923079,96.10349908166964,96.09899295418633,0.004506127483310252
0.004923076923076923,0.007384615384615386,94.6331224549535,94.6285722809922,0.004550173961291648
0.004923076923076923,0.007692307692307694,93.10747470820623,93.1028911863631,0.004583521843130711
0.004923076923076923,0.008000000000000002,91.52744698113938,91.52284062509449,0.004606356044888571
0.004923076923076923,0.00830769230769231,89.8939623008083,89.88934330221934,0.00461899858895265
0.004923076923076923,0.008615384615384617,88.20797477467035,88.20335313417432,0.0046216404960262025
0.004923076923076923,0.008923076923076924,86.47046923680993,86.46585469173938,0.004614545070552367
0.004923076923076923,0.009230769230769233,84.68246053728748,84.6778626250763,0.004597912211181665
0.004923076923076923,0.00953846153846154,82.84499312650668,82.84042107120148,0.004572055305203548
0.004923076923076923,0.009846153846153848,80.95914022143637,80.95460304423929,0.004537177197079245
0.004923076923076923,0.010153846153846156,79.02600334825189,79.02150980881214,0.0044935394397498385
0.004923076923076923,0.010461538461538463,77.04671160084172,77.04227023693286,0.004441363908853191
0.004923076923076923,0.010769230769230772,75.02242108772671,75.01804014877527,0.004380938951442204
0.004923076923076923,0.01107692307692308,72.95431412369282,72.95000163770774,0.0043124859850820485
0.004923076923076923,0.011384615384615387,70.8435986405128,70.83936237998402,0.004236260528770686
0.004923076923076923,0.011692307692307695,68.69150743828723,68.68735492949415,0.004152508793083598
0.004923076923076923,0.012000000000000002,66.49929749644309,66.49523599798789,0.004061498455200763
0.004923076923076923,0.012307692307692311,64.26824919394973,64.2642857211903,0.0039634727594233254
0.004923076923076923,0.012615384615384619,61.99966559917737,61.99580691123863,0.0038586879387381146
0.004923076923076923,0.012923076923076926,59.694871697868564,59.691124295876655,0.0037474019919088164
0.004923076923076923,0.013230769230769233,57.355213602568334,57.351583744850984,0.0036298577173496938
0.004923076923076923,0.013538461538461541,54.98205780650218,54.97855148396104,0.0035063225411420262
0.004923076923076923,0.013846153846153848,52.576790343262935,52.573413297221705,0.003377046041229903
0.004923076923076923,0.014153846153846157,50.14081602531659,50.13757371760439,0.003242307712199022
0.004923076923076923,0.014461538461538465,47.67555754930841,47.67245520682943,0.0031023424789751175
0.004923076923076923,0.014769230769230772,45.18245476595117,45.179497324688406,0.0029574412627653146
0.004923076923076923,0.01507692307692308,42.662963732465876,42.66015588838184,0.0028078440840388907
0.004923076923076923,0.015384615384615387,40.11855596722373,40.11590212236293,0.002653844860795118
0.004923076923076923,0.015692307692307696,37.550717484826826,37.548221799183835,0.0024956856429909635
0.004923076923076923,0.016000000000000004,34.96094803703237,34.95861437184642,0.0023336651859438007
0.004923076923076923,0.01630769230769231,32.35076012112083,32.348592098163934,0.0021680229568943332
0.004923076923076923,0.01661538461538462,29.721678209294225,29.719679157644975,0.00199905164924985
0.004923076923076923,0.016923076923076926,27.07523778016366,27.07341076141556,0.0018270187481022049
0.004923076923076923,0.017230769230769234,24.412984458966577,24.411332255699197,0.0016522032673798037
0.004923076923076923,0.01753846153846154,21.736473110233227,21.73499821937802,0.0014748908552064677
0.004923076923076923,0.01784615384615385,19.047266907818752,19.04597155616269,0.0012953516560614275
0.004923076923076923,0.01815384615384616,16.34693647699078,16.345822581900396,0.001113895090384176
0.004923076923076923,0.018461538461538467,13.637058880710367,13.636128107555018,0.0009307731553480636
0.004923076923076923,0.018769230769230774,10.919216796379008,10.918470518393434,0.0007462779855735846
0.004923076923076923,0.01907692307692308,8.194997520301674,8.194436849917476,0.0005606703841980476
0.004923076923076923,0.01938461538461539,5.465992100942541,5.465617861079647,0.0003742398628947541
0.004923076923076923,0.019692307692307696,2.733794361830852,2.7336071053248783,0.0001872565059737319
0.005538461538461539,0.00030769230769230776,126.3837956057307,126.38341937474053,0.0003762309901702565
0.005538461538461539,0.0006153846153846155,126.2734434231322,126.27270205981335,0.0007413633188519952
0.005538461538461539,0.0009230769230769233,126.08933832580209,126.08824504277126,0.001093283030826342
0.005538461538461539,0.001230769230769231,125.83158673235056,125.83015604131782,0.001430691032737741
0.005538461538461539,0.001538461538461539,125.50033875098032,125.49858577216202,0.0017529788183026085
0.005538461538461539,0.0018461538461538465,125.09578775660121,125.09372786300389,0.0020598935973197285
0.005538461538461539,0.002153846153846154,124.61816988206594,124.61581873946142,0.0023511426045246253
0.005538461538461539,0.002461538461538462,124.06776428822782,124.06513748700463,0.0026268012231867033
0.005538461538461539,0.00276923076923077,123.44489252085603,123.4420056879776,0.002886832878431278
0.005538461538461539,0.003076923076923078,122.74991874337347,122.7467872338033,0.003131509570167168
0.005538461538461539,0.0033846153846153852,121.98324890005847,121.97988811248138,0.0033607875770940154
0.005538461538461539,0.003692307692307693,121.1453311352341,121.14175617150248,0.0035749637316229155
0.005538461538461539,0.004000000000000001,120.23665496669932,120.23288085631802,0.0037741103813004884
0.005538461538461539,0.004307692307692308,119.25775147985625,119.25379292451782,0.003958555338428482
0.005538461538461539,0.004615384615384617,118.20919255921078,118.20506413588251,0.004128423328268127
0.005538461538461539,0.004923076923076924,117.09159092999337,117.08730691849209,0.004284011501283658
0.005538461538461539,0.0052307692307692315,115.90559952203883,115.901174011085,0.004425510953822709
0.005538461538461539,0.00553846153846154,114.65191127429948,114.64735808187724,0.004553192422235952
0.005538461538461539,0.005846153846153847,113.33125864077104,113.32659132406351,0.004667316707525515
0.005538461538461539,0.006153846153846156,111.94441316756732,111.93964502823708,0.004768139330238341
0.005538461538461539,0.006461538461538463,110.4921850501037,110.48732913197775,0.004855918125954872
0.005538461538461539,0.0067692307692307704,108.97542263354401,108.97049174687118,0.004930886672838142
0.005538461538461539,0.007076923076923079,107.39501203920125,107.39001866323555,0.0049933759656966
0.005538461538461539,0.007384615384615386,105.75187644603167,105.74683283284496,0.005043613186714424
0.005538461538461539,0.007692307692307694,104.04697571922034,104.0418938299516,0.005081889268737427
0.005538461538461539,0.008000000000000002,102.28130571155087,102.27619729092144,0.005108420629426291
0.005538461538461539,0.00830769230769231,100.45589789752324,100.45077433281055,0.005123564712690154
0.005538461538461539,0.008615384615384617,98.57181849234753,98.56669095122191,0.0051275411256170855
0.005538461538461539,0.008923076923076924,96.63016804296032,96.6250473977938,0.005120645166527993
0.005538461538461539,0.009230769230769233,94.63208064268345,94.62697753768397,0.005103104999477637
0.005538461538461539,0.00953846153846154,92.57872345836553,92.57364818742437,0.005075270941162557
0.005538461538461539,0.009846153846153848,90.47129580632001,90.46625843353296,0.005037372787057848
0.005538461538461539,0.010153846153846156,88.31102863579912,88.30603893228111,0.00498970351800665
0.005538461538461539,0.010461538461538463,86.09918370469464,86.09425119102497,0.004932513669672289
0.005538461538461539,0.010769230769230772,83.8370529566862,83.83218683152059,0.004866125165605695
0.005538461538461539,0.01107692307692308,81.52595762289378,81.52116683565335,0.004790787240438021
0.005538461538461539,0.011384615384615387,79.16724755808468,79.16254077402161,0.004706784063074565
0.005538461538461539,0.011692307692307695,76.76230041005728,76.75768601782552,0.004614392231758302
0.005538461538461539,0.012000000000000002,74.3125208426949,74.3080069345211,0.004513908173791492
0.005538461538461539,0.012307692307692311,71.81933967167491,71.81493406770906,0.004405603965849991
0.005538461538461539,0.012615384615384619,69.28421306406986,69.27992330173774,0.004289762332120972
0.005538461538461539,0.012923076923076926,66.70862168163822,66.70445501150759,0.004166670130629768
0.005538461538461539,0.013230769230769233,64.09406979477494,64.09003319797392,0.00403659680101498
0.005538461538461539,0.013538461538461541,61.442084444838,61.43818460985269,0.0038998349853116565
0.005538461538461539,0.013846153846153848,58.75421451665026,58.75045785204232,0.003756664607941218
0.005538461538461539,0.014153846153846157,56.03202986848918,56.02842248128189,0.0036073872072890367
0.005538461538461539,0.014461538461538465,53.27712036365381,53.27366808957443,0.003452274079378981
0.005538461538461539,0.014769230769230772,50.4910950078984,50.48780337590968,0.003291631988723509
0.005538461538461539,0.01507692307692308,47.675580950938915,47.67245520682942,0.003125744109496509
0.005538461538461539,0.015384615384615387,44.83222258149458,44.82926766638314,0.0029549151114380834
0.005538461538461539,0.015692307692307696,41.96268053321342,41.95990109602914,0.002779437184280198
0.005538461538461539,0.016000000000000004,39.06863073733943,39.06603112504207,0.0025996122973594993
0.005538461538461539,0.01630769230769231,36.15176342374441,36.149347691992496,0.002415731751916894
0.005538461538461539,0.01661538461538462,33.213782137177965,33.21155405787041,0.0022280793075566407
0.005538461538461539,0.016923076923076926,30.25640277573205,30.254365811428663,0.0020369643033859575
0.005538461538461539,0.017230769230769234,27.2813525067188,27.279509867327697,0.0018426393911035177
0.005538461538461539,0.01753846153846154,24.290368879309757,24.28872345766571,0.001645421644045797
0.005538461538461539,0.01784615384615385,21.285198684050957,21.2837531174843,0.0014455665666588402
0.005538461538461539,0.01815384615384616,18.26759709193035,18.266353664840896,0.0012434270894559063
0.005538461538461539,0.018461538461538467,15.239326451054954,15.238287176044874,0.001039275010079166
0.005538461538461539,0.018769230769230774,12.202155417618295,12.201321956654066,0.0008334609642286495
0.005538461538461539,0.01907692307692308,9.15785779732115,9.157231508834533,0.0006262884866163887
0.005538461538461539,0.01938461538461539,6.108211600154351,6.107793495684988,0.0004181044693627456
0.005538461538461539,0.019692307692307696,3.054997934177652,3.0547887031318117,0.0002092310458401414
0.006153846153846154,0.00030769230769230776,139.3766797653865,139.3762438262771,0.0004359391094226339
0.006153846153846154,0.0006153846153846155,139.2549943402501,139.25414423791793,0.0008501023321798584
0.006153846153846154,0.0009230769230769233,139.05196905613116,139.05072415077424,0.0012449053569127955
0.006153846153846154,0.001230769230769231,138.76772310509193,138.76610235644856,0.0016207486433756912
0.006153846153846154,0.001538461538461539,138.4024234986993,138.4004450660537,0.0019784326456147028
0.006153846153846154,0.0018461538461538465,137.956283910614,137.95396581315023,0.002318097463756885
0.006153846153846154,0.002153846153846154,137.42956527934788,137.4269253290488,0.0026399502990841484
0.006153846153846154,0.002461538461538462,136.82257556979127,136.81963139055043,0.0029441792408420042
0.006153846153846154,0.00276923076923077,136.1356695810299,136.13243864021362,0.003230940816280281
0.006153846153846154,0.003076923076923078,135.3692489491873,135.36574837925292,0.003500569934374198
0.006153846153846154,0.0033846153846153852,134.52376142594667,134.52000833319048,0.003753092756198839
0.006153846153846154,0.003692307692307693,133.59970124989044,133.59571239039678,0.003988859493659902
0.006153846153846154,0.004000000000000001,132.59760828649163,132.59340031367392,0.004207972817710015
0.006153846153846154,0.004307692307692308,131.5180682452927,131.51365742504922,0.004410820243492708
0.006153846153846154,0.004615384615384617,130.3617117985895,130.3571142639636,0.0045975346259012895
0.006153846153846154,0.004923076923076924,129.12921468424065,129.1244462190545,0.0047684651861459315
0.006153846153846154,0.0052307692307692315,127.82129694894176,127.8163731337477,0.004923815194061376
0.006153846153846154,0.00553846153846154,126.43872279254553,126.43365888588919,0.005063906656346262
0.006153846153846154,0.005846153846153847,124.9822999540716,124.97711094166195,0.005189012409658744
0.006153846153846154,0.006153846153846156,123.45287931381215,123.44757988404845,0.005299429763695684
0.006153846153846154,0.006461538461538463,121.8513543511077,121.84595891611414,0.005395434993559434
0.006153846153846154,0.0067692307692307704,120.17866063923523,120.17318333940207,0.005477299833160032
0.006153846153846154,0.007076923076923079,118.43577538775773,118.43023000774302,0.005545380014709167
0.006153846153846154,0.007384615384615386,116.62371669143,116.61811675680042,0.005599934629586301
0.006153846153846154,0.007692307692307694,114.74354309069382,114.73790180968302,0.005641281010795751
0.006153846153846154,0.008000000000000002,112.79635282360711,112.79068315897236,0.005669664634751825
0.006153846153846154,0.00830769230769231,110.78328340117052,110.77759792552602,0.005685475644497728
0.006153846153846154,0.008615384615384617,108.70551065411584,108.69982169443111,0.005688959684732708
0.006153846153846154,0.008923076923076924,106.56424827011075,106.55856782849555,0.005680441615197651
0.006153846153846154,0.009230769230769233,104.360746935301,104.35508675967854,0.005660175622452357
0.006153846153846154,0.00953846153846154,102.09629380576054,102.09066525887343,0.0056285468871095645
0.006153846153846154,0.009846153846153848,99.77221149481134,99.76662568446964,0.005585810341699471
0.006153846153846154,0.010153846153846156,97.38985749928231,97.3843252101328,0.005532289149513758
0.006153846153846154,0.010461538461538463,94.95062329303462,94.94515503225345,0.005468260781171352
0.006153846153846154,0.010769230769230772,92.45593363721173,92.45053955752745,0.005394079684279518
0.006153846153846154,0.01107692307692308,89.90724559235777,89.90193557114273,0.005310021215038319
0.006153846153846154,0.011384615384615387,87.30604778388701,87.30083138605768,0.005216397829329367
0.006153846153846154,0.011692307692307695,84.65385948942824,84.64874597386826,0.005113515559983739
0.006153846153846154,0.012000000000000002,81.95222977801302,81.94722807777146,0.005001700241564322
0.006153846153846154,0.012307692307692311,79.20273656094216,79.19785530814279,0.004881252799364688
0.006153846153846154,0.012615384615384619,76.4069857052778,76.40223322125637,0.004752484021437908
0.006153846153846154,0.012923076923076926,73.56661009293765,73.56199438168508,0.004615711252569099
0.006153846153846154,0.013230769230769233,70.6832686417443,70.67879740892907,0.004471232815234316
0.006153846153846154,0.013538461538461541,67.75864537700227,67.75432600882843,0.004319368173838711
0.006153846153846154,0.013846153846153848,64.79444841819691,64.79028799032663,0.00416042787027493
0.006153846153846154,0.014153846153846157,61.79240900457812,61.78841426815797,0.003994736420146694
0.006153846153846154,0.014461538461538465,58.75428045170587,58.750457852042324,0.003822599663543258
0.006153846153846154,0.014769230769230772,55.6818371641072,55.67819282297662,0.003644341130581097
0.006153846153846154,0.01507692307692308,52.57687358036262,52.5734132972217,0.0034602831409245027
0.006153846153846154,0.015384615384615387,49.441203122308536,49.43793237858883,0.003270743719703262
0.006153846153846154,0.015692307692307696,46.27665716123615,46.27358109963811,0.0030760615980440775
0.006153846153846154,0.016000000000000004,43.08508390546939,43.08220735240708,0.0028765530623076074
0.006153846153846154,0.01630769230769231,39.86834737370594,39.86567480929384,0.0026725644120944025
0.006153846153846154,0.01661538461538462,36.62832623680936,36.6258618347248,0.0024644020845556724
0.006153846153846154,0.016923076923076926,33.36691283834592,33.36466038824264,0.002252450103277681
0.006153846153846154,0.017230769230769234,30.086011924865556,30.0839749196555,0.0020370052100560088
0.006153846153846154,0.01753846153846154,26.787539726944075,26.78572125689159,0.0018184700524841446
0.006153846153846154,0.01784615384615385,23.47342263290136,23.471825487209934,0.0015971456914272153
0.006153846153846154,0.01815384615384616,20.145596279035825,20.144222832419324,0.0013734466165011838
0.006153846153846154,0.018461538461538467,16.806004188888135,16.804856518763756,0.0011476701243786636
0.006153846153846154,0.018769230769230774,13.456596839588844,13.455676642132447,0.0009201974563968207
0.006153846153846154,0.01907692307692308,10.099330370877604,10.09863902925921,0.0006913416183937926
0.006153846153846154,0.01938461538461539,6.736165560262175,6.735704095574428,0.0004614646877474371
0.006153846153846154,0.019692307692307696,3.369066600135499,3.368835700377887,0.00023089975761214632
0.00676923076923077,0.00030769230769230776,152.04401651156508,152.04354860231084,0.0004679092542403396
0.00676923076923077,0.0006153846153846155,151.91126959248908,151.9103519097658,0.0009176827232693086
0.00676923076923077,0.0009230769230769233,151.6897920848835,151.6884438495596,0.0013482353238885025
0.00676923076923077,0.001230769230769231,151.37971307236904,151.37795400975034,0.0017590626187029557
0.00676923076923077,0.001538461538461539,150.98121383414855,150.97906370766103,0.00215012648752122
0.00676923076923077,0.0018461538461538465,150.49452747453503,150.49200588399515,0.00252159053988521
0.00676923076923077,0.002153846153846154,149.91993839768227,149.91706496680595,0.0028734308763205263
0.00676923076923077,0.002461538461538462,149.2577826763157,149.25457670539856,0.00320597091715058
0.00676923076923077,0.00276923076923077,148.50844725976887,148.5049279742617,0.0035192855071670692
0.00676923076923077,0.003076923076923078,147.6723703809784,147.66855654714396,0.0038138338344424483
0.00676923076923077,0.0033846153846153852,146.7500404420643,146.74595084140623,0.004089600658062409
0.00676923076923077,0.003692307692307693,145.74199666364498,145.7376496327997,0.004347030845281097
0.00676923076923077,0.004000000000000001,144.64882795395252,144.6442417408361,0.004586213116425597
0.00676923076923077,0.004307692307692308,143.47117330024537,143.46636568493352,0.0048076153118472575
0.00676923076923077,0.004615384615384617,142.2097206773814,142.20470931153915,0.00501136584225037
0.00676923076923077,0.004923076923076924,140.86520726808027,140.86000939244636,0.005197875633911053
0.00676923076923077,0.0052307692307692315,139.43841855197974,139.43305119454058,0.005367357439155285
0.00676923076923077,0.00553846153846154,137.93018820816482,137.92466802122573,0.005520186939094174
0.00676923076923077,0.005846153846153847,136.3413973768718,136.3357407257984,0.005656651073422836
0.00676923076923077,0.006153846153846156,134.67297428669062,134.66719719705424,0.005777089636382016
0.00676923076923077,0.006461538461538463,132.92589361577907,132.92001181742722,0.005881798351850875
0.00676923076923077,0.0067692307692307704,131.10117598064588,131.0952048939777,0.005971086668182579
0.00676923076923077,0.007076923076923079,129.1998873980124,129.19384206256166,0.0060453354507501444
0.00676923076923077,0.007384615384615386,127.22313850115944,127.21703366552951,0.006104835629926697
0.00676923076923077,0.007692307692307694,125.17208403324368,125.16593410331748,0.006149929926195341
0.00676923076923077,0.008000000000000002,123.04792205312715,123.04174116031011,0.0061808928170421495
0.00676923076923077,0.00830769230769231,120.85189345119544,120.84569530536803,0.0061981458274118495
0.00676923076923077,0.008615384615384617,118.58528092798609,118.57907896742906,0.006201960557035591
0.00676923076923077,0.008923076923076924,116.24940847669947,116.24321578660572,0.0061926900937550045
0.00676923076923077,0.009230769230769233,113.84564045518701,113.83946984121678,0.006170613970226668
0.00676923076923077,0.00953846153846154,111.37538100258442,111.36924485120403,0.00613615138038881
0.00676923076923077,0.009846153846153848,108.84007293935437,108.83398335839907,0.006089580955304541
0.00676923076923077,0.010153846153846156,106.24119713981342,106.23516588411978,0.006031255693642379
0.00676923076923077,0.010461538461538463,103.58027154247122,103.57431006458744,0.00596147788378687
0.00676923076923077,0.010769230769230772,100.85885040026757,100.85296976466991,0.005880635597662831
0.00676923076923077,0.01107692307692308,98.07852319819486,98.07273417046838,0.005789027726478935
0.00676923076923077,0.011384615384615387,95.2409138580612,95.23522686127734,0.005686996783865084
0.00676923076923077,0.011692307692307695,92.34767973660853,92.34210486146004,0.005574875148482761
0.00676923076923077,0.012000000000000002,89.40051069308205,89.39505767279297,0.005453020289081678
0.00676923076923077,0.012307692307692311,86.40112804695536,86.3958062878443,0.005321759111069468
0.00676923076923077,0.012615384615384619,83.35128361680574,83.34610218496279,0.0051814318429563855
0.00676923076923077,0.012923076923076926,80.25275869012529,80.24772630546366,0.00503238466163225
0.00676923076923077,0.013230769230769233,77.10736295810213,77.1024880136091,0.004874944493025168
0.00676923076923077,0.013538461538461541,73.91693349862292,73.91222403999038,0.0047094586325471255
0.00676923076923077,0.013846153846153848,70.68333367352292,70.6787974089291,0.0045362645938240576
0.00676923076923077,0.014153846153846157,67.40845206496664,67.40409635052318,0.0043557144434629436
0.00676923076923077,0.014461538461538465,64.09420133706476,64.09003319797395,0.004168139090808154
0.00676923076923077,0.014769230769230772,60.742517160995696,60.73854327083715,0.003973890158547988
0.00676923076923077,0.01507692307692308,57.35535705891934,57.351583744851,0.003773314068340028
0.00676923076923077,0.015384615384615387,53.9346992680904,53.93113250900061,0.003566759089785876
0.00676923076923077,0.015692307692307696,50.482541595192764,50.47918701048645,0.0033545847063152223
0.00676923076923077,0.016000000000000004,47.000900237540215,46.99776308827154,0.0031371492686744773
0.00676923076923077,0.01630769230769231,43.491808614600444,43.48889379588823,0.0029148187122132185
0.00676923076923077,0.01661538461538462,39.9573161676906,39.9546282141922,0.002687953498401896
0.00676923076923077,0.016923076923076926,36.39948719639904,36.39703025475678,0.0024569416422650647
0.00676923076923077,0.017230769230769234,32.82039957910597,32.818177454607046,0.0022221244989211186
0.00676923076923077,0.01753846153846154,29.222143656244267,29.220159762996328,0.001983893247938795
0.00676923076923077,0.01784615384615385,25.606820909716667,25.60507832093503,0.0017425887816386876
0.00676923076923077,0.01815384615384616,21.976542859246337,21.97504423418309,0.0014986250632453846
0.00676923076923077,0.018461538461538467,18.33342969196729,18.332177340424213,0.0012523515430764576
0.00676923076923077,0.018769230769230774,14.679609145084893,14.678604971339688,0.0010041737452048949
0.00676923076923077,0.01907692307692308,11.017215170075005,11.016460710307111,0.0007544597678936782
0.00676923076923077,0.01938461538461539,7.348386753448332,7.34788314644747,0.0005036070008621607
0.00676923076923077,0.019692307692307696,3.6752666187122753,3.6750146257495597,0.0002519929627156081
0.007384615384615385,0.00030769230769230776,164.35627234093485,164.3557486255933,0.0005237153415578177
0.007384615384615385,0.0006153846153846155,164.21278618211403,164.21176591590955,0.0010202662044775934
0.007384615384615385,0.0009230769230769233,163.97337987108753,163.97188815919762,0.0014917118899120396
0.007384615384615385,0.001230769230769231,163.63819524537735,163.63625543731234,0.00193980806500349
0.007384615384615385,0.001538461538461539,163.20742885526508,163.2050637503118,0.0023651049532702473
0.007384615384615385,0.0018461538461538465,162.68133342130258,162.67856490199867,0.0027685193039133082
0.007384615384615385,0.002153846153846154,162.06021643040523,162.05706635287393,0.0031500775313020313
0.007384615384615385,0.002461538461538462,161.34444146123784,161.34093104058863,0.0035104206492064804
0.007384615384615385,0.00276923076923077,160.53442677478046,160.53057716799853,0.0038496067819266955
0.007384615384615385,0.003076923076923078,159.6306462416802,159.62647795894532,0.004168282734895001
0.007384615384615385,0.0033846153846153852,158.63362780338792,158.6291613819073,0.004466421480628924
0.007384615384615385,0.003692307692307693,157.54395443133413,157.53920984168064,0.004744589653483899
0.007384615384615385,0.004000000000000001,156.3622627220015,156.3572598392714,0.005002882730110514
0.007384615384615385,0.004307692307692308,155.08924345977405,155.08400160019684,0.005241859577211017
0.007384615384615385,0.004615384615384617,153.72564033149084,153.72017867141304,0.005461660077799024
0.007384615384615385,0.004923076923076924,152.27225024680777,152.26658748710474,0.0056627597030285415
0.007384615384615385,0.0052307692307692315,150.72992229237883,150.7240769035898,0.005845388789026629
0.007384615384615385,0.00553846153846154,149.09955767792306,149.09354770361136,0.006009974311695032
0.007384615384615385,0.005846153846153847,147.3821088921798,147.37595207030586,0.00615682187392963
0.007384615384615385,0.006153846153846156,145.5785793417083,145.57229303115497,0.006286310553321073
0.007384615384615385,0.006461538461538463,143.69002262816863,143.68362387224585,0.0063987559227882684
0.007384615384615385,0.0067692307692307704,141.71754202456634,141.71104752318163,0.0064945013847079736
0.007384615384615385,0.007076923076923079,139.66228986503475,139.65571591300167,0.006573952033079422
0.007384615384615385,0.007384615384615386,137.52546672527632,137.51882929748737,0.0066374277889451605
0.007384615384615385,0.007692307692307694,135.308320853154,135.30163555824666,0.006685294907327943
0.007384615384615385,0.008000000000000002,133.0121473287093,133.00542947398617,0.0067178547231208086
0.007384615384615385,0.00830769230769231,130.63828752296234,130.63155196439712,0.006735558565225119
0.007384615384615385,0.008615384615384617,128.1881280098121,128.1813893070958,0.006738702716290845
0.007384615384615385,0.008923076923076924,125.66309999555932,125.6563723280765,0.006727667482820721
0.007384615384615385,0.009230769230769233,123.06467832311085,123.05797556614952,0.006702756961331602
0.007384615384615385,0.00953846153846154,120.39438083593744,120.38771641185204,0.006664424085400356
0.007384615384615385,0.009846153846153848,117.65376719215243,117.64715422133457,0.006612970817855057
0.007384615384615385,0.010153846153846156,114.84443818637985,114.83788940574111,0.006548780638738094
0.007384615384615385,0.010461538461538463,111.9680346773906,111.96156249661398,0.006472180776626146
0.007384615384615385,0.010769230769230772,109.026236782823,109.01985318786963,0.006383594953376814
0.007384615384615385,0.01107692307692308,106.02076270116332,106.01447935490472,0.006283346258598499
0.007384615384615385,0.011384615384615387,102.95336786152143,102.94719605140519,0.006171810116242682
0.007384615384615385,0.011692307692307695,99.82584383035791,99.8197944844444,0.006049345913510251
0.007384615384615385,0.012000000000000002,96.64001731451042,96.63410096846866,0.005916346041757947
0.007384615384615385,0.012307692307692311,93.39774902380394,93.39197585878087,0.005773165023072124
0.007384615384615385,0.012615384615384619,90.10093264159019,90.09531246514565,0.005620176444537606
0.007384615384615385,0.012923076923076926,86.75149370390557,86.74603594614958,0.005457757755991111
0.007384615384615385,0.013230769230769233,83.3513884529859,83.3461021849628,0.005286268023098728
0.007384615384615385,0.013538461538461541,79.90260273583218,79.89749664715838,0.005106088673798581
0.007384615384615385,0.013846153846153848,76.40715081079125,76.4022332212564,0.004917589534855438
0.007384615384615385,0.014153846153846157,72.86707420420582,72.86235304266955,0.0047211615362670045
0.007384615384615385,0.014461538461538465,69.28444046688138,69.27992330173778,0.004517165143596458
0.007384615384615385,0.014769230769230772,65.66134203228435,65.65703603654715,0.004305995737198032
0.007384615384615385,0.01507692307692308,61.999894938832284,61.99580691123865,0.0040880275936316934
0.007384615384615385,0.015384615384615387,58.30223763547448,58.29837398051988,0.0038636549545998378
0.007384615384615385,0.015692307692307696,54.570529696703026,54.56689644110115,0.0036332556018763285
0.007384615384615385,0.016000000000000004,50.80695060837673,50.80355337078568,0.00339723759105226
0.007384615384615385,0.01630769230769231,47.013698431989134,47.010542455949334,0.0031559760397996683
0.007384615384615385,0.01661538461538462,43.1929885925726,43.190078708153784,0.0029098844188126805
0.007384615384615385,0.016923076923076926,39.34705253113703,39.34439317064191,0.002659360495123053
0.007384615384615385,0.017230769230769234,35.478136430352045,35.475731615471716,0.0024048148803288427
0.007384615384615385,0.01753846153846154,31.588499891588576,31.586353232048342,0.002146659540233742
0.007384615384615385,0.01784615384615385,27.680414605662335,27.678529307821385,0.0018852978409498178
0.007384615384615385,0.01815384615384616,23.7561630537917,23.75454190191662,0.001621151875077942
0.007384615384615385,0.018461538461538467,19.818037122933593,19.816682512478312,0.0013546104552801808
0.007384615384615385,0.018769230769230774,15.868336818387515,15.86725073849811,0.0010860798894061219
0.007384615384615385,0.01907692307692308,11.90936888855696,11.908552936914562,0.0008159516423980051
0.007384615384615385,0.01938461538461539,7.943445506242721,7.942900875765268,0.000544630477453012
0.007384615384615385,0.019692307692307696,3.9728828972030565,3.9726103841797165,0.00027251302334008187
0.008,0.00030769230769230776,176.2846330477529,176.28408818248005,0.0005448652728432535
0.008,0.0006153846153846155,176.13072603965588,176.12965573394754,0.0010703057083389922
0.008,0.0009230769230769233,175.87394199763904,175.8723685263455,0.0015734712935397965
0.008,0.001230769230769231,175.514430816272,175.51237680815785,0.0020540081141575683
0.008,0.001538461538461539,175.052401737733,175.04989080441047,0.0025109333225259434
0.008,0.0018461538461538465,174.488125465996,174.48518059390582,0.002944872090182571
0.008,0.002153846153846154,173.821931261378,173.81857595150436,0.0033553098736547327
0.008,0.002461538461538462,173.05420912280266,173.0504661555454,0.0037429672572670825
0.008,0.00276923076923077,172.18540749053207,172.1812997605195,0.004107730012577804
0.008,0.003076923076923078,171.21603471813475,171.2115843351253,0.004450383009441339
0.008,0.0033846153846153852,170.14665702016546,170.1418861658637,0.004770854301767713
0.008,0.003692307692307693,168.9778997362847,168.9728299263424,0.005069809942312986
0.008,0.004000000000000001,167.71044566495704,167.7050983124842,0.005347352472824696
0.008,0.004307692307692308,166.34503575234228,166.33943164385187,0.005604108490416593
0.008,0.004615384615384617,164.8824676761662,164.87662743132205,0.0058402448441370325
0.008,0.004923076923076924,163.32359619554683,163.31753991136182,0.006056284185007144
0.008,0.0052307692307692315,161.66933203238946,161.6630795471783,0.006252485211149406
0.008,0.00553846153846154,159.9206418071012,159.91421249703393,0.00642931006726144
0.008,0.005846153846153847,158.07854714596718,158.07196005003726,0.006587095929916131
0.008,0.006153846153846156,156.14412428254792,156.13739802973876,0.00672625280915895
0.008,0.006461538461538463,154.11850328828226,154.11165616588025,0.006847122402007244
0.008,0.0067692307692307704,152.00286751078795,151.99591743466462,0.006950076123331428
0.008,0.007076923076923079,149.79845291634183,149.79141736793085,0.007035548410982528
0.008,0.007384615384615386,147.50654721775018,147.49944333163828,0.007103886111906377
0.008,0.007692307692307694,145.12848925448597,145.1213337740813,0.00715548040466274
0.008,0.008000000000000002,142.66566810266235,142.65847744427305,0.007190658389305327
0.008,0.00830769230769231,140.11952248284734,140.1123125809551,0.007209901892252901
0.008,0.008615384615384617,137.49153960434168,137.48432607270666,0.007213531635017034
0.008,0.008923076923076924,134.78325454430575,134.77605258964346,0.0072019546622925645
0.008,0.009230769230769233,131.99624918614182,131.98907368721353,0.0071754989282908355
0.008,0.00953846153846154,129.1321515335468,129.12501688261358,0.007134650933210196
0.008,0.009846153846153848,126.19263443901124,126.18555470436443,0.007079734646808333
0.008,0.010153846153846156,123.17941487898021,123.17240371560187,0.00701116337833696
0.008,0.010461538461538463,120.09425279849101,120.08732351165185,0.006929286839167048
0.008,0.010769230769230772,116.93895025759034,116.93211569247637,0.006834565113962299
0.008,0.01107692307692308,113.71535015259569,113.70862281059,0.006727342005689252
0.008,0.011384615384615387,110.42533532103546,110.41872729506095,0.006608025974514931
0.008,0.011692307692307695,107.07082735080144,107.06435035222555,0.006476998575891457
0.008,0.012000000000000002,103.65378553173846,103.64745084375788,0.006334687980583453
0.008,0.012307692307692311,100.1762056139702,100.17002414274965,0.006181471220543244
0.008,0.012615384615384619,96.64011872381391,96.63410096846863,0.006017755345283149
0.008,0.012923076923076926,93.04759014468814,93.04174620047559,0.005843944212557517
0.008,0.013230769230769233,89.40071809998398,89.39505767279296,0.0056604271910174475
0.008,0.013538461538461541,85.70163256541584,85.69616494882872,0.005467616587111479
0.008,0.013846153846153848,81.95249398601773,81.94722807777148,0.0052659082462440665
0.008,0.014153846153846157,78.15549206410705,78.15043633318236,0.005055730924695467
0.008,0.014461538461538465,74.31284439338062,74.30800693452113,0.004837458859483945
0.008,0.014769230769230772,70.42679528595279,70.42218375235227,0.0046115336005243535
0.008,0.01507692307692308,66.49961433609884,66.49523599798789,0.00437833811095345
0.008,0.015384615384615387,62.53359521651384,62.52945689833225,0.004138318181588829
0.008,0.015692307692307696,58.531054204089024,58.52716235670158,0.0038918473874431925
0.008,0.016000000000000004,54.49432898784304,54.49068960040207,0.003639387440969699
0.008,0.01630769230769231,50.42577712853649,50.42239581585478,0.003381312681710824
0.008,0.01661538461538462,46.32777484649749,46.3246567720652,0.003118074432293838
0.008,0.016923076923076926,42.202715488955654,42.199865433240895,0.002850055714759492
0.008,0.017230769230769234,38.0530082414585,38.05043056136812,0.002577680090382728
0.008,0.01753846153846154,33.88107665768623,33.87877530956227,0.0023013481239573252
0.008,0.01784615384615385,29.68935728276555,29.687335807015067,0.002021475750481727
0.008,0.01815384615384616,25.48029823297436,25.478559736363287,0.001738496611071838
0.008,0.018461538461538467,21.256357744224434,21.25490490431166,0.001452839912776227
0.008,0.018769230769230774,17.020002757959766,17.0188378063422,0.0011649516175644692
0.008,0.01907692307692308,12.773707462583658,12.772832186350916,0.0008752762327421948
0.008,0.01938461538461539,8.51995185535805,8.51936759205065,0.0005842633074006898
0.008,0.019692307692307696,4.261220284356163,4.2609279269853415,0.00029235737082178304
0.008615384615384615,0.00030769230769230776,187.80131033869472,187.80070808323228,0.0006022554624394161
0.008615384615384615,0.0006153846153846155,187.63736129131198,187.63618657999027,0.0011747113217097649
0.008615384615384615,0.0009230769230769233,187.36380885748102,187.36209082769295,0.001718029788065678
0.008615384615384615,0.001230769230769231,186.98081516612365,186.97858089054105,0.0022342755825945915
0.008615384615384615,0.001538461538461539,186.48860408137426,186.48588072753807,0.0027233538361883802
0.008615384615384615,0.0018461538461538465,185.88746491930303,185.8842780617046,0.003186857598421966
0.008615384615384615,0.002153846153846154,185.17774871401562,185.17412421205609,0.0036245019595355643
0.008615384615384615,0.002461538461538462,184.35987132261025,184.35583388844253,0.004037434167713627
0.008615384615384615,0.00276923076923077,183.4343105849026,183.42988494936958,0.0044256355330105634
0.008615384615384615,0.003076923076923078,182.40160822762962,182.3968181229425,0.004790104687117491
0.008615384615384615,0.0033846153846153852,181.262367522532,181.25723669109644,0.005130831435565142
0.008615384615384615,0.003692307692307693,180.0172547208676,180.01180613729653,0.00544858357108069
0.008615384615384615,0.004000000000000001,178.66699726862095,178.66125375791435,0.005743510706594179
0.008615384615384615,0.004307692307692308,177.21238452427977,177.20636823750743,0.006016286772336343
0.008615384615384615,0.004615384615384617,175.65426630878133,175.6479991882495,0.006267120531816772
0.008615384615384615,0.004923076923076924,173.99355321383092,173.9870566537811,0.006496560049811251
0.008615384615384615,0.0052307692307692315,172.23121547115215,172.22451057776954,0.006704893382618593
0.008615384615384615,0.00553846153846154,170.36828283517286,170.36139023748922,0.006892597683645363
0.008615384615384615,0.005846153846153847,168.40584368135202,168.39878364275273,0.007060038599291829
0.008615384615384615,0.006153846153846156,166.34504454196718,166.3378369005436,0.007207641423576661
0.008615384615384615,0.006461538461538463,164.18708931388403,164.17975354572224,0.007335768161794931
0.008615384615384615,0.0067692307692307704,161.93323864399184,161.9257938381954,0.007444805796438914
0.008615384615384615,0.007076923076923079,159.58480923902655,159.57727402695994,0.007535212066613894
0.008615384615384615,0.007384615384615386,157.1431729329307,157.1355655814503,0.007607351480402258
0.008615384615384615,0.007692307692307694,154.60975602486292,154.6020943906393,0.007661634223609326
0.008615384615384615,0.008000000000000002,151.98603833643858,151.9783399303588,0.0076984060797826714
0.008615384615384615,0.00830769230769231,149.27355257356635,149.26583439932764,0.007718174238704023
0.008615384615384615,0.008615384615384617,146.4738831028472,146.46616182439084,0.007721278456358505
0.008615384615384615,0.008923076923076924,143.5886652837797,143.58095713549218,0.007708148287520089
0.008615384615384615,0.009230769230769233,140.6195843420942,140.61190521092158,0.007679131172636744
0.008615384615384615,0.00953846153846154,137.56837463727433,137.56073989339333,0.00763474388099894
0.008615384615384615,0.009846153846153848,134.43681830632502,134.42924297753083,0.007575328794189318
0.008615384615384615,0.010153846153846156,131.22674449627291,131.21924316934883,0.007501326924085561
0.008615384615384615,0.010461538461538463,127.94002812569023,127.93261501834047,0.007413107349762527
0.008615384615384615,0.010769230769230772,124.57858898848964,124.5712778227932,0.007311165696435751
0.008615384615384615,0.01107692307692308,121.14439037252288,121.13719450897268,0.007195863550194304
0.008615384615384615,0.011384615384615387,117.63943812737462,117.63237048482908,0.007067642545536046
0.008615384615384615,0.011692307692307695,114.0657793721653,114.05885246889528,0.00692690327001344
0.008615384615384615,0.012000000000000002,110.42550140596992,110.41872729506095,0.006774110908978059
0.008615384615384615,0.012307692307692311,106.72073035590594,106.71412069392026,0.006609661985677917
0.008615384615384615,0.012615384615384619,102.9536300505074,102.94719605140516,0.006433999102242183
0.008615384615384615,0.012923076923076926,99.1264006946829,99.12015314542882,0.006247549254084106
0.008615384615384615,0.013230769230769233,95.2412775969146,95.23522686127733,0.006050735637273874
0.008615384615384615,0.013538461538461541,91.30052988564059,91.29468588649955,0.005843999141035283
0.008615384615384615,0.013846153846153848,87.30645915364518,87.3008313860577,0.005627767587483845
0.008615384615384615,0.014153846153846157,83.2613981659844,83.25599565851145,0.0054025074729509015
0.008615384615384615,0.014461538461538465,79.16770939041061,79.16254077402164,0.005168616388971259
0.008615384615384615,0.014769230769230772,75.0277837791224,75.02285719496746,0.00492658415494418
0.008615384615384615,0.01507692307692308,70.84403919321335,70.83936237998402,0.004676813229323784
0.008615384615384615,0.015384615384615387,66.61891917623424,66.6144993722345,0.004419803999738292
0.008615384615384615,0.015692307692307696,62.354891309425916,62.350735372741575,0.004155936684341555
0.008615384615384615,0.016000000000000004,58.05444603179214,58.05056029961173,0.003885732180407331
0.008615384615384615,0.01630769230769231,53.72009490719164,53.7164853339931,0.003609573198538385
0.008615384615384615,0.01661538461538462,49.35436942188041,49.35104145361642,0.0033279682639957286
0.008615384615384615,0.016923076923076926,44.95981927391776,44.95677795477515,0.0030413191426106323
0.008615384615384615,0.017230769230769234,40.53901108344521,40.536260963608555,0.002750119836655074
0.008615384615384615,0.01753846153846154,36.09452674985789,36.09207193755592,0.0024548123019698664
0.008615384615384615,0.01784615384615385,31.62896203015379,31.62680615785847,0.0021558722953187726
0.008615384615384615,0.01815384615384616,27.14492497364127,27.143071213987778,0.0018537596534926593
0.008615384615384615,0.018461538461538467,22.64503441572904,22.6434854808876,0.0015489348414412518
0.008615384615384615,0.018769230769230774,18.131918441241087,18.13067658991583,0.0012418513252576702
0.008615384615384615,0.01907692307692308,13.608212858399384,13.60727989438244,0.0009329640169433162
0.008615384615384615,0.01938461538461539,9.07655965488351,9.075936930576944,0.0006227243065666244
0.008615384615384615,0.019692307692307696,4.53960546077698,4.539293875185919,0.00031158559106092554
0.009230769230769232,0.00030769230769230776,198.87934216766365,198.87871072844516,0.0006314392184947337
0.009230769230769232,0.0006153846153846155,198.70571998292806,198.70448441808762,0.0012355648404422936
0.009230769230769232,0.0009230769230769233,198.41603037990959,198.41422028442486,0.0018100954847284356
0.009230769230769232,0.001230769230769231,198.0104443969798,198.008087833537,0.0023565634428166504
0.009230769230769232,0.001538461538461539,197.48919851988964,197.48632423533854,0.0028742845510976167
0.009230769230769232,0.0018461538461538465,196.8525990784591,196.84923418507776,0.0033648933813310578
0.009230769230769232,0.002153846153846154,196.10101782070902,196.0971897254033,0.0038280953057210354
0.009230769230769232,0.002461538461538462,195.23489511106555,195.23063002910172,0.004265081963836792
0.009230769230769232,0.00276923076923077,194.2547370735487,194.25006114263303,0.004675930915681192
0.009230769230769232,0.003076923076923078,193.16111731761833,193.15605569061375,0.00506162700457935
0.009230769230769232,0.0033846153846153852,191.95467482008212,191.9492525414202,0.0054222786619106955
0.009230769230769232,0.003692307692307693,190.63611506254284,190.63035643410754,0.005758628435302171
0.009230769230769232,0.004000000000000001,189.2062084817379,189.2001375668617,0.006070914876175948
0.009230769230769232,0.004307692307692308,187.66579092412505,187.65943114722577,0.006359776899273584
0.009230769230769232,0.004615384615384617,186.01576240475083,186.00913690436184,0.006625500388992123
0.009230769230769232,0.004923076923076924,184.25708717640637,184.25021856363486,0.006868612771512517
0.009230769230769232,0.0052307692307692315,182.3907927349576,182.38370328382393,0.007089451133680313
0.009230769230769232,0.00553846153846154,180.41796953514037,180.41068105729076,0.007288477849613173
0.009230769230769232,0.005846153846153847,178.33977017509739,178.3323040734545,0.0074661016428763105
0.009230769230769232,0.006153846153846156,176.1574087924903,176.1497860459459,0.007622746544399206
0.009230769230769232,0.006461538461538463,173.8721603060861,173.86440150383237,0.007758802253732711
0.009230769230769232,0.0067692307692307704,171.48535970804474,171.47748504732928,0.007874660715458504
0.009230769230769232,0.007076923076923079,168.9984013757522,168.99043056843072,0.007970807321470375
0.009230769230769232,0.007384615384615386,166.41273805513745,166.40469043691593,0.008047618221525
0.009230769230769232,0.007692307692307694,163.72988017589137,163.72177465220628,0.008105523685088656
0.009230769230769232,0.008000000000000002,160.95139484579173,160.94324996156809,0.008144884223639792
0.009230769230769232,0.00830769230769231,158.07890517770514,158.07073894517637,0.00816623252876525
0.009230769230769232,0.008615384615384617,155.11408899344403,155.1059190685737,0.008169924870315981
0.009230769230769232,0.008923076923076924,152.05867811570366,152.05052170307752,0.008156412626135534
0.009230769230769232,0.009230769230769233,148.91445717514924,148.9063311147081,0.008126060441128402
0.009230769230769232,0.00953846153846154,145.6832628368673,145.67518342222746,0.008079414639837523
0.009230769230769232,0.009846153846153848,142.36698235842067,142.35896552489763,0.008016833523043942
0.009230769230769232,0.010153846153846156,138.96755278573303,138.95961400058462,0.007938785148411398
0.009230769230769232,0.010461538461538463,135.486959629606,135.47911397485169,0.007845654754305542
0.009230769230769232,0.010769230769230772,131.92723593600027,131.91949796170155,0.007737974298720474
0.009230769230769232,0.01107692307692308,128.29046079552805,128.28284467664574,0.0076161188823107295
0.009230769230769232,0.011384615384615387,124.57875838743152,124.5712778227932,0.007480564638314036
0.009230769230769232,0.011692307692307695,120.79429657619173,120.78696485066742,0.007331725524309718
0.009230769230769232,0.012000000000000002,116.939285799671,116.93211569247637,0.007170107194625075
0.009230769230769232,0.012307692307692311,113.0159775895877,113.00898147157442,0.0069961180132906975
0.009230769230769232,0.012615384615384619,109.02666342754142,109.01985318786961,0.006810239671807494
0.009230769230769232,0.012923076923076926,104.97367329293431,104.96706037994423,0.006612912990078712
0.009230769230769232,0.013230769230769233,100.85937436756839,100.85296976466991,0.006404602898484768
0.009230769230769232,0.013538461538461541,96.68616962110134,96.67998385511153,0.006185765989812353
0.009230769230769232,0.013846153846153848,92.45649642777565,92.45053955752748,0.005956870248169821
0.009230769230769232,0.014153846153846157,88.17282515203419,88.16710674828465,0.005718403749540357
0.009230769230769232,0.014461538461538465,83.83765763332421,83.83218683152063,0.0054708018035825035
0.009230769230769232,0.014769230769230772,79.45352586206937,79.44831127839369,0.0052145836756807284
0.009230769230769232,0.01507692307692308,75.02299033400223,75.01804014877527,0.004950185226960002
0.009230769230769232,0.015384615384615387,70.54863873884558,70.54396059624698,0.0046781425986068825
0.009230769230769232,0.015692307692307696,66.03308421584455,66.02868535727559,0.004398858568961828
0.009230769230769232,0.016000000000000004,61.47896412713037,61.47485122544881,0.004112901681558867
0.009230769230769232,0.01630769230769231,56.88893818088159,56.8851175116619,0.0038206692196851577
0.009230769230769232,0.01661538461538462,52.265687215860446,52.2621644911551,0.0035227247053484234
0.009230769230769232,0.016923076923076926,47.61191129758474,47.608691838308125,0.0032194592766146
0.009230769230769232,0.017230769230769234,42.93032845514273,42.92741705010677,0.0029114050359595467
0.009230769230769232,0.01753846153846154,38.22367283479137,38.221073859200736,0.0025989755906365986
0.009230769230769232,0.01784615384615385,33.49469331059921,33.492410637481164,0.0022826731180458637
0.009230769230769232,0.01815384615384616,28.74615173729498,28.74418879110838,0.0019629461865982023
0.009230769230769232,0.018461538461538467,23.98082143693801,23.97918114792917,0.0016402890088400568
0.009230769230769232,0.018769230769230774,19.201485513926958,19.200170338222524,0.0013151757044340684
0.009230769230769232,0.01907692307692308,14.410935270305686,14.409947169722601,0.0009881005830845169
0.009230769230769232,0.01938461538461539,9.611968549570411,9.611308997865192,0.0006595517052190303
0.009230769230769232,0.019692307692307696,4.807388113442511,4.807058092211244,0.0003300212312673523
0.009846153846153846,0.00030769230769230776,209.4928922557397,209.49222292963773,0.0006693261019563579
0.009846153846153846,0.0006153846153846155,209.31000379928025,209.30869872578532,0.00130507349493314
0.009846153846153846,0.0009230769230769233,209.00485187943025,209.00294413609078,0.001907743339472745
0.009846153846153846,0.001230769230769231,208.57761797410504,208.5751377126243,0.0024802614807413192
0.009846153846153846,0.001538461538461539,208.02855201327796,208.02552928229002,0.003022730987936484
0.009846153846153846,0.0018461538461538465,207.35797673750926,207.3544398009341,0.0035369365751591886
0.009846153846153846,0.002153846153846154,206.5662840266147,206.5622611659155,0.004022860699222974
0.009846153846153846,0.002461538461538462,205.6539375680666,205.64945598724896,0.004481580817639497
0.009846153846153846,0.00276923076923077,204.6214705925985,204.61655731745392,0.0049132751445881695
0.009846153846153846,0.003076923076923078,203.4694870943424,203.46416834026672,0.005318754075688048
0.009846153846153846,0.0033846153846153852,202.19866023639972,202.1929620183983,0.0056982180014131245
0.009846153846153846,0.003692307692307693,200.80973299216282,200.80368070054297,0.0060522916198522125
0.009846153846153846,0.004000000000000001,199.30351695796196,199.29713568786767,0.006381270094294678
0.009846153846153846,0.004307692307692308,197.68089245905074,197.67420676023494,0.0066856988158008335
0.009846153846153846,0.004615384615384617,195.94280758542132,195.93584166243616,0.006965922985159523
0.009846153846153846,0.004923076923076924,194.090277970612,194.08305555073545,0.007222419876541153
0.009846153846153846,0.0052307692307692315,192.12438596263075,192.1169304000468,0.00745556258394231
0.009846153846153846,0.00553846153846154,190.04628015297453,190.03861437209147,0.007665780883058915
0.009846153846153846,0.005846153846153847,187.85717466631834,187.84932114490357,0.007853521414773468
0.009846153846153846,0.006153846153846156,185.55834840209394,185.55032920407643,0.008019198017507279
0.009846153846153846,0.006461538461538463,183.15114432075703,183.14298109616297,0.008163224594056828
0.009846153846153846,0.0067692307692307704,180.63696863664643,180.62868264466638,0.008285991980045537
0.009846153846153846,0.007076923076923079,178.0172901408303,178.00890212907873,0.008388011751577551
0.009846153846153846,0.007384615384615386,175.29363909545773,175.28516942744707,0.008469668010661735
0.009846153846153846,0.007692307692307694,172.46760653293708,172.45907512296782,0.008531409969265269
0.009846153846153846,0.008000000000000002,169.54084318526168,169.53226957513084,0.00857361013083846
0.009846153846153846,0.00830769230769231,166.51505878191816,166.50646195595613,0.008596825962030152
0.009846153846153846,0.008615384615384617,163.3920206801587,163.38341925188539,0.008601428273323108
0.009846153846153846,0.008923076923076924,160.17355312116254,160.16496523191168,0.008587889250861735
0.009846153846153846,0.009230769230769233,156.86153597143968,156.85297938254973,0.00855658888994526
0.009846153846153846,0.00953846153846154,153.45790391186003,153.44939581026884,0.008508101591189643
0.009846153846153846,0.009846153846153848,149.96464491190363,149.95620211202896,0.008442799874671891
0.009846153846153846,0.010153846153846156,146.3837993917266,146.37543821458016,0.008361177146440468
0.009846153846153846,0.010461538461538463,142.71745881627984,142.7091951832029,0.008263633076950327
0.009846153846153846,0.010769230769230772,138.96776473484218,138.95961400058462,0.00815073425755486
0.009846153846153846,0.01107692307692308,135.1369071837265,135.1288843165464,0.008022867180102367
0.009846153846153846,0.011384615384615387,131.22712370937975,131.21924316934883,0.007880540030924976
0.009846153846153846,0.011692307692307695,127.24069785701849,127.2329736793249,0.00772417769358924
0.009846153846153846,0.012000000000000002,123.17995804020757,123.17240371560189,0.007554324605678175
0.009846153846153846,0.012307692307692311,119.04727593415967,119.03990453669135,0.007371397468318719
0.009846153846153846,0.012615384615384619,114.84506532043028,114.83788940574108,0.007175914689199203
0.009846153846153846,0.012923076923076926,110.57578050826044,110.56881218125713,0.00696832700330674
0.009846153846153846,0.013230769230769233,106.2419150257148,106.23516588411977,0.006749141595037145
0.009846153846153846,0.013538461538461541,101.84600006370766,101.83948124172932,0.006518821978346523
0.009846153846153846,0.013846153846153848,97.39060308404984,97.38432521013283,0.006277873917014176
0.009846153846153846,0.014153846153846157,92.87832626722415,92.87229947499378,0.00602679223037228
0.009846153846153846,0.014461538461538465,88.31180498325725,88.30603893228115,0.005766050976092174
0.009846153846153846,0.014769230769230772,83.69370632566559,83.68821014956417,0.00549617610141695
0.009846153846153846,0.01507692307692308,79.0267274466498,79.02150980881214,0.00521763783766005
0.009846153846153846,0.015384615384615387,74.31359411403416,74.30866313160803,0.004930982426131436
0.009846153846153846,0.015692307692307696,69.55705893388148,69.55242228769565,0.004636646185829818
0.009846153846153846,0.016000000000000004,64.75990000275183,64.75556478779029,0.004335214961542988
0.009846153846153846,0.01630769230769231,59.92491897708263,59.92089186159057,0.004027115492064581
0.009846153846153846,0.01661538461538462,55.05493976486819,55.05122682193917,0.0037129429290203575
0.009846153846153846,0.016923076923076926,50.152806545833386,50.149413416087484,0.0033931297459020016
0.009846153846153846,0.017230769230769234,45.22138242870557,45.2183141650277,0.003068263677867833
0.009846153846153846,0.01753846153846154,40.26354750249428,40.260808691860674,0.0027388106336090345
0.009846153846153846,0.01784615384615385,35.282197365684844,35.279792040177554,0.0024053255072900015
0.009846153846153846,0.01815384615384616,30.280241277536287,30.278172983435393,0.0020682941008942635
0.009846153846153846,0.018461538461538467,25.260600561932556,25.258872326316077,0.001728235616479168
0.009846153846153846,0.018769230769230774,20.226206840795477,20.224821199057743,0.0013856417377340335
0.009846153846153846,0.01907692307692308,15.180000362670304,15.178959345757974,0.0010410169123300506
0.009846153846153846,0.01938461538461539,10.124928271019044,10.124233407645589,0.0006948633734555898
0.009846153846153846,0.019692307692307696,5.063942889951523,5.063595202325505,0.00034768762601800063
0.010461538461538461,0.00030769230769230776,219.61713716554033,219.61645633728332,0.0006808282570034407
0.010461538461538461,0.0006153846153846155,219.42539700423785,219.4240628692178,0.0013341350200448687
0.010461538461538461,0.0009230769230769233,219.10549049959047,219.10353192750293,0.0019585720875454626
0.010461538461538461,0.001230769230769231,218.65760458930748,218.6550506931824,0.002553896125078836
0.010461538461538461,0.001538461538461539,218.08200107047182,218.0788810666677,0.003120003804127691
0.010461538461538461,0.0018461538461538465,217.37901672351316,217.37535951479552,0.0036572087176409696
0.010461538461538461,0.002153846153846154,216.54906263065283,216.54489687434068,0.0041657563121475505
0.010461538461538461,0.002461538461538462,215.59262422304352,215.5879781120991,0.004646110944406701
0.010461538461538461,0.00276923076923077,214.510260681452,214.50516204168076,0.005098639771233593
0.010461538461538461,0.003076923076923078,213.30260478672076,213.29708099717817,0.005523789542593249
0.010461538461538461,0.0033846153846153852,211.97036242146524,211.96444046390138,0.005921957563856495
0.010461538461538461,0.003692307692307693,210.5143122757584,210.50801866639412,0.006293609364291797
0.010461538461538461,0.004000000000000001,208.9353052578798,208.92866611397272,0.00663914390707987
0.010461538461538461,0.004307692307692308,207.23426409761618,207.22730510405265,0.006958993563529248
0.010461538461538461,0.004615384615384617,205.41218278050087,205.40492918355267,0.007253596948203267
0.010461538461538461,0.004923076923076924,203.47012595162002,203.4626025686916,0.007523382928411593
0.010461538461538461,0.0052307692307692315,201.40922829591045,201.4014595235158,0.007768772394655343
0.010461538461538461,0.00553846153846154,199.23069385874967,199.2227036975211,0.007990161228576653
0.010461538461538461,0.005846153846153847,196.9357954683671,196.92760742275527,0.008188045611831285
0.010461538461538461,0.006153846153846156,194.52587380220498,194.51751097081197,0.008362831393014858
0.010461538461538461,0.006461538461538463,192.00233673202982,191.9938217701499,0.008514961879910743
0.010461538461538461,0.0067692307692307704,189.3666584103151,189.35801358419417,0.008644826120928428
0.010461538461538461,0.007076923076923079,186.6203786178847,186.61162565070006,0.008752967184648242
0.010461538461538461,0.007384615384615386,183.76510155963146,183.7562617828813,0.008839776750164674
0.010461538461538461,0.007692307692307694,180.80249515854632,180.79358943282858,0.008905725717738733
0.010461538461538461,0.008000000000000002,177.73428991507635,177.72533871776434,0.008951197312001113
0.010461538461538461,0.00830769230769231,174.56227818623506,174.55330140970307,0.008976776531994801
0.010461538461538461,0.008615384615384617,171.28831273707547,171.2793298891069,0.008982847968582064
0.010461538461538461,0.008923076923076924,167.91430596888603,167.90533606314747,0.008969905738553052
0.010461538461538461,0.009230769230769233,164.44222859354855,164.4332902492062,0.008938344342340088
0.010461538461538461,0.00953846153846154,160.87410879078382,160.86522002426435,0.008888766519476121
0.010461538461538461,0.009846153846153848,157.21203059949863,157.203209040855,0.008821558643631988
0.010461538461538461,0.010153846153846156,153.458133048764,153.4493958102688,0.008737238495200472
0.010461538461538461,0.010461538461538463,149.61460867388328,149.60597245372367,0.00863622015961596
0.010461538461538461,0.010769230769230772,145.68370252663246,145.67518342222743,0.008519104405024791
0.010461538461538461,0.01107692307692308,141.66771047509027,141.659324185882,0.008386289208260678
0.010461538461538461,0.011384615384615387,137.56897820602381,137.5607398933933,0.008238312630510336
0.010461538461538461,0.011692307692307695,133.38989961290272,133.38182400257034,0.008075610332383576
0.010461538461538461,0.012000000000000002,129.13291564754917,129.12501688261355,0.007898764935617919
0.010461538461538461,0.012307692307692311,124.80051258926153,124.79280438900759,0.007708200253944142
0.010461538461538461,0.012615384615384619,120.395220880311,120.387716411852,0.007504468459003988
0.010461538461538461,0.012923076923076926,115.9196134265134,115.91232539847644,0.007288028036953165
0.010461538461538461,0.013230769230769233,111.37630428329872,111.36924485120402,0.007059432094706608
0.010461538461538461,0.013538461538461541,106.76794694567612,106.76112780113935,0.006819144536763133
0.010461538461538461,0.013846153846153848,102.09723297205737,102.09066525887344,0.006567713183926571
0.010461538461538461,0.014153846153846157,97.36689027222863,97.36058464300883,0.006305629219795605
0.010461538461538461,0.014461538461538465,92.5796816125192,92.5736481874244,0.006033425094798872
0.010461538461538461,0.014769230769230772,87.73840294009975,87.7326513282081,0.005751611891639641
0.010461538461538461,0.01507692307692308,82.84588178761767,82.84042107120148,0.005460716416195055
0.010461538461538461,0.015384615384615387,77.90497560700115,77.89981434110753,0.005161265893619316
0.010461538461538461,0.015692307692307696,72.91857008592372,72.91371631312717,0.00485377279655097
0.010461538461538461,0.016000000000000004,67.88957751740351,67.88503872809834,0.004538789305172486
0.010461538461538461,0.01630769230769231,62.82093500745304,62.81671819212118,0.00421681533185847
0.010461538461538461,0.01661538461538462,57.71560286179818,57.71171446166291,0.0038884001352741393
0.010461538461538461,0.016923076923076926,52.57656276611901,52.57300871514311,0.003554050975900225
0.010461538461538461,0.017230769230769234,47.4068160975747,47.403601812009946,0.0032142855647521174
0.010461538461538461,0.01753846153846154,42.209382166087146,42.20651254032224,0.0028696257649087897
0.010461538461538461,0.01784615384615385,36.98729643001253,36.98477585386271,0.002520576149819931
0.010461538461538461,0.01815384615384616,31.74360879125166,31.741441099809943,0.0021676914417163573
0.010461538461538461,0.018461538461538467,26.48138172398807,26.479570238006264,0.0018114859818041396
0.010461538461538461,0.018769230769230774,21.203688575045454,21.20223605285846,0.0014525221869945426
0.010461538461538461,0.01907692307692308,15.913611693801245,15.912520358918982,0.0010913348822629843
0.010461538461538461,0.01938461538461539,10.614240687577784,10.613512201192563,0.0007284863852206058
0.010461538461538461,0.019692307692307696,5.30867057467103,5.308306051221296,0.00036452344973447737
0.011076923076923078,0.00030769230769230776,229.22847892945407,229.22776533514852,0.0007135943055516236
0.011076923076923078,0.0006153846153846155,229.02834580157662,229.02695194672918,0.0013938548474357049
0.011076923076923078,0.0009230769230769233,228.694436573301,228.69239326786027,0.002043305440736276
0.011076923076923078,0.001230769230769231,228.2269466219193,228.224284671389,0.0026619505302960533
0.011076923076923078,0.001538461538461539,227.62615039622253,227.62289951955358,0.0032508766689431923
0.011076923076923078,0.0018461538461538465,226.8923988356216,226.88858900434744,0.0038098312741681184
0.011076923076923078,0.002153846153846154,226.02612153314126,226.021781942433,0.004339590708269725
0.011076923076923078,0.002461538461538462,225.02782473272202,225.02298452472473,0.004840207997290236
0.011076923076923078,0.00276923076923077,223.89809227489954,223.89278002078817,0.005312254111373704
0.011076923076923078,0.003076923076923078,222.6375842833393,222.63182843822653,0.0057558451127590615
0.011076923076923078,0.0033846153846153852,221.2470376831516,221.24086613725518,0.006171545896421549
0.011076923076923078,0.003692307692307693,219.72726505994464,219.72070540068785,0.006559659256794248
0.011076923076923078,0.004000000000000001,218.0791546262986,218.07223395958638,0.006920666712204593
0.011076923076923078,0.004307692307692308,216.30366935960063,216.2964144748508,0.00725488474984104
0.011076923076923078,0.004615384615384617,214.40184680788164,214.3942839750524,0.007562832829250965
0.011076923076923078,0.004923076923076924,212.37479814193816,212.36695325083832,0.007844891099836104
0.011076923076923078,0.0052307692307692315,210.22370773028143,210.21560620626113,0.008101524020304396
0.011076923076923078,0.00553846153846154,207.94983226393398,207.94149916741208,0.008333096521909056
0.011076923076923078,0.005846153846153847,205.5545003021423,205.54596014876213,0.008540153380153015
0.011076923076923078,0.006153846153846156,203.03911117339922,203.0303880776389,0.008723095760331034
0.011076923076923078,0.006461538461538463,200.40513437484933,200.39625197729234,0.008882397556988053
0.011076923076923078,0.0067692307692307704,197.65410855833048,197.64509010902688,0.009018449303596299
0.011076923076923078,0.007076923076923079,194.78764090059877,194.77850907389978,0.009131826698990153
0.011076923076923078,0.007384615384615386,191.8074058059876,191.7981828745115,0.009222931476102758
0.011076923076923078,0.007692307692307694,188.7151441949239,188.70585193743534,0.009292257488567657
0.011076923076923078,0.008000000000000002,185.51266229735273,185.50332209685735,0.009340200495387307
0.011076923076923078,0.00830769230769231,182.2018309135642,182.1924635400199,0.009367373544307611
0.011076923076923078,0.008615384615384617,178.78458389104472,178.77520971508523,0.009374175959493414
0.011076923076923078,0.008923076923076924,175.2629173261011,175.2535562020558,0.009361124045312863
0.011076923076923078,0.009230769230769233,171.6388881743995,171.62955954741213,0.009328626987382904
0.011076923076923078,0.00953846153846154,167.91461337854375,167.90533606314744,0.00927731539630372
0.011076923076923078,0.009846153846153848,164.0922681798962,164.08306059090094,0.009207588995252536
0.011076923076923078,0.010153846153846156,160.17408522133033,160.16496523191165,0.009119989418678642
0.011076923076923078,0.010461538461538463,156.16235298757945,156.15333804353415,0.009014944045304674
0.011076923076923078,0.010769230769230772,152.0594147900463,152.0505217030775,0.008893086968811303
0.011076923076923078,0.01107692307692308,147.86766696567588,147.85891213974762,0.008754825928264154
0.011076923076923078,0.011384615384615387,143.58955786355963,143.58095713549218,0.008600728067449381
0.011076923076923078,0.011692307692307695,139.22758613319118,139.21915489556474,0.00843123762643927
0.011076923076923078,0.012000000000000002,134.78429956428383,134.77605258964346,0.008246974640371718
0.011076923076923078,0.012307692307692311,130.26229323169775,130.25424486435543,0.008048367342325946
0.011076923076923078,0.012615384615384619,125.66420832926102,125.65637232807644,0.007836001184571728
0.011076923076923078,0.012923076923076926,120.99273034837759,120.98512000888981,0.007610339487783335
0.011076923076923078,0.013230769230769233,116.25058776721887,116.24321578660569,0.007371980613186224
0.011076923076923078,0.013538461538461541,111.44055018411487,111.43342879975594,0.007121384358924843
0.011076923076923078,0.013846153846153848,106.56542696664916,106.55856782849557,0.006859138153586741
0.011076923076923078,0.014153846153846157,101.62806537716074,101.62147965435369,0.006585722807045613
0.011076923076923078,0.014461538461538465,96.63134912177603,96.62504739779381,0.006301723982218732
0.011076923076923078,0.014769230769230772,91.57819646521081,91.5721888345522,0.006007630658615426
0.011076923076923078,0.01507692307692308,86.47155871166842,86.46585469173938,0.0057040199290412374
0.011076923076923078,0.015384615384615387,81.31441831911503,81.30902692469846,0.0053913944165771
0.011076923076923078,0.015692307692307696,76.10978730975968,76.10471697562707,0.005070334132611265
0.011076923076923078,0.016000000000000004,70.86070537491128,70.85596401498009,0.004741359931188072
0.011076923076923078,0.01630769230769231,65.57023820257105,65.56583316667967,0.004405035891380749
0.011076923076923078,0.01661538461538462,60.241475604955724,60.23741371816913,0.004061886786594471
0.011076923076923078,0.016923076923076926,54.87752982525843,54.873817316355925,0.0037125089025025204
0.011076923076923078,0.017230769230769234,49.48153356874792,49.47817615049791,0.00335741825001179
0.011076923076923078,0.01753846153846154,44.05663835587437,44.05364112309248,0.002997232781886794
0.011076923076923078,0.01784615384615385,38.60601248242107,38.60338000983875,0.0026324725823201334
0.011076923076923078,0.01815384615384616,33.13283938007532,33.13057560974521,0.0022637703301100487
0.011076923076923078,0.018461538461538467,27.64031553615793,27.638423886465517,0.0018916496924141768
0.011076923076923078,0.018769230769230774,22.1316488163597,22.130132101944767,0.0015167144149330625
0.011076923076923078,0.01907692307692308,16.61005644978048,16.608916943469588,0.0011395063108921022
0.011076923076923078,0.01938461538461539,11.078763255503263,11.078002645212885,0.0007606102903778833
0.011076923076923078,0.019692307692307696,5.540999689528824,5.540619105372257,0.00038058415656649913
0.011692307692307693,0.00030769230769230776,238.30442877534085,238.30370226572546,0.000726509615390114
0.011692307692307693,0.0006153846153846155,238.0963628066209,238.0949379659257,0.0014248406951935522
0.011692307692307693,0.0009230769230769233,237.74922743232943,237.74713292719917,0.0020945051302589945
0.011692307692307693,0.001230769230769231,237.26322426873483,237.26049025789416,0.0027340108406690433
0.011692307692307693,0.001538461538461539,236.63863805350462,236.63529414362554,0.0033439098790779553
0.011692307692307693,0.0018461538461538465,235.87583301295425,235.87190968131824,0.003923331636002558
0.011692307692307693,0.002153846153846154,234.97525576256655,234.97078266600104,0.004473096565504875
0.011692307692307693,0.002461538461538462,233.93743227926703,233.93243933047484,0.004992948792192919
0.011692307692307693,0.00276923076923077,232.76296955965196,232.7574860380074,0.005483521644549683
0.011692307692307693,0.003076923076923078,231.45255361744023,231.44660892823438,0.005944689205847453
0.011692307692307693,0.0033846153846153852,230.00695063586548,230.00057351647314,0.0063771193923400915
0.011692307692307693,0.003692307692307693,228.4270052370853,228.42022424668318,0.006780990402120324
0.011692307692307693,0.004000000000000001,226.7136408399891,226.70648399833482,0.007156841654278878
0.011692307692307693,0.004307692307692308,224.86785844618169,224.86035354747352,0.007504898708162955
0.011692307692307693,0.004615384615384617,222.89073672601975,222.88291098229485,0.007825743724907852
0.011692307692307693,0.004923076923076924,220.78343079138088,220.7753110735713,0.008119717809591975
0.011692307692307693,0.0052307692307692315,218.5471719201642,218.5387846002987,0.00838731986550556
0.011692307692307693,0.00553846153846154,216.18326652130432,216.17463763095608,0.008628890348234108
0.011692307692307693,0.005846153846153847,213.69309577470503,213.6842507607982,0.008845013906835675
0.011692307692307693,0.006153846153846156,211.07811439427348,211.069078305627,0.00903608864649641
0.011692307692307693,0.006461538461538463,208.33985006613142,208.33064745251198,0.009202613619436306
0.011692307692307693,0.0067692307692307704,205.47990234958158,205.47055736795613,0.00934498162544628
0.011692307692307693,0.007076923076923079,202.4999420598992,202.49047826402764,0.009463795871567982
0.011692307692307693,0.007384615384615386,199.4017098904977,199.39215042300293,0.00955946749476766
0.011692307692307693,0.007692307692307694,196.18701569062418,196.1773831810911,0.009632509533076927
0.011692307692307693,0.008000000000000002,192.85773720113713,192.84805387183232,0.00968332930480642
0.011692307692307693,0.00830769230769231,189.4158192941358,189.40610672978804,0.00971256434775114
0.011692307692307693,0.008615384615384617,185.86327238236674,185.8535517551626,0.009720627204131915
0.011692307692307693,0.008923076923076924,182.20217159374218,182.19246354001993,0.009708053722249588
0.011692307692307693,0.009230769230769233,178.43465532276863,178.4249800567799,0.009675265988732917
0.011692307692307693,0.00953846153846154,174.56292432991515,174.55330140970307,0.009622920212080999
0.011692307692307693,0.009846153846153848,170.5892399774142,170.5796885500913,0.00955142732289005
0.011692307692307693,0.010153846153846156,166.51592330717259,166.5064619559561,0.009461351216486946
0.011692307692307693,0.010461538461538463,162.3453534069257,162.3360002769249,0.009353130000818055
0.011692307692307693,0.010769230769230772,158.07996637518158,158.07073894517637,0.00922743000521109
0.011692307692307693,0.01107692307692308,153.7222534191246,153.71316875321685,0.009084665907749923
0.011692307692307693,0.011384615384615387,149.27475983318206,149.26583439932764,0.008925433854415132
0.011692307692307693,0.011692307692307695,144.7400831849119,144.7313330015327,0.008750183379191867
0.011692307692307693,0.012000000000000002,140.120872152941,140.1123125809551,0.008559571985898629
0.011692307692307693,0.012307692307692311,135.41982454463314,135.41147051544695,0.008354029186193657
0.011692307692307693,0.012615384615384619,130.63968613919033,130.6315519643971,0.0081341747932413
0.011692307692307693,0.012923076923076926,125.78324873945466,125.77534826563493,0.007900473819731246
0.011692307692307693,0.013230769230769233,120.85334887498384,120.84569530536801,0.0076535696158259725
0.011692307692307693,0.013538461538461541,115.85286577904775,115.84547186210415,0.007393916943598811
0.011692307692307693,0.013846153846153848,110.78472006912473,110.77759792552604,0.007122143598692787
0.011692307692307693,0.014153846153846157,105.65187171323983,105.6450329912993,0.006838721940525261
0.011692307692307693,0.014461538461538465,100.45731862022845,100.4507743328106,0.006544287417852956
0.011692307692307693,0.014769230769230772,95.204094566696,95.19785525084404,0.006239315851956917
0.011692307692307693,0.01507692307692308,89.8952677322852,89.88934330221934,0.00592443006586052
0.011692307692307693,0.015384615384615387,84.53393863041973,84.5283385084248,0.005600121994930873
0.011692307692307693,0.015692307692307696,79.12323856757145,79.11797154529192,0.0052670222795256905
0.011692307692307693,0.016000000000000004,73.66632756544438,73.6614019147692,0.00492565067517603
0.011692307692307693,0.01630769230769231,68.16639271155121,68.16181609986175,0.004576611689458332
0.011692307692307693,0.01661538461538462,62.62664615124438,62.62242570381511,0.004220447429268859
0.011692307692307693,0.016923076923076926,57.05032335057149,57.04646557462903,0.0038577759424569535
0.011692307692307693,0.017230769230769234,51.44068104233878,51.43719191599793,0.003489126340852522
0.011692307692307693,0.01753846153846154,45.800995495554005,45.797880385779,0.0031151097750026224
0.011692307692307693,0.01784615384615385,40.13456044808539,40.13182418310082,0.002736264984569914
0.011692307692307693,0.01815384615384616,34.44468535085551,34.4423321252272,0.002353225628304756
0.011692307692307693,0.018461538461538467,28.734693266701825,28.732726715301975,0.001966551399849692
0.011692307692307693,0.018769230769230774,23.007919069628546,23.006342202099635,0.0015768675289109524
0.011692307692307693,0.01907692307692308,17.267707393375545,17.266522632918793,0.0011847604567520875
0.011692307692307693,0.01938461538461539,11.517410748996905,11.516619900752216,0.0007908482446890019
0.011692307692307693,0.019692307692307696,5.760387514614304,5.759991786876113,0.00039572773819074314
0.012307692307692308,0.00030769230769230776,246.82384471419246,246.8230698577761,0.0007748564163705396
0.012307692307692308,0.0006153846153846155,246.6083524358836,246.6068422252913,0.0015102105923006093
0.012307692307692308,0.0009230769230769233,246.24881335419556,246.24660314149074,0.0022102127048242437
0.012307692307692308,0.001230769230769231,245.74543888055157,245.74256297585492,0.0028759046966513324
0.012307692307692308,0.001538461538461539,245.09852529511178,245.09501607364663,0.003509221465151313
0.012307692307692308,0.0018461538461538465,244.30845053765873,244.3043405840216,0.0041099536371405065
0.012307692307692308,0.002153846153846154,243.37567768705267,243.37099823919996,0.004679447852709018
0.012307692307692308,0.002461538461538462,242.30075170396069,242.2955340848279,0.005217619132793061
0.012307692307692308,0.00276923076923077,241.08430148141625,241.07857616168604,0.005725319730203182
0.012307692307692308,0.003076923076923078,239.72703756153376,239.72083513893148,0.006202422602285651
0.012307692307692308,0.0033846153846153852,238.229753641813,238.22310389908705,0.006649742725954866
0.012307692307692308,0.003692307692307693,236.5933245183957,236.5862570750201,0.007067443375603943
0.012307692307692308,0.004000000000000001,234.81870668400666,234.8112505391816,0.007456144825056299
0.012307692307692308,0.004307692307692308,232.9069368868077,232.8991208454037,0.007816041403998497
0.012307692307692308,0.004615384615384617,230.85913240562792,230.85098462358116,0.008147782046762586
0.012307692307692308,0.004923076923076924,228.67648962035224,228.6680379275913,0.008451692760928609
0.012307692307692308,0.0052307692307692315,226.36028384641568,226.3515555368319,0.008728309583773353
0.012307692307692308,0.00553846153846154,223.91186817182248,223.90289021178617,0.008977960036304466
0.012307692307692308,0.005846153846153847,221.33267316973473,221.32347190404857,0.009201265686158422
0.012307692307692308,0.006153846153846156,218.62420554503618,218.61480692127338,0.009398623762791658
0.012307692307692308,0.006461538461538463,215.78804760382738,215.77847704753347,0.009570556293908794
0.012307692307692308,0.0067692307692307704,212.82585607804333,212.816138619603,0.00971745844032057
0.012307692307692308,0.007076923076923079,209.73936151713863,209.72952155970333,0.009839957435303859
0.012307692307692308,0.007384615384615386,206.53036683748053,206.52042836527698,0.009938472203543824
0.012307692307692308,0.007692307692307694,203.2007465888024,203.19073305638034,0.010013532422050275
0.012307692307692308,0.008000000000000002,199.75244563660635,199.7423800813082,0.010065555298155004
0.012307692307692308,0.00830769230769231,196.18747838090974,196.17738318109107,0.010095199818664469
0.012307692307692308,0.008615384615384617,192.50792710340374,192.49782421352708,0.010102889876662857
0.012307692307692308,0.008923076923076924,188.715941116099,188.70585193743534,0.010089178663662324
0.012307692307692308,0.009230769230769233,184.81373525745113,184.80368075784176,0.01005449960936744
0.012307692307692308,0.00953846153846154,180.80358896520397,180.79358943282858,0.009999532375388753
0.012307692307692308,0.009846153846153848,176.68784444064175,176.67791974280388,0.009924697837874419
0.012307692307692308,0.010153846153846156,172.4689057037133,172.4590751229678,0.009830580745500583
0.012307692307692308,0.010461538461538463,168.14923688867296,168.139519259774,0.009717628898954445
0.012307692307692308,0.010769230769230772,163.73136119149007,163.72177465220625,0.009586539283816364
0.012307692307692308,0.01107692307692308,159.21785887177617,159.20842113870998,0.009437733066192777
0.012307692307692308,0.011384615384615387,154.61136622536011,154.60209439063928,0.009271834720834704
0.012307692307692308,0.011692307692307695,149.91457367215747,149.90548437309909,0.009089299058388178
0.012307692307692308,0.012000000000000002,145.13022459386687,145.1213337740813,0.008890819785563053
0.012307692307692308,0.012307692307692311,140.26111323215378,140.25243640281218,0.008676829341595749
0.012307692307692308,0.012615384615384619,135.31008353994753,135.3016355582466,0.008447981700925311
0.012307692307692308,0.012923076923076926,130.28002711509617,130.27182236866128,0.00820474643489888
0.012307692307692308,0.013230769230769233,125.17388191231588,125.16593410331745,0.007947808998423511
0.012307692307692308,0.013538461538461541,119.99463008451238,119.98695245717828,0.007677627334103931
0.012307692307692308,0.013846153846153848,114.74529667856962,114.73790180968304,0.007394868886578365
0.012307692307692308,0.014153846153846157,109.4289474710986,109.4218474585945,0.007100012504096753
0.012307692307692308,0.014461538461538465,104.04868756842305,104.04189382995163,0.006793738471415622
0.012307692307692308,0.014769230769230772,98.60765919754617,98.60118266517192,0.00647653237425061
0.012307692307692308,0.01507692307692308,93.10904024449573,93.1028911863631,0.006149058132635332
0.012307692307692308,0.015384615384615387,87.55604206384601,87.55023024091483,0.005811822931178767
0.012307692307692308,0.015692307692307696,81.95190792242958,81.9464424264541,0.005465495975485624
0.012307692307692308,0.016000000000000004,76.29991081773413,76.29480019725975,0.005110620474383154
0.012307692307692308,0.01630769230769231,70.60335178581138,70.59860395324124,0.004747832570146215
0.012307692307692308,0.01661538461538462,64.86555782517136,64.86118011259802,0.0043777125733441835
0.012307692307692308,0.016923076923076926,59.08988008378944,59.08587916928483,0.004000914504608488
0.012307692307692308,0.017230769230769234,53.279691762447825,53.27607373641801,0.0036180260298124267
0.012307692307692308,0.01753846153846154,47.438386272738555,47.435156576763866,0.0032296959746886955
0.012307692307692308,0.01784615384615385,41.56937513542829,41.566538621461255,0.002836513967032772
0.012307692307692308,0.01815384615384616,35.67608610585894,35.67364697813332,0.002439127725622825
0.012307692307692308,0.018461538461538467,29.761961048469203,29.759922929553984,0.0020381189152196555
0.012307692307692308,0.018769230769230774,23.83045403154794,23.82881992403465,0.0016341075132899618
0.012307692307692308,0.01907692307692308,17.88502924122267,17.883801558708498,0.0012276825141732672
0.012307692307692308,0.01938461538461539,11.929159012798852,11.928339556886764,0.0008194559120884293
0.012307692307692308,0.019692307692307696,5.966321767013308,5.965911740670503,0.00041002634280484784
0.012923076923076924,0.00030769230769230776,254.76675290905513,254.76597073354142,0.0007821755137058517
0.012923076923076924,0.0006153846153846155,254.5443177247807,254.5427847780262,0.0015329467545086572
0.012923076923076924,0.0009230769230769233,254.17320481918546,254.17095300422363,0.002251814961823584
0.012923076923076924,0.001230769230769231,253.65363013834778,253.65069255141873,0.0029375869290504397
0.012923076923076924,0.001538461538461539,252.98589809979066,252.98230723706519,0.003590862725474153
0.012923076923076924,0.0018461538461538465,252.1703984327919,252.16618737936463,0.004211053427269462
0.012923076923076924,0.002153846153846154,251.2076086561052,251.2028095693317,0.004799086773516592
0.012923076923076924,0.002461538461538462,250.09809127283026,250.0927363924783,0.005354880351973179
0.012923076923076924,0.00276923076923077,248.8424952808135,248.83661610027966,0.005879180533838735
0.012923076923076924,0.003076923076923078,247.44155416292244,247.4351822316136,0.006371931308848389
0.012923076923076924,0.0033846153846153852,245.89608712095298,245.88925318439453,0.0068339365584506595
0.012923076923076924,0.003692307692307693,244.20699713510265,244.19973173765203,0.007265397450623823
0.012923076923076924,0.004000000000000001,242.37527148014848,242.36760452433342,0.007666955815068377
0.012923076923076924,0.004307692307692308,240.40198027630953,240.3939414551379,0.008038821171624022
0.012923076923076924,0.004615384615384617,238.28827676547334,238.27989509371872,0.008381671754619902
0.012923076923076924,0.004923076923076924,236.03539581944423,236.02669998361864,0.008695835825591303
0.012923076923076924,0.0052307692307692315,233.64465380118668,233.63567192733106,0.00898187385561755
0.012923076923076924,0.00553846153846154,231.11744733020205,231.1082072179086,0.009240112293440461
0.012923076923076924,0.005846153846153847,228.45525302233472,228.44578182356724,0.009471198767471378
0.012923076923076924,0.006153846153846156,225.65962605771725,225.64995052576225,0.009675531954997041
0.012923076923076924,0.006461538461538463,222.73219966417804,222.72234601123992,0.00985365293811924
0.012923076923076924,0.0067692307692307704,219.67468387941926,219.66467791859424,0.01000596082502625
0.012923076923076924,0.007076923076923079,216.48886494264033,216.47873183988622,0.010133102754110723
0.012923076923076924,0.007384615384615386,213.17660378285308,213.16636827790833,0.010235504944745344
0.012923076923076924,0.007692307692307694,209.739835271509,209.72952155970336,0.010313711805650883
0.012923076923076924,0.008000000000000002,206.18056685703897,206.17019870697177,0.010368150067193938
0.012923076923076924,0.00830769230769231,202.50087776161573,202.49047826402767,0.010399497588053919
0.012923076923076924,0.008615384615384617,198.70291727271513,198.6925090839874,0.0104081887277232
0.012923076923076924,0.008923076923076924,194.78890386618932,194.7785090738998,0.01039479228950313
0.012923076923076924,0.009230769230769233,190.761123651797,190.75076389955103,0.010359752245960863
0.012923076923076924,0.00953846153846154,186.6219294204181,186.6116256507001,0.010303769718007061
0.012923076923076924,0.009846153846153848,182.3737387422406,182.3635114675245,0.010227274716100965
0.012923076923076924,0.010153846153846156,178.01903300032296,178.00890212907873,0.010130871244228956
0.012923076923076924,0.010461538461538463,173.56035562050857,173.550340604589,0.010015015919577763
0.012923076923076924,0.010769230769230772,169.00031100232763,168.99043056843072,0.00988043389691029
0.012923076923076924,0.01107692307692308,164.34156243192243,164.33183487965624,0.009727552266184603
0.012923076923076924,0.011384615384615387,159.58683104871295,159.57727402695994,0.009557021753010986
0.012923076923076924,0.011692307692307695,154.73889384212913,154.7295245399895,0.00936930213961773
0.012923076923076924,0.012000000000000002,149.80058248730032,149.79141736793085,0.009165119369470176
0.012923076923076924,0.012307692307692311,144.7747811362227,144.7658362263134,0.008944909909303078
0.012923076923076924,0.012615384615384619,139.66442527145855,139.65571591300164,0.008709358456911787
0.012923076923076924,0.012923076923076926,134.47249953607079,134.46404059435557,0.00845894171521877
0.012923076923076924,0.013230769230769233,129.20203644004698,129.19384206256166,0.008194377485324367
0.012923076923076924,0.013538461538461541,123.85611409900922,123.84819796515163,0.00791613385759149
0.012923076923076924,0.013846153846153848,118.43785491329733,118.43023000774306,0.007624905554266093
0.012923076923076924,0.014153846153846157,112.95042332008659,112.9431021310509,0.007321189035678799
0.012923076923076924,0.014461538461538465,107.39702434529043,107.39001866323561,0.007005682054824547
0.012923076923076924,0.014769230769230772,101.78090134623132,101.7742224486653,0.006678897566018804
0.012923076923076924,0.01507692307692308,96.10533446423115,96.09899295418634,0.006341510044805432
0.012923076923076924,0.015384615384615387,90.3736384167379,90.36764435400694,0.0059940627309629235
0.012923076923076924,0.015692307692307696,84.58916081500628,84.58352359431248,0.00563722069379935
0.012923076923076924,0.016000000000000004,78.75528000670994,78.75000843874359,0.005271567966346424
0.012923076923076924,0.01630769230769231,72.87540323478893,72.87050549587713,0.004897738911807892
0.012923076923076924,0.01661538461538462,66.95296457155521,66.94844822986269,0.004516341692522019
0.012923076923076924,0.016923076923076926,60.99142296973205,60.98729495537607,0.004128014355977427
0.012923076923076924,0.017230769230769234,54.994260168534225,54.99052681806134,0.003733350472884922
0.012923076923076924,0.01753846153846154,48.96497875107436,48.961645761639275,0.003332989435087086
0.012923076923076924,0.01784615384615385,42.90710000566522,42.904172482871296,0.0029275227939251636
0.012923076923076924,0.01815384615384616,36.824161983148805,36.82164437557121,0.0025176075775945606
0.012923076923076924,0.018461538461538467,30.719717316731515,30.71761346486768,0.0021038518638363257
0.012923076923076924,0.018769230769230774,24.597331244780847,24.595644332920457,0.001686911860389273
0.012923076923076924,0.01907692307692308,18.46057945078565,18.4593120373057,0.001267413479951074
0.012923076923076924,0.01938461538461539,12.313046028459189,12.312200023282454,0.000846005176734721
0.012923076923076924,0.019692307692307696,6.158321352258454,6.157898031161969,0.0004233210964850187
0.01353846153846154,0.00030769230769230776,262.11467375640945,262.1138538799889,0.0008198764205644693
0.01353846153846154,0.0006153846153846155,261.8858326953003,261.8842308625837,0.001601832716573881
0.01353846153846154,0.0009230769230769233,261.50402233991315,261.5016748291158,0.002347510797335417
0.01353846153846154,0.001230769230769231,260.9694666238343,260.9664091815358,0.0030574422984841476
0.01353846153846154,0.001538461538461539,260.2824790022389,260.2787464999086,0.003732502330308307
0.01353846153846154,0.0018461538461538465,259.443461170102,259.43908835987537,0.004372810226641377
0.01353846153846154,0.002153846153846154,258.45290435247057,258.4479250981448,0.004979254325746751
0.01353846153846154,0.002461538461538462,257.3113876178285,257.3058355261503,0.005552091678168836
0.01353846153846154,0.00276923076923077,256.01957864823055,256.0134865920401,0.00609205619042541
0.01353846153846154,0.003076923076923078,254.57823228703458,254.57163299119875,0.006599295835826524
0.01353846153846154,0.0033846153846153852,252.98819135597952,252.98111672552596,0.007074630453558939
0.01353846153846154,0.003692307692307693,251.25038498009167,251.24286661173136,0.007518368360308614
0.01353846153846154,0.004000000000000001,249.36582892408072,249.35789773893157,0.007931185149146813
0.01353846153846154,0.004307692307692308,247.33562422626778,247.3273108758669,0.008313350400868558
0.01353846153846154,0.004615384615384617,245.1609574057043,245.15229182808326,0.008665577621030707
0.01353846153846154,0.004923076923076924,242.84309897222607,242.83411074545518,0.008988226770895835
0.01353846153846154,0.0052307692307692315,240.38340326770833,240.37412138045397,0.0092818872543603
0.01353846153846154,0.00553846153846154,237.78330720235914,237.77376029759463,0.00954690476450537
0.01353846153846154,0.005846153846153847,235.0443299886858,235.03454603452235,0.00978395416345279
0.01353846153846154,0.006153846153846156,232.16807166325694,232.15807821522944,0.009993448027501017
0.01353846153846154,0.006461538461538463,229.156212563272,229.14603661591988,0.010175947352109915
0.01353846153846154,0.0067692307692307704,226.01051204752687,226.0001801840675,0.01033186345938475
0.01353846153846154,0.007076923076923079,222.73280787435283,222.72234601123992,0.010461863112908532
0.01353846153846154,0.007384615384615386,219.32501464510108,219.31444826028894,0.010566384812136675
0.01353846153846154,0.007692307692307694,215.7891230353471,215.7784770475335,0.010645987813603597
0.01353846153846154,0.008000000000000002,212.12719839219477,212.11649728058748,0.010701111607289704
0.01353846153846154,0.00830769230769231,208.3413799049119,208.33064745251198,0.010732452399906833
0.01353846153846154,0.008615384615384617,204.4338788500308,204.42313839299572,0.01074045703506954
0.01353846153846154,0.008923076923076924,200.4069776873627,200.3962519772924,0.010725710070317973
0.01353846153846154,0.009230769230769233,196.26302846133478,196.25233979367007,0.010688667664709328
0.01353846153846154,0.00953846153846154,192.004451822448,191.99382177014994,0.010630052298068904
0.01353846153846154,0.009846153846153848,187.63373506601437,187.62318476133612,0.010550304678247358
0.01353846153846154,0.010153846153846156,183.1534311447714,183.14298109616297,0.010450048608419138
0.01353846153846154,0.010461538461538463,178.56615683856566,178.5558270874067,0.010329751158963063
0.01353846153846154,0.010769230769230772,173.87459166932695,173.8644015038324,0.01019016549454932
0.01353846153846154,0.01107692307692308,169.08147573263616,169.07144400586847,0.010031726767692817
0.01353846153846154,0.011384615384615387,164.18960865818744,164.17975354572226,0.009855112465174898
0.01353846153846154,0.011692307692307695,159.20184752286127,159.19218673287054,0.00966078999073261
0.01353846153846154,0.012000000000000002,154.12110568320531,154.11165616588028,0.00944951732503796
0.01353846153846154,0.012307692307692311,148.9503504700614,148.9411287315328,0.00922173852859487
0.01353846153846154,0.012615384615384619,143.69260204144075,143.68362387224582,0.008978169194932661
0.01353846153846154,0.012923076923076926,138.35093112030654,138.34221182280373,0.008719297502807422
0.01353846153846154,0.013230769230769233,132.92845769064817,132.92001181742722,0.008445873220949807
0.01353846153846154,0.013538461538461541,127.42834864944321,127.42019026822814,0.008158381215068289
0.01353846153846154,0.013846153846153848,121.85381646071869,121.84595891611418,0.007857544604505051
0.01353846153846154,0.014153846153846157,116.20811684166775,116.2005729552224,0.007543886445347425
0.01353846153846154,0.014461538461538465,110.49454725632543,110.4873291319778,0.0072181243476308055
0.01353846153846154,0.014769230769230772,104.71644462907427,104.7095638198859,0.00688080918837386
0.01353846153846154,0.01507692307692308,98.87718369911418,98.87065107118491,0.006532627929274781
0.01353846153846154,0.015384615384615387,92.98017481643808,92.97400064649409,0.006174169943989227
0.01353846153846154,0.015692307692307696,87.02886211854212,87.02305602360941,0.005806094932708561
0.01353846153846154,0.016000000000000004,81.02672142329281,81.02129238660977,0.005429036683040067
0.01353846153846154,0.01630769230769231,74.97725821265765,74.97221459644723,0.005043616210414825
0.01353846153846154,0.01661538461538462,68.88400562933197,68.87935514420693,0.0046504851250404045
0.01353846153846154,0.016923076923076926,62.75052235373364,62.74627208823155,0.004250265502093953
0.01353846153846154,0.017230769230769234,56.580390580548155,56.576546976315946,0.0038436042322089747
0.01353846153846154,0.01753846153846154,50.3772138993768,50.37378275418352,0.0034311451932751424
0.01353846153846154,0.01784615384615385,44.144615187755356,44.14160166146787,0.0030135262874892987
0.01353846153846154,0.01815384615384616,37.88623451858249,37.883643116426285,0.002591402156205902
0.01353846153846154,0.018461538461538467,31.60572699991118,31.60356159062289,0.0021654092882918974
0.01353846153846154,0.018769230769230774,25.30676067388386,25.305024474819007,0.00173619906485456
0.01353846153846154,0.01907692307692308,18.993014345894036,18.99170993732114,0.00130440857289571
0.01353846153846154,0.01938461538461539,12.668175458781969,12.667304776033706,0.000870682748262297
0.01353846153846154,0.019692307692307696,6.335937929321752,6.335502265473313,0.00043566384843973793
0.014153846153846154,0.00030769230769230776,268.8503991718902,268.8495579755633,0.0008411963269168155
0.014153846153846154,0.0006153846153846155,268.615680606647,268.61403419146507,0.0016464151819377548
0.014153846153846154,0.0009230769230769233,268.22406156524204,268.22164737567385,0.0024141895681850656
0.014153846153846154,0.001230769230769231,267.6757720046138,267.6726266710404,0.0031453335733999666
0.014153846153846154,0.001538461538461539,266.9711325369787,266.96729269019545,0.0038398467832507777
0.014153846153846154,0.0018461538461538465,266.11055575596697,266.1060573283215,0.004498427645444281
0.014153846153846154,0.002153846153846154,265.0945451801752,265.08942352261704,0.005121657558163406
0.014153846153846154,0.002461538461538462,263.92369512763537,263.91798495859587,0.005710169039502944
0.014153846153846154,0.00276923076923077,262.5986903082558,262.59242572339116,0.006264584864652534
0.014153846153846154,0.003076923076923078,261.12030518680365,261.11351990626804,0.006785280535609672
0.014153846153846154,0.0033846153846153852,259.48940418048414,259.48213114657716,0.007273033906983528
0.014153846153846154,0.003692307692307693,257.7069404063972,257.6992121294137,0.007728276983527849
0.014153846153846154,0.004000000000000001,255.77395570682555,255.7658040292758,0.00815167754973345
0.014153846153846154,0.004307692307692308,253.69157948117584,253.68303590204866,0.008543579127177736
0.014153846153846154,0.004615384615384617,251.461028726245,251.45212402566688,0.008904700578113989
0.014153846153846154,0.004923076923076924,249.08360663567862,249.07437118984296,0.00923544583565672
0.014153846153846154,0.0052307692307692315,246.56070234946412,246.55116593527458,0.00953641418954021
0.014153846153846154,0.00553846153846154,243.89378972446463,243.883981742776,0.009807981688624068
0.014153846153846154,0.005846153846153847,241.08442700891055,241.0743761728067,0.010050836103857819
0.014153846153846154,0.006153846153846156,238.13425536729466,238.12398995589993,0.010265411394726698
0.014153846153846154,0.006461538461538463,235.04499831412195,235.03454603452235,0.010452279599604708
0.014153846153846154,0.0067692307692307704,231.81846042671324,231.80784855692414,0.010611869789102002
0.014153846153846154,0.007076923076923079,228.45652668528726,228.44578182356722,0.010744861720041854
0.014153846153846154,0.007384615384615386,224.96116089612073,224.95030918674667,0.010851709374065877
0.014153846153846154,0.007692307692307694,221.33440488692113,221.3234719040486,0.010932982872532193
0.014153846153846154,0.008000000000000002,217.57837708264933,217.56738794631292,0.010989136336405636
0.014153846153846154,0.00830769230769231,213.69527164156065,213.68425076079822,0.011020880762430352
0.014153846153846154,0.008615384615384617,209.68735666633228,209.6763279902702,0.011028676062068143
0.014153846153846154,0.008923076923076924,205.55697326882384,205.54596014876216,0.011013120061676318
0.014153846153846154,0.009230769230769233,201.3065339358156,201.29555925478078,0.010974681034809919
0.014153846153846154,0.00953846153846154,196.93852152285046,196.9276074227553,0.010914100095163803
0.014153846153846154,0.009846153846153848,192.45548724177596,192.4446554135523,0.010831828223643925
0.014153846153846154,0.010153846153846156,187.86004965177546,187.84932114490357,0.010728506871885202
0.014153846153846154,0.010461538461538463,183.15489277560596,183.14428816261562,0.010604612990334772
0.014153846153846154,0.010769230769230772,178.34276499769567,178.3323040734545,0.010460924241158409
0.014153846153846154,0.01107692307692308,173.42647682408096,173.41617894062102,0.010297883459941204
0.014153846153846154,0.011384615384615387,168.4088998343891,168.39878364275273,0.010116191636370786
0.014153846153846154,0.011692307692307695,163.2929645213542,163.28304819741183,0.009916323942377403
0.014153846153846154,0.012000000000000002,158.08165911607924,158.07196005003726,0.009699066041974902
0.014153846153846154,0.012307692307692311,152.77802719943486,152.76856232936086,0.0094648700739981
0.014153846153846154,0.012615384615384619,147.38516654836172,147.37595207030583,0.00921447805589537
0.014153846153846154,0.012923076923076926,141.90622679565485,141.8972784054054,0.008948390249457816
0.014153846153846154,0.013230769230769233,136.34440810884263,136.3357407257984,0.00866738304424075
0.014153846153846154,0.013538461538461541,130.702958770621,130.69458681287452,0.008371957746476255
0.014153846153846154,0.013846153846153848,124.98517380145343,124.97711094166198,0.00806285979145116
0.014153846153846154,0.014153846153846157,119.19439259376063,119.18665195706315,0.0077406366974770435
0.014153846153846154,0.014461538461538465,113.33399734564232,113.32659132406356,0.007406021578759692
0.014153846153846154,0.014769230769230772,107.40741075274708,107.40035115305122,0.007059599695864449
0.014153846153846154,0.01507692307692308,101.41809426736411,101.41139220140082,0.006702065963295922
0.014153846153846154,0.015384615384615387,95.36954590487056,95.3632118524888,0.0063340523817601024
0.014153846153846154,0.015692307692307696,89.26529828461277,89.25934207331974,0.005956211293025149
0.014153846153846154,0.016000000000000004,83.1089165851011,83.10334735195735,0.005569233143745578
0.014153846153846154,0.01630769230769231,76.90399633779212,76.89882261596378,0.005173721828342082
0.014153846153846154,0.01661538461538462,70.6541615286611,70.64939113306306,0.0047703955980438195
0.014153846153846154,0.016923076923076926,64.36306222783882,64.35870239525468,0.004359832584142964
0.014153846153846154,0.017230769230769234,58.034372725264404,58.030429987613445,0.003942737650959316
0.014153846153846154,0.01753846153846154,51.67178913631264,51.66826944301869,0.0035196932939527414
0.014153846153846154,0.01784615384615385,45.27902747013733,45.27593608406766,0.0030913860696699658
0.014153846153846154,0.01815384615384616,38.8598212716712,38.857162853431205,0.0026584182399957967
0.014153846153846154,0.018461538461538467,32.41791961091124,32.41569813392122,0.0022214769900230635
0.014153846153846154,0.018769230769230774,25.95708475291232,25.955303559539537,0.0017811933727820417
0.014153846153846154,0.01907692307692308,19.481090066670347,19.479751818790504,0.0013382478798433795
0.014153846153846154,0.01938461538461539,12.993717739471572,12.992824451536572,0.0008932879349998757
0.014153846153846154,0.019692307692307696,6.498756626066608,6.49830964068595,0.0004469853806572388
0.01476923076923077,0.00030769230769230776,274.95823129307223,274.95735147124833,0.0008798218239007838
0.01476923076923077,0.0006153846153846155,274.7181920354286,274.71647699716783,0.0017150382607837855
0.01476923076923077,0.0009230769230769233,274.3176830328706,274.315175836643,0.00250719622761153
0.01476923076923077,0.001230769230769231,273.75694161523046,273.75368233825077,0.0032592769796906396
0.01476923076923077,0.001538461538461539,273.0362965878329,273.03232439838234,0.003972189450564656
0.01476923076923077,0.0018461538461538465,272.15617069291784,272.1515232697609,0.004647423156939112
0.01476923076923077,0.002153846153846154,271.1170791457459,271.11179331544184,0.005285830304046613
0.01476923076923077,0.002461538461538462,269.919630063417,269.9137417084393,0.00588835497768514
0.01476923076923077,0.00276923076923077,268.56452377743534,268.5580680771542,0.0064557002811511666
0.01476923076923077,0.003076923076923078,267.0525524789798,267.0455640968108,0.006988382169026863
0.01476923076923077,0.0033846153846153852,265.3846002307941,265.37711302714104,0.00748720365305644
0.01476923076923077,0.003692307692307693,263.5616418612261,263.55368919658537,0.007952664640754392
0.01476923076923077,0.004000000000000001,261.58474288015213,261.57635743331247,0.00838544683966802
0.01476923076923077,0.004307692307692308,259.4550583790177,259.4462724433897,0.008785935627997787
0.01476923076923077,0.004615384615384617,257.1738329989117,257.16467813646716,0.00915486244451813
0.01476923076923077,0.004923076923076924,254.74239955854037,254.73290689936954,0.00949265917083153
0.01476923076923077,0.0052307692307692315,252.16217875686633,252.1523788180196,0.009799938846725809
0.01476923076923077,0.00553846153846154,249.43467794891924,249.42460084814823,0.010077100771013647
0.01476923076923077,0.005846153846153847,246.56149078193428,246.5511659352746,0.010324846659671039
0.01476923076923077,0.006153846153846156,243.5442957123293,243.53375208447073,0.010543627858567106
0.01476923076923077,0.006461538461538463,240.3848554099319,240.37412138045397,0.010734029477930562
0.01476923076923077,0.0067692307692307704,237.0850154552899,237.07411895857908,0.010896496710813608
0.01476923076923077,0.007076923076923079,233.646703650999,233.63567192733106,0.011031723667940696
0.01476923076923077,0.007384615384615386,230.07192842164218,230.06078824294815,0.01114017869403483
0.01476923076923077,0.007692307692307694,226.3627779815085,226.35155553683197,0.011222444676519672
0.01476923076923077,0.008000000000000002,222.5214188860712,222.5101398964294,0.011278989641795079
0.01476923076923077,0.00830769230769231,218.55009514013534,218.53878460029873,0.011310539836614453
0.01476923076923077,0.008615384615384617,214.45112637563818,214.43980880809804,0.011317567540146456
0.01476923076923077,0.008923076923076924,210.22690689058817,210.21560620626119,0.011300684326982946
0.01476923076923077,0.009230769230769233,205.879903980585,205.86864361015242,0.011260370432580658
0.01476923076923077,0.00953846153846154,201.4126569082235,201.40145952351583,0.011197384707685387
0.01476923076923077,0.009846153846153848,196.82777484483492,196.81666265606032,0.011112188774603737
0.01476923076923077,0.010153846153846156,192.1279358406019,192.11693040004684,0.011005440555067025
0.01476923076923077,0.010461538461538463,187.3158848942614,187.30500726676664,0.010877627494750186
0.01476923076923077,0.010769230769230772,182.39443283212157,182.38370328382393,0.010729548297632618
0.01476923076923077,0.01107692307692308,177.366454008681,177.35589235415895,0.010561654522035724
0.01476923076923077,0.011384615384615387,172.2348852449505,172.22451057776954,0.0103746671809688
0.01476923076923077,0.011692307692307695,167.00272360783043,166.99255453711137,0.010169070719058482
0.01476923076923077,0.012000000000000002,161.6730252209754,161.6630795471783,0.009945673797091104
0.01476923076923077,0.012307692307692311,156.24890280889414,156.2391978712844,0.009704937609740227
0.01476923076923077,0.012615384615384619,150.73352452961132,150.72407690358978,0.009447626021540145
0.01476923076923077,0.012923076923076926,145.13011157030223,145.12093731943165,0.00917425087058632
0.01476923076923077,0.013230769230769233,139.4419368056639,139.43305119454058,0.008885611123304216
0.01476923076923077,0.013538461538461541,133.67232231410014,133.6637400942404,0.008582219859732731
0.01476923076923077,0.013846153846153848,127.82463797539828,127.81637313374775,0.00826484165052932
0.01476923076923077,0.014153846153846157,121.90229904812762,121.89436501070332,0.007934037424291773
0.01476923076923077,0.014461538461538465,115.90876456795556,115.90117401108506,0.007590556870496812
0.01476923076923077,0.014769230769230772,109.84753498963451,109.84029998966606,0.007234999968446232
0.01476923076923077,0.01507692307692308,103.72215040033177,103.71528232619833,0.006868074133436153
0.01476923076923077,0.015384615384615387,97.53618828666097,97.52969785851454,0.006490428146435079
0.01476923076923077,0.015692307692307696,91.29326151773304,91.28715879375525,0.006102723977789992
0.01476923076923077,0.016000000000000004,84.99701627592215,84.99131059894202,0.005705676980127805
0.01476923076923077,0.01630769230769231,78.65112977545607,78.64582987212714,0.005299903328932487
0.01476923076923077,0.01661538461538462,72.2593083570642,72.2544221953639,0.00488616170029843
0.01476923076923077,0.016923076923076926,65.82528502533667,65.82081997075092,0.0044650545857507495
0.01476923076923077,0.017230769230769234,59.35281758716855,59.348780240814776,0.004037346353776172
0.01476923076923077,0.01753846153846154,52.84568614445067,52.8420824945025,0.003603649948168197
0.01476923076923077,0.01784615384615385,46.30769116532392,46.30452646006692,0.0031647052569994116
0.01476923076923077,0.01815384615384616,39.74265101256128,39.73992988613182,0.0027211264294635384
0.01476923076923077,0.018461538461538467,33.15439993896233,33.15212631223516,0.0022736267271668
0.01476923076923077,0.018769230769230774,26.546785659794104,26.544962830148773,0.00182282964533087
0.01476923076923077,0.01907692307692308,19.923667257937172,19.922297837286028,0.0013694206511445373
0.01476923076923077,0.01938461538461539,13.288912819359153,13.287998783505849,0.0009140358533041848
0.01476923076923077,0.019692307692307696,6.646397257297408,6.645939912631335,0.0004573446660725011
0.015384615384615385,0.00030769230769230776,280.42385324045796,280.42296933232797,0.0008839081299925056
0.015384615384615385,0.0006153846153846155,280.1790344530751,280.17730674176045,0.0017277113146292322
0.015384615384615385,0.0009230769230769233,279.7705602018418,279.76802849395676,0.002531707885054857
0.015384615384615385,0.001230769230769231,279.1986701246976,279.1953735958883,0.0032965288093009804
0.015384615384615385,0.001538461538461539,278.4636993602979,278.45967646188933,0.004022898408550191
0.015384615384615385,0.0018461538461538465,277.5660780170726,277.56136671836856,0.004711298704023648
0.015384615384615385,0.002153846153846154,276.5063316195155,276.50096895291944,0.005362666596056442
0.015384615384615385,0.002461538461538462,275.2850799582323,275.2791024079758,0.005977550256488939
0.015384615384615385,0.00276923076923077,273.90303735922345,273.8964806191917,0.006556740031726349
0.015384615384615385,0.003076923076923078,272.36101158970877,272.3539109987566,0.007100590952177299
0.015384615384615385,0.0033846153846153852,270.65990433143077,270.65229436388944,0.007609967541327478
0.015384615384615385,0.003692307692307693,268.80070971903405,268.79262441078686,0.008085308247189005
0.015384615384615385,0.004000000000000001,266.7845144664641,266.77598713433235,0.00852733213173451
0.015384615384615385,0.004307692307692308,264.61249660024407,264.6035601939062,0.008936406337852532
0.015384615384615385,0.004615384615384617,262.28592551206725,262.2766122256652,0.009313286402061749
0.015384615384615385,0.004923076923076924,259.80616050455,259.796502101695,0.00965840285499553
0.015384615384615385,0.0052307692307692315,257.1746505252801,257.16467813646716,0.009972388812911959
0.015384615384615385,0.00553846153846154,254.39293289347373,254.38267724106421,0.010255652409512095
0.015384615384615385,0.005846153846153847,251.46263293566787,251.4521240256669,0.010508910000964988
0.015384615384615385,0.006153846153846156,248.385462471533,248.3747298508274,0.010732620705596219
0.015384615384615385,0.006461538461538463,245.16321921199616,245.15229182808326,0.010927383912900268
0.015384615384615385,0.0067692307692307704,241.7977854255513,241.78669177049468,0.011093655056612306
0.015384615384615385,0.007076923076923079,238.29112723628097,238.27989509371872,0.011232142562249692
0.015384615384615385,0.007384615384615386,234.64529299256512,234.6339496682618,0.01134332430331142
0.015384615384615385,0.007692307692307694,230.86241242026475,230.8509846235812,0.011427796683534552
0.015384615384615385,0.008000000000000002,226.94469514269244,226.93320910473324,0.011486037959201667
0.015384615384615385,0.00830769230769231,222.89442977113532,222.88291098229485,0.01151878884047619
0.015384615384615385,0.008615384615384617,218.71398204709885,218.70245551631166,0.011526530787193678
0.015384615384615385,0.008923076923076924,214.40579386325288,214.39428397505242,0.011509888200464502
0.015384615384615385,0.009230769230769233,209.97238156038404,209.9609122093775,0.01146935100652513
0.015384615384615385,0.00953846153846154,205.41633487664117,205.4049291835527,0.011405693088477165
0.015384615384615385,0.009846153846153848,200.7403148486836,200.72899546336674,0.011319385316852504
0.015384615384615385,0.010153846153846156,195.94705276135034,195.93584166243616,0.011211098914174045
0.015384615384615385,0.010461538461538463,191.03934817880443,191.02826684760365,0.011081331200784916
0.015384615384615385,0.010769230769230772,186.02006780034995,186.00913690436184,0.010930895988110478
0.015384615384615385,0.01107692307692308,180.89214311707278,180.88138286325696,0.010760253815817578
0.015384615384615385,0.011384615384615387,175.6585693278381,175.6479991882495,0.01057013958859443
0.015384615384615385,0.011692307692307695,170.32240307592653,170.31204202803156,0.010361047894974718
0.015384615384615385,0.012000000000000002,164.88676123389158,164.87662743132208,0.010133802569498584
0.015384615384615385,0.012307692307692311,159.3548184015081,159.3449295271821,0.009888874326009045
0.015384615384615385,0.012615384615384619,153.72980571297694,153.720178671413,0.009627041563931016
0.015384615384615385,0.012923076923076926,148.01500838621465,148.0056595601194,0.009348826095248342
0.015384615384615385,0.013230769230769233,142.21376435501932,142.20470931153915,0.009055043480174163
0.015384615384615385,0.013538461538461541,136.32946173062447,136.32071551726042,0.008746213364048572
0.015384615384615385,0.013846153846153848,130.36553738250777,130.35711426396367,0.008423118544101271
0.015384615384615385,0.014153846153846157,124.32547444972398,124.31738812684331,0.008086322880672014
0.015384615384615385,0.014461538461538465,118.21280073764666,118.20506413588257,0.007736601764094075
0.015384615384615385,0.014769230769230772,112.03108626596907,112.02371171616664,0.0073745498024209155
0.015384615384615385,0.01507692307692308,105.78394150733854,105.77694060343943,0.007000903899111677
0.015384615384615385,0.015384615384615387,99.47501503638195,99.46839873611934,0.006616300262606956
0.015384615384615385,0.015692307692307696,93.1079915679614,93.10177012500579,0.00622144295562066
0.015384615384615385,0.016000000000000004,86.68658972356924,86.68077270192101,0.005817021648226728
0.015384615384615385,0.01630769230769231,80.21455984855314,80.20915614854232,0.005403700010816692
0.015384615384615385,0.01661538461538462,73.69568190405114,73.69069970669375,0.0049821973573926925
0.015384615384615385,0.016923076923076926,67.1337631421448,67.12920997137493,0.004553170769867165
0.015384615384615385,0.017230769230769234,60.532635992533024,60.528518667817366,0.004117324715657844
0.015384615384615385,0.01753846153846154,53.89615573455445,53.89248041386418,0.003675320690270212
0.015384615384615385,0.01784615384615385,47.22819831826815,47.22497046898239,0.003227849285757145
0.015384615384615385,0.01815384615384616,40.532658056304854,40.52988247121994,0.0027755850849118247
0.015384615384615385,0.018461538461538467,33.8134453866449,33.81112616343161,0.002319223213291366
0.015384615384615385,0.018769230769230774,27.074484555915905,27.072625110098134,0.0018594458177716433
0.015384615384615385,0.01907692307692308,20.319711355506882,20.31831440607599,0.0013969494308909702
0.015384615384615385,0.01938461538461539,13.5530707964977,13.552138378612215,0.0009324178854850373
0.015384615384615385,0.019692307692307696,6.7785148243711895,6.778048283968838,0.00046654040235161176
0.016,0.00030769230769230776,285.234531095497,285.23364635503634,0.0008847404606626696
0.016,0.0006153846153846155,284.9855003611145,284.9837694043449,0.0017309567695633632
0.016,0.0009230769230769233,284.5700098071039,284.56746995757425,0.002539849529625826
0.016,0.001230769230769231,283.9883021768968,283.9849911218781,0.003311055018684783
0.016,0.001538461538461539,283.24071841568167,283.2366730484938,0.004045367187870852
0.016,0.0018461538461538465,282.32769516680236,282.3229527341032,0.004742432699174515
0.016,0.002153846153846154,281.2497668842618,281.24436376563915,0.005403118622666625
0.016,0.002461538461538462,280.00756347734614,280.0015360086858,0.006027468660363411
0.016,0.00276923076923077,278.6018114455607,278.59519523965463,0.00661620590608436
0.016,0.003076923076923078,277.0333321417405,277.0261627219518,0.007169419788738196
0.016,0.0033846153846153852,275.3030426471538,275.295354726383,0.007687920770820256
0.016,0.003692307692307693,273.41195400589254,273.4037819960774,0.00817200981515498
0.016,0.004000000000000001,271.3611715334629,271.35254915624205,0.008622377220831368
0.016,0.004307692307692308,269.15189340409864,269.1428540690921,0.0090393350065483
0.016,0.004615384615384617,266.78541075290167,266.7759871343323,0.009423618569371683
0.016,0.004923076923076924,264.2631061725361,264.2533305356009,0.009775636935160037
0.016,0.0052307692307692315,261.58645345279143,261.5763574333124,0.010096019479021834
0.016,0.00553846153846154,258.75701628149335,258.7466311043741,0.010385177119246691
0.016,0.005846153846153847,255.77644785335156,255.7658040292758,0.010643824075742714
0.016,0.006153846153846156,252.64648935216718,252.63561692708817,0.010872425079014647
0.016,0.006461538461538463,249.36896932418384,249.35789773893154,0.01107158525229579
0.016,0.0067692307692307704,245.94580233223724,245.93456056051005,0.011241771727185323
0.016,0.007076923076923079,242.37898822546538,242.3676045243334,0.011383701131990165
0.016,0.007384615384615386,238.67061049469942,238.65911263227974,0.011497862419673766
0.016,0.007692307692307694,234.82283540214368,234.8112505391816,0.011584862962081388
0.016,0.008000000000000002,230.83791048128924,230.826265288144,0.011645193145255917
0.016,0.00830769230769231,226.71816360436875,226.70648399833482,0.011679606033936807
0.016,0.008615384615384617,222.46600109959323,222.4543125060127,0.011688593580515771
0.016,0.008923076923076924,218.08390675187096,218.07223395958638,0.011672792284571187
0.016,0.009230769230769233,213.57444007243643,213.5628073695259,0.011632702910532089
0.016,0.00953846153846154,208.9402352271049,208.92866611397272,0.01156911313216824
0.016,0.009846153846153848,204.1839989048551,204.1725164009208,0.011482503934274746
0.016,0.010153846153846156,199.30850924663784,199.29713568786767,0.011373558770173986
0.016,0.010461538461538463,194.3166138452829,194.30537105985704,0.011242785425849888
0.016,0.010769230769230772,189.21122857706848,189.20013756686168,0.011091010206797591
0.016,0.01107692307692308,183.99533522453044,183.9844165214762,0.01091870305424436
0.016,0.011384615384615387,178.67198036757313,178.66125375791432,0.010726609658803454
0.016,0.011692307692307695,173.2442730881009,173.2337578533277,0.010515234773208704
0.016,0.012000000000000002,167.71538372485887,167.7050983124842,0.010285412374656744
0.016,0.012307692307692311,162.0885413387988,162.0785037168665,0.01003762193229818
0.016,0.012615384615384619,156.36703249001852,156.35725983927136,0.009772650747152056
0.016,0.012923076923076926,150.55419875298452,150.54470772501085,0.009491027973666633
0.016,0.013230769230769233,144.65343531857025,144.64424174083607,0.00919357773418028
0.016,0.013538461538461541,138.66818841409443,138.65930759272226,0.008880821372173386
0.016,0.013846153846153848,132.60195386533417,132.59340031367395,0.008553551660213543
0.016,0.014153846153846157,126.4582745502664,126.45006222272373,0.00821232754266532
0.016,0.014461538461538465,120.24073879581182,120.23288085631806,0.007857939493760568
0.016,0.014769230769230772,113.95297784120505,113.94548687329656,0.0074909679084953495
0.016,0.01507692307692308,107.59866410531359,107.59155193468995,0.007112170623642555
0.016,0.015384615384615387,101.18150872159346,101.17478655957315,0.006722162020309952
0.016,0.015692307692307696,94.70525963452846,94.69893795822654,0.006321676301922707
0.016,0.016000000000000004,88.17369921502593,88.16778784387097,0.00591137115496565
0.016,0.01630769230769231,81.59064216650935,81.58515022425351,0.005491942255844151
0.016,0.01661538461538462,74.95993324441382,74.95486917437448,0.005064070039338731
0.016,0.016923076923076926,68.28544504849965,68.28081659165557,0.004628456844088191
0.016,0.017230769230769234,61.57107571172975,61.56688993486135,0.004185776868396829
0.016,0.01753846153846154,54.82074669662332,54.81700994809249,0.003736748530826617
0.016,0.01784615384615385,48.038400416556456,48.035118371182165,0.0032820453742914424
0.016,0.01815384615384616,41.227998035648184,41.225175637830354,0.0028223978178303355
0.016,0.018461538461538467,34.393517053092836,34.391158562823094,0.0023584902697422194
0.016,0.018769230769230774,27.53894906555714,27.53705801968338,0.0018910458737622093
0.016,0.01907692307692308,20.668297373537715,20.66687661011441,0.0014207634233045496
0.016,0.01938461538461539,13.785574684978025,13.784626326592297,0.000948358385727488
0.016,0.019692307692307696,6.8948007447361555,6.894326209475912,0.00047453526024376913
0.016615384615384615,0.00030769230769230776,289.3790344011052,289.37814698028274,0.0008874208224369795
0.016615384615384615,0.0006153846153846155,289.12637854207736,289.1246392686639,0.001739273413477349
0.016615384615384615,0.0009230769230769233,288.7048463499966,288.7022909095735,0.0025554404231229455
0.016615384615384615,0.001230769230769231,288.11468321056157,288.1113485425599,0.003334668001684804
0.016615384615384615,0.001538461538461539,287.35623480385055,287.3521572613242,0.0040775425263746
0.016615384615384615,0.0018461538461538465,286.42994372273245,286.4251604121955,0.004783310536936369
0.016615384615384615,0.002153846153846154,285.33635213457916,285.33089933522916,0.005452799349995985
0.016615384615384615,0.002461538461538462,284.0760988431113,284.07001304807926,0.006085795032049646
0.016615384615384615,0.00276923076923077,282.6499208919732,282.6432378728305,0.006683019142656121
0.016615384615384615,0.003076923076923078,281.0586514414022,281.0514070060067,0.007244435395534765
0.016615384615384615,0.0033846153846153852,279.30322085269114,279.2954500320074,0.007770820683731472
0.016615384615384615,0.003692307692307693,277.38465477763145,277.37639238025713,0.008262397374323882
0.016615384615384615,0.004000000000000001,275.30407456424183,275.29535472638304,0.00871983785879138
0.016615384615384615,0.004307692307692308,273.06269577563955,273.05355233777215,0.00914343786740801
0.016615384615384615,0.004615384615384617,270.661828268808,270.65229436388944,0.009533904918555436
0.016615384615384615,0.004923076923076924,268.1028747170559,268.0929830717713,0.009891645284596962
0.016615384615384615,0.0052307692307692315,265.3873303063498,265.37711302714104,0.010217279208745822
0.016615384615384615,0.00553846153846154,262.51678145821086,262.5062702216249,0.01051123658595543
0.016615384615384615,0.005846153846153847,259.49290536648056,259.4821311465772,0.010774219903339599
0.016615384615384615,0.006153846153846156,256.31746852311227,256.3064618140569,0.011006709055379815
0.016615384615384615,0.006461538461538463,252.9923260348116,252.98111672552596,0.011209309285646896
0.016615384615384615,0.0067692307692307704,249.51942029644079,249.50803778887328,0.011382507567503808
0.016615384615384615,0.007076923076923079,245.90078020701654,245.88925318439453,0.011527022622004779
0.016615384615384615,0.007384615384615386,242.1385195396258,242.12687618039234,0.01164335923346016
0.016615384615384615,0.007692307692307694,238.23483603170934,238.2231038990871,0.011732132622228164
0.016615384615384615,0.008000000000000002,234.19200988250137,234.1802160335593,0.011793848942062368
0.016615384615384615,0.00830769230769231,230.01240278723031,230.00057351647317,0.011829270757147015
0.016615384615384615,0.008615384615384617,225.69845604393436,225.68661714135837,0.011838902575988186
0.016615384615384615,0.008923076923076924,221.2526895288959,221.24086613725524,0.01182339164066093
0.016615384615384615,0.009230769230769233,216.67769994843175,216.66591669755607,0.011783250875680551
0.016615384615384615,0.00953846153846154,211.97615974394444,211.96444046390144,0.01171928004299616
0.016615384615384615,0.009846153846153848,207.15081493702456,207.13918296601628,0.011631971008284836
0.016615384615384615,0.010153846153846156,202.204484036654,202.1929620183983,0.01152201825570387
0.016615384615384615,0.010461538461538463,197.1400560155664,197.12866607479347,0.011389940772914997
0.016615384615384615,0.010769230769230772,191.96048911656715,191.94925254142024,0.0112365751469099
0.016615384615384615,0.01107692307692308,186.66880845163035,186.65774604992782,0.011062401702531588
0.016615384615384615,0.011384615384615387,181.2681048656602,181.25723669109647,0.010868174563739785
0.016615384615384615,0.011692307692307695,175.76153261998078,175.7508782103112,0.010654409669569986
0.016615384615384615,0.012000000000000002,170.1523081129432,170.14188616586372,0.010421947079464644
0.016615384615384615,0.012307692307692311,164.4437073277266,164.4335360511565,0.010171276570105192
0.016615384615384615,0.012615384615384619,158.63906457291984,158.62916138190727,0.009903191012568868
0.016615384615384615,0.012923076923076926,152.7417699778816,152.7321517494694,0.00961822841219373
0.016615384615384615,0.013230769230769233,146.7552680577722,146.74595084140623,0.009317216365985814
0.016615384615384615,0.013538461538461541,140.6830551113565,140.6740544304742,0.009000680882309098
0.016615384615384615,0.013846153846153848,134.52867775533815,134.52000833319053,0.008669422147619343
0.016615384615384615,0.014153846153846157,128.295730337508,128.28740633917556,0.008323998332429028
0.016615384615384615,0.014461538461538465,121.98785332287471,121.97988811248143,0.007965210393280131
0.016615384615384615,0.014769230769230772,115.60873069869338,115.60113706613029,0.007593632563086317
0.016615384615384615,0.01507692307692308,109.162088252962,109.15487821110516,0.007210041856836824
0.016615384615384615,0.015384615384615387,102.65169102173269,102.64487598104829,0.006815040684401197
0.016615384615384615,0.015692307692307696,96.08134141954179,96.07493203393777,0.006409385604015938
0.016615384615384615,0.016000000000000004,89.45487675669489,89.44888303202657,0.005993724668314826
0.016615384615384615,0.01630769230769231,82.77616718314118,82.77059840133975,0.005568781801429168
0.016615384615384615,0.01661538461538462,76.04911330490421,76.04397807203861,0.005135232865598027
0.016615384615384615,0.016923076923076926,69.27764400019493,69.2729502009711,0.004693799223829842
0.016615384615384615,0.017230769230769234,62.46571402496408,62.46146887773929,0.004245147224786194
0.016615384615384615,0.01753846153846154,55.617301820228505,55.6135118156219,0.003790004606607056
0.016615384615384615,0.01784615384615385,48.73640706596772,48.73307802870219,0.0033290372655301326
0.016615384615384615,0.01815384615384616,41.82704848508638,41.82418549655582,0.0028629885305591074
0.016615384615384615,0.018461538461538467,34.89326136152896,34.890868817864856,0.002392543664100799
0.016615384615384615,0.018769230769230774,27.9390953026464,27.937176854324534,0.001918448321866606
0.016615384615384615,0.01907692307692308,20.96861177775367,20.967170366223023,0.0014414115306458086
0.016615384615384615,0.01938461538461539,13.98588181562092,13.984919641071187,0.0009621745497323531
0.016615384615384615,0.019692307692307696,6.99498357667779,6.994502116669762,0.00048146000802873345
0.01723076923076923,0.00030769230769230776,292.84771001461945,292.84679153481983,0.0009184797996226735
0.01723076923076923,0.0006153846153846155,292.59203816373514,292.5902451412804,0.0017930224547626494
0.01723076923076923,0.0009230769230769233,292.1654609016771,292.1628342840326,0.002626617644466478
0.01723076923076923,0.001230769230769231,291.5682284879619,291.56480855898116,0.0034199289807474997
0.01723076923076923,0.001538461538461539,290.80069182299707,290.79651719630874,0.004174626688325134
0.01723076923076923,0.0018461538461538465,289.86329957491233,289.8584088565359,0.004890718376429959
0.01723076923076923,0.002153846153846154,288.7566007350153,288.7510313685155,0.005569366499798889
0.01723076923076923,0.002461538461538462,287.48124204532434,287.4750314095163,0.006210635808031384
0.01723076923076923,0.00276923076923077,286.0379695001117,286.03115412758183,0.0068153725298998324
0.01723076923076923,0.003076923076923078,284.4276264170687,284.4202427063845,0.007383710684223388
0.01723076923076923,0.0033846153846153852,282.6511542888842,282.64323787283047,0.007916416053717512
0.01723076923076923,0.003692307692307693,280.70959112930444,280.7011773477014,0.008413781603053394
0.01723076923076923,0.004000000000000001,278.60407170556357,278.5951952396547,0.008876465908883802
0.01723076923076923,0.004307692307692308,276.3358262192194,276.3265213829363,0.009304836283149598
0.01723076923076923,0.004615384615384617,273.90618017994007,273.89648061919166,0.009699560748401836
0.01723076923076923,0.004923076923076924,271.3165531105872,271.3064920237961,0.010061086791097296
0.01723076923076923,0.0052307692307692315,268.56845809563816,268.55806807715413,0.010390018484031316
0.01723076923076923,0.00553846153846154,265.66350061374993,265.6528137814539,0.010686832296016746
0.01723076923076923,0.005846153846153847,262.60337793341466,262.59242572339116,0.010952210023503994
0.01723076923076923,0.006153846153846156,259.3898777446292,259.37869108341,0.011186661219198868
0.01723076923076923,0.006461538461538463,256.02487737899963,256.01348659204007,0.011390786959566412
0.01723076923076923,0.0067692307692307704,252.51034253800537,252.49877743393904,0.011565104066335152
0.01723076923076923,0.007076923076923079,248.8483264291765,248.83661610027963,0.01171032889686785
0.01723076923076923,0.007384615384615386,245.0409681778053,245.02914119015276,0.01182698765254031
0.01723076923076923,0.007692307692307694,241.09049186336247,241.07857616168607,0.011915701676400658
0.01723076923076923,0.008000000000000002,236.99920503056396,236.98722803360664,0.011976996957315578
0.01723076923076923,0.00830769230769231,232.7694976818774,232.7574860380074,0.012011643869982436
0.01723076923076923,0.008615384615384617,228.4038403871149,228.39182022510263,0.01202016201227707
0.01723076923076923,0.008923076923076924,223.90478322993016,223.8927800207882,0.012003209141965954
0.01723076923076923,0.009230769230769233,219.27495405007215,219.26299273784866,0.01196131222349095
0.01723076923076923,0.00953846153846154,214.5170573242789,214.50516204168076,0.01189528259814665
0.01723076923076923,0.009846153846153848,209.63387199575743,209.62206637142864,0.011805624328786735
0.01723076923076923,0.010153846153846156,204.6282503605863,204.61655731745392,0.011693043132368075
0.01723076923076923,0.010461538461538463,199.5031160263852,199.49155795608704,0.011558070298150369
0.01723076923076923,0.010769230769230772,194.2614626950155,194.25006114263303,0.011401552382466207
0.01723076923076923,0.01107692307692308,188.9063517450058,188.8951277636284,0.011223981377384007
0.01723076923076923,0.011384615384615387,183.44091106944714,183.42988494936955,0.011026120077588075
0.01723076923076923,0.011692307692307695,177.86833274475254,177.8575242477566,0.010808496995935002
0.01723076923076923,0.012000000000000002,172.19187171774723,172.1812997605195,0.010571957227739404
0.01723076923076923,0.012307692307692311,166.414843246174,166.40452624291407,0.010317003259928015
0.01723076923076923,0.012615384615384619,160.5406216007289,160.53057716799847,0.010044432730438757
0.01723076923076923,0.012923076923076926,154.57263755268374,154.56288275661979,0.009754796063958793
0.01723076923076923,0.013230769230769233,148.5143768945059,148.50492797426168,0.009448920244210512
0.01723076923076923,0.013538461538461541,142.36937783928664,142.36025049592266,0.009127343363985574
0.01723076923076923,0.013846153846153848,136.1412295087931,136.13243864021365,0.008790868579438893
0.01723076923076923,0.014153846153846157,129.8335693391789,129.82512927388072,0.008440065298174204
0.01723076923076923,0.014461538461538465,123.45008142211954,123.44200568797764,0.008075734141897328
0.01723076923076923,0.014769230769230772,116.99449390879872,116.98679544692725,0.007698461871470386
0.01723076923076923,0.01507692307692308,110.47057724411341,110.46326821172916,0.0073090323842563976
0.01723076923076923,0.015384615384615387,103.88214159764888,103.87523353858374,0.006908059065139582
0.01723076923076923,0.015692307692307696,97.23303495585392,97.2265386542184,0.0064963016355221725
0.01723076923076923,0.016000000000000004,90.52714063660379,90.52106620921583,0.006074427387957826
0.01723076923076923,0.01630769230769231,83.7683751879861,83.76273201065526,0.0056431773308389666
0.01723076923076923,0.01661538461538462,76.96068599206482,76.95548273539139,0.005203256673439682
0.01723076923076923,0.016923076923076926,70.108049034782,70.10329362530605,0.004755409475947658
0.01723076923076923,0.017230769230769234,63.2144665096928,63.21016616587943,0.004300343813369523
0.01723076923076923,0.01753846153846154,56.28396456732663,56.28012574943454,0.0038388178920882865
0.01723076923076923,0.01784615384615385,49.32059085069102,49.3172193244221,0.003371526268921343
0.01723076923076923,0.01815384615384616,42.3284122554418,42.325513032115936,0.0028992233258620104
0.01723076923076923,0.018461538461538467,35.311512431068785,35.30908983210198,0.002422598966802525
0.01723076923076923,0.018769230769230774,28.27398951316153,28.272047117943625,0.0019423952179060677
0.01723076923076923,0.01907692307692308,21.219953633224478,21.218494324420202,0.001459308804275139
0.01723076923076923,0.01938461538461539,14.153524597706339,14.152550527732249,0.0009740699740898862
0.01723076923076923,0.019692307692307696,7.078829431107498,7.0783420400774455,0.0004873910300524642
0.01784615384615385,0.00030769230769230776,295.6324020937675,295.6314788385697,0.0009232551977902403
0.01784615384615385,0.0006153846153846155,295.37429884718205,295.37249293909895,0.001805908083099439
0.01784615384615385,0.0009230769230769233,294.943666465194,294.94101782155514,0.002648643638849535
0.01784615384615385,0.001230769230769231,294.3407568838148,294.3373054552564,0.003451428558378211
0.01784615384615385,0.001538461538461539,293.56592353945496,293.56170839122393,0.004215148231025978
0.01784615384615385,0.0018461538461538465,292.61961953311953,292.614679556302,0.004939976817524894
0.01784615384615385,0.002153846153846154,291.5023986388714,291.4967719886615,0.005626650209876516
0.01784615384615385,0.002461538461538462,290.21491395418667,290.2086385148412,0.006275439345472478
0.01784615384615385,0.00276923076923077,288.7579183722232,288.7510313685155,0.006887003707674921
0.01784615384615385,0.003076923076923078,287.13226348465355,287.12480175121107,0.00746173344248291
0.01784615384615385,0.0033846153846153852,285.33889956333,285.33089933522916,0.008000228100854656
0.01784615384615385,0.003692307692307693,283.37887463870135,283.3703717090637,0.00850292963764332
0.01784615384615385,0.004000000000000001,281.25333418238125,281.24436376563915,0.008970416742101861
0.01784615384615385,0.004307692307692308,278.96352023083097,278.95411703372537,0.009403197105598338
0.01784615384615385,0.004615384615384617,276.51077081151533,276.50096895291944,0.009801858595892554
0.01784615384615385,0.004923076923076924,273.8965190227089,273.886352092619,0.010166930089894777
0.01784615384615385,0.0052307692307692315,271.1222922964903,271.11179331544184,0.010498981048442602
0.01784615384615385,0.00553846153846154,268.1897114484065,268.1789128855812,0.01079856282530045
0.01784615384615385,0.005846153846153847,265.10048984434445,265.0894235226171,0.011066321727355444
0.01784615384615385,0.006153846153846156,261.85643221322704,261.8451294013362,0.011302811890857356
0.01784615384615385,0.006461538461538463,258.459433720618,258.4479250981448,0.011508622473172636
0.01784615384615385,0.0067692307692307704,254.91147879447482,254.89979448468947,0.011684309785351843
0.01784615384615385,0.007076923076923079,251.2146401494501,251.20280956933166,0.011830580118441958
0.01784615384615385,0.007384615384615386,247.37107727242613,247.3591292871534,0.01194798527274088
0.01784615384615385,0.007692307692307694,243.38303538710977,243.37099823920002,0.012037147909751411
0.01784615384615385,0.008000000000000002,239.25284399753318,239.24074538169614,0.012098615837032867
0.01784615384615385,0.00830769230769231,234.98291582833224,234.97078266600107,0.012133162331167568
0.01784615384615385,0.008615384615384617,230.5757449521114,230.56360363009702,0.012141322014372236
0.01784615384615385,0.008923076923076924,226.03390570216177,226.02178194243302,0.012123759728751793
0.01784615384615385,0.009230769230769233,221.360050914464,221.3479698989752,0.01208101548880336
0.01784615384615385,0.00953846153846154,216.55691078297596,216.54489687434074,0.012013908635225334
0.01784615384615385,0.009846153846153848,211.62729068173016,211.61536772791945,0.011922953810710624
0.01784615384615385,0.010153846153846156,206.57407003124268,206.5622611659155,0.011808865327196827
0.01784615384615385,0.010461538461538463,201.40020024519072,201.38852806026367,0.011672184927050466
0.01784615384615385,0.010769230769230772,196.1087034915995,196.09718972540327,0.01151376619623079
0.01784615384615385,0.01107692307692308,190.70267026513463,190.6913361539158,0.011334111218815224
0.01784615384615385,0.011384615384615387,185.1852582015406,185.17412421205609,0.011133989484505946
0.01784615384615385,0.011692307692307695,179.55968973726917,179.54877579623133,0.010913941037841823
0.01784615384615385,0.012000000000000002,173.82925076469914,173.81857595150439,0.010674813194754051
0.01784615384615385,0.012307692307692311,167.9972880750724,167.9868709532199,0.010417121852498212
0.01784615384615385,0.012615384615384619,162.0672080204196,162.0570663528739,0.01014166754569601
0.01784615384615385,0.012923076923076926,156.04247400568633,156.03262498936732,0.009849016319009252
0.01784615384615385,0.013230769230769233,149.92660495609513,149.91706496680595,0.00953998928918054
0.01784615384615385,0.013538461538461541,143.7231727443801,143.7139576000263,0.009215144353788673
0.01784615384615385,0.013846153846153848,137.4358006097386,137.42692532904883,0.00887528068977872
0.01784615384615385,0.014153846153846157,131.0681605948552,131.05963960367438,0.008520991180802184
0.01784615384615385,0.014461538461538465,124.62397179872285,124.61581873946146,0.008153059261388762
0.01784615384615385,0.014769230769230772,118.10699784871709,118.0992257463342,0.007772102382887169
0.01784615384615385,0.01507692307692308,111.52104502163053,111.51366613109084,0.00737889053968388
0.01784615384615385,0.015384615384615387,104.86995974474192,104.86298567509488,0.0069740696470432795
0.01784615384615385,0.015692307692307696,98.15762655769679,98.15106818844674,0.006558369250043938
0.01784615384615385,0.016000000000000004,91.38796573655644,91.3818332419485,0.00613249460793952
0.01784615384615385,0.01630769230769231,84.56493104410626,84.55923387818466,0.005697165921603187
0.01784615384615385,0.01661538461538462,77.6925074206443,77.68725430305669,0.005253117587614042
0.01784615384615385,0.016923076923076926,70.77470861902779,70.7699075591187,0.004801059909084415
0.01784615384615385,0.017230769230769234,63.815574904781414,63.8112331820742,0.0043417227072168885
0.01784615384615385,0.01753846153846154,56.8191706845343,56.81529484180024,0.0038758427340610524
0.01784615384615385,0.01784615384615385,49.78958209741197,49.78617796927936,0.0034041281326153694
0.01784615384615385,0.01815384615384616,42.73091468823295,42.72798737082222,0.002927317410730268
0.01784615384615385,0.018461538461538467,35.647290951827564,35.64484483097732,0.0024461208502444265
0.01784615384615385,0.018769230769230774,28.542847989425475,28.540886705523654,0.0019612839018208206
0.01784615384615385,0.01907692307692308,21.421735026595222,21.42026150595641,0.00147352063881101
0.01784615384615385,0.01938461538461539,14.288111043212426,14.287127476872458,0.0009835663399684336
0.01784615384615385,0.019692307692307696,7.146142314821726,7.1456501676730975,0.0004921471486287743
0.018461538461538463,0.00030769230769230776,297.7266366990544,297.72570512530496,0.0009315737494262066
0.018461538461538463,0.0006153846153846155,297.46670801336995,297.4648845934713,0.001823419898641987
0.018461538461538463,0.0009230769230769233,297.0330282152962,297.030352945761,0.002675269535188818
0.018461538461538463,0.001230769230769231,296.4258513092388,296.4223639364198,0.003487372818995027
0.018461538461538463,0.001538461538461539,295.645532406607,295.6412726139078,0.0042597926992016255
0.018461538461538463,0.0018461538461538465,294.69252819244707,294.6875351135617,0.004993078885377145
0.018461538461538463,0.002153846153846154,293.5673957715901,293.56170839122393,0.005687380366168782
0.018461538461538463,0.002461538461538462,292.2707931587939,292.2644498979967,0.006343260797166295
0.018461538461538463,0.00276923076923077,290.8034782809957,290.7965171963088,0.0069610846869068155
0.018461538461538463,0.003076923076923078,289.16630906979805,289.15876751752035,0.007541552277700703
0.018461538461538463,0.0033846153846153852,287.3602423199456,287.3521572613242,0.008085058621418284
0.018461538461538463,0.003692307692307693,285.3863336871385,285.37774143723504,0.008592249903472293
0.018461538461538463,0.004000000000000001,283.2457366597751,283.23667304849386,0.009063611281248996
0.018461538461538463,0.004307692307692308,280.93970224764075,280.93020241874643,0.009499828894320217
0.018461538461538463,0.004615384615384617,278.4695778766,278.45967646188933,0.009901414710668632
0.018461538461538463,0.004923076923076924,275.8368069052997,275.82653789551046,0.010269009789226402
0.018461538461538463,0.0052307692307692315,273.042927550531,273.03232439838234,0.010603152148632944
0.018461538461538463,0.00553846153846154,270.0895721984217,270.0786677125012,0.010904485920491425
0.018461538461538463,0.005846153846153847,266.97846631780055,266.9672926901955,0.011173627605046477
0.018461538461538463,0.006153846153846156,263.7114274758335,263.7000162868607,0.01141118897277238
0.018461538461538463,0.006461538461538463,260.29036424932616,260.2787464999086,0.011617749417553114
0.018461538461538463,0.0067692307692307704,256.71727516619995,256.7054812545505,0.01179391164947674
0.018461538461538463,0.007076923076923079,252.99424761088144,252.9823072370652,0.011940373816230476
0.018461538461538463,0.007384615384615386,249.12345639419982,249.11139867623282,0.012057717966996506
0.018461538461538463,0.007692307692307694,245.1071626417775,245.0950160736467,0.012146568130816604
0.018461538461538463,0.008000000000000002,240.9477123797436,240.93550488364374,0.012207496099847504
0.018461538461538463,0.00830769230769231,236.6475354214808,236.63529414362557,0.012241277855224553
0.018461538461538463,0.008615384615384617,232.20914351987165,232.19689505556875,0.01224846430289972
0.018461538461538463,0.008923076923076924,227.6351292462279,227.62289951955364,0.012229726674263475
0.018461538461538463,0.009230769230769233,222.92816423838556,222.91597862016775,0.012185618217813499
0.018461538461538463,0.00953846153846154,218.0909980321801,218.07888106666775,0.012116965512348088
0.018461538461538463,0.009846153846153848,213.126455881289,213.1144315878102,0.012024293478788195
0.018461538461538463,0.010153846153846156,208.0374376067574,208.02552928229005,0.011908324467356124
0.018461538461538463,0.010461538461538463,202.82691553553713,202.81514592574823,0.011769609788899515
0.018461538461538463,0.010769230769230772,197.49793324527474,197.48632423533854,0.01160900993619407
0.018461538461538463,0.01107692307692308,192.05360312899816,192.04217609286653,0.01142703613163576
0.018461538461538463,0.011384615384615387,186.49710519248725,186.4858807275381,0.011224464949151525
0.018461538461538463,0.011692307692307695,180.83168470641263,180.8206828593791,0.011001847033526246
0.018461538461538463,0.012000000000000002,175.06065083771753,175.0498908044105,0.010760033307036565
0.018461538461538463,0.012307692307692311,169.18737409571045,169.17687454268454,0.010499553025908881
0.018461538461538463,0.012615384615384619,163.2152849615216,163.20506375031178,0.010221211209824332
0.018461538461538463,0.012923076923076926,157.14787138786383,157.1379457966264,0.009925591237418985
0.018461538461538463,0.013230769230769233,150.9886772187819,150.97906370766103,0.009613511120875273
0.018461538461538463,0.013538461538461541,144.7412996500855,144.73201409711902,0.009285552966474597
0.018461538461538463,0.013846153846153848,138.40938757946515,138.40044506605375,0.008942513411398068
0.018461538461538463,0.014153846153846157,131.99663908891443,131.98805407247977,0.008585016434665249
0.018461538461538463,0.014461538461538465,125.50679960162061,125.49858577216207,0.008213829458540545
0.018461538461538463,0.014769230769230772,118.94365944245192,118.93582983184199,0.007829610609931592
0.018461538461538463,0.01507692307692308,112.3110518289444,112.30361871617896,0.007433112765440342
0.018461538461538463,0.015384615384615387,105.61285047588542,105.605825449699,0.0070250261864259755
0.018461538461538463,0.015692307692307696,98.8529673977697,98.84636135505716,0.006606042712547833
0.018461538461538463,0.016000000000000004,92.03535068312341,92.02917376893564,0.006176914187776106
0.018461538461538463,0.01630769230769231,85.1639820545576,85.15824373691011,0.005738317647484337
0.018461538461538463,0.01661538461538462,78.24287471052945,78.23758368863132,0.005291021898131021
0.018461538461538463,0.016923076923076926,71.27607077175016,71.27123509467883,0.004835677071326927
0.018461538461538463,0.017230769230769234,64.26763915520564,64.2632661064566,0.004373048749044983
0.018461538461538463,0.01753846153846154,57.22167300835358,57.21776918050652,0.003903827847054231
0.018461538461538463,0.01784615384615385,50.142287443742156,50.13885868862954,0.0034287551126155336
0.018461538461538463,0.01815384615384616,43.03361704178691,43.03066851520783,0.002948526579082511
0.018461538461538463,0.018461538461538467,35.89981352854495,35.89734964313365,0.0024638854112950526
0.018461538461538463,0.018769230769230774,28.7450432838225,28.743067729751047,0.0019755540714534447
0.018461538461538463,0.01907692307692308,21.573484943752874,21.57200067423021,0.0014842695226633396
0.018461538461538463,0.01938461538461539,14.389326934581238,14.388336177791423,0.0009907567898146397
0.018461538461538463,0.019692307692307696,7.1967650517948645,7.196269298205968,0.0004957535888960862
0.019076923076923078,0.00030769230769230776,299.1255245163258,299.1245792324963,0.0009452838295374022
0.019076923076923078,0.0006153846153846155,298.86438377299737,298.86253322673707,0.0018505462603002343
0.019076923076923078,0.0009230769230769233,298.42867385153943,298.4259599176577,0.002713933881750563
0.019076923076923078,0.001230769230769231,297.8186507882143,297.81511425177655,0.0035365364377639708
0.019076923076923078,0.001538461538461539,297.03467066892574,297.03035294576097,0.004317723164774634
0.019076923076923078,0.0018461538461538465,296.0771931779694,296.0721342781145,0.005058899854873289
0.019076923076923078,0.002153846153846154,294.9467775906487,294.94101782155514,0.005759769093572231
0.019076923076923078,0.002461538461538462,293.6440855870411,293.6376641162408,0.0064214708003191845
0.019076923076923078,0.00276923076923077,292.16987840637313,292.1628342840326,0.0070441223405168785
0.019076923076923078,0.003076923076923078,290.52501844189675,290.51738958402063,0.0076288578761136705
0.019076923076923078,0.0033846153846153852,288.71046679709053,288.7022909095735,0.008175887517040792
0.019076923076923078,0.003692307692307693,286.72728435386273,286.718598227203,0.008686126659711135
0.019076923076923078,0.004000000000000001,284.5766299185207,284.56746995757425,0.00915996094647653
0.019076923076923078,0.004307692307692308,282.2597605762566,282.2501622990201,0.009598277236534614
0.019076923076923078,0.004615384615384617,279.77803000338486,279.76802849395676,0.010001509428093414
0.019076923076923078,0.004923076923076924,277.13288846250447,277.12251803862864,0.010370423875826873
0.019076923076923078,0.0052307692307692315,274.3258813562762,274.31517583664294,0.010705519633290805
0.019076923076923078,0.00553846153846154,271.3586488323413,271.3476412967899,0.011007535551414094
0.019076923076923078,0.005846153846153847,268.232924431714,268.22164737567385,0.011277056040171374
0.019076923076923078,0.006153846153846156,264.95053431830075,264.9390195657155,0.01151475258524215
0.019076923076923078,0.006461538461538463,261.5133960196142,261.5016748291158,0.011721190498406031
0.019076923076923078,0.0067692307692307704,257.9235174961935,257.911620478404,0.01189701778946528
0.019076923076923078,0.007076923076923079,254.18299592652164,254.1709530042236,0.012042922298036274
0.019076923076923078,0.007384615384615386,250.29401636683792,250.28185685104083,0.0121595157970944
0.019076923076923078,0.007692307692307694,246.25885056200076,246.24660314149077,0.01224742050999339
0.019076923076923078,0.008000000000000002,242.07985558084127,242.0675483501054,0.012307230735871144
0.019076923076923078,0.00830769230769231,237.7594726501191,237.74713292719917,0.012339722919932683
0.019076923076923078,0.008615384615384617,233.3002253368766,233.2878798737145,0.012345463162091619
0.019076923076923078,0.008923076923076924,228.70471839457508,228.6923932678603,0.012325126714785029
0.019076923076923078,0.009230769230769233,223.97563602293945,223.96335674440368,0.01227927853577171
0.019076923076923078,0.00953846153846154,219.11574067805458,219.10353192750296,0.01220875055162196
0.019076923076923078,0.009846153846153848,214.12787089441645,214.11575681799653,0.012114076419919684
0.019076923076923078,0.010153846153846156,209.01494012110706,209.00294413609075,0.011995985016312716
0.019076923076923078,0.010461538461538463,203.77993465573118,203.7680796204131,0.011855035318092177
0.019076923076923078,0.010769230769230772,198.42591237843786,198.41422028442483,0.011692094013028509
0.019076923076923078,0.01107692307692308,192.95600031067963,192.94449263121152,0.011507679468110155
0.019076923076923078,0.011384615384615387,187.37339340267576,187.36209082769295,0.011302574982806846
0.019076923076923078,0.011692307692307695,181.681352178863,181.67027483931977,0.011077339543220432
0.019076923076923078,0.012000000000000002,175.88320135474294,175.8723685263455,0.010832828397440153
0.019076923076923078,0.012307692307692311,169.98232728460275,169.9717577027856,0.010569581817151175
0.019076923076923078,0.012615384615384619,163.98217656850906,163.97188815919756,0.010288409311499436
0.019076923076923078,0.012923076923076926,157.886253560048,157.87626365043621,0.009989909611789471
0.019076923076923078,0.013230769230769233,151.69811874792927,151.68844384955958,0.009674898369695484
0.019076923076923078,0.013538461538461541,145.42138624919042,145.41204226907985,0.009343980110571692
0.019076923076923078,0.013846153846153848,139.05972209744434,139.05072415077427,0.008997946670064039
0.019076923076923078,0.014153846153846157,132.6168417774464,132.60820432528664,0.008637452159774739
0.019076923076923078,0.014461538461538465,126.09650828850629,126.0882450427713,0.008263245734980273
0.019076923076923078,0.014769230769230772,119.502529802146,119.49465377584457,0.007876026301431693
0.019076923076923078,0.01507692307692308,112.83875751931508,112.83128099612831,0.007476523186767281
0.019076923076923078,0.015384615384615387,106.1090833998165,106.1020179256828,0.007065474133696625
0.019076923076923078,0.015692307692307696,99.3174377933803,99.31079426464241,0.0066435287378823205
0.019076923076923078,0.016000000000000004,92.4677873935302,92.46157589638175,0.0062114971484561465
0.019076923076923078,0.01630769230769231,85.56413258238734,85.55836257155126,0.005770010836087636
0.019076923076923078,0.01661538461538462,78.6105054722884,78.60518557233557,0.005319899952823448
0.019076923076923078,0.016923076923076926,71.61096711014847,71.60610535829791,0.004861751850555152
0.019076923076923078,0.017230769230769234,64.56960558939292,64.56520919518665,0.004396394206267473
0.019076923076923078,0.01753846153846154,57.49053322241507,57.48660876808655,0.003924454328519289
0.019076923076923078,0.01784615384615385,50.37788450833965,50.37443778031102,0.003446728028627888
0.019076923076923078,0.01815384615384616,43.235813385808704,43.232849539435215,0.002963846373489787
0.019076923076923078,0.018461538461538467,36.06849113620535,36.0660145318823,0.002476604323049969
0.019076923076923078,0.018769230769230774,28.88010366706851,28.878117987475594,0.0019856795929165116
0.019076923076923078,0.01907692307692308,21.67484927839994,21.67335743538321,0.001491843016729888
0.019076923076923078,0.01938461538461539,14.456936044504669,14.455940252878607,0.0009957916260621147
0.019076923076923078,0.019692307692307696,7.230579479650713,7.230081208351246,0.0004982712994667793
0.019692307692307693,0.00030769230769230776,299.82580688574006,299.82483402484894,0.0009728608911245828
0.019692307692307693,0.0006153846153846155,299.5640732399832,299.5621745657526,0.0018986742305742155
0.019692307692307693,0.0009230769230769233,299.12735639529683,299.1245792324963,0.0027771628005552884
0.019692307692307693,0.001230769230769231,298.5159149403154,298.5123035684317,0.0036113718836645603
0.019692307692307693,0.001538461538461539,297.73010637009156,297.72570512530496,0.0044012447866066395
0.019692307692307693,0.0018461538461538465,296.7703925280259,296.7652432544557,0.005149273570225432
0.019692307692307693,0.002153846153846154,295.63733417351034,295.63147883856965,0.005855334940690682
0.019692307692307693,0.002461538461538462,294.331595124882,294.3250739641384,0.00652116074360265
0.019692307692307693,0.00276923076923077,292.85393845962085,292.84679153481983,0.007146924801020305
0.019692307692307693,0.003076923076923078,291.2052289506931,291.1974948259235,0.007734124769569917
0.019692307692307693,0.0033846153846153852,289.38642994131794,289.37814698028274,0.008282961035206426
0.019692307692307693,0.003692307692307693,287.39860500195385,287.3898104458057,0.00879455614813196
0.019692307692307693,0.004000000000000001,285.2429156405877,285.23364635503634,0.009269285551340545
0.019692307692307693,0.004307692307692308,282.9206220216545,282.9109138470853,0.009708174569198036
0.019692307692307693,0.004615384615384617,280.43308096999067,280.4229693323279,0.010111637662760131
0.019692307692307693,0.004923076923076924,277.7817462251467,277.7712657002996,0.01048052484713935
0.019692307692307693,0.0052307692307692315,274.96816679770296,274.9573514712483,0.010815326454689966
0.019692307692307693,0.00553846153846154,271.9939867331853,271.9828698918429,0.011116841342413863
0.019692307692307693,0.005846153846153847,268.8609436197127,268.8495579755633,0.011385644149413565
0.019692307692307693,0.006153846153846156,265.5708679325176,265.55924548833326,0.011622444184354208
0.019692307692307693,0.006461538461538463,262.12568168388566,262.1138538799888,0.011827803896835576
0.019692307692307693,0.0067692307692307704,258.5273975615686,258.51539516220583,0.012002399362756933
0.019692307692307693,0.007076923076923079,254.7781176497137,254.7659707335414,0.012146916172298461
0.019692307692307693,0.007384615384615386,250.880032137022,250.8677701522766,0.012261984745407517
0.019692307692307693,0.007692307692307694,246.83541808645091,246.82306985777612,0.012348228674795791
0.019692307692307693,0.008000000000000002,242.64663809745076,242.63423184111159,0.012406256339176025
0.019692307692307693,0.00830769230769231,238.3161391119856,238.30370226572546,0.012436846260129641
0.019692307692307693,0.008615384615384617,233.8464506132524,233.8340100389404,0.012440574311995078
0.019692307692307693,0.008923076923076924,229.2401834545548,229.22776533514855,0.012418119406248707
0.019692307692307693,0.009230769230769233,224.50002812569087,224.48765807154325,0.012370054147623932
0.019692307692307693,0.00953846153846154,219.62875355192756,219.61645633728332,0.012297214644235055
0.019692307692307693,0.009846153846153848,214.6292049174701,214.61700477700657,0.012200140463534126
0.019692307692307693,0.010153846153846156,209.50430249484887,209.4922229296377,0.01207956521116671
0.019692307692307693,0.010461538461538463,204.2570395765874,204.24510352345982,0.0119360531275845
0.019692307692307693,0.010769230769230772,198.89048120389538,198.87871072844516,0.01177047545021992
0.019692307692307693,0.01107692307692308,193.4077617224037,193.3961783668663,0.011583355537396756
0.019692307692307693,0.011384615384615387,187.81208356483,187.80070808323225,0.011375481597752923
0.019692307692307693,0.011692307692307695,182.10671489295714,182.095567474618,0.011147418339135129
0.019692307692307693,0.012000000000000002,176.29498820728813,176.28408818248005,0.010900024808080389
0.019692307692307693,0.012307692307692311,170.38029779574413,170.36966394707142,0.01063384867271111
0.019692307692307693,0.012615384615384619,164.36609832919515,164.35574862559324,0.010349703601917781
0.019692307692307693,0.012923076923076926,158.25590237375638,158.24585417523903,0.010048198517353057
0.019692307692307693,0.013230769230769233,152.05327875231237,152.0435486023108,0.009730150001558968
0.019692307692307693,0.013538461538461541,145.76185005561462,145.7524538786038,0.009396177010813744
0.019692307692307693,0.013846153846153848,139.38529089738148,139.37624382627712,0.009047071104362203
0.019692307692307693,0.014153846153846157,132.9273254777179,132.91864197244465,0.008683505273239689
0.019692307692307693,0.014461538461538465,126.39172559609698,126.38341937474057,0.00830622135640624
0.019692307692307693,0.014769230769230772,119.78230836225366,119.77439241912745,0.007915943126207026
0.019692307692307693,0.01507692307692308,113.10293398063364,113.09542059123467,0.007513389398965842
0.019692307692307693,0.015384615384615387,106.35750354921102,106.35040422252737,0.007099326683643881
0.019692307692307693,0.015692307692307696,99.54995659808877,99.54328221262249,0.006674385466283184
0.019692307692307693,0.016000000000000004,92.68426914409666,92.67802972908265,0.006239415014007932
0.019692307692307693,0.01630769230769231,85.7644509188488,85.75865588603014,0.005795032818653567
0.019692307692307693,0.01661538461538462,78.79454352247707,78.7892014029371,0.005342119539974988
0.019692307692307693,0.016923076923076926,71.77861749367204,71.77373624495897,0.004881248713076047
0.019692307692307693,0.017230769230769234,64.7207705516243,64.71635724618999,0.004413305434312065
0.019692307692307693,0.01753846153846154,57.625124620117845,57.62118571722675,0.003938902891093221
0.019692307692307693,0.01784615384615385,50.495823921871875,50.49236503843954,0.0034588834323372453
0.019692307692307693,0.01815384615384616,43.33703209103582,43.33405824035418,0.0029738506816414656
0.019692307692307693,0.018461538461538467,36.15293020052478,36.15044557256045,0.0024846279643284674
0.019692307692307693,0.018769230769230774,28.947713923813623,28.945722062562776,0.001991861250846938
0.019692307692307693,0.01907692307692308,21.725591392472893,21.724095066003336,0.0014963264695566636
0.019692307692307693,0.01938461538461539,14.49078049972456,14.489781809684189,0.0009986900403706755
0.019692307692307693,0.019692307692307696,7.247506612224785,7.247006928826098,0.0004996833986874449
0.020307692307692308,0.00030769230769230776,299.8258068857518,299.82483402484894,0.0009728609028343271
0.020307692307692308,0.0006153846153846155,299.56407324000315,299.5621745657526,0.0018986742505262555
0.020307692307692308,0.0009230769230769233,299.1273563953215,299.1245792324963,0.002777162825225332
0.020307692307692308,0.001230769230769231,298.515914940342,298.5123035684317,0.0036113719102672803
0.020307692307692308,0.001538461538461539,297.7301063701179,297.72570512530496,0.0044012448129251425
0.020307692307692308,0.0018461538461538465,296.77039252805315,296.7652432544557,0.00514927359745343
0.020307692307692308,0.002153846153846154,295.63733417353916,295.63147883856965,0.005855334969510295
0.020307692307692308,0.002461538461538462,294.33159512491216,294.3250739641384,0.006521160773729662
0.020307692307692308,0.00276923076923077,292.8539384596509,292.84679153481983,0.007146924831090473
0.020307692307692308,0.003076923076923078,291.20522895072327,291.1974948259235,0.007734124799753772
0.020307692307692308,0.0033846153846153852,289.38642994134926,289.37814698028274,0.00828296106652715
0.020307692307692308,0.003692307692307693,287.39860500198535,287.3898104458057,0.008794556179623214
0.020307692307692308,0.004000000000000001,285.24291564061866,285.23364635503634,0.009269285582320208
0.020307692307692308,0.004307692307692308,282.9206220216849,282.9109138470853,0.009708174599609265
0.020307692307692308,0.004615384615384617,280.43308097002085,280.4229693323279,0.010111637692943987
0.020307692307692308,0.004923076923076924,277.781746225177,277.7712657002996,0.010480524877436892
0.020307692307692308,0.0052307692307692315,274.9681667977326,274.9573514712483,0.010815326484305388
0.020307692307692308,0.00553846153846154,271.99398673321457,271.9828698918429,0.011116841371688224
0.020307692307692308,0.005846153846153847,268.8609436197418,268.8495579755633,0.011385644178517396
0.020307692307692308,0.006153846153846156,265.5708679325473,265.55924548833326,0.011622444214026473
0.020307692307692308,0.006461538461538463,262.12568168391545,262.1138538799888,0.011827803926621527
0.020307692307692308,0.0067692307692307704,258.5273975615975,258.51539516220583,0.012002399391690233
0.020307692307692308,0.007076923076923079,254.77811764974223,254.7659707335414,0.012146916200833857
0.020307692307692308,0.007384615384615386,250.88003213705113,250.8677701522766,0.01226198477453977
0.020307692307692308,0.007692307692307694,246.83541808647908,246.82306985777612,0.012348228702961705
0.020307692307692308,0.008000000000000002,242.6466380974774,242.63423184111159,0.012406256365807167
0.020307692307692308,0.00830769230769231,238.31613911201123,238.30370226572546,0.012436846285766023
0.020307692307692308,0.008615384615384617,233.84645061327848,233.8340100389404,0.012440574338086208
0.020307692307692308,0.008923076923076924,229.24018345458023,229.22776533514855,0.012418119431686137
0.020307692307692308,0.009230769230769233,224.50002812571614,224.48765807154325,0.012370054172890832
0.020307692307692308,0.00953846153846154,219.62875355195257,219.61645633728332,0.01229721466924616
0.020307692307692308,0.009846153846153848,214.62920491749477,214.61700477700657,0.01220014048820417
0.020307692307692308,0.010153846153846156,209.50430249487326,209.4922229296377,0.012079565235552536
0.020307692307692308,0.010461538461538463,204.25703957661105,204.24510352345982,0.011936053151231363
0.020307692307692308,0.010769230769230772,198.89048120391868,198.87871072844516,0.011770475473525721
0.020307692307692308,0.01107692307692308,193.40776172242627,193.3961783668663,0.011583355559963593
0.020307692307692308,0.011384615384615387,187.81208356485206,187.80070808323225,0.01137548161980817
0.020307692307692308,0.011692307692307695,182.10671489297744,182.095567474618,0.01114741835942823
0.020307692307692308,0.012000000000000002,176.29498820730825,176.28408818248005,0.010900024828202959
0.020307692307692308,0.012307692307692311,170.38029779576348,170.36966394707142,0.010633848692066294
0.020307692307692308,0.012615384615384619,164.36609832921343,164.35574862559324,0.01034970362019294
0.020307692307692308,0.012923076923076926,158.25590237377403,158.24585417523903,0.010048198535002939
0.020307692307692308,0.013230769230769233,152.05327875233,152.0435486023108,0.009730150019180428
0.020307692307692308,0.013538461538461541,145.761850055631,145.7524538786038,0.009396177027184649
0.020307692307692308,0.013846153846153848,139.38529089739762,139.37624382627712,0.009047071120505734
0.020307692307692308,0.014153846153846157,132.9273254777327,132.91864197244465,0.0086835052880474
0.020307692307692308,0.014461538461538465,126.391725596111,126.38341937474057,0.008306221370432354
0.020307692307692308,0.014769230769230772,119.78230836226716,119.77439241912745,0.007915943139707338
0.020307692307692308,0.01507692307692308,113.10293398064616,113.09542059123467,0.007513389411485605
0.020307692307692308,0.015384615384615387,106.35750354922298,106.35040422252737,0.00709932669560942
0.020307692307692308,0.015692307692307696,99.54995659810018,99.54328221262249,0.0066743854776945
0.020307692307692308,0.016000000000000004,92.68426914410715,92.67802972908265,0.006239415024495543
0.020307692307692308,0.01630769230769231,85.76445091885853,85.75865588603014,0.005795032828388003
0.020307692307692308,0.01661538461538462,78.79454352248628,78.7892014029371,0.0053421195491836215
0.020307692307692308,0.016923076923076926,71.77861749368039,71.77373624495897,0.004881248721417819
0.020307692307692308,0.017230769230769234,64.7207705516318,64.71635724618999,0.004413305441815396
0.020307692307692308,0.01753846153846154,57.62512462012474,57.62118571722675,0.003938902897985486
0.020307692307692308,0.01784615384615385,50.495823921877964,50.49236503843954,0.0034588834384265965
0.020307692307692308,0.01815384615384616,43.33703209104112,43.33405824035418,0.002973850686935009
0.020307692307692308,0.018461538461538467,36.15293020052922,36.15044557256045,0.0024846279687693595
0.020307692307692308,0.018769230769230774,28.947713923817243,28.945722062562776,0.0019918612544671532
0.020307692307692308,0.01907692307692308,21.725591392475643,21.724095066003336,0.001496326472306464
0.020307692307692308,0.01938461538461539,14.490780499726707,14.489781809684189,0.000998690042518291
0.020307692307692308,0.019692307692307696,7.24750661222611,7.247006928826098,0.0004996834000126071
0.020923076923076923,0.00030769230769230776,299.1255245163641,299.1245792324963,0.0009452838678498665
0.020923076923076923,0.0006153846153846155,298.8643837730574,298.86253322673707,0.0018505463203268846
0.020923076923076923,0.0009230769230769233,298.42867385161253,298.4259599176577,0.0027139339548512
0.020923076923076923,0.001230769230769231,297.81865078829526,297.81511425177655,0.003536536518708999
0.020923076923076923,0.001538461538461539,297.03467066901095,297.03035294576097,0.004317723249982919
0.020923076923076923,0.0018461538461538465,296.0771931780572,296.0721342781145,0.005058899942696371
0.020923076923076923,0.002153846153846154,294.94677759073835,294.94101782155514,0.005759769183214303
0.020923076923076923,0.002461538461538462,293.6440855871342,293.6376641162408,0.006421470893428705
0.020923076923076923,0.00276923076923077,292.16987840646664,292.1628342840326,0.0070441224340243025
0.020923076923076923,0.003076923076923078,290.5250184419909,290.51738958402063,0.007628857970246372
0.020923076923076923,0.0033846153846153852,288.7104667971853,288.7022909095735,0.008175887611798771
0.020923076923076923,0.003692307692307693,286.7272843539587,286.718598227203,0.008686126755662826
0.020923076923076923,0.004000000000000001,284.57662991861696,284.56746995757425,0.009159961042712439
0.020923076923076923,0.004307692307692308,282.2597605763527,282.2501622990201,0.009598277332599991
0.020923076923076923,0.004615384615384617,279.77803000348115,279.76802849395676,0.010001509524386165
0.020923076923076923,0.004923076923076924,277.1328884626012,277.12251803862864,0.010370423972574372
0.020923076923076923,0.0052307692307692315,274.32588135637303,274.31517583664294,0.010705519730095148
0.020923076923076923,0.00553846153846154,271.358648832437,271.3476412967899,0.011007535647081568
0.020923076923076923,0.005846153846153847,268.23292443180856,268.22164737567385,0.01127705613470198
0.020923076923076923,0.006153846153846156,264.9505343183945,264.9390195657155,0.011514752678976947
0.020923076923076923,0.006461538461538463,261.51339601970767,261.5016748291158,0.011721190591856612
0.020923076923076923,0.0067692307692307704,257.923517496286,257.911620478404,0.011897017882006367
0.020923076923076923,0.007076923076923079,254.1829959266129,254.1709530042236,0.012042922389298383
0.020923076923076923,0.007384615384615386,250.29401636692802,250.28185685104083,0.012159515887191219
0.020923076923076923,0.007692307692307694,246.2588505620889,246.24660314149077,0.01224742059812911
0.020923076923076923,0.008000000000000002,242.0798555809278,242.0675483501054,0.01230723082241525
0.020923076923076923,0.00830769230769231,237.75947265020508,237.74713292719917,0.012339723005908354
0.020923076923076923,0.008615384615384617,233.3002253369604,233.2878798737145,0.01234546324590724
0.020923076923076923,0.008923076923076924,228.70471839465677,228.6923932678603,0.012325126796469021
0.020923076923076923,0.009230769230769233,223.97563602301872,223.96335674440368,0.012279278615039857
0.020923076923076923,0.00953846153846154,219.11574067813342,219.10353192750296,0.012208750630463783
0.020923076923076923,0.009846153846153848,214.12787089449373,214.11575681799653,0.012114076497198312
0.020923076923076923,0.010153846153846156,209.01494012118272,209.00294413609075,0.011995985091971306
0.020923076923076923,0.010461538461538463,203.77993465580482,203.7680796204131,0.011855035391732827
0.020923076923076923,0.010769230769230772,198.42591237850945,198.41422028442483,0.011692094084622795
0.020923076923076923,0.01107692307692308,192.95600031074943,192.94449263121152,0.011507679537913873
0.020923076923076923,0.011384615384615387,187.373393402743,187.36209082769295,0.01130257505005261
0.020923076923076923,0.011692307692307695,181.68135217892822,181.67027483931977,0.011077339608448256
0.020923076923076923,0.012000000000000002,175.88320135480646,175.8723685263455,0.010832828460962673
0.020923076923076923,0.012307692307692311,169.98232728466402,169.9717577027856,0.01056958187842838
0.020923076923076923,0.012615384615384619,163.98217656856912,163.97188815919756,0.010288409371554508
0.020923076923076923,0.012923076923076926,157.88625356010533,157.87626365043621,0.00998990966911606
0.020923076923076923,0.013230769230769233,151.6981187479838,151.68844384955958,0.009674898424236744
0.020923076923076923,0.013538461538461541,145.42138624924286,145.41204226907985,0.009343980163009746
0.020923076923076923,0.013846153846153848,139.0597220974943,139.05072415077427,0.008997946720029404
0.020923076923076923,0.014153846153846157,132.6168417774943,132.60820432528664,0.00863745220766532
0.020923076923076923,0.014461538461538465,126.09650828855133,126.0882450427713,0.008263245780028683
0.020923076923076923,0.014769230769230772,119.5025298021882,119.49465377584457,0.007876026343637932
0.020923076923076923,0.01507692307692308,112.83875751935525,112.83128099612831,0.007476523226941367
0.020923076923076923,0.015384615384615387,106.10908339985421,106.1020179256828,0.007065474171412234
0.020923076923076923,0.015692307692307696,99.31743779341592,99.31079426464241,0.006643528773508933
0.020923076923076923,0.016000000000000004,92.4677873935633,92.46157589638175,0.006211497181553227
0.020923076923076923,0.01630769230769231,85.56413258241797,85.55836257155126,0.0057700108667120276
0.020923076923076923,0.01661538461538462,78.61050547231673,78.60518557233557,0.005319899981159892
0.020923076923076923,0.016923076923076926,71.6109671101741,71.60610535829791,0.0048617518761915335
0.020923076923076923,0.017230769230769234,64.5696055894163,64.56520919518665,0.004396394229644329
0.020923076923076923,0.01753846153846154,57.490533222435744,57.48660876808655,0.003924454349196083
0.020923076923076923,0.01784615384615385,50.377884508358,50.37443778031102,0.0034467280469812067
0.020923076923076923,0.01815384615384616,43.23581338582478,43.232849539435215,0.0029638463895622635
0.020923076923076923,0.018461538461538467,36.068491136218846,36.0660145318823,0.0024766043365431756
0.020923076923076923,0.018769230769230774,28.880103667079535,28.878117987475594,0.001985679603940582
0.020923076923076923,0.01907692307692308,21.674849278408637,21.67335743538321,0.001491843025426931
0.020923076923076923,0.01938461538461539,14.456936044511343,14.455940252878607,0.0009957916327358873
0.020923076923076923,0.019692307692307696,7.2305794796547636,7.230081208351246,0.0004982713035177611
0.021538461538461538,0.00030769230769230776,297.7266366991162,297.72570512530496,0.0009315738112718464
0.021538461538461538,0.0006153846153846155,297.46670801347057,297.4648845934713,0.0018234199992548383
0.021538461538461538,0.0009230769230769233,297.033028215417,297.030352945761,0.002675269655981083
0.021538461538461538,0.001230769230769231,296.42585130937266,296.4223639364198,0.0034873729528612785
0.021538461538461538,0.001538461538461539,295.6455324067485,295.6412726139078,0.004259792840684895
0.021538461538461538,0.0018461538461538465,294.69252819259395,294.6875351135617,0.004993079032260539
0.021538461538461538,0.002153846153846154,293.5673957717416,293.56170839122393,0.005687380517656493
0.021538461538461538,0.002461538461538462,292.27079315894895,292.2644498979967,0.006343260952235141
0.021538461538461538,0.00276923076923077,290.8034782811537,290.7965171963088,0.0069610848448746765
0.021538461538461538,0.003076923076923078,289.16630906995505,289.15876751752035,0.007541552434702226
0.021538461538461538,0.0033846153846153852,287.3602423201052,287.3521572613242,0.008085058781034604
0.021538461538461538,0.003692307692307693,285.3863336872993,285.37774143723504,0.008592250064282325
0.021538461538461538,0.004000000000000001,283.2457366599373,283.23667304849386,0.00906361144342327
0.021538461538461538,0.004307692307692308,280.93970224780406,280.93020241874643,0.00949982905763136
0.021538461538461538,0.004615384615384617,278.46957787676087,278.45967646188933,0.009901414871535508
0.021538461538461538,0.004923076923076924,275.83680690546026,275.82653789551046,0.01026900994980906
0.021538461538461538,0.0052307692307692315,273.04292755069105,273.03232439838234,0.010603152308704011
0.021538461538461538,0.00553846153846154,270.08957219858155,270.0786677125012,0.010904486080335118
0.021538461538461538,0.005846153846153847,266.97846631795966,266.9672926901955,0.011173627764151206
0.021538461538461538,0.006153846153846156,263.71142747599197,263.7000162868607,0.011411189131251831
0.021538461538461538,0.006461538461538463,260.2903642494821,260.2787464999086,0.011617749573474612
0.021538461538461538,0.0067692307692307704,256.71727516635366,256.7054812545505,0.011793911803181345
0.021538461538461538,0.007076923076923079,252.99424761103293,252.9823072370652,0.011940373967718187
0.021538461538461538,0.007384615384615386,249.12345639435037,249.11139867623282,0.012057718117546301
0.021538461538461538,0.007692307692307694,245.10716264192516,245.0950160736467,0.012146568278467385
0.021538461538461538,0.008000000000000002,240.94771237988837,240.93550488364374,0.012207496244627691
0.021538461538461538,0.00830769230769231,236.6475354216238,236.63529414362557,0.012241277998214173
0.021538461538461538,0.008615384615384617,232.20914352001213,232.19689505556875,0.01224846444338823
0.021538461538461538,0.008923076923076924,227.63512924636603,227.62289951955364,0.012229726812392983
0.021538461538461538,0.009230769230769233,222.92816423852074,222.91597862016775,0.012185618352987149
0.021538461538461538,0.00953846153846154,218.09099803231197,218.07888106666775,0.01211696564422482
0.021538461538461538,0.009846153846153848,213.12645588141797,213.1144315878102,0.012024293607765912
0.021538461538461538,0.010153846153846156,208.03743760688357,208.02552928229005,0.011908324593520092
0.021538461538461538,0.010461538461538463,202.82691553566022,202.81514592574823,0.011769609911993939
0.021538461538461538,0.010769230769230772,197.49793324539428,197.48632423533854,0.01160901005573578
0.021538461538461538,0.01107692307692308,192.05360312911498,192.04217609286653,0.011427036248448985
0.021538461538461538,0.011384615384615387,186.49710519259997,186.4858807275381,0.011224465061872024
0.021538461538461538,0.011692307692307695,180.83168470652166,180.8206828593791,0.011001847142551924
0.021538461538461538,0.012000000000000002,175.06065083782366,175.0498908044105,0.010760033413163228
0.021538461538461538,0.012307692307692311,169.18737409581306,169.17687454268454,0.010499553128511252
0.021538461538461538,0.012615384615384619,163.2152849616209,163.20506375031178,0.010221211309129785
0.021538461538461538,0.012923076923076926,157.14787138795853,157.1379457966264,0.00992559133212012
0.021538461538461538,0.013230769230769233,150.98867721887325,150.97906370766103,0.009613511212222647
0.021538461538461538,0.013538461538461541,144.7412996501728,144.73201409711902,0.009285553053786089
0.021538461538461538,0.013846153846153848,138.40938757954862,138.40044506605375,0.008942513494872628
0.021538461538461538,0.014153846153846157,131.99663908899367,131.98805407247977,0.008585016513904975
0.021538461538461538,0.014461538461538465,125.50679960169549,125.49858577216207,0.008213829533417538
0.021538461538461538,0.014769230769230772,118.94365944252338,118.93582983184199,0.00782961068139798
0.021538461538461538,0.01507692307692308,112.31105182901209,112.30361871617896,0.007433112833126643
0.021538461538461538,0.015384615384615387,105.61285047594849,105.605825449699,0.007025026249493749
0.021538461538461538,0.015692307692307696,98.85296739782842,98.84636135505716,0.006606042771267084
0.021538461538461538,0.016000000000000004,92.03535068317846,92.02917376893564,0.006176914242828957
0.021538461538461538,0.01630769230769231,85.16398205460882,85.15824373691011,0.005738317698714468
0.021538461538461538,0.01661538461538462,78.2428747105762,78.23758368863132,0.005291021944884733
0.021538461538461538,0.016923076923076926,71.27607077179299,71.27123509467883,0.004835677114158443
0.021538461538461538,0.017230769230769234,64.26763915524441,64.2632661064566,0.004373048787812195
0.021538461538461538,0.01753846153846154,57.22167300838815,57.21776918050652,0.0039038278816292404
0.021538461538461538,0.01784615384615385,50.14228744377252,50.13885868862954,0.0034287551429770247
0.021538461538461538,0.01815384615384616,43.03361704181341,43.03066851520783,0.0029485266055786497
0.021538461538461538,0.018461538461538467,35.899813528567364,35.89734964313365,0.002463885433712676
0.021538461538461538,0.018769230769230774,28.745043283840978,28.743067729751047,0.0019755540899311086
0.021538461538461538,0.01907692307692308,21.573484943767337,21.57200067423021,0.001484269537126437
0.021538461538461538,0.01938461538461539,14.38932693459225,14.388336177791423,0.0009907568008262757
0.021538461538461538,0.019692307692307696,7.196765051801577,7.196269298205968,0.0004957535956089387
0.022153846153846156,0.00030769230769230776,295.6324020938503,295.6314788385697,0.0009232552806111016
0.022153846153846156,0.0006153846153846155,295.3742988473164,295.37249293909895,0.0018059082174772811
0.022153846153846156,0.0009230769230769233,294.94366646535724,294.94101782155514,0.002648643802103834
0.022153846153846156,0.001230769230769231,294.3407568839962,294.3373054552564,0.003451428739822404
0.022153846153846156,0.001538461538461539,293.56592353964845,293.56170839122393,0.004215148424520976
0.022153846153846156,0.0018461538461538465,292.6196195333207,292.614679556302,0.004939977018693753
0.022153846153846156,0.002153846153846154,291.50239863907825,291.4967719886615,0.005626650416729717
0.022153846153846156,0.002461538461538462,290.2149139543986,290.2086385148412,0.006275439557384743
0.022153846153846156,0.00276923076923077,288.7579183724381,288.7510313685155,0.006887003922599888
0.022153846153846156,0.003076923076923078,287.1322634848704,287.12480175121107,0.0074617336593405525
0.022153846153846156,0.0033846153846153852,285.3388995635495,285.33089933522916,0.008000228320327096
0.022153846153846156,0.003692307692307693,283.37887463892116,283.3703717090637,0.00850292985745682
0.022153846153846156,0.004000000000000001,281.25333418260163,281.24436376563915,0.008970416962483796
0.022153846153846156,0.004307692307692308,278.9635202310521,278.95411703372537,0.009403197326719237
0.022153846153846156,0.004615384615384617,276.5107708117362,276.50096895291944,0.00980185881678608
0.022153846153846156,0.004923076923076924,273.89651902292997,273.886352092619,0.010166930310958833
0.022153846153846156,0.0052307692307692315,271.1222922967109,271.11179331544184,0.01049898126905191
0.022153846153846156,0.00553846153846154,268.18971144862525,268.1789128855812,0.010798563044033926
0.022153846153846156,0.005846153846153847,265.1004898445603,265.0894235226171,0.011066321943189905
0.022153846153846156,0.006153846153846156,261.85643221344145,261.8451294013362,0.011302812105270732
0.022153846153846156,0.006461538461538463,258.45943372083013,258.4479250981448,0.011508622685312275
0.022153846153846156,0.0067692307692307704,254.9114787946851,254.89979448468947,0.011684309995644071
0.022153846153846156,0.007076923076923079,251.21464014965784,251.20280956933166,0.011830580326176232
0.022153846153846156,0.007384615384615386,247.37107727263057,247.3591292871534,0.011947985477178236
0.022153846153846156,0.007692307692307694,243.38303538731148,243.37099823920002,0.012037148111460283
0.022153846153846156,0.008000000000000002,239.252843997733,239.24074538169614,0.012098616036865906
0.022153846153846156,0.00830769230769231,234.9829158285281,234.97078266600107,0.012133162527021568
0.022153846153846156,0.008615384615384617,230.57574495230273,230.56360363009702,0.012141322205707183
0.022153846153846156,0.008923076923076924,226.03390570234964,226.02178194243302,0.012123759916619292
0.022153846153846156,0.009230769230769233,221.36005091464853,221.3479698989752,0.012081015673317097
0.022153846153846156,0.00953846153846154,216.55691078315735,216.54489687434074,0.012013908816612684
0.022153846153846156,0.009846153846153848,211.62729068190694,211.61536772791945,0.011922953987493656
0.022153846153846156,0.010153846153846156,206.57407003141645,206.5622611659155,0.011808865500967158
0.022153846153846156,0.010461538461538463,201.40020024535988,201.38852806026367,0.01167218509621648
0.022153846153846156,0.010769230769230772,196.10870349176352,196.09718972540327,0.011513766360252475
0.022153846153846156,0.01107692307692308,190.70267026529336,190.6913361539158,0.011334111377550471
0.022153846153846156,0.011384615384615387,185.18525820169515,185.17412421205609,0.011133989639063202
0.022153846153846156,0.011692307692307695,179.55968973741813,179.54877579623133,0.010913941186800002
0.022153846153846156,0.012000000000000002,173.82925076484418,173.81857595150439,0.010674813339790035
0.022153846153846156,0.012307692307692311,167.9972880752123,167.9868709532199,0.010417121992418288
0.022153846153846156,0.012615384615384619,162.06720802055497,162.0570663528739,0.010141667681068611
0.022153846153846156,0.012923076923076926,156.04247400581605,156.03262498936732,0.009849016448725934
0.022153846153846156,0.013230769230769233,149.92660495621982,149.91706496680595,0.009539989413866579
0.022153846153846156,0.013538461538461541,143.72317274449938,143.7139576000263,0.009215144473074588
0.022153846153846156,0.013846153846153848,137.43580060985255,137.42692532904883,0.008875280803721353
0.022153846153846156,0.014153846153846157,131.06816059496313,131.05963960367438,0.008520991288747837
0.022153846153846156,0.014461538461538465,124.62397179882575,124.61581873946146,0.008153059364289561
0.022153846153846156,0.014769230769230772,118.10699784881442,118.0992257463342,0.007772102480217313
0.022153846153846156,0.01507692307692308,111.5210450217228,111.51366613109084,0.00737889063195496
0.022153846153846156,0.015384615384615387,104.86995974482876,104.86298567509488,0.006974069733885813
0.022153846153846156,0.015692307692307696,98.15762655777806,98.15106818844674,0.0065583693313158165
0.022153846153846156,0.016000000000000004,91.38796573663218,91.3818332419485,0.006132494683683376
0.022153846153846156,0.01630769230769231,84.56493104417639,84.55923387818466,0.005697165991733755
0.022153846153846156,0.01661538461538462,77.69250742070851,77.68725430305669,0.005253117651818684
0.022153846153846156,0.016923076923076926,70.77470861908655,70.7699075591187,0.0048010599678462995
0.022153846153846156,0.017230769230769234,63.81557490483418,63.8112331820742,0.004341722759981792
0.022153846153846156,0.01753846153846154,56.81917068458167,56.81529484180024,0.0038758427814329366
0.022153846153846156,0.01784615384615385,49.78958209745377,49.78617796927936,0.003404128174409493
0.022153846153846156,0.01815384615384616,42.73091468826919,42.72798737082222,0.0029273174469679475
0.022153846153846156,0.018461538461538467,35.64729095185825,35.64484483097732,0.0024461208809327672
0.022153846153846156,0.018769230769230774,28.54284798945073,28.540886705523654,0.001961283927077062
0.022153846153846156,0.01907692307692308,21.42173502661508,21.42026150595641,0.0014735206586706795
0.022153846153846156,0.01938461538461539,14.28811104322751,14.287127476872458,0.0009835663550514795
0.022153846153846156,0.019692307692307696,7.146142314830899,7.1456501676730975,0.000492147157801881
0.02276923076923077,0.00030769230769230776,292.84771001472114,292.84679153481983,0.0009184799013155498
0.02276923076923077,0.0006153846153846155,292.59203816390016,292.5902451412804,0.0017930226197790944
0.02276923076923077,0.0009230769230769233,292.1654609018755,292.1628342840326,0.002626617842906853
0.02276923076923077,0.001230769230769231,291.5682284881841,291.56480855898116,0.003419929202948424
0.02276923076923077,0.001538461538461539,290.8006918232317,290.79651719630874,0.004174626922974767
0.02276923076923077,0.0018461538461538465,289.8632995751572,289.8584088565359,0.004890718621311407
0.02276923076923077,0.002153846153846154,288.75660073526683,288.7510313685155,0.0055693667513310174
0.02276923076923077,0.002461538461538462,287.481242045583,287.4750314095163,0.00621063606666894
0.02276923076923077,0.00276923076923077,286.03796950037344,286.03115412758183,0.006815372791606933
0.02276923076923077,0.003076923076923078,284.42762641733447,284.4202427063845,0.007383710949966371
0.02276923076923077,0.0033846153846153852,282.651154289154,282.64323787283047,0.007916416323553221
0.02276923076923077,0.003692307692307693,280.70959112957655,280.7011773477014,0.00841378187516284
0.02276923076923077,0.004000000000000001,278.6040717058356,278.5951952396547,0.008876466180936404
0.02276923076923077,0.004307692307692308,276.33582621949154,276.3265213829363,0.009304836555259044
0.02276923076923077,0.004615384615384617,273.9061801802115,273.89648061919166,0.009699561019829162
0.02276923076923077,0.004923076923076924,271.3165531108573,271.3064920237961,0.010061087061160379
0.02276923076923077,0.0052307692307692315,268.5684580959076,268.55806807715413,0.010390018753469121
0.02276923076923077,0.00553846153846154,265.66350061401783,265.6528137814539,0.01068683256391978
0.02276923076923077,0.005846153846153847,262.603377933681,262.59242572339116,0.010952210289815412
0.02276923076923077,0.006153846153846156,259.3898777448925,259.37869108341,0.011186661482497584
0.02276923076923077,0.006461538461538463,256.02487737926083,256.01348659204007,0.011390787220761922
0.02276923076923077,0.0067692307692307704,252.51034253826404,252.49877743393904,0.01156510432500113
0.02276923076923077,0.007076923076923079,248.84832642943164,248.83661610027963,0.011710329152009535
0.02276923076923077,0.007384615384615386,245.04096817805734,245.02914119015276,0.01182698790458403
0.02276923076923077,0.007692307692307694,241.09049186361057,241.07857616168607,0.01191570192449376
0.02276923076923077,0.008000000000000002,236.99920503080816,236.98722803360664,0.011976997201514905
0.02276923076923077,0.00830769230769231,232.76949768211662,232.7574860380074,0.012011644109207964
0.02276923076923077,0.008615384615384617,228.40384038735067,228.39182022510263,0.012020162248035149
0.02276923076923077,0.008923076923076924,223.90478323016106,223.8927800207882,0.012003209372863921
0.02276923076923077,0.009230769230769233,219.27495405029885,219.26299273784866,0.011961312450182504
0.02276923076923077,0.00953846153846154,214.51705732450117,214.50516204168076,0.011895282820404418
0.02276923076923077,0.009846153846153848,209.63387199597548,209.62206637142864,0.01180562454683809
0.02276923076923077,0.010153846153846156,204.6282503607985,204.61655731745392,0.011693043344564558
0.02276923076923077,0.010461538461538463,199.50311602659187,199.49155795608704,0.01155807050483304
0.02276923076923077,0.010769230769230772,194.26146269521684,194.25006114263303,0.011401552583805596
0.02276923076923077,0.01107692307692308,188.9063517452015,188.8951277636284,0.011223981573095898
0.02276923076923077,0.011384615384615387,183.44091106963688,183.42988494936955,0.011026120267331407
0.02276923076923077,0.011692307692307695,177.86833274493586,177.8575242477566,0.010808497179255028
0.02276923076923077,0.012000000000000002,172.1918717179251,172.1812997605195,0.010571957405602461
0.02276923076923077,0.012307692307692311,166.41484324634575,166.40452624291407,0.010317003431680405
0.02276923076923077,0.012615384615384619,160.54062160089535,160.53057716799847,0.010044432896876287
0.02276923076923077,0.012923076923076926,154.57263755284336,154.56288275661979,0.009754796223575113
0.02276923076923077,0.013230769230769233,148.5143768946587,148.50492797426168,0.009448920397034044
0.02276923076923077,0.013538461538461541,142.36937783943284,142.36025049592266,0.009127343510186847
0.02276923076923077,0.013846153846153848,136.14122950893307,136.13243864021365,0.008790868719415812
0.02276923076923077,0.014153846153846157,129.83356933931188,129.82512927388072,0.008440065431159383
0.02276923076923077,0.014461538461538465,123.45008142224587,123.44200568797764,0.008075734268231827
0.02276923076923077,0.014769230769230772,116.99449390891762,116.98679544692725,0.007698461990372607
0.02276923076923077,0.01507692307692308,110.47057724422599,110.46326821172916,0.007309032496834789
0.02276923076923077,0.015384615384615387,103.88214159775495,103.87523353858374,0.006908059171209402
0.02276923076923077,0.015692307692307696,97.23303495595329,97.2265386542184,0.006496301734884469
0.02276923076923077,0.016000000000000004,90.52714063669602,90.52106620921583,0.006074427480186273
0.02276923076923077,0.01630769230769231,83.76837518807176,83.76273201065526,0.005643177416501999
0.02276923076923077,0.01661538461538462,76.96068599214384,76.95548273539139,0.0052032567524520346
0.02276923076923077,0.016923076923076926,70.10804903485395,70.10329362530605,0.004755409547897216
0.02276923076923077,0.017230769230769234,63.21446650975767,63.21016616587943,0.004300343878242074
0.02276923076923077,0.01753846153846154,56.28396456738448,56.28012574943454,0.003838817949940676
0.02276923076923077,0.01784615384615385,49.320590850742086,49.3172193244221,0.0033715263199880496
0.02276923076923077,0.01815384615384616,42.32841225548613,42.325513032115936,0.0028992233701927717
0.02276923076923077,0.018461538461538467,35.311512431106614,35.30908983210198,0.00242259900463182
0.02276923076923077,0.018769230769230774,28.27398951319257,28.272047117943625,0.0019423952489461271
0.02276923076923077,0.01907692307692308,21.219953633248746,21.218494324420202,0.0014593088285437261
0.02276923076923077,0.01938461538461539,14.153524597724813,14.152550527732249,0.0009740699925639973
0.02276923076923077,0.019692307692307696,7.078829431118731,7.0783420400774455,0.0004873910412852567
0.023384615384615386,0.00030769230769230776,289.37903440122227,289.37814698028274,0.0008874209395344224
0.023384615384615386,0.0006153846153846155,289.12637854226756,289.1246392686639,0.0017392736036754286
0.023384615384615386,0.0009230769230769233,288.70484635022507,288.7022909095735,0.002555440651576646
0.023384615384615386,0.001230769230769231,288.11468321081657,288.1113485425599,0.003334668256684381
0.023384615384615386,0.001538461538461539,287.35623480411965,287.3521572613242,0.004077542795471345
0.023384615384615386,0.0018461538461538465,286.42994372301473,286.4251604121955,0.004783310819220787
0.023384615384615386,0.002153846153846154,285.3363521348695,285.33089933522916,0.005452799640352168
0.023384615384615386,0.002461538461538462,284.0760988434095,284.07001304807926,0.006085795330250221
0.023384615384615386,0.00276923076923077,282.649920892275,282.6432378728305,0.0066830194444946756
0.023384615384615386,0.003076923076923078,281.0586514417079,281.0514070060067,0.007244435701238672
0.023384615384615386,0.0033846153846153852,279.3032208530006,279.2954500320074,0.007770820993187044
0.023384615384615386,0.003692307692307693,277.3846547779437,277.37639238025713,0.008262397686564782
0.023384615384615386,0.004000000000000001,275.30407456455583,275.29535472638304,0.008719838172794425
0.023384615384615386,0.004307692307692308,273.06269577595333,273.05355233777215,0.009143438181183683
0.023384615384615386,0.004615384615384617,270.66182826912166,270.65229436388944,0.009533905232217421
0.023384615384615386,0.004923076923076924,268.10287471736837,268.0929830717713,0.009891645597065235
0.023384615384615386,0.0052307692307692315,265.38733030666117,265.37711302714104,0.01021727952013407
0.023384615384615386,0.00553846153846154,262.5167814585209,262.5062702216249,0.010511236895979437
0.023384615384615386,0.005846153846153847,259.49290536678757,259.4821311465772,0.010774220210350904
0.023384615384615386,0.006153846153846156,256.3174685234173,256.3064618140569,0.0110067093604016
0.023384615384615386,0.006461538461538463,252.99232603511302,252.98111672552596,0.011209309587059124
0.023384615384615386,0.0067692307692307704,249.51942029674015,249.50803778887328,0.011382507866869673
0.023384615384615386,0.007076923076923079,245.90078020731158,245.88925318439453,0.011527022917050544
0.023384615384615386,0.007384615384615386,242.13851953991733,242.12687618039234,0.011643359524981634
0.023384615384615386,0.007692307692307694,238.23483603199776,238.2231038990871,0.011732132910651671
0.023384615384615386,0.008000000000000002,234.19200988278467,234.1802160335593,0.011793849225369968
0.023384615384615386,0.00830769230769231,230.01240278750868,230.00057351647317,0.011829271035509237
0.023384615384615386,0.008615384615384617,225.69845604420803,225.68661714135837,0.011838902849660826
0.023384615384615386,0.008923076923076924,221.2526895291648,221.24086613725524,0.011823391909558723
0.023384615384615386,0.009230769230769233,216.67769994869494,216.66591669755607,0.01178325113886558
0.023384615384615386,0.00953846153846154,211.97615974420134,211.96444046390144,0.011719280299899992
0.023384615384615386,0.009846153846153848,207.1508149372749,207.13918296601628,0.011631971258623253
0.023384615384615386,0.010153846153846156,202.20448403689912,202.1929620183983,0.011522018500812692
0.023384615384615386,0.010461538461538463,197.14005601580587,197.12866607479347,0.01138994101239632
0.023384615384615386,0.010769230769230772,191.96048911680123,191.94925254142024,0.011236575380991098
0.023384615384615386,0.01107692307692308,186.6688084518571,186.65774604992782,0.011062401929279986
0.023384615384615386,0.011384615384615387,181.26810486587948,181.25723669109647,0.010868174783013274
0.023384615384615386,0.011692307692307695,175.76153262019312,175.7508782103112,0.010654409881908578
0.023384615384615386,0.012000000000000002,170.15230811314942,170.14188616586372,0.010421947285692568
0.023384615384615386,0.012307692307692311,164.4437073279248,164.4335360511565,0.010171276768318194
0.023384615384615386,0.012615384615384619,158.63906457311165,158.62916138190727,0.009903191204386985
0.023384615384615386,0.012923076923076926,152.74176997806597,152.7321517494694,0.009618228596565359
0.023384615384615386,0.013230769230769233,146.75526805794865,146.74595084140623,0.009317216542427786
0.023384615384615386,0.013538461538461541,140.68305511152525,140.6740544304742,0.009000681051048787
0.023384615384615386,0.013846153846153848,134.52867775549942,134.52000833319053,0.008669422308884123
0.023384615384615386,0.014153846153846157,128.29573033766135,128.28740633917556,0.008323998485792572
0.023384615384615386,0.014461538461538465,121.98785332302063,121.97988811248143,0.007965210539197187
0.023384615384615386,0.014769230769230772,115.60873069883165,115.60113706613029,0.007593632701357933
0.023384615384615386,0.01507692307692308,109.16208825309238,109.15487821110516,0.007210041987221416
0.023384615384615386,0.015384615384615387,102.65169102185503,102.64487598104829,0.006815040806742445
0.023384615384615386,0.015692307692307696,96.08134141965628,96.07493203393777,0.0064093857185127945
0.023384615384615386,0.016000000000000004,89.45487675680101,89.44888303202657,0.005993724774441489
0.023384615384615386,0.01630769230769231,82.77616718323982,82.77059840133975,0.0055687819000667105
0.023384615384615386,0.01661538461538462,76.04911330499498,76.04397807203861,0.005135232956362756
0.023384615384615386,0.016923076923076926,69.27764400027772,69.2729502009711,0.004693799306622282
0.023384615384615386,0.017230769230769234,62.46571402503908,62.46146887773929,0.00424514729978398
0.023384615384615386,0.01753846153846154,55.617301820295395,55.6135118156219,0.003790004673497549
0.023384615384615386,0.01784615384615385,48.73640706602681,48.73307802870219,0.0033290373246188665
0.023384615384615386,0.01815384615384616,41.827048485137674,41.82418549655582,0.0028629885818531875
0.023384615384615386,0.018461538461538467,34.89326136157241,34.890868817864856,0.0023925437075504874
0.023384615384615386,0.018769230769230774,27.939095302682244,27.937176854324534,0.0019184483577099343
0.023384615384615386,0.01907692307692308,20.968611777781692,20.967170366223023,0.0014414115586696141
0.023384615384615386,0.01938461538461539,13.985881815642205,13.984919641071187,0.0009621745710184371
0.023384615384615386,0.019692307692307696,6.994983576690769,6.994502116669762,0.0004814600210076847
0.024,0.00030769230769230776,285.2345310956273,285.2336463550364,0.0008847405908909423
0.024,0.0006153846153846155,284.9855003613273,284.98376940434497,0.00173095698232828
0.024,0.0009230769230769233,284.57000980735944,284.5674699575743,0.002539849785136994
0.024,0.001230769230769231,283.9883021771814,283.9849911218782,0.003311055303242938
0.024,0.001538461538461539,283.24071841598357,283.23667304849386,0.004045367489709406
0.024,0.0018461538461538465,282.3276951671197,282.32295273410324,0.004742433016474479
0.024,0.002153846153846154,281.24976688458867,281.2443637656392,0.00540311894945944
0.024,0.002461538461538462,280.0075634776803,280.00153600868583,0.006027468994489027
0.024,0.00276923076923077,278.60181144590086,278.5951952396547,0.006616206246178535
0.024,0.003076923076923078,277.0333321420853,277.02616272195183,0.0071694201334935315
0.024,0.0033846153846153852,275.30304264750197,275.29535472638304,0.007687921118929353
0.024,0.003692307692307693,273.41195400624275,273.40378199607744,0.00817201016531044
0.024,0.004000000000000001,271.3611715338137,271.3525491562421,0.008622377571612105
0.024,0.004307692307692308,269.1518934044504,269.1428540690921,0.009039335358295375
0.024,0.004615384615384617,266.7854107532525,266.77598713433235,0.009423618920152421
0.024,0.004923076923076924,264.26310617288686,264.2533305356009,0.009775637285940775
0.024,0.0052307692307692315,261.58645345314113,261.57635743331247,0.010096019828665703
0.024,0.00553846153846154,258.75701628184294,258.74663110437416,0.010385177468776874
0.024,0.005846153846153847,255.77644785369813,255.76580402927584,0.010643824422288617
0.024,0.006153846153846156,252.64648935251057,252.6356169270882,0.010872425422377319
0.024,0.006461538461538463,249.36896932452373,249.3578977389316,0.01107158559213417
0.024,0.0067692307692307704,245.9458023325738,245.93456056051008,0.011241772063726785
0.024,0.007076923076923079,242.37898822579768,242.36760452433342,0.01138370146426837
0.024,0.007384615384615386,238.67061049502712,238.6591126322798,0.011497862747319232
0.024,0.007692307692307694,234.8228354024675,234.81125053918166,0.01158486328583308
0.024,0.008000000000000002,230.83791048160893,230.82626528814404,0.01164519346488646
0.024,0.00830769230769231,226.71816360468188,226.70648399833485,0.011679606347030358
0.024,0.008615384615384617,222.46600109990106,222.45431250601277,0.011688593888294463
0.024,0.008923076923076924,218.0839067521726,218.07223395958644,0.011672792586153946
0.024,0.009230769230769233,213.5744400727323,213.56280736952593,0.011632703206373662
0.024,0.00953846153846154,208.94023522739414,208.92866611397275,0.011569113421387556
0.024,0.009846153846153848,204.18399890513777,204.17251640092087,0.011482504216900224
0.024,0.010153846153846156,199.30850924691364,199.2971356878677,0.011373559045949833
0.024,0.010461538461538463,194.3166138455523,194.3053710598571,0.011242785695202429
0.024,0.010769230769230772,189.21122857733042,189.20013756686174,0.011091010468675222
0.024,0.01107692307692308,183.99533522478546,183.98441652147622,0.010918703309243938
0.024,0.011384615384615387,178.67198036782065,178.66125375791438,0.010726609906271278
0.024,0.011692307692307695,173.24427308834055,173.23375785332772,0.010515235012832136
0.024,0.012000000000000002,167.715383725091,167.70509831248424,0.010285412606748423
0.024,0.012307692307692311,162.08854133902253,162.07850371686652,0.010037622156005455
0.024,0.012615384615384619,156.36703249023418,156.3572598392714,0.009772650962787566
0.024,0.012923076923076926,150.5541987531912,150.54470772501088,0.009491028180320882
0.024,0.013230769230769233,144.65343531876846,144.6442417408361,0.00919357793236486
0.024,0.013538461538461541,138.66818841428386,138.65930759272229,0.008880821561575658
0.024,0.013846153846153848,132.6019538655155,132.59340031367398,0.008553551841515628
0.024,0.014153846153846157,126.45827455043903,126.45006222272376,0.008212327715270362
0.024,0.014461538461538465,120.24073879597563,120.23288085631808,0.00785793965755488
0.024,0.014769230769230772,113.95297784136041,113.94548687329659,0.007490968063819992
0.024,0.01507692307692308,107.59866410546054,107.59155193468996,0.007112170770582793
0.024,0.015384615384615387,101.18150872173126,101.17478655957316,0.006722162158098399
0.024,0.015692307692307696,94.70525963465754,94.69893795822657,0.006321676430971479
0.024,0.016000000000000004,88.17369921514609,88.16778784387098,0.005911371275104216
0.024,0.01630769230769231,81.59064216662044,81.58515022425352,0.0054919423669161915
0.024,0.01661538461538462,74.9599332445158,74.9548691743745,0.005064070141301613
0.024,0.016923076923076926,68.28544504859263,68.28081659165558,0.004628456937055603
0.024,0.017230769230769234,61.57107571181355,61.56688993486136,0.004185776952191134
0.024,0.01753846153846154,54.82074669669846,54.817009948092505,0.0037367486059523003
0.024,0.01784615384615385,48.03840041662292,48.03511837118217,0.0032820454407485045
0.024,0.01815384615384616,41.22799803570588,41.22517563783036,0.0028223978755193
0.024,0.018461538461538467,34.39351705314152,34.3911585628231,0.0023584903184215023
0.024,0.018769230769230774,27.538949065597297,27.537058019683386,0.0018910459139114266
0.024,0.01907692307692308,20.668297373569178,20.666876610114414,0.0014207634547638293
0.024,0.01938461538461539,13.785574685001981,13.7846263265923,0.00094835840968166
0.024,0.019692307692307696,6.894800744750733,6.8943262094759135,0.0004745352748196652
0.024615384615384615,0.00030769230769230776,280.4238532406025,280.42296933232797,0.0008839082745453197
0.024615384615384615,0.0006153846153846155,280.17903445331024,280.17730674176045,0.001727711549790456
0.024615384615384615,0.0009230769230769233,279.77056020212535,279.76802849395676,0.00253170816858983
0.024615384615384615,0.001230769230769231,279.1986701250129,279.1953735958883,0.0032965291245545814
0.024615384615384615,0.001538461538461539,278.4636993606323,278.45967646188933,0.004022898742960024
0.024615384615384615,0.0018461538461538465,277.56607801742115,277.56136671836856,0.004711299052587492
0.024615384615384615,0.002153846153846154,276.5063316198744,276.50096895291944,0.005362666954965789
0.024615384615384615,0.002461538461538462,275.28507995859906,275.2791024079758,0.005977550623242678
0.024615384615384615,0.00276923076923077,273.9030373595968,273.8964806191917,0.006556740405073924
0.024615384615384615,0.003076923076923078,272.3610115900875,272.3539109987566,0.007100591330924999
0.024615384615384615,0.0033846153846153852,270.65990433181247,270.65229436388944,0.007609967923031036
0.024615384615384615,0.003692307692307693,268.8007097194179,268.79262441078686,0.008085308631052612
0.024615384615384615,0.004000000000000001,266.78451446684926,266.77598713433235,0.008527332516905517
0.024615384615384615,0.004307692307692308,264.6124966006304,264.6035601939062,0.008936406724160406
0.024615384615384615,0.004615384615384617,262.2859255124533,262.2766122256652,0.009313286788085406
0.024615384615384615,0.004923076923076924,259.80616050493546,259.796502101695,0.009658403240450752
0.024615384615384615,0.0052307692307692315,257.1746505256646,257.16467813646716,0.009972389197457687
0.024615384615384615,0.00553846153846154,254.39293289385571,254.38267724106421,0.01025565279149987
0.024615384615384615,0.005846153846153847,251.46263293604738,251.4521240256669,0.010508910380480074
0.024615384615384615,0.006153846153846156,248.38546247190885,248.3747298508274,0.010732621081444904
0.024615384615384615,0.006461538461538463,245.16321921236914,245.15229182808326,0.010927384285878361
0.024615384615384615,0.0067692307692307704,241.79778542592095,241.78669177049468,0.011093655426265059
0.024615384615384615,0.007076923076923079,238.29112723664602,238.27989509371872,0.011232142927298128
0.024615384615384615,0.007384615384615386,234.64529299292468,234.6339496682618,0.011343324662874466
0.024615384615384615,0.007692307692307694,230.86241242061956,230.8509846235812,0.011427797038351173
0.024615384615384615,0.008000000000000002,226.94469514304203,226.93320910473324,0.011486038308788693
0.024615384615384615,0.00830769230769231,222.89442977147945,222.88291098229485,0.011518789184606248
0.024615384615384615,0.008615384615384617,218.71398204743642,218.70245551631166,0.011526531124758321
0.024615384615384615,0.008923076923076924,214.40579386358306,214.39428397505242,0.0115098885306395
0.024615384615384615,0.009230769230769233,209.97238156070836,209.9609122093775,0.011469351330845257
0.024615384615384615,0.00953846153846154,205.41633487696043,205.4049291835527,0.011405693407738227
0.024615384615384615,0.009846153846153848,200.7403148489953,200.72899546336674,0.011319385628553391
0.024615384615384615,0.010153846153846156,195.94705276165328,195.93584166243616,0.011211099217121046
0.024615384615384615,0.010461538461538463,191.03934817909985,191.02826684760365,0.011081331496200164
0.024615384615384615,0.010769230769230772,186.02006780063687,186.00913690436184,0.010930896275027635
0.024615384615384615,0.01107692307692308,180.89214311735205,180.88138286325696,0.010760254095089294
0.024615384615384615,0.011384615384615387,175.65856932810968,175.6479991882495,0.010570139860163863
0.024615384615384615,0.011692307692307695,170.3224030761896,170.31204202803156,0.01036104815804606
0.024615384615384615,0.012000000000000002,164.8867612341455,164.87662743132208,0.010133802823418137
0.024615384615384615,0.012307692307692311,159.3548184017531,159.3449295271821,0.00988887457100418
0.024615384615384615,0.012615384615384619,153.7298057132135,153.720178671413,0.009627041800484903
0.024615384615384615,0.012923076923076926,148.0150083864412,148.0056595601194,0.009348826321797787
0.024615384615384615,0.013230769230769233,142.2137643552366,142.20470931153915,0.009055043697458132
0.024615384615384615,0.013538461538461541,136.32946173083278,136.32071551726042,0.00874621357235128
0.024615384615384615,0.013846153846153848,130.36553738270683,130.35711426396367,0.008423118743166924
0.024615384615384615,0.014153846153846157,124.32547444991336,124.31738812684331,0.008086323070045864
0.024615384615384615,0.014461538461538465,118.212800737826,118.20506413588257,0.007736601943435062
0.024615384615384615,0.014769230769230772,112.03108626613907,112.02371171616664,0.0073745499724253705
0.024615384615384615,0.01507692307692308,105.78394150749907,105.77694060343943,0.007000904059637492
0.024615384615384615,0.015384615384615387,99.47501503653312,99.46839873611934,0.006616300413782028
0.024615384615384615,0.015692307692307696,93.1079915681029,93.10177012500579,0.00622144309711814
0.024615384615384615,0.016000000000000004,86.68658972370085,86.68077270192101,0.005817021779833453
0.024615384615384615,0.01630769230769231,80.21455984867511,80.20915614854232,0.005403700132788458
0.024615384615384615,0.01661538461538462,73.69568190416288,73.69069970669375,0.004982197469132643
0.024615384615384615,0.016923076923076926,67.13376314224676,67.12920997137493,0.004553170871830048
0.024615384615384615,0.017230769230769234,60.53263599262553,60.528518667817366,0.004117324808163403
0.024615384615384615,0.01753846153846154,53.896155734637134,53.89248041386418,0.00367532077295607
0.024615384615384615,0.01784615384615385,47.22819831834089,47.22497046898239,0.003227849358495405
0.024615384615384615,0.01815384615384616,40.53265805636813,40.52988247121994,0.0027755851481856553
0.024615384615384615,0.018461538461538467,33.81344538669837,33.81112616343161,0.002319223266759707
0.024615384615384615,0.018769230769230774,27.074484555959998,27.072625110098134,0.0018594458618643728
0.024615384615384615,0.01907692307692308,20.31971135554131,20.31831440607599,0.0013969494653167658
0.024615384615384615,0.01938461538461539,13.553070796524013,13.552138378612215,0.0009324179117982112
0.024615384615384615,0.019692307692307696,6.778514824387177,6.778048283968838,0.0004665404183388233
0.02523076923076923,0.00030769230769230776,274.9582312932261,274.95735147124833,0.0008798219777759186
0.02523076923076923,0.0006153846153846155,274.71819203567816,274.71647699716783,0.0017150385103263943
0.02523076923076923,0.0009230769230769233,274.31768303316977,274.315175836643,0.0025071965267784435
0.02523076923076923,0.001230769230769231,273.7569416155647,273.75368233825077,0.0032592773139299425
0.02523076923076923,0.001538461538461539,273.0362965881864,273.03232439838234,0.003972189804073878
0.02523076923076923,0.0018461538461538465,272.15617069328624,272.1515232697609,0.00464742352534131
0.02523076923076923,0.002153846153846154,271.1170791461253,271.11179331544184,0.0052858306834764335
0.02523076923076923,0.002461538461538462,269.9196300638057,269.9137417084393,0.005888355366380438
0.02523076923076923,0.00276923076923077,268.56452377783006,268.5580680771542,0.006455700675871867
0.02523076923076923,0.003076923076923078,267.05255247937896,267.0455640968108,0.0069883825681813505
0.02523076923076923,0.0033846153846153852,265.38460023119666,265.37711302714104,0.0074872040556215325
0.02523076923076923,0.003692307692307693,263.56164186163113,263.55368919658537,0.007952665045763752
0.02523076923076923,0.004000000000000001,261.58474288055857,261.57635743331247,0.008385447246098465
0.02523076923076923,0.004307692307692308,259.4550583794252,259.4462724433897,0.008785936035508257
0.02523076923076923,0.004615384615384617,257.17383299931936,257.16467813646716,0.00915486285219913
0.02523076923076923,0.004923076923076924,254.74239955894694,254.73290689936954,0.009492659577404083
0.02523076923076923,0.0052307692307692315,252.16217875727244,252.1523788180196,0.009799939252843615
0.02523076923076923,0.00553846153846154,249.43467794932332,249.42460084814823,0.01007710117508509
0.02523076923076923,0.005846153846153847,246.56149078233472,246.5511659352746,0.010324847060104503
0.02523076923076923,0.006153846153846156,243.54429571272684,243.53375208447073,0.010543628256101556
0.02523076923076923,0.006461538461538463,240.38485541032594,240.37412138045397,0.010734029871969142
0.02523076923076923,0.0067692307692307704,237.08501545567944,237.07411895857908,0.010896497100361557
0.02523076923076923,0.007076923076923079,233.64670365138542,233.63567192733106,0.011031724054362257
0.02523076923076923,0.007384615384615386,230.07192842202315,230.06078824294815,0.011140179074999423
0.02523076923076923,0.007692307692307694,226.3627779818837,226.35155553683197,0.01122244505174308
0.02523076923076923,0.008000000000000002,222.5214188864401,222.5101398964294,0.011278990010708867
0.02523076923076923,0.00830769230769231,218.55009514049743,218.53878460029873,0.011310540198707031
0.02523076923076923,0.008615384615384617,214.45112637599442,214.43980880809804,0.011317567896384162
0.02523076923076923,0.008923076923076924,210.22690689093747,210.21560620626119,0.011300684676285755
0.02523076923076923,0.009230769230769233,205.87990398092745,205.86864361015242,0.011260370775033834
0.02523076923076923,0.00953846153846154,201.41265690855926,201.40145952351583,0.01119738504343104
0.02523076923076923,0.009846153846153848,196.82777484516214,196.81666265606032,0.011112189101822878
0.02523076923076923,0.010153846153846156,192.1279358409214,192.11693040004684,0.011005440874555461
0.02523076923076923,0.010461538461538463,187.31588489457383,187.30500726676664,0.010877627807190038
0.02523076923076923,0.010769230769230772,182.3944328324254,182.38370328382393,0.010729548601460692
0.02523076923076923,0.01107692307692308,177.36645400897615,177.35589235415895,0.010561654817195176
0.02523076923076923,0.011384615384615387,172.2348852452362,172.22451057776954,0.010374667466663823
0.02523076923076923,0.011692307692307695,167.0027236081075,166.99255453711137,0.010169070996113305
0.02523076923076923,0.012000000000000002,161.67302522124353,161.6630795471783,0.00994567406522151
0.02523076923076923,0.012307692307692311,156.24890280915216,156.2391978712844,0.009704937867752506
0.02523076923076923,0.012615384615384619,150.7335245298603,150.72407690358978,0.00944762627051432
0.02523076923076923,0.012923076923076926,145.130111570542,145.12093731943165,0.009174251110351861
0.02523076923076923,0.013230769230769233,139.44193680589333,139.43305119454058,0.008885611352752676
0.02523076923076923,0.013538461538461541,133.67232231431964,133.6637400942404,0.008582220079233593
0.02523076923076923,0.013846153846153848,127.82463797560818,127.81637313374775,0.008264841860437855
0.02523076923076923,0.014153846153846157,121.9022990483272,121.89436501070332,0.007934037623869017
0.02523076923076923,0.014461538461538465,115.90876456814554,115.90117401108506,0.0075905570604817285
0.02523076923076923,0.014769230769230772,109.84753498981414,109.84029998966606,0.007235000148071435
0.02523076923076923,0.01507692307692308,103.722150400501,103.71528232619833,0.006868074302659011
0.02523076923076923,0.015384615384615387,97.53618828682055,97.52969785851454,0.006490428306008766
0.02523076923076923,0.015692307692307696,91.29326151788233,91.28715879375525,0.006102724127075021
0.02523076923076923,0.016000000000000004,84.99701627606099,84.99131059894202,0.005705677118967856
0.02523076923076923,0.01630769230769231,78.65112977558427,78.64582987212714,0.0052999034571286074
0.02523076923076923,0.01661538461538462,72.25930835718228,72.2544221953639,0.004886161818376422
0.02523076923076923,0.016923076923076926,65.82528502544437,65.82081997075092,0.004465054693454817
0.02523076923076923,0.017230769230769234,59.352817587266074,59.348780240814776,0.004037346451298163
0.02523076923076923,0.01753846153846154,52.8456861445379,52.8420824945025,0.003603650035401529
0.02523076923076923,0.01784615384615385,46.30769116540102,46.30452646006692,0.003164705334100404
0.02523076923076923,0.01815384615384616,39.74265101262824,39.73992988613182,0.0027211264964179804
0.02523076923076923,0.018461538461538467,33.15439993901879,33.15212631223516,0.0022736267836265256
0.02523076923076923,0.018769230769230774,26.546785659840687,26.544962830148773,0.0018228296919140519
0.02523076923076923,0.01907692307692308,19.92366725797369,19.922297837286028,0.0013694206876628812
0.02523076923076923,0.01938461538461539,13.288912819387031,13.287998783505849,0.000914035881182329
0.02523076923076923,0.019692307692307696,6.6463972573143835,6.645939912631335,0.00045734468304825526
0.02584615384615385,0.00030769230769230776,268.85039917205006,268.84955797556324,0.0008411964868173527
0.02584615384615385,0.0006153846153846155,268.6156806069069,268.614034191465,0.0016464154418827093
0.02584615384615385,0.0009230769230769233,268.22406156555587,268.2216473756738,0.0024141898820744245
0.02584615384615385,0.001230769230769231,267.6757720049611,267.67262667104035,0.003145333920770099
0.02584615384615385,0.001538461538461539,266.9711325373462,266.9672926901954,0.003839847150800324
0.02584615384615385,0.0018461538461538465,266.1105557563504,266.10605732832147,0.004498428028909984
0.02584615384615385,0.002153846153846154,265.09454518057095,265.089423522617,0.005121657953964132
0.02584615384615385,0.002461538461538462,263.92369512803975,263.9179849585958,0.005710169443943869
0.02584615384615385,0.00276923076923077,262.5986903086647,262.5924257233911,0.006264585273584089
0.02584615384615385,0.003076923076923078,261.1203051872178,261.113519906268,0.006785280949827666
0.02584615384615385,0.0033846153846153852,259.48940418090183,259.48213114657716,0.00727303432466897
0.02584615384615385,0.003692307692307693,257.7069404068182,257.69921212941364,0.007728277404567052
0.02584615384615385,0.004000000000000001,255.77395570724883,255.76580402927576,0.008151677973074811
0.02584615384615385,0.004307692307692308,253.69157948159895,253.6830359020486,0.008543579550348568
0.02584615384615385,0.004615384615384617,251.46102872666685,251.45212402566682,0.008904701000034265
0.02584615384615385,0.004923076923076924,249.08360663609977,249.0743711898429,0.009235446256866453
0.02584615384615385,0.0052307692307692315,246.56070234988388,246.55116593527453,0.00953641460935728
0.02584615384615385,0.00553846153846154,243.89378972488248,243.88398174277594,0.009807982106536883
0.02584615384615385,0.005846153846153847,241.0844270093254,241.07437617280664,0.010050836518757933
0.02584615384615385,0.006153846153846156,238.13425536770598,238.12398995589987,0.01026541180610252
0.02584615384615385,0.006461538461538463,235.04499831453035,235.0345460345223,0.010452280008053094
0.02584615384615385,0.0067692307692307704,231.81846042711817,231.8078485569241,0.010611870194054518
0.02584615384615385,0.007076923076923079,228.45652668568758,228.44578182356716,0.010744862120418475
0.02584615384615385,0.007384615384615386,224.96116089651517,224.9503091867466,0.010851709768559203
0.02584615384615385,0.007692307692307694,221.3344048873114,221.32347190404855,0.010932983262847529
0.02584615384615385,0.008000000000000002,217.57837708303373,217.5673879463129,0.010989136720837678
0.02584615384615385,0.00830769230769231,213.6952716419388,213.68425076079816,0.01102088114063804
0.02584615384615385,0.008615384615384617,209.68735666670204,209.67632799027015,0.011028676431891427
0.02584615384615385,0.008923076923076924,205.55697326918605,205.54596014876213,0.011013120423911005
0.02584615384615385,0.009230769230769233,201.3065339361705,201.29555925478076,0.010974681389740226
0.02584615384615385,0.00953846153846154,196.93852152319815,196.92760742275524,0.010914100442903418
0.02584615384615385,0.009846153846153848,192.45548724211582,192.44465541355228,0.010831828563539148
0.02584615384615385,0.010153846153846156,187.86004965210756,187.84932114490354,0.010728507204021298
0.02584615384615385,0.010461538461538463,183.15489277592985,183.1442881626156,0.010604613314256994
0.02584615384615385,0.010769230769230772,178.34276499801118,178.33230407345448,0.010460924556696227
0.02584615384615385,0.01107692307692308,173.4264768243873,173.416178940621,0.01029788376629881
0.02584615384615385,0.011384615384615387,168.40889983468574,168.3987836427527,0.010116191933036589
0.02584615384615385,0.011692307692307695,163.29296452164172,163.28304819741177,0.009916324229948259
0.02584615384615385,0.012000000000000002,158.08165911635695,158.07196005003723,0.009699066319711847
0.02584615384615385,0.012307692307692311,152.77802719970273,152.76856232936083,0.009464870341901133
0.02584615384615385,0.012615384615384619,147.38516654862008,147.3759520703058,0.00921447831427713
0.02584615384615385,0.012923076923076926,141.90622679590328,141.89727840540536,0.0089483904979204
0.02584615384615385,0.013230769230769233,136.34440810908103,136.33574072579836,0.008667383282670471
0.02584615384615385,0.013538461538461541,130.70295877084985,130.6945868128745,0.008371957975356281
0.02584615384615385,0.013846153846153848,124.9851738016714,124.97711094166195,0.008062860009445671
0.02584615384615385,0.014153846153846157,119.19439259396835,119.18665195706312,0.007740636905225529
0.02584615384615385,0.014461538461538465,113.33399734583995,113.32659132406353,0.00740602177641847
0.02584615384615385,0.014769230769230772,107.40741075293371,107.40035115305119,0.007059599882524026
0.02584615384615385,0.01507692307692308,101.41809426754024,101.4113922014008,0.0067020661394394665
0.02584615384615385,0.015384615384615387,95.36954590503603,95.36321185248879,0.006334052547245506
0.02584615384615385,0.015692307692307696,89.26529828476772,89.25934207331971,0.00595621144800873
0.02584615384615385,0.016000000000000004,83.10891658524514,83.10334735195734,0.005569233287801012
0.02584615384615385,0.01630769230769231,76.9039963379251,76.89882261596377,0.00517372196132726
0.02584615384615385,0.01661538461538462,70.65416152878339,70.64939113306305,0.004770395720342435
0.02584615384615385,0.016923076923076926,64.36306222795076,64.35870239525467,0.004359832696096078
0.02584615384615385,0.017230769230769234,58.03437272536573,58.03042998761343,0.003942737752296921
0.02584615384615385,0.01753846153846154,51.67178913640318,51.66826944301867,0.0035196933845043077
0.02584615384615385,0.01784615384615385,45.27902747021745,45.27593608406765,0.00309138614979787
0.02584615384615385,0.01815384615384616,38.859821271740515,38.8571628534312,0.002658418309316346
0.02584615384615385,0.018461538461538467,32.41791961096986,32.41569813392121,0.0022214770486499447
0.02584615384615385,0.018769230769230774,25.95708475296069,25.955303559539534,0.0017811934211557912
0.02584615384615385,0.01907692307692308,19.481090066708166,19.4797518187905,0.0013382479176655693
0.02584615384615385,0.01938461538461539,12.993717739500381,12.99282445153657,0.0008932879638106073
0.02584615384615385,0.019692307692307696,6.498756626084174,6.498309640685949,0.00044698539822540795
0.026461538461538463,0.00030769230769230776,262.1146737565692,262.1138538799889,0.0008198765802944763
0.026461538461538463,0.0006153846153846155,261.8858326955606,261.8842308625837,0.0016018329769167394
0.026461538461538463,0.0009230769230769233,261.5040223402246,261.5016748291158,0.002347511108780509
0.026461538461538463,0.001230769230769231,260.9694666241803,260.9664091815358,0.0030574426444900382
0.026461538461538463,0.001538461538461539,260.2824790026043,260.2787464999086,0.0037325026956978036
0.026461538461538463,0.0018461538461538465,259.4434611704852,259.43908835987537,0.004372810609822864
0.026461538461538463,0.002153846153846154,258.4529043528654,258.4479250981448,0.004979254720581139
0.026461538461538463,0.002461538461538462,257.3113876182302,257.3058355261503,0.005552092079881277
0.026461538461538463,0.00276923076923077,256.01957864863834,256.0134865920401,0.006092056598220097
0.026461538461538463,0.003076923076923078,254.57823228744778,254.57163299119875,0.006599296249021336
0.026461538461538463,0.0033846153846153852,252.98819135639684,252.98111672552596,0.007074630870874898
0.026461538461538463,0.003692307692307693,251.2503849805109,251.24286661173136,0.007518368779528828
0.026461538461538463,0.004000000000000001,249.36582892450238,249.35789773893157,0.007931185570811294
0.026461538461538463,0.004307692307692308,247.33562422669064,247.3273108758669,0.00831335082372675
0.026461538461538463,0.004615384615384617,245.1609574061262,245.15229182808326,0.008665578042922562
0.026461538461538463,0.004923076923076924,242.84309897264842,242.83411074545518,0.008988227193242437
0.026461538461538463,0.0052307692307692315,240.38340326812903,240.37412138045397,0.009281887675058442
0.026461538461538463,0.00553846153846154,237.78330720277756,237.77376029759463,0.009546905182929777
0.026461538461538463,0.005846153846153847,235.0443299891019,235.03454603452235,0.009783954579546617
0.026461538461538463,0.006153846153846156,232.1680716636681,232.15807821522944,0.009993448438649466
0.026461538461538463,0.006461538461538463,229.15621256367973,229.14603661591988,0.010175947759847759
0.026461538461538463,0.0067692307692307704,226.01051204793086,226.0001801840675,0.010331863863370927
0.026461538461538463,0.007076923076923079,222.7328078747519,222.72234601123992,0.010461863511977754
0.026461538461538463,0.007384615384615386,219.32501464549455,219.31444826028894,0.01056638520560682
0.026461538461538463,0.007692307692307694,215.78912303573563,215.7784770475335,0.010645988202128365
0.026461538461538463,0.008000000000000002,212.12719839257772,212.11649728058748,0.010701111990243817
0.026461538461538463,0.00830769230769231,208.3413799052877,208.33064745251198,0.010732452775727097
0.026461538461538463,0.008615384615384617,204.4338788504002,204.42313839299572,0.010740457404466497
0.026461538461538463,0.008923076923076924,200.40697768772492,200.3962519772924,0.010725710432524238
0.026461538461538463,0.009230769230769233,196.2630284616894,196.25233979367007,0.010688668019326997
0.026461538461538463,0.00953846153846154,192.0044518227964,191.99382177014994,0.010630052646462218
0.026461538461538463,0.009846153846153848,187.63373506635483,187.62318476133612,0.010550305018711015
0.026461538461538463,0.010153846153846156,183.153431145104,183.14298109616297,0.010450048941038403
0.026461538461538463,0.010461538461538463,178.56615683888845,178.5558270874067,0.010329751481748417
0.026461538461538463,0.010769230769230772,173.87459166964294,173.8644015038324,0.010190165810541885
0.026461538461538463,0.01107692307692308,169.08147573294244,169.07144400586847,0.010031727073965158
0.026461538461538463,0.011384615384615387,164.18960865848425,164.17975354572226,0.00985511276198281
0.026461538461538463,0.011692307692307695,159.20184752314915,159.19218673287054,0.009660790278616105
0.026461538461538463,0.012000000000000002,154.12110568348282,154.11165616588028,0.00944951760254753
0.026461538461538463,0.012307692307692311,148.95035047032903,148.9411287315328,0.009221738796213685
0.026461538461538463,0.012615384615384619,143.69260204169873,143.68362387224582,0.008978169452916518
0.026461538461538463,0.012923076923076926,138.3509311205547,138.34221182280373,0.008719297750957367
0.026461538461538463,0.013230769230769233,132.928457690887,132.92001181742722,0.008445873459777431
0.026461538461538463,0.013538461538461541,127.42834864967138,127.42019026822814,0.008158381443237772
0.026461538461538463,0.013846153846153848,121.85381646093664,121.84595891611418,0.00785754482245693
0.026461538461538463,0.014153846153846157,116.20811684187494,116.2005729552224,0.007543886652541687
0.026461538461538463,0.014461538461538465,110.49454725652242,110.4873291319778,0.0072181245446216735
0.026461538461538463,0.014769230769230772,104.71644462926069,104.7095638198859,0.006880809374791852
0.026461538461538463,0.01507692307692308,98.87718369929016,98.87065107118491,0.006532628105247795
0.026461538461538463,0.015384615384615387,92.98017481660332,92.97400064649409,0.006174170109233046
0.026461538461538463,0.015692307692307696,87.02886211869648,87.02305602360941,0.005806095087066865
0.026461538461538463,0.016000000000000004,81.0267214234371,81.02129238660977,0.005429036827322875
0.026461538461538463,0.01630769230769231,74.97725821279111,74.97221459644723,0.005043616343883173
0.026461538461538463,0.01661538461538462,68.88400562945428,68.87935514420693,0.004650485247353231
0.026461538461538463,0.016923076923076926,62.75052235384504,62.74627208823155,0.004250265613492843
0.026461538461538463,0.017230769230769234,56.58039058064869,56.576546976315946,0.0038436043327436664
0.026461538461538463,0.01753846153846154,50.37721389946713,50.37378275418352,0.0034311452836064404
0.026461538461538463,0.01784615384615385,44.144615187835115,44.14160166146787,0.003013526367247721
0.026461538461538463,0.01815384615384616,37.886234518651726,37.883643116426285,0.002591402225441186
0.026461538461538463,0.018461538461538467,31.605726999969757,31.60356159062289,0.0021654093468690405
0.026461538461538463,0.018769230769230774,25.30676067393226,25.305024474819007,0.0017361991132531784
0.026461538461538463,0.01907692307692308,18.99301434593185,18.99170993732114,0.0013044086107107944
0.026461538461538463,0.01938461538461539,12.668175458810795,12.667304776033706,0.0008706827770890158
0.026461538461538463,0.019692307692307696,6.335937929339348,6.335502265473313,0.0004356638660354406
0.02707692307692308,0.00030769230769230776,254.76675290920835,254.76597073354137,0.0007821756669841307
0.02707692307692308,0.0006153846153846155,254.54431772502994,254.54278477802615,0.0015329470037954707
0.02707692307692308,0.0009230769230769233,254.17320481948363,254.17095300422358,0.002251815260052581
0.02707692307692308,0.001230769230769231,253.65363013867974,253.65069255141867,0.0029375872610728493
0.02707692307692308,0.001538461538461539,252.98589810014246,252.98230723706513,0.003590863077334916
0.02707692307692308,0.0018461538461538465,252.17039843316198,252.16618737936457,0.004211053797405384
0.02707692307692308,0.002153846153846154,251.20760865648563,251.20280956933163,0.004799087153998016
0.02707692307692308,0.002461538461538462,250.09809127321748,250.09273639247823,0.005354880739247392
0.02707692307692308,0.00276923076923077,248.84249528120714,248.8366161002796,0.005879180927536254
0.02707692307692308,0.003076923076923078,247.44155416332072,247.43518223161354,0.006371931707178646
0.02707692307692308,0.0033846153846153852,245.89608712135336,245.88925318439448,0.006833936958884124
0.02707692307692308,0.003692307692307693,244.2069971355053,244.19973173765197,0.007265397853331024
0.02707692307692308,0.004000000000000001,242.37527148055284,242.36760452433336,0.0076669562194808805
0.02707692307692308,0.004307692307692308,240.40198027671508,240.39394145513785,0.008038821577230237
0.02707692307692308,0.004615384615384617,238.28827676587866,238.27989509371866,0.008381672159998743
0.02707692307692308,0.004923076923076924,236.03539581984955,236.02669998361858,0.008695836230970144
0.02707692307692308,0.0052307692307692315,233.6446538015909,233.635671927331,0.008981874259887945
0.02707692307692308,0.00553846153846154,231.11744733060485,231.10820721790856,0.00924011269628977
0.02707692307692308,0.005846153846153847,228.45525302273455,228.4457818235672,0.00947119916736483
0.02707692307692308,0.006153846153846156,225.6596260581144,225.6499505257622,0.009675532352218852
0.02707692307692308,0.006461538461538463,222.732199664571,222.72234601123986,0.009853653331134637
0.02707692307692308,0.0067692307692307704,219.67468387980819,219.66467791859418,0.010005961214005765
0.02707692307692308,0.007076923076923079,216.48886494302542,216.4787318398862,0.010133103139224886
0.02707692307692308,0.007384615384615386,213.17660378323274,213.16636827790828,0.010235505324459382
0.02707692307692308,0.007692307692307694,209.73983527188452,209.72952155970333,0.01031371218118693
0.02707692307692308,0.008000000000000002,206.1805668574082,206.17019870697172,0.010368150436477208
0.02707692307692308,0.00830769230769231,202.50087776197864,202.49047826402762,0.01039949795102757
0.02707692307692308,0.008615384615384617,198.70291727307102,198.69250908398737,0.010408189083648267
0.02707692307692308,0.008923076923076924,194.78890386653924,194.77850907389978,0.010394792639459638
0.02707692307692308,0.009230769230769233,190.76112365213882,190.750763899551,0.010359752587817184
0.02707692307692308,0.00953846153846154,186.6219294207525,186.61162565070003,0.010303770052473737
0.02707692307692308,0.009846153846153848,182.37373874256804,182.36351146752446,0.0102272750435759
0.02707692307692308,0.010153846153846156,178.01903300064288,178.0089021290787,0.01013087156417214
0.02707692307692308,0.010461538461538463,173.5603556208208,173.55034060458897,0.010015016231818663
0.02707692307692308,0.010769230769230772,169.00031100263104,168.9904305684307,0.00988043420034046
0.02707692307692308,0.01107692307692308,164.34156243221747,164.3318348796562,0.00972755256125879
0.02707692307692308,0.011384615384615387,159.58683104899936,159.5772740269599,0.009557022039444973
0.02707692307692308,0.011692307692307695,154.73889384240636,154.72952453998946,0.009369302416899927
0.02707692307692308,0.012000000000000002,149.8005824875688,149.79141736793082,0.009165119637970065
0.02707692307692308,0.012307692307692311,144.77478113648215,144.76583622631338,0.008944910168764864
0.02707692307692308,0.012615384615384619,139.66442527170852,139.65571591300161,0.008709358706909143
0.02707692307692308,0.012923076923076926,134.47249953631058,134.46404059435554,0.008458941955041155
0.02707692307692308,0.013230769230769233,129.20203644027734,129.19384206256163,0.008194377715710743
0.02707692307692308,0.013538461538461541,123.85611409922998,123.8481979651516,0.00791613407838554
0.02707692307692308,0.013846153846153848,118.43785491350766,118.43023000774303,0.007624905764629375
0.02707692307692308,0.014153846153846157,112.9504233202874,112.94310213105088,0.007321189236520809
0.02707692307692308,0.014461538461538465,107.39702434548079,107.39001866323558,0.0070056822452073675
0.02707692307692308,0.014769230769230772,101.78090134641177,101.77422244866527,0.006678897746496659
0.02707692307692308,0.01507692307692308,96.10533446440114,96.09899295418633,0.006341510214809887
0.02707692307692308,0.015384615384615387,90.37363841689735,90.36764435400691,0.005994062890437135
0.02707692307692308,0.015692307692307696,84.58916081515572,84.58352359431245,0.0056372208432691195
0.02707692307692308,0.016000000000000004,78.75528000684884,78.75000843874358,0.005271568105257529
0.02707692307692308,0.01630769230769231,72.87540323491747,72.87050549587711,0.0048977390403592835
0.02707692307692308,0.01661538461538462,66.95296457167339,66.94844822986268,0.004516341810713698
0.02707692307692308,0.016923076923076926,60.99142296983984,60.98729495537606,0.004128014463780971
0.02707692307692308,0.017230769230769234,54.994260168631726,54.99052681806133,0.0037333505703927017
0.02707692307692308,0.01753846153846154,48.96497875116166,48.96164576163926,0.0033329895223985773
0.02707692307692308,0.01784615384615385,42.907100005742286,42.90417248287129,0.002927522870997734
0.02707692307692308,0.01815384615384616,36.82416198321568,36.8216443755712,0.0025176076444779483
0.02707692307692308,0.018461538461538467,30.719717316788145,30.71761346486767,0.002103851920473687
0.02707692307692308,0.018769230769230774,24.59733124482759,24.59564433292045,0.0016869119071394323
0.02707692307692308,0.01907692307692308,18.460579450822205,18.459312037305697,0.0012674135165084977
0.02707692307692308,0.01938461538461539,12.313046028487104,12.31220002328245,0.0008460052046537214
0.02707692307692308,0.019692307692307696,6.158321352275526,6.1578980311619675,0.00042332111355847246
0.027692307692307693,0.00030769230769230776,246.82384471433826,246.82306985777612,0.0007748565621454873
0.027692307692307693,0.0006153846153846155,246.60835243612098,246.60684222529133,0.0015102108296503047
0.027692307692307693,0.0009230769230769233,246.24881335447986,246.24660314149077,0.0022102129890981814
0.027692307692307693,0.001230769230769231,245.74543888086743,245.74256297585495,0.0028759050124733676
0.027692307692307693,0.001538461538461539,245.09852529544554,245.09501607364666,0.0035092217988790253
0.027692307692307693,0.0018461538461538465,244.30845053800724,244.30434058402162,0.004109953985619086
0.027692307692307693,0.002153846153846154,243.37567768741084,243.3709982392,0.004679448210850978
0.027692307692307693,0.002461538461538462,242.30075170432656,242.29553408482792,0.005217619498637305
0.027692307692307693,0.00276923076923077,241.0843014817877,241.07857616168607,0.005725320101618081
0.027692307692307693,0.003076923076923078,239.7270375619104,239.7208351389315,0.006202422978901723
0.027692307692307693,0.0033846153846153852,238.22975364219246,238.22310389908708,0.006649743105384687
0.027692307692307693,0.003692307692307693,236.59332451877688,236.58625707502011,0.007067443756767489
0.027692307692307693,0.004000000000000001,234.81870668438944,234.8112505391816,0.0074561452078398816
0.027692307692307693,0.004307692307692308,232.90693688719188,232.8991208454037,0.007816041788174743
0.027692307692307693,0.004615384615384617,230.8591324060126,230.85098462358118,0.008147782431422002
0.027692307692307693,0.004923076923076924,228.67648962073565,228.66803792759134,0.008451693144309047
0.027692307692307693,0.0052307692307692315,226.36028384679815,226.35155553683194,0.008728309966215875
0.027692307692307693,0.00553846153846154,223.91186817220338,223.9028902117862,0.008977960417183795
0.027692307692307693,0.005846153846153847,221.3326731701131,221.3234719040486,0.009201266064508218
0.027692307692307693,0.006153846153846156,218.62420554541137,218.61480692127338,0.009398624137986644
0.027692307692307693,0.006461538461538463,215.78804760420067,215.7784770475335,0.009570556667171104
0.027692307692307693,0.0067692307692307704,212.82585607841273,212.81613861960304,0.009717458809689106
0.027692307692307693,0.007076923076923079,209.73936151750334,209.72952155970336,0.009839957799982813
0.027692307692307693,0.007384615384615386,206.53036683783907,206.520428365277,0.009938472562055267
0.027692307692307693,0.007692307692307694,203.2007465891571,203.19073305638037,0.010013532776724787
0.027692307692307693,0.008000000000000002,199.75244563695662,199.74238008130823,0.01006555564839573
0.027692307692307693,0.00830769230769231,196.1874783812544,196.1773831810911,0.010095200163306117
0.027692307692307693,0.008615384615384617,192.50792710374128,192.49782421352708,0.010102890214199078
0.027692307692307693,0.008923076923076924,188.71594111643057,188.70585193743537,0.010089178995201564
0.027692307692307693,0.009230769230769233,184.81373525777553,184.80368075784176,0.010054499933772831
0.027692307692307693,0.00953846153846154,180.80358896552244,180.7935894328286,0.009999532693825586
0.027692307692307693,0.009846153846153848,176.68784444095263,176.6779197428039,0.009924698148722655
0.027692307692307693,0.010153846153846156,172.46890570401678,172.45907512296782,0.009830581048959175
0.027692307692307693,0.010461538461538463,168.14923688896786,168.13951925977403,0.00971762919382968
0.027692307692307693,0.010769230769230772,163.73136119177738,163.72177465220628,0.009586539571103003
0.027692307692307693,0.01107692307692308,159.21785887205618,159.20842113870998,0.009437733346203458
0.027692307692307693,0.011384615384615387,154.61136622563217,154.6020943906393,0.009271834992858885
0.027692307692307693,0.011692307692307695,149.91457367242097,149.90548437309909,0.009089299321885846
0.027692307692307693,0.012000000000000002,145.13022459412107,145.1213337740813,0.008890820039766822
0.027692307692307693,0.012307692307692311,140.26111323239965,140.2524364028122,0.008676829587443535
0.027692307692307693,0.012615384615384619,135.31008354018417,135.30163555824663,0.008447981937536042
0.027692307692307693,0.012923076923076926,130.28002711532352,130.27182236866128,0.008204746662244133
0.027692307692307693,0.013230769230769233,125.1738819125343,125.16593410331747,0.007947809216830137
0.027692307692307693,0.013538461538461541,119.99463008472146,119.98695245717829,0.007677627543174026
0.027692307692307693,0.013846153846153848,114.745296678769,114.73790180968305,0.007394869085942446
0.027692307692307693,0.014153846153846157,109.4289474712883,109.42184745859451,0.007100012693783242
0.027692307692307693,0.014461538461538465,104.04868756860404,104.04189382995165,0.006793738652390857
0.027692307692307693,0.014769230769230772,98.60765919771731,98.60118266517193,0.006476532545377722
0.027692307692307693,0.01507692307692308,93.10904024465692,93.1028911863631,0.006149058293829057
0.027692307692307693,0.015384615384615387,87.55604206399762,87.55023024091484,0.005811823082780165
0.027692307692307693,0.015692307692307696,81.95190792257154,81.94644242645411,0.0054654961174236405
0.027692307692307693,0.016000000000000004,76.29991081786638,76.29480019725976,0.005110620606615157
0.027692307692307693,0.01630769230769231,70.60335178593323,70.59860395324124,0.004747832691990084
0.027692307692307693,0.01661538461538462,64.86555782528346,64.86118011259802,0.0043777126854394055
0.027692307692307693,0.016923076923076926,59.089880083891565,59.08587916928484,0.00400091460672769
0.027692307692307693,0.017230769230769234,53.27969176254011,53.27607373641801,0.0036180261220977172
0.027692307692307693,0.01753846153846154,47.4383862728214,47.43515657676387,0.0032296960575237676
0.027692307692307693,0.01784615384615385,41.569375135501424,41.56653862146126,0.0028365140401618305
0.027692307692307693,0.01815384615384616,35.67608610592256,35.67364697813333,0.0024391277892306107
0.027692307692307693,0.018461538461538467,29.76196104852307,29.759922929553987,0.0020381189690823476
0.027692307692307693,0.018769230769230774,23.83045403159252,23.828819924034654,0.0016341075578658604
0.027692307692307693,0.01907692307692308,17.88502924125749,17.8838015587085,0.0012276825489898613
0.027692307692307693,0.01938461538461539,11.929159012825561,11.928339556886765,0.0008194559387959544
0.027692307692307693,0.019692307692307696,5.96632176702965,5.965911740670504,0.0004100263591464426
0.028307692307692308,0.00030769230769230776,238.3044287754807,238.30370226572546,0.0007265097552249244
0.028307692307692308,0.0006153846153846155,238.09636280684816,238.0949379659257,0.0014248409224535408
0.028307692307692308,0.0009230769230769233,237.74922743260018,237.74713292719917,0.0020945054010041986
0.028307692307692308,0.001230769230769231,237.26322426903528,237.26049025789416,0.0027340111411149337
0.028307692307692308,0.001538461538461539,236.63863805382277,236.63529414362554,0.0033439101972305707
0.028307692307692308,0.0018461538461538465,235.8758330132865,235.87190968131824,0.0039233319682523415
0.028307692307692308,0.002153846153846154,234.97525576290658,234.97078266600104,0.0044730969055422065
0.028307692307692308,0.002461538461538462,233.93743227961482,233.93243933047484,0.004992949139989378
0.028307692307692308,0.00276923076923077,232.7629695600053,232.7574860380074,0.005483521997888374
0.028307692307692308,0.003076923076923078,231.4525536177975,231.44660892823438,0.005944689563108341
0.028307692307692308,0.0033846153846153852,230.00695063622533,230.00057351647314,0.006377119752187355
0.028307692307692308,0.003692307692307693,228.42700523744787,228.42022424668318,0.006780990764696071
0.028307692307692308,0.004000000000000001,226.71364084035403,226.70648399833482,0.007156842019213627
0.028307692307692308,0.004307692307692308,224.86785844654702,224.86035354747352,0.007504899073495608
0.028307692307692308,0.004615384615384617,222.89073672638534,222.88291098229485,0.0078257440904963
0.028307692307692308,0.004923076923076924,220.78343079174502,220.7753110735713,0.008119718173730917
0.028307692307692308,0.0052307692307692315,218.54717192052746,218.5387846002987,0.008387320228763429
0.028307692307692308,0.00553846153846154,216.18326652166564,216.17463763095608,0.0086288907095593
0.028307692307692308,0.005846153846153847,213.693095775064,213.6842507607982,0.008845014265801865
0.028307692307692308,0.006153846153846156,211.0781143946298,211.069078305627,0.00903608900281938
0.028307692307692308,0.006461538461538463,208.3398500664849,208.33064745251198,0.009202613972917106
0.028307692307692308,0.0067692307692307704,205.47990234993262,205.47055736795613,0.009344981976482813
0.028307692307692308,0.007076923076923079,202.49994206024508,202.49047826402764,0.009463796217431764
0.028307692307692308,0.007384615384615386,199.40170989083813,199.39215042300293,0.009559467835202895
0.028307692307692308,0.007692307692307694,196.1870156909599,196.1773831810911,0.009632509868794159
0.028307692307692308,0.008000000000000002,192.85773720146773,192.84805387183232,0.009683329635407745
0.028307692307692308,0.00830769230769231,189.41581929446127,189.40610672978804,0.009712564673236557
0.028307692307692308,0.008615384615384617,185.86327238268763,185.8535517551626,0.009720627525013015
0.028307692307692308,0.008923076923076924,182.20217159405684,182.19246354001993,0.009708054036906333
0.028307692307692308,0.009230769230769233,178.43465532307727,178.4249800567799,0.00967526629736426
0.028307692307692308,0.00953846153846154,174.56292433021724,174.55330140970307,0.009622920514175348
0.028307692307692308,0.009846153846153848,170.58923997770998,170.5796885500913,0.00955142761867478
0.028307692307692308,0.010153846153846156,166.5159233074613,166.5064619559561,0.00946135150519467
0.028307692307692308,0.010461538461538463,162.34535340720763,162.3360002769249,0.009353130282732991
0.028307692307692308,0.010769230769230772,158.0799663754554,158.07073894517637,0.009227430279025839
0.028307692307692308,0.01107692307692308,153.72225341939023,153.71316875321685,0.009084666173379219
0.028307692307692308,0.011384615384615387,149.27475983343982,149.26583439932764,0.008925434112171615
0.028307692307692308,0.011692307692307695,144.74008318516232,144.7313330015327,0.008750183629615549
0.028307692307692308,0.012000000000000002,140.12087215318343,140.1123125809551,0.00855957222833581
0.028307692307692308,0.012307692307692311,135.4198245448674,135.41147051544695,0.008354029420445386
0.028307692307692308,0.012615384615384619,130.63968613941586,130.6315519643971,0.008134175018767564
0.028307692307692308,0.012923076923076926,125.7832487396715,125.77534826563493,0.007900474036574678
0.028307692307692308,0.013230769230769233,120.85334887519173,120.84569530536801,0.007653569823716566
0.028307692307692308,0.013538461538461541,115.85286577924674,115.84547186210415,0.007393917142593409
0.028307692307692308,0.013846153846153848,110.784720069315,110.77759792552604,0.007122143788961921
0.028307692307692308,0.014153846153846157,105.651871713421,105.6450329912993,0.006838722121699448
0.028307692307692308,0.014461538461538465,100.4573186204006,100.4507743328106,0.0065442875900032504
0.028307692307692308,0.014769230769230772,95.20409456685893,95.19785525084404,0.006239316014884366
0.028307692307692308,0.01507692307692308,89.89526773243843,89.88934330221934,0.005924430219081955
0.028307692307692308,0.015384615384615387,84.53393863056377,84.5283385084248,0.005600122138972097
0.028307692307692308,0.015692307692307696,79.12323856770618,79.11797154529192,0.005267022414258804
0.028307692307692308,0.016000000000000004,73.66632756556983,73.6614019147692,0.004925650800629455
0.028307692307692308,0.01630769230769231,68.16639271166767,68.16181609986175,0.004576611805916286
0.028307692307692308,0.01661538461538462,62.62664615135121,62.62242570381511,0.004220447536098959
0.028307692307692308,0.016923076923076926,57.05032335066912,57.04646557462903,0.0038577760400855254
0.028307692307692308,0.017230769230769234,51.44068104242695,51.43719191599793,0.00348912642902377
0.028307692307692308,0.01753846153846154,45.800995495633074,45.797880385779,0.003115109854071818
0.028307692307692308,0.01784615384615385,40.13456044815505,40.13182418310082,0.0027362650542315237
0.028307692307692308,0.01815384615384616,34.44468535091598,34.4423321252272,0.002353225688779048
0.028307692307692308,0.018461538461538467,28.73469326675297,28.732726715301975,0.001966551450994558
0.028307692307692308,0.018769230769230774,23.007919069670887,23.006342202099635,0.001576867571252194
0.028307692307692308,0.01907692307692308,17.26770739340875,17.266522632918793,0.0011847604899557496
0.028307692307692308,0.01938461538461539,11.517410749022304,11.516619900752216,0.000790848270087352
0.028307692307692308,0.019692307692307696,5.7603875146298495,5.759991786876113,0.00039572775373653
0.028923076923076923,0.00030769230769230776,229.22847892958575,229.22776533514858,0.00071359443717256
0.028923076923076923,0.0006153846153846155,229.02834580179058,229.02695194672924,0.00139385506133749
0.028923076923076923,0.0009230769230769233,228.69443657355734,228.69239326786033,0.00204330569701483
0.028923076923076923,0.001230769230769231,228.22694662220172,228.22428467138906,0.0026619508126657365
0.028923076923076923,0.001538461538461539,227.62615039651985,227.62289951955364,0.003250876966205851
0.028923076923076923,0.0018461538461538465,226.89239883593208,226.8885890043475,0.003809831584590029
0.028923076923076923,0.002153846153846154,226.0261215334596,226.02178194243305,0.004339591026536027
0.028923076923076923,0.002461538461538462,225.02782473304774,225.0229845247248,0.004840208322946182
0.028923076923076923,0.00276923076923077,223.89809227522983,223.89278002078822,0.005312254441605546
0.028923076923076923,0.003076923076923078,222.63758428367387,222.6318284382266,0.0057558454472825815
0.028923076923076923,0.0033846153846153852,221.24703768348877,221.24086613725524,0.006171546233531444
0.028923076923076923,0.003692307692307693,219.72726506028417,219.7207054006879,0.006559659596263145
0.028923076923076923,0.004000000000000001,218.0791546266394,218.0722339595864,0.006920667052980889
0.028923076923076923,0.004307692307692308,216.30366935994158,216.29641447485085,0.0072548850907310225
0.028923076923076923,0.004615384615384617,214.40184680822222,214.39428397505242,0.007562833169799887
0.028923076923076923,0.004923076923076924,212.37479814227774,212.36695325083838,0.007844891439361845
0.028923076923076923,0.0052307692307692315,210.22370773061954,210.21560620626119,0.008101524358352208
0.028923076923076923,0.00553846153846154,207.94983226427075,207.94149916741213,0.008333096858621047
0.028923076923076923,0.005846153846153847,205.5545003024762,205.5459601487622,0.008540153714022836
0.028923076923076923,0.006153846153846156,203.03911117373042,203.03038807763892,0.008723096091500793
0.028923076923076923,0.006461538461538463,200.40513437517737,200.3962519772924,0.00888239788497458
0.028923076923076923,0.0067692307692307704,197.65410855865582,197.64509010902694,0.009018449628882763
0.028923076923076923,0.007076923076923079,194.78764090092062,194.77850907389984,0.009131827020780747
0.028923076923076923,0.007384615384615386,191.80740580630547,191.79818287451153,0.009222931793942735
0.028923076923076923,0.007692307692307694,188.71514419523723,188.7058519374354,0.009292257801831738
0.028923076923076923,0.008000000000000002,185.5126622976609,185.50332209685737,0.009340200803535481
0.028923076923076923,0.00830769230769231,182.2018309138679,182.19246354001996,0.009367373847936733
0.028923076923076923,0.008615384615384617,178.78458389134275,178.77520971508525,0.009374176257495037
0.028923076923076923,0.008923076923076924,175.26291732639325,175.25355620205585,0.00936112433740277
0.028923076923076923,0.009230769230769233,171.63888817468646,171.62955954741219,0.00932862727427164
0.028923076923076923,0.00953846153846154,167.91461337882416,167.9053360631475,0.009277315676655462
0.028923076923076923,0.009846153846153848,164.09226818017135,164.08306059090097,0.009207589270374683
0.028923076923076923,0.010153846153846156,160.17408522159874,160.16496523191168,0.009119989687064844
0.028923076923076923,0.010461538461538463,156.16235298784184,156.1533380435342,0.009014944307637052
0.028923076923076923,0.010769230769230772,152.05941479030153,152.05052170307755,0.00889308722398141
0.028923076923076923,0.01107692307692308,147.86766696592414,147.85891213974767,0.008754826176470942
0.028923076923076923,0.011384615384615387,143.58955786380022,143.5809571354922,0.00860072830801073
0.028923076923076923,0.011692307692307695,139.2275861334238,139.21915489556477,0.00843123785904254
0.028923076923076923,0.012000000000000002,134.78429956450947,134.77605258964348,0.008246974865983248
0.028923076923076923,0.012307692307692311,130.26229323191538,130.25424486435546,0.008048367559922553
0.028923076923076923,0.012615384615384619,125.66420832947102,125.65637232807649,0.007836001394537107
0.028923076923076923,0.012923076923076926,120.99273034857919,120.98512000888985,0.007610339689335888
0.028923076923076923,0.013230769230769233,116.25058776741227,116.24321578660572,0.007371980806553324
0.028923076923076923,0.013538461538461541,111.44055018430048,111.43342879975597,0.007121384544504394
0.028923076923076923,0.013846153846153848,106.56542696682638,106.5585678284956,0.006859138330781889
0.028923076923076923,0.014153846153846157,101.62806537732928,101.62147965435372,0.006585722975557928
0.028923076923076923,0.014461538461538465,96.63134912193631,96.62504739779384,0.006301724142474541
0.028923076923076923,0.014769230769230772,91.57819646536265,91.57218883455222,0.006007630810429987
0.028923076923076923,0.01507692307692308,86.47155871181157,86.4658546917394,0.005704020072172966
0.028923076923076923,0.015384615384615387,81.31441831924961,81.30902692469849,0.005391394551125472
0.028923076923076923,0.015692307692307696,76.1097873098855,76.10471697562708,0.005070334258419962
0.028923076923076923,0.016000000000000004,70.86070537502836,70.85596401498012,0.004741360048242882
0.028923076923076923,0.01630769230769231,65.57023820267895,65.56583316667968,0.004405035999269558
0.028923076923076923,0.01661538461538462,60.241475605054895,60.237413718169144,0.0040618868857507096
0.028923076923076923,0.016923076923076926,54.87752982534967,54.87381731635594,0.0037125089937291023
0.028923076923076923,0.017230769230769234,49.48153356883045,49.478176150497916,0.0033574183325342233
0.028923076923076923,0.01753846153846154,44.056638355948124,44.0536411230925,0.002997232855626919
0.028923076923076923,0.01784615384615385,38.6060124824863,38.60338000983876,0.002632472647540851
0.028923076923076923,0.01815384615384616,33.13283938013193,33.130575609745215,0.002263770386711883
0.028923076923076923,0.018461538461538467,27.640315536205854,27.638423886465525,0.0018916497403296262
0.028923076923076923,0.018769230769230774,22.13164881639935,22.13013210194477,0.0015167144545777944
0.028923076923076923,0.01907692307692308,16.610056449811527,16.60891694346959,0.0011395063419357143
0.028923076923076923,0.01938461538461539,11.07876325552704,11.078002645212887,0.0007606103141526432
0.028923076923076923,0.019692307692307696,5.540999689543415,5.540619105372258,0.00038058417115660603
0.02953846153846154,0.00030769230769230776,219.61713716566152,219.6164563372833,0.0006808283782220315
0.02953846153846154,0.0006153846153846155,219.42539700443314,219.42406286921778,0.001334135215358856
0.02953846153846154,0.0009230769230769233,219.10549049982254,219.1035319275029,0.001958572319637142
0.02953846153846154,0.001230769230769231,218.65760458956333,218.65505069318237,0.002553896380959486
0.02953846153846154,0.001538461538461539,218.08200107074146,218.07888106666766,0.0031200040737928703
0.02953846153846154,0.0018461538461538465,217.37901672379397,217.3753595147955,0.0036572089984758804
0.02953846153846154,0.002153846153846154,216.54906263094082,216.54489687434065,0.004165756600173154
0.02953846153846154,0.002461538461538462,215.59262422333742,215.58797811209908,0.0046461112383440195
0.02953846153846154,0.00276923076923077,214.5102606817496,214.50516204168073,0.005098640068865734
0.02953846153846154,0.003076923076923078,213.3026047870203,213.29708099717814,0.005523789842158067
0.02953846153846154,0.0033846153846153852,211.97036242176722,211.96444046390135,0.005921957865865579
0.02953846153846154,0.003692307692307693,210.51431227606204,210.5080186663941,0.00629360966794934
0.02953846153846154,0.004000000000000001,208.9353052581852,208.9286661139727,0.006639144212499559
0.02953846153846154,0.004307692307692308,207.23426409792154,207.22730510405262,0.0069589938689205155
0.02953846153846154,0.004615384615384617,205.41218278080544,205.40492918355264,0.007253597252798727
0.02953846153846154,0.004923076923076924,203.47012595192433,203.46260256869158,0.007523383232751257
0.02953846153846154,0.0052307692307692315,201.40922829621277,201.40145952351577,0.007768772697005488
0.02953846153846154,0.00553846153846154,199.23069385905123,199.22270369752107,0.007990161530159412
0.02953846153846154,0.005846153846153847,196.9357954686662,196.92760742275524,0.008188045910969777
0.02953846153846154,0.006153846153846156,194.525873802502,194.51751097081194,0.008362831690050143
0.02953846153846154,0.006461538461538463,192.0023367323241,191.99382177014988,0.008514962174217544
0.02953846153846154,0.0067692307692307704,189.36665841060545,189.35801358419414,0.008644826411313034
0.02953846153846154,0.007076923076923079,186.62037861817169,186.61162565070003,0.008752967471650663
0.02953846153846154,0.007384615384615386,183.76510155991468,183.75626178288127,0.00883977703341543
0.02953846153846154,0.007692307692307694,180.80249515882588,180.79358943282858,0.008905725997294667
0.02953846153846154,0.008000000000000002,177.73428991535158,177.72533871776432,0.00895119758726537
0.02953846153846154,0.00830769230769231,174.56227818650598,174.55330140970304,0.008976776802938957
0.02953846153846154,0.008615384615384617,171.28831273734218,171.27932988910686,0.008982848235319807
0.02953846153846154,0.008923076923076924,167.9143059691482,167.90533606314744,0.008969906000743322
0.02953846153846154,0.009230769230769233,164.44222859380633,164.43329024920618,0.008938344600153414
0.02953846153846154,0.00953846153846154,160.87410879103618,160.86522002426435,0.00888876677183248
0.02953846153846154,0.009846153846153848,157.21203059974548,157.20320904085497,0.008821558890502956
0.02953846153846154,0.010153846153846156,153.45813304900403,153.4493958102688,0.008737238735221808
0.02953846153846154,0.010461538461538463,149.61460867411805,149.60597245372364,0.008636220394407701
0.02953846153846154,0.010769230769230772,145.6837025268616,145.67518342222743,0.008519104634160612
0.02953846153846154,0.01107692307692308,141.667710475313,141.659324185882,0.008386289430973193
0.02953846153846154,0.011384615384615387,137.56897820623908,137.5607398933933,0.008238312845776363
0.02953846153846154,0.011692307692307695,133.3898996131116,133.38182400257034,0.008075610541254719
0.02953846153846154,0.012000000000000002,129.13291564775156,129.12501688261355,0.007898765138008912
0.02953846153846154,0.012307692307692311,124.80051258945714,124.79280438900757,0.007708200449570768
0.02953846153846154,0.012615384615384619,120.39522088049993,120.38771641185198,0.007504468647951512
0.02953846153846154,0.012923076923076926,115.91961342669461,115.91232539847643,0.007288028218184195
0.02953846153846154,0.013230769230769233,111.37630428347201,111.369244851204,0.007059432268007981
0.02953846153846154,0.013538461538461541,106.76794694584267,106.76112780113934,0.006819144703328561
0.02953846153846154,0.013846153846153848,102.09723297221616,102.09066525887343,0.006567713342732873
0.02953846153846154,0.014153846153846157,97.36689027238023,97.36058464300882,0.006305629371411214
0.02953846153846154,0.014461538461538465,92.57968161266284,92.57364818742438,0.0060334252384564024
0.02953846153846154,0.014769230769230772,87.73840294023583,87.73265132820809,0.005751612027736996
0.02953846153846154,0.01507692307692308,82.84588178774646,82.84042107120146,0.005460716545002242
0.02953846153846154,0.015384615384615387,77.90497560712231,77.89981434110751,0.005161266014795274
0.02953846153846154,0.015692307692307696,72.91857008603739,72.91371631312717,0.004853772910223597
0.02953846153846154,0.016000000000000004,67.8895775175092,67.88503872809832,0.004538789410872823
0.02953846153846154,0.01630769230769231,62.82093500755083,62.816718192121165,0.004216815429664678
0.02953846153846154,0.01661538461538462,57.715602861888065,57.7117144616629,0.003888400225164901
0.02953846153846154,0.016923076923076926,52.57656276620094,52.573008715143104,0.0035540510578329076
0.02953846153846154,0.017230769230769234,47.40681609764898,47.40360181200994,0.0032142856390393604
0.02953846153846154,0.01753846153846154,42.20938216615374,42.20651254032223,0.0028696258315079604
0.02953846153846154,0.01784615384615385,36.98729643007148,36.9847758538627,0.002520576208780767
0.02953846153846154,0.01815384615384616,31.743608791302854,31.74144109980994,0.002167691492914514
0.02953846153846154,0.018461538461538467,26.4813817240314,26.47957023800626,0.001811486025140141
0.02953846153846154,0.018769230769230774,21.203688575081316,21.202236052858456,0.0014525222228591872
0.02953846153846154,0.01907692307692308,15.913611693829369,15.91252035891898,0.001091334910388042
0.02953846153846154,0.01938461538461539,10.614240687599331,10.613512201192563,0.0007284864067678143
0.02953846153846154,0.019692307692307696,5.308670574684218,5.308306051221295,0.0003645234629230387
0.030153846153846156,0.00030769230769230776,209.49289225584133,209.49222292963773,0.0006693262035923908
0.030153846153846156,0.0006153846153846155,209.31000379944444,209.30869872578532,0.0013050736591253553
0.030153846153846156,0.0009230769230769233,209.0048518796257,209.00294413609078,0.0019077435349288407
0.030153846153846156,0.001230769230769231,208.5776179743196,208.5751377126243,0.0024802616952968037
0.030153846153846156,0.001538461538461539,208.0285520135036,208.02552928229002,0.003022731213576435
0.030153846153846156,0.0018461538461538465,207.35797673774368,207.3544398009341,0.003536936809581448
0.030153846153846156,0.002153846153846154,206.56628402685416,206.5622611659155,0.004022860938675876
0.030153846153846156,0.002461538461538462,205.65393756831142,205.64945598724896,0.004481581062464102
0.030153846153846156,0.00276923076923077,204.62147059284638,204.61655731745392,0.0049132753924538974
0.030153846153846156,0.003076923076923078,203.4694870945921,203.46416834026672,0.005318754325372765
0.030153846153846156,0.0033846153846153852,202.19866023665128,202.1929620183983,0.005698218252973675
0.030153846153846156,0.003692307692307693,200.80973299241566,200.80368070054297,0.00605229187269174
0.030153846153846156,0.004000000000000001,199.3035169582156,199.29713568786767,0.006381270347930013
0.030153846153846156,0.004307692307692308,197.68089245930454,197.67420676023494,0.006685699069606699
0.030153846153846156,0.004615384615384617,195.94280758567476,195.93584166243616,0.006965923238595906
0.030153846153846156,0.004923076923076924,194.09027797086515,194.08305555073545,0.007222420129693319
0.030153846153846156,0.0052307692307692315,192.12438596288155,192.1169304000468,0.007455562834735474
0.030153846153846156,0.00553846153846154,190.04628015322348,190.03861437209147,0.007665781132004668
0.030153846153846156,0.005846153846153847,187.8571746665665,187.84932114490357,0.007853521662923413
0.030153846153846156,0.006153846153846156,185.55834840233896,185.55032920407643,0.008019198262530836
0.030153846153846156,0.006461538461538463,183.15114432100117,183.14298109616297,0.008163224838199312
0.030153846153846156,0.0067692307692307704,180.63696863688696,180.62868264466638,0.008285992220578464
0.030153846153846156,0.007076923076923079,178.01729014106863,178.00890212907873,0.008388011989893585
0.030153846153846156,0.007384615384615386,175.29363909569304,175.28516942744707,0.008469668245965067
0.030153846153846156,0.007692307692307694,172.4676065331687,172.45907512296782,0.008531410200873779
0.030153846153846156,0.008000000000000002,169.54084318549027,169.53226957513084,0.00857361035943427
0.030153846153846156,0.00830769230769231,166.51505878214317,166.50646195595613,0.008596826187044826
0.030153846153846156,0.008615384615384617,163.3920206803811,163.38341925188539,0.008601428495722985
0.030153846153846156,0.008923076923076924,160.1735531213805,160.16496523191168,0.008587889468827825
0.030153846153846156,0.009230769230769233,156.86153597165355,156.85297938254973,0.008556589103818624
0.030153846153846156,0.00953846153846154,153.45790391207018,153.44939581026884,0.008508101801339762
0.030153846153846156,0.009846153846153848,149.96464491210835,149.95620211202896,0.008442800079393464
0.030153846153846156,0.010153846153846156,146.3837993919249,146.37543821458016,0.008361177344738735
0.030153846153846156,0.010461538461538463,142.7174588164743,142.7091951832029,0.008263633271411663
0.030153846153846156,0.010769230769230772,138.96776473503212,138.95961400058462,0.008150734447497143
0.030153846153846156,0.01107692307692308,135.13690718391067,135.1288843165464,0.008022867364275044
0.030153846153846156,0.011384615384615387,131.22712370955824,131.21924316934883,0.007880540209413311
0.030153846153846156,0.011692307692307695,127.24069785719253,127.2329736793249,0.007724177867629578
0.030153846153846156,0.012000000000000002,123.17995804037639,123.17240371560189,0.0075543247745031294
0.030153846153846156,0.012307692307692311,119.04727593432247,119.03990453669135,0.0073713976311182705
0.030153846153846156,0.012615384615384619,114.84506532058664,114.83788940574108,0.007175914845561238
0.030153846153846156,0.012923076923076926,110.5757805084111,110.56881218125713,0.006968327153970222
0.030153846153846156,0.013230769230769233,106.2419150258595,106.23516588411977,0.0067491417397320674
0.030153846153846156,0.013538461538461541,101.8460000638463,101.83948124172932,0.0065188221169876215
0.030153846153846156,0.013846153846153848,97.39060308418242,97.38432521013283,0.00627787404958724
0.030153846153846156,0.014153846153846157,92.87832626735069,92.87229947499378,0.00602679235690573
0.030153846153846156,0.014461538461538465,88.31180498337714,88.30603893228115,0.005766051095989155
0.030153846153846156,0.014769230769230772,83.69370632577916,83.68821014956417,0.0054961762149901006
0.030153846153846156,0.01507692307692308,79.02672744675745,79.02150980881214,0.005217637945307274
0.030153846153846156,0.015384615384615387,74.31359411413519,74.30866313160803,0.004930982527156402
0.030153846153846156,0.015692307692307696,69.55705893397656,69.55242228769565,0.004636646280914647
0.030153846153846156,0.016000000000000004,64.75990000284034,64.75556478779029,0.004335215050048191
0.030153846153846156,0.01630769230769231,59.92491897716442,59.92089186159057,0.00402711557384805
0.030153846153846156,0.01661538461538462,55.05493976494331,55.05122682193917,0.003712943004146041
0.030153846153846156,0.016923076923076926,50.152806545901875,50.149413416087484,0.003393129814391216
0.030153846153846156,0.017230769230769234,45.221382428767726,45.2183141650277,0.0030682637400261115
0.030153846153846156,0.01753846153846154,40.26354750254998,40.260808691860674,0.0027388106893084796
0.030153846153846156,0.01784615384615385,35.28219736573422,35.279792040177554,0.002405325556665616
0.030153846153846156,0.01815384615384616,30.28024127757928,30.278172983435393,0.0020682941438856517
0.030153846153846156,0.018461538461538467,25.260600561968978,25.258872326316077,0.0017282356529015885
0.030153846153846156,0.018769230769230774,20.226206840825686,20.224821199057743,0.001385641767942758
0.030153846153846156,0.01907692307692308,15.180000362693997,15.178959345757974,0.001041016936023098
0.030153846153846156,0.01938461538461539,10.124928271037337,10.124233407645589,0.0006948633917485125
0.030153846153846156,0.019692307692307696,5.063942889962802,5.063595202325505,0.0003476876372969784
0.03076923076923077,0.00030769230769230776,198.8793421677463,198.87871072844516,0.0006314393011450647
0.03076923076923077,0.0006153846153846155,198.7057199830611,198.70448441808762,0.0012355649734843155
0.03076923076923077,0.0009230769230769233,198.4160303800661,198.41422028442486,0.0018100956412467895
0.03076923076923077,0.001230769230769231,198.0104443971515,198.008087833537,0.002356563614512197
0.03076923076923077,0.001538461538461539,197.48919852007063,197.48632423533854,0.0028742847320870624
0.03076923076923077,0.0018461538461538465,196.85259907864594,196.84923418507776,0.0033648935681753755
0.03076923076923077,0.002153846153846154,196.10101782089896,196.0971897254033,0.0038280954956633195
0.03076923076923077,0.002461538461538462,195.23489511125823,195.23063002910172,0.00426508215650756
0.03076923076923077,0.00276923076923077,194.25473707374255,194.25006114263303,0.004675931109517251
0.03076923076923077,0.003076923076923078,193.161117317814,193.15605569061375,0.005061627200234398
0.03076923076923077,0.0033846153846153852,191.95467482027917,191.9492525414202,0.005422278858958407
0.03076923076923077,0.003692307692307693,190.63611506274057,190.63035643410754,0.0057586286330320036
0.03076923076923077,0.004000000000000001,189.20620848193627,189.2001375668617,0.00607091507455948
0.03076923076923077,0.004307692307692308,187.66579092432227,187.65943114722577,0.006359777096491825
0.03076923076923077,0.004615384615384617,186.01576240494902,186.00913690436184,0.0066255005871767025
0.03076923076923077,0.004923076923076924,184.2570871766043,184.25021856363486,0.006868612969441301
0.03076923076923077,0.0052307692307692315,182.39079273515392,182.38370328382393,0.0070894513299890605
0.03076923076923077,0.00553846153846154,180.41796953533657,180.41068105729076,0.007288478045808233
0.03076923076923077,0.005846153846153847,178.33977017529176,178.3323040734545,0.007466101837252381
0.03076923076923077,0.006153846153846156,176.15740879268293,176.1497860459459,0.0076227467370415525
0.03076923076923077,0.006461538461538463,173.87216030627616,173.86440150383237,0.0077588024437886816
0.03076923076923077,0.0067692307692307704,171.48535970823346,171.47748504732928,0.007874660904178654
0.03076923076923077,0.007076923076923079,168.99840137593878,168.99043056843072,0.007970807508058897
0.03076923076923077,0.007384615384615386,166.4127380553225,166.40469043691593,0.00804761840657875
0.03076923076923077,0.007692307692307694,163.72988017607156,163.72177465220628,0.008105523865282294
0.03076923076923077,0.008000000000000002,160.95139484597004,160.94324996156809,0.008144884401957597
0.03076923076923077,0.00830769230769231,158.07890517788078,158.07073894517637,0.008166232704411414
0.03076923076923077,0.008615384615384617,155.11408899361732,155.1059190685737,0.008169925043603143
0.03076923076923077,0.008923076923076924,152.05867811587342,152.05052170307752,0.008156412795898405
0.03076923076923077,0.009230769230769233,148.91445717531647,148.9063311147081,0.00812606060836174
0.03076923076923077,0.00953846153846154,145.68326283703175,145.67518342222746,0.008079414804285534
0.03076923076923077,0.009846153846153848,142.36698235858148,142.35896552489763,0.008016833683853974
0.03076923076923077,0.010153846153846156,138.96755278588995,138.95961400058462,0.007938785305327656
0.03076923076923077,0.010461538461538463,135.4869596297588,135.47911397485169,0.007845654907100652
0.03076923076923077,0.010769230769230772,131.92723593614946,131.91949796170155,0.007737974447906026
0.03076923076923077,0.01107692307692308,128.29046079567317,128.28284467664574,0.007616119027431978
0.03076923076923077,0.011384615384615387,124.57875838757235,124.5712778227932,0.007480564779143606
0.03076923076923077,0.011692307692307695,120.79429657632838,120.78696485066742,0.007331725660961297
0.03076923076923077,0.012000000000000002,116.93928579980334,116.93211569247637,0.007170107326970765
0.03076923076923077,0.012307692307692311,113.01597758971556,113.00898147157442,0.006996118141145757
0.03076923076923077,0.012615384615384619,109.02666342766486,109.01985318786961,0.006810239795242978
0.03076923076923077,0.012923076923076926,104.97367329305263,104.96706037994423,0.006612913108398288
0.03076923076923077,0.013230769230769233,100.85937436768216,100.85296976466991,0.006404603012256871
0.03076923076923077,0.013538461538461541,96.68616962121067,96.67998385511153,0.006185766099136458
0.03076923076923077,0.013846153846153848,92.45649642788044,92.45053955752748,0.005956870352960664
0.03076923076923077,0.014153846153846157,88.17282515213375,88.16710674828465,0.005718403849101605
0.03076923076923077,0.014461538461538465,83.83765763341911,83.83218683152063,0.005470801898482591
0.03076923076923077,0.014769230769230772,79.45352586215976,79.44831127839369,0.005214583766075975
0.03076923076923077,0.01507692307692308,75.02299033408742,75.01804014877527,0.004950185312154076
0.03076923076923077,0.015384615384615387,70.54863873892569,70.54396059624698,0.0046781426787134706
0.03076923076923077,0.015692307692307696,66.0330842159198,66.02868535727559,0.004398858644208303
0.03076923076923077,0.016000000000000004,61.478964127200555,61.47485122544881,0.0041129017517462785
0.03076923076923077,0.01630769230769231,56.88893818094658,56.8851175116619,0.0038206692846785018
0.03076923076923077,0.01661538461538462,52.265687215920316,52.2621644911551,0.0035227247652187543
0.03076923076923077,0.016923076923076926,47.611911297639494,47.608691838308125,0.0032194593313690234
0.03076923076923077,0.017230769230769234,42.93032845519243,42.92741705010677,0.002911405085662011
0.03076923076923077,0.01753846153846154,38.2236728348361,38.221073859200736,0.0025989756353652638
0.03076923076923077,0.01784615384615385,33.49469331063869,33.492410637481164,0.002282673157523618
0.03076923076923077,0.01815384615384616,28.74615173732929,28.74418879110838,0.0019629462209067583
0.03076923076923077,0.018461538461538467,23.98082143696736,23.97918114792917,0.0016402890381890245
0.03076923076923077,0.018769230769230774,19.201485513951255,19.200170338222524,0.0013151757287310772
0.03076923076923077,0.01907692307692308,14.410935270324908,14.409947169722601,0.0009881006023064742
0.03076923076923077,0.01938461538461539,9.611968549585342,9.611308997865192,0.0006595517201493095
0.03076923076923077,0.019692307692307696,4.807388113451798,4.807058092211244,0.00033002124055414583
0.031384615384615386,0.00030769230769230776,187.80131033876123,187.80070808323222,0.0006022555290030596
0.031384615384615386,0.0006153846153846155,187.63736129141665,187.6361865799902,0.0011747114264437641
0.031384615384615386,0.0009230769230769233,187.36380885760403,187.3620908276929,0.00171802991113168
0.031384615384615386,0.001230769230769231,186.98081516625913,186.978580890541,0.0022342757181377237
0.031384615384615386,0.001538461538461539,186.48860408151484,186.48588072753802,0.0027233539768189985
0.031384615384615386,0.0018461538461538465,185.88746491944744,185.88427806170455,0.003186857742889515
0.031384615384615386,0.002153846153846154,185.17774871416114,185.17412421205603,0.00362450210511156
0.031384615384615386,0.002461538461538462,184.35987132275667,184.35583388844248,0.004037434314199118
0.031384615384615386,0.00276923076923077,183.43431058504947,183.42988494936952,0.004425635679950801
0.031384615384615386,0.003076923076923078,182.4016082277779,182.39681812294245,0.004790104835450393
0.031384615384615386,0.0033846153846153852,181.26236752268142,181.2572366910964,0.00513083158500649
0.031384615384615386,0.003692307692307693,180.01725472101768,180.01180613729647,0.005448583721204159
0.031384615384615386,0.004000000000000001,178.66699726877042,178.6612537579143,0.005743510856120793
0.031384615384615386,0.004307692307692308,177.21238452442927,177.20636823750738,0.006016286921891378
0.031384615384615386,0.004615384615384617,175.65426630893003,175.64799918824946,0.006267120680575999
0.031384615384615386,0.004923076923076924,173.99355321397974,173.98705665378105,0.006496560198684165
0.031384615384615386,0.0052307692307692315,172.2312154712997,172.22451057776948,0.00670489353021253
0.031384615384615386,0.00553846153846154,170.36828283532017,170.36139023748916,0.006892597831011926
0.031384615384615386,0.005846153846153847,168.40584368149743,168.3987836427527,0.007060038744725716
0.031384615384615386,0.006153846153846156,166.3450445421106,166.33783690054358,0.007207641567021028
0.031384615384615386,0.006461538461538463,164.18708931402662,164.1797535457222,0.007335768304415069
0.031384615384615386,0.0067692307692307704,161.93323864413392,161.92579383819537,0.007444805938547461
0.031384615384615386,0.007076923076923079,159.5848092391672,159.57727402695988,0.007535212207329778
0.031384615384615386,0.007384615384615386,157.14317293306905,157.13556558145027,0.007607351618787561
0.031384615384615386,0.007692307692307694,154.60975602499934,154.60209439063925,0.007661634360090375
0.031384615384615386,0.008000000000000002,151.98603833657145,151.97833993035874,0.0076984062127110064
0.031384615384615386,0.00830769230769231,149.2735525736986,149.26583439932762,0.007718174370978659
0.031384615384615386,0.008615384615384617,146.47388310297782,146.46616182439078,0.007721278587041525
0.031384615384615386,0.008923076923076924,143.5886652839085,143.58095713549216,0.007708148416355698
0.031384615384615386,0.009230769230769233,140.61958434222072,140.61190521092152,0.007679131299198616
0.031384615384615386,0.00953846153846154,137.5683746373979,137.56073989339328,0.007634744004633376
0.031384615384615386,0.009846153846153848,134.43681830644698,134.4292429775308,0.007575328916175295
0.031384615384615386,0.010153846153846156,131.22674449639132,131.2192431693488,0.007501327042518824
0.031384615384615386,0.010461538461538463,127.94002812580551,127.93261501834044,0.007413107465069402
0.031384615384615386,0.010769230769230772,124.57858898860145,124.57127782279316,0.007311165808289388
0.031384615384615386,0.01107692307692308,121.14439037263188,121.13719450897266,0.007195863659219981
0.031384615384615386,0.011384615384615387,117.63943812748114,117.63237048482905,0.0070676426520890345
0.031384615384615386,0.011692307692307695,114.06577937226852,114.05885246889524,0.0069269033732837215
0.031384615384615386,0.012000000000000002,110.42550140607028,110.41872729506092,0.006774111009363537
0.031384615384615386,0.012307692307692311,106.72073035600297,106.71412069392022,0.006609662082752266
0.031384615384615386,0.012615384615384619,102.95363005060109,102.94719605140513,0.00643399919596277
0.031384615384615386,0.012923076923076926,99.12640069477273,99.12015314542879,0.00624754934393934
0.031384615384615386,0.013230769230769233,95.24127759700212,95.2352268612773,0.00605073572482695
0.031384615384615386,0.013538461538461541,91.30052988572405,91.29468588649952,0.005843999224524055
0.031384615384615386,0.013846153846153848,87.30645915372517,87.30083138605767,0.005627767667505168
0.031384615384615386,0.014153846153846157,83.26139816606073,83.25599565851142,0.005402507549305824
0.031384615384615386,0.014461538461538465,79.1677093904837,79.16254077402161,0.005168616462086106
0.031384615384615386,0.014769230769230772,75.027783779191,75.02285719496743,0.004926584223568398
0.031384615384615386,0.01507692307692308,70.84403919327816,70.83936237998401,0.004676813294153703
0.031384615384615386,0.015384615384615387,66.61891917629544,66.61449937223449,0.004419804060944443
0.031384615384615386,0.015692307692307696,62.35489130948312,62.35073537274156,0.004155936741561561
0.031384615384615386,0.016000000000000004,58.05444603184601,58.05056029961172,0.003885732234294892
0.031384615384615386,0.01630769230769231,53.720094907241595,53.716485333993084,0.0036095732485108556
0.031384615384615386,0.01661538461538462,49.354369421926556,49.3510414536164,0.0033279683101525848
0.031384615384615386,0.016923076923076926,44.95981927395994,44.956777954775134,0.00304131918480266
0.031384615384615386,0.017230769230769234,40.539011083483494,40.53626096360854,0.0027501198749533273
0.031384615384615386,0.01753846153846154,36.094526749892566,36.092071937555914,0.0024548123366514574
0.031384615384615386,0.01784615384615385,31.628962030184535,31.62680615785846,0.002155872326074615
0.031384615384615386,0.01815384615384616,27.14492497366811,27.14307121398777,0.0018537596803405165
0.031384615384615386,0.018461538461538467,22.645034415751873,22.64348548088759,0.001548934864281648
0.031384615384615386,0.018769230769230774,18.131918441260222,18.130676589915826,0.0012418513443961388
0.031384615384615386,0.01907692307692308,13.60821285841454,13.607279894382437,0.0009329640321027455
0.031384615384615386,0.01938461538461539,9.076559654895327,9.075936930576942,0.0006227243183847264
0.031384615384615386,0.019692307692307696,4.5396054607843945,4.539293875185917,0.00031158559847721534
0.032,0.00030769230769230776,176.2846330478051,176.28408818248008,0.000544865325025512
0.032,0.0006153846153846155,176.13072603973694,176.12965573394757,0.0010703057893692858
0.032,0.0009230769230769233,175.87394199773232,175.87236852634553,0.0015734713867914252
0.032,0.001230769230769231,175.5144308163726,175.51237680815788,0.0020540082147135763
0.032,0.001538461538461539,175.05240173783605,175.0498908044105,0.00251093342555464
0.032,0.0018461538461538465,174.48812546610182,174.48518059390585,0.0029448721959681734
0.032,0.002153846153846154,173.82193126148476,173.81857595150439,0.0033553099803782516
0.032,0.002461538461538462,173.05420912290816,173.05046615554542,0.003742967362740046
0.032,0.00276923076923077,172.18540749063783,172.18129976051952,0.004107730118306563
0.032,0.003076923076923078,171.21603471823957,171.21158433512534,0.0044503831142321815
0.032,0.0033846153846153852,170.14665702026963,170.14188616586372,0.004770854405904856
0.032,0.003692307692307693,168.97789973638862,168.97282992634243,0.005069810046194334
0.032,0.004000000000000001,167.71044566505978,167.70509831248424,0.005347352575540754
0.032,0.004307692307692308,166.3450357524453,166.3394316438519,0.005604108593416868
0.032,0.004615384615384617,164.88246767626924,164.87662743132208,0.005840244947165729
0.032,0.004923076923076924,163.3235961956504,163.31753991136185,0.006056284288547431
0.032,0.0052307692307692315,161.66933203249135,161.66307954717834,0.006252485313012812
0.032,0.00553846153846154,159.9206418072031,159.91421249703396,0.006429310169153268
0.032,0.005846153846153847,158.0785471460686,158.0719600500373,0.006587096031296369
0.032,0.006153846153846156,156.14412428264868,156.1373980297388,0.006726252909885488
0.032,0.006461538461538463,154.11850328838094,154.11165616588028,0.0068471225006589975
0.032,0.0067692307692307704,152.00286751088566,151.99591743466465,0.006950076221016843
0.032,0.007076923076923079,149.7984529164382,149.79141736793085,0.007035548507360545
0.032,0.007384615384615386,147.50654721784633,147.4994433316383,0.007103886208028598
0.032,0.007692307692307694,145.12848925458064,145.12133377408134,0.007155480499307032
0.032,0.008000000000000002,142.6656681027553,142.65847744427307,0.007190658482215895
0.032,0.00830769230769231,140.11952248293866,140.11231258095512,0.007209901983543432
0.032,0.008615384615384617,137.491539604432,137.4843260727067,0.007213531725312805
0.032,0.008923076923076924,134.7832545443946,134.77605258964348,0.0072019547511104065
0.032,0.009230769230769233,131.99624918622902,131.98907368721356,0.007175499015460218
0.032,0.00953846153846154,129.13215153363248,129.12501688261358,0.00713465101890165
0.032,0.009846153846153848,126.19263443909604,126.18555470436446,0.007079734731576082
0.032,0.010153846153846156,123.17941487906243,123.1724037156019,0.0070111634605325435
0.032,0.010461538461538463,120.09425279857079,120.08732351165186,0.006929286918932576
0.032,0.010769230769230772,116.93895025766845,116.93211569247639,0.006834565192065156
0.032,0.01107692307692308,113.7153501526713,113.70862281059001,0.006727342081290999
0.032,0.011384615384615387,110.42533532110967,110.41872729506098,0.006608026048695592
0.032,0.011692307692307695,107.07082735087408,107.06435035222556,0.006476998648523136
0.032,0.012000000000000002,103.65378553180877,103.64745084375791,0.00633468805085613
0.032,0.012307692307692311,100.17620561403812,100.17002414274968,0.006181471288442708
0.032,0.012615384615384619,96.64011872387974,96.63410096846864,0.006017755411093617
0.032,0.012923076923076926,93.04759014475184,93.0417462004756,0.005843944276236357
0.032,0.013230769230769233,89.40071810004555,89.39505767279297,0.00566042725257887
0.032,0.013538461538461541,85.70163256547528,85.69616494882874,0.0054676166465412734
0.032,0.013846153846153848,81.95249398607433,81.9472280777715,0.00526590830283169
0.032,0.014153846153846157,78.15549206416134,78.15043633318237,0.0050557309789667215
0.032,0.014461538461538465,74.31284439343261,74.30800693452115,0.004837458911467252
0.032,0.014769230769230772,70.42679528600175,70.42218375235228,0.004611533649466537
0.032,0.01507692307692308,66.49961433614527,66.4952359979879,0.004378338157366102
0.032,0.015384615384615387,62.533595216557785,62.529456898332256,0.004138318225528792
0.032,0.015692307692307696,58.531054204130484,58.52716235670159,0.0038918474288962557
0.032,0.016000000000000004,54.494328987881886,54.49068960040208,0.003639387479807965
0.032,0.01630769230769231,50.42577712857269,50.422395815854784,0.003381312717905871
0.032,0.01661538461538462,46.32777484653068,46.324656772065204,0.003118074465476184
0.032,0.016923076923076926,42.202715488986165,42.1998654332409,0.0028500557452630915
0.032,0.017230769230769234,38.05300824148654,38.050430561368124,0.002577680118413639
0.032,0.01753846153846154,33.88107665771155,33.87877530956228,0.002301348149273963
0.032,0.01784615384615385,29.68935728278809,29.687335807015074,0.00202147577301659
0.032,0.01815384615384616,25.480298232993935,25.47855973636329,0.0017384966306437377
0.032,0.018461538461538467,21.25635774424141,21.254904904311662,0.0014528399297475403
0.032,0.018769230769230774,17.020002757973902,17.018837806342205,0.0011649516316971642
0.032,0.01907692307692308,12.773707462594786,12.772832186350918,0.0008752762438675177
0.032,0.01938461538461539,8.519951855366836,8.519367592050651,0.0005842633161847743
0.032,0.019692307692307696,4.26122028436173,4.260927926985342,0.0002923573763879972
0.032615384615384616,0.00030769230769230776,164.35627234096663,164.3557486255933,0.0005237153733332889
0.032615384615384616,0.0006153846153846155,164.21278618216354,164.21176591590955,0.0010202662539882112
0.032615384615384616,0.0009230769230769233,163.9733798711445,163.97188815919762,0.0014917119468691453
0.032615384615384616,0.001230769230769231,163.6381952454356,163.63625543731234,0.0019398081232679942
0.032615384615384616,0.001538461538461539,163.20742885532343,163.2050637503118,0.0023651050116200167
0.032615384615384616,0.0018461538461538465,162.6813334213603,162.67856490199867,0.0027685193616378
0.032615384615384616,0.002153846153846154,162.06021643046165,162.05706635287393,0.0031500775877191245
0.032615384615384616,0.002461538461538462,161.344441461294,161.34093104058863,0.0035104207053677783
0.032615384615384616,0.00276923076923077,160.53442677483645,160.53057716799853,0.003849606837917463
0.032615384615384616,0.003076923076923078,159.63064624173532,159.62647795894532,0.004168282790004696
0.032615384615384616,0.0033846153846153852,158.63362780344139,158.6291613819073,0.004466421534090159
0.032615384615384616,0.003692307692307693,157.54395443138728,157.53920984168064,0.004744589706632496
0.032615384615384616,0.004000000000000001,156.36226272205406,156.3572598392714,0.005002882782662255
0.032615384615384616,0.004307692307692308,155.08924345982587,155.08400160019684,0.005241859629023793
0.032615384615384616,0.004615384615384617,153.7256403315416,153.72017867141304,0.005461660128560197
0.032615384615384616,0.004923076923076924,152.27225024685887,152.26658748710474,0.005662759754130775
0.032615384615384616,0.0052307692307692315,150.72992229242828,150.7240769035898,0.005845388838480403
0.032615384615384616,0.00553846153846154,149.09955767797206,149.09354770361136,0.006009974360694059
0.032615384615384616,0.005846153846153847,147.3821088922285,147.37595207030586,0.00615682192264444
0.032615384615384616,0.006153846153846156,145.57857934175595,145.57229303115497,0.0062863106009842795
0.032615384615384616,0.006461538461538463,143.69002262821635,143.68362387224585,0.006398755970508319
0.032615384615384616,0.0067692307692307704,141.71754202461415,141.71104752318163,0.006494501432513289
0.032615384615384616,0.007076923076923079,139.66228986508162,139.65571591300167,0.006573952079946821
0.032615384615384616,0.007384615384615386,137.52546672532256,137.51882929748737,0.006637427835187282
0.032615384615384616,0.007692307692307694,135.30832085319918,135.30163555824666,0.006685294952518461
0.032615384615384616,0.008000000000000002,133.0121473287544,133.00542947398617,0.006717854768226061
0.032615384615384616,0.00830769230769231,130.6382875230061,130.63155196439712,0.006735558608994552
0.032615384615384616,0.008615384615384617,128.18812800985677,128.1813893070958,0.0067387027609697725
0.032615384615384616,0.008923076923076924,125.66309999560325,125.6563723280765,0.0067276675267464725
0.032615384615384616,0.009230769230769233,123.064678323154,123.05797556614952,0.006702757004475757
0.032615384615384616,0.00953846153846154,120.39438083598003,120.38771641185204,0.006664424127990287
0.032615384615384616,0.009846153846153848,117.65376719219383,117.64715422133457,0.006612970859251277
0.032615384615384616,0.010153846153846156,114.84443818642032,114.83788940574111,0.0065487806792106085
0.032615384615384616,0.010461538461538463,111.96803467743001,111.96156249661398,0.0064721808160328465
0.032615384615384616,0.010769230769230772,109.02623678286201,109.01985318786963,0.006383594992385611
0.032615384615384616,0.01107692307692308,106.02076270120213,106.01447935490472,0.006283346297408343
0.032615384615384616,0.011384615384615387,102.95336786155909,102.94719605140519,0.006171810153901447
0.032615384615384616,0.011692307692307695,99.82584383039479,99.8197944844444,0.006049345950387419
0.032615384615384616,0.012000000000000002,96.64001731454648,96.63410096846866,0.0059163460778250965
0.032615384615384616,0.012307692307692311,93.39774902383974,93.39197585878087,0.005773165058869267
0.032615384615384616,0.012615384615384619,90.10093264162472,90.09531246514565,0.005620176479069983
0.032615384615384616,0.012923076923076926,86.75149370393902,86.74603594614958,0.005457757789443463
0.032615384615384616,0.013230769230769233,83.3513884530177,83.3461021849628,0.005286268054902621
0.032615384615384616,0.013538461538461541,79.90260273586294,79.89749664715838,0.005106088704565082
0.032615384615384616,0.013846153846153848,76.4071508108211,76.4022332212564,0.004917589564698233
0.032615384615384616,0.014153846153846157,72.86707420423461,72.86235304266955,0.004721161565058196
0.032615384615384616,0.014461538461538465,69.28444046690899,69.27992330173778,0.004517165171208148
0.032615384615384616,0.014769230769230772,65.66134203231103,65.65703603654715,0.004305995763871806
0.032615384615384616,0.01507692307692308,61.99989493885734,61.99580691123865,0.00408802761868543
0.032615384615384616,0.015384615384615387,58.302237635498614,58.29837398051988,0.0038636549787369745
0.032615384615384616,0.015692307692307696,54.57052969672552,54.56689644110115,0.0036332556243721115
0.032615384615384616,0.016000000000000004,50.8069506083982,50.80355337078568,0.0033972376125248616
0.032615384615384616,0.01630769230769231,47.01369843200922,47.010542455949334,0.0031559760598867115
0.032615384615384616,0.01661538461538462,43.19298859259102,43.190078708153784,0.0029098844372370536
0.032615384615384616,0.016923076923076926,39.34705253115415,39.34439317064191,0.0026593605122400277
0.032615384615384616,0.017230769230769234,35.47813643036793,35.475731615471716,0.0024048148962165783
0.032615384615384616,0.01753846153846154,31.588499891603178,31.586353232048342,0.002146659554835395
0.032615384615384616,0.01784615384615385,27.68041460567543,27.678529307821385,0.0018852978540451204
0.032615384615384616,0.01815384615384616,23.756163053803405,23.75454190191662,0.0016211518867841335
0.032615384615384616,0.018461538461538467,19.81803712294362,19.816682512478312,0.0013546104653059388
0.032615384615384616,0.018769230769230774,15.868336818395887,15.86725073849811,0.0010860798977780917
0.032615384615384616,0.01907692307692308,11.909368888563666,11.908552936914562,0.0008159516491037522
0.032615384615384616,0.01938461538461539,7.943445506248158,7.942900875765268,0.0005446304828895521
0.032615384615384616,0.019692307692307696,3.9728828972066017,3.9726103841797165,0.00027251302688524603
0.03323076923076923,0.00030769230769230776,152.04401651157514,152.0435486023109,0.0004679092642447813
0.03323076923076923,0.0006153846153846155,151.91126959250477,151.91035190976586,0.0009176827389012487
0.03323076923076923,0.0009230769230769233,151.68979208489685,151.68844384955966,0.0013482353371898625
0.03323076923076923,0.001230769230769231,151.37971307237996,151.3779540097504,0.0017590626295600487
0.03323076923076923,0.001538461538461539,150.98121383415761,150.97906370766108,0.002150126496530902
0.03323076923076923,0.0018461538461538465,150.49452747454185,150.4920058839952,0.002521590546649577
0.03323076923076923,0.002153846153846154,149.91993839768662,149.917064966806,0.0028734308806122044
0.03323076923076923,0.002461538461538462,149.2577826763181,149.25457670539862,0.0032059709194811603
0.03323076923076923,0.00276923076923077,148.50844725976975,148.50492797426176,0.003519285507991299
0.03323076923076923,0.003076923076923078,147.67237038097807,147.668556547144,0.003813833834072966
0.03323076923076923,0.0033846153846153852,146.750040442063,146.74595084140628,0.004089600656726589
0.03323076923076923,0.003692307692307693,145.74199666364262,145.73764963279976,0.0043470308428652515
0.03323076923076923,0.004000000000000001,144.64882795394817,144.64424174083615,0.004586213112020232
0.03323076923076923,0.004307692307692308,143.47117330024042,143.46636568493358,0.004807615306845037
0.03323076923076923,0.004615384615384617,142.20972067737583,142.2047093115392,0.005011365836622872
0.03323076923076923,0.004923076923076924,140.86520726807345,140.86000939244641,0.0051978756270329995
0.03323076923076923,0.0052307692307692315,139.4384185519734,139.43305119454064,0.0053673574327604
0.03323076923076923,0.00553846153846154,137.93018820815857,137.92466802122578,0.005520186932784554
0.03323076923076923,0.005846153846153847,136.34139737686618,136.33574072579844,0.005656651067738494
0.03323076923076923,0.006153846153846156,134.67297428668533,134.6671971970543,0.005777089631038734
0.03323076923076923,0.006461538461538463,132.92589361577294,132.92001181742728,0.005881798345654943
0.03323076923076923,0.0067692307692307704,131.10117598064085,131.09520489397775,0.005971086663095093
0.03323076923076923,0.007076923076923079,129.1998873980069,129.1938420625617,0.006045335445179489
0.03323076923076923,0.007384615384615386,127.22313850115408,127.21703366552957,0.006104835624512361
0.03323076923076923,0.007692307692307694,125.17208403323843,125.16593410331754,0.006149929920894692
0.03323076923076923,0.008000000000000002,123.04792205312259,123.04174116031015,0.006180892812437833
0.03323076923076923,0.00830769230769231,120.85189345118961,120.84569530536807,0.0061981458215427665
0.03323076923076923,0.008615384615384617,118.58528092798143,118.5790789674291,0.006201960552331798
0.03323076923076923,0.008923076923076924,116.24940847669558,116.24321578660576,0.006192690089818598
0.03323076923076923,0.009230769230769233,113.84564045518313,113.83946984121683,0.006170613966304472
0.03323076923076923,0.00953846153846154,111.37538100258138,111.36924485120407,0.006136151377305055
0.03323076923076923,0.009846153846153848,108.84007293935136,108.83398335839911,0.006089580952249207
0.03323076923076923,0.010153846153846156,106.24119713981051,106.23516588411981,0.006031255690700732
0.03323076923076923,0.010461538461538463,103.58027154246945,103.57431006458748,0.00596147788196788
0.03323076923076923,0.010769230769230772,100.858850400267,100.85296976466995,0.005880635597051764
0.03323076923076923,0.01107692307692308,98.07852319819392,98.07273417046841,0.005789027725512597
0.03323076923076923,0.011384615384615387,95.24091385806085,95.23522686127737,0.005686996783481391
0.03323076923076923,0.011692307692307695,92.3476797366089,92.34210486146007,0.005574875148823821
0.03323076923076923,0.012000000000000002,89.4005106930828,89.395057672793,0.005453020289792221
0.03323076923076923,0.012307692307692311,86.40112804695619,86.39580628784432,0.005321759111865276
0.03323076923076923,0.012615384615384619,83.35128361680653,83.34610218496282,0.005181431843709561
0.03323076923076923,0.012923076923076926,80.2527586901256,80.24772630546369,0.005032384661916467
0.03323076923076923,0.013230769230769233,77.10736295810221,77.10248801360913,0.004874944493082012
0.03323076923076923,0.013538461538461541,73.91693349862419,73.9122240399904,0.00470945863378347
0.03323076923076923,0.013846153846153848,70.68333367352473,70.67879740892913,0.004536264595600414
0.03323076923076923,0.014153846153846157,67.40845206496822,67.4040963505232,0.004355714445011927
0.03323076923076923,0.014461538461538465,64.09420133706676,64.09003319797398,0.004168139092783463
0.03323076923076923,0.014769230769230772,60.742517160998034,60.73854327083717,0.003973890160864357
0.03323076923076923,0.01507692307692308,57.35535705892184,57.35158374485102,0.003773314070819822
0.03323076923076923,0.015384615384615387,53.9346992680932,53.93113250900063,0.003566759092564098
0.03323076923076923,0.015692307692307696,50.48254159519523,50.47918701048646,0.0033545847087665948
0.03323076923076923,0.016000000000000004,47.00090023754273,46.997763088271554,0.0031371492711755877
0.03323076923076923,0.01630769230769231,43.49180861460331,43.48889379588825,0.0029148187150553895
0.03323076923076923,0.01661538461538462,39.957316167693335,39.95462821419221,0.0026879535011232747
0.03323076923076923,0.016923076923076926,36.399487196402,36.39703025475679,0.0024569416452067117
0.03323076923076923,0.017230769230769234,32.820399579108845,32.81817745460706,0.002222124501784606
0.03323076923076923,0.01753846153846154,29.22214365624722,29.22015976299634,0.001983893250880442
0.03323076923076923,0.01784615384615385,25.606820909719435,25.605078320935036,0.001742588784399146
0.03323076923076923,0.01815384615384616,21.976542859249108,21.9750442341831,0.0014986250660093958
0.03323076923076923,0.018461538461538467,18.333429691969908,18.33217734042422,0.0012523515456877021
0.03323076923076923,0.018769230769230774,14.67960914508734,14.678604971339693,0.0010041737476473855
0.03323076923076923,0.01907692307692308,11.017215170077177,11.016460710307117,0.0007544597700608335
0.03323076923076923,0.01938461538461539,7.348386753450276,7.347883146447472,0.0005036070028037187
0.03323076923076923,0.019692307692307696,3.6752666187137257,3.675014625749561,0.0002519929641646712
0.033846153846153845,0.00030769230769230776,139.37667976537924,139.37624382627715,0.0004359391020898329
0.033846153846153845,0.0006153846153846155,139.25499434023686,139.25414423791798,0.0008501023188784984
0.033846153846153845,0.0009230769230769233,139.05196905611118,139.0507241507743,0.0012449053368754903
0.033846153846153845,0.001230769230769231,138.76772310506772,138.7661023564486,0.0016207486191035514
0.033846153846153845,0.001538461538461539,138.40242349867103,138.40044506605375,0.0019784326172782585
0.033846153846153845,0.0018461538461538465,137.95628391058122,137.9539658131503,0.002318097430929811
0.033846153846153845,0.002153846153846154,137.42956527930988,137.42692532904883,0.002639950261055901
0.033846153846153845,0.002461538461538462,136.82257556975023,136.81963139055048,0.0029441791997442124
0.033846153846153845,0.00276923076923077,136.1356695809875,136.13243864021368,0.003230940773818247
0.033846153846153845,0.003076923076923078,135.36924894914327,135.36574837925298,0.0035005698902921267
0.033846153846153845,0.0033846153846153852,134.52376142590177,134.52000833319053,0.003753092711235695
0.033846153846153845,0.003692307692307693,133.5997012498449,133.59571239039684,0.00398885944807148
0.033846153846153845,0.004000000000000001,132.59760828644482,132.59340031367398,0.004207972770842616
0.033846153846153845,0.004307692307692308,131.51806824524425,131.51365742504927,0.00441082019497685
0.033846153846153845,0.004615384615384617,130.36171179854065,130.35711426396367,0.0045975345769875275
0.033846153846153845,0.004923076923076924,129.12921468419054,129.12444621905456,0.004768465135981614
0.033846153846153845,0.0052307692307692315,127.82129694889157,127.81637313374776,0.004923815143811794
0.033846153846153845,0.00553846153846154,126.43872279249636,126.43365888588923,0.005063906607134072
0.033846153846153845,0.005846153846153847,124.9822999540228,124.97711094166199,0.0051890123608160366
0.033846153846153845,0.006153846153846156,123.45287931376376,123.4475798840485,0.0052994297152650915
0.033846153846153845,0.006461538461538463,121.8513543510597,121.8459589161142,0.005395434945498323
0.033846153846153845,0.0067692307692307704,120.17866063918818,120.17318333940213,0.005477299786051049
0.033846153846153845,0.007076923076923079,118.43577538771095,118.43023000774308,0.00554537996787019
0.033846153846153845,0.007384615384615386,116.62371669138327,116.61811675680046,0.005599934582804167
0.033846153846153845,0.007692307692307694,114.74354309064836,114.73790180968307,0.005641280965292594
0.033846153846153845,0.008000000000000002,112.79635282356327,112.7906831589724,0.005669664590868706
0.033846153846153845,0.00830769230769231,110.78328340112772,110.77759792552607,0.005685475601652001
0.033846153846153845,0.008615384615384617,108.70551065407439,108.69982169443115,0.005688959643237013
0.033846153846153845,0.008923076923076924,106.56424827007041,106.5585678284956,0.005680441574810402
0.033846153846153845,0.009230769230769233,104.36074693526209,104.35508675967858,0.005660175583500404
0.033846153846153845,0.00953846153846154,102.09629380572257,102.09066525887347,0.005628546849095528
0.033846153846153845,0.009846153846153848,99.77221149477477,99.76662568446969,0.005585810305078098
0.033846153846153845,0.010153846153846156,97.3898574992464,97.38432521013284,0.005532289113560296
0.033846153846153845,0.010461538461538463,94.95062329299937,94.94515503225348,0.0054682607458858
0.033846153846153845,0.010769230769230772,92.45593363717775,92.45053955752749,0.005394079650258732
0.033846153846153845,0.01107692307692308,89.9072455923257,89.90193557114277,0.005310021182921787
0.033846153846153845,0.011384615384615387,87.3060477838561,87.30083138605771,0.005216397798392336
0.033846153846153845,0.011692307692307695,84.65385948939851,84.64874597386829,0.005113515530226209
0.033846153846153845,0.012000000000000002,81.95222977798463,81.9472280777715,0.005001700213128402
0.033846153846153845,0.012307692307692311,79.20273656091516,79.19785530814283,0.004881252772321432
0.033846153846153845,0.012615384615384619,76.40698570525201,76.4022332212564,0.004752483995616785
0.033846153846153845,0.012923076923076926,73.56661009291322,73.56199438168511,0.004615711228112218
0.033846153846153845,0.013230769230769233,70.68326864172136,70.6787974089291,0.004471232792255364
0.033846153846153845,0.013538461538461541,67.75864537698045,67.75432600882846,0.004319368151996628
0.033846153846153845,0.013846153846153848,64.79444841817693,64.79028799032666,0.004160427850266046
0.033846153846153845,0.014153846153846157,61.79240900455906,61.788414268158,0.003994736401061516
0.033846153846153845,0.014461538461538465,58.75428045168793,58.750457852042345,0.003822599645587843
0.033846153846153845,0.014769230769230772,55.68183716409044,55.67819282297665,0.003644341113790972
0.033846153846153845,0.01507692307692308,52.57687358034766,52.57341329722172,0.0034602831259391564
0.033846153846153845,0.015384615384615387,49.441203122294375,49.437932378588854,0.003270743705520829
0.033846153846153845,0.015692307692307696,46.27665716122298,46.27358109963812,0.0030760615848564044
0.033846153846153845,0.016000000000000004,43.08508390545731,43.0822073524071,0.0028765530502070646
0.033846153846153845,0.01630769230769231,39.868347373695116,39.865674809293864,0.0026725644012515204
0.033846153846153845,0.01661538461538462,36.62832623679981,36.625861834724816,0.0024644020749917672
0.033846153846153845,0.016923076923076926,33.366912838337285,33.364660388242655,0.002252450094630376
0.033846153846153845,0.017230769230769234,30.08601192485805,30.083974919655514,0.002037005202534914
0.033846153846153845,0.01753846153846154,26.78753972693784,26.785721256891602,0.001818470046238474
0.033846153846153845,0.01784615384615385,23.47342263289606,23.471825487209944,0.0015971456861159083
0.033846153846153845,0.01815384615384616,20.145596279031363,20.14422283241933,0.00137344661203187
0.033846153846153845,0.018461538461538467,16.806004188884565,16.804856518763764,0.0011476701208010809
0.033846153846153845,0.018769230769230774,13.456596839586167,13.455676642132453,0.0009201974537145219
0.033846153846153845,0.01907692307692308,10.099330370875887,10.098639029259214,0.0006913416166725028
0.033846153846153845,0.01938461538461539,6.7361655602611314,6.73570409557443,0.0004614646867011629
0.033846153846153845,0.019692307692307696,3.3690666001351364,3.3688357003778884,0.00023089975724799316
0.03446153846153846,0.00030769230769230776,126.38379560571366,126.38341937474053,0.0003762309731314417
0.03446153846153846,0.0006153846153846155,126.27344342310099,126.27270205981335,0.0007413632876307474
0.03446153846153846,0.0009230769230769233,126.08933832576135,126.08824504277126,0.0010932829900838215
0.03446153846153846,0.001230769230769231,125.83158673230226,125.83015604131782,0.0014306909844350457
0.03446153846153846,0.001538461538461539,125.5003387509256,125.49858577216202,0.001752978763576607
0.03446153846153846,0.0018461538461538465,125.09578775654221,125.09372786300389,0.0020598935383162598
0.03446153846153846,0.002153846153846154,124.61816988200127,124.61581873946142,0.0023511425398510255
0.03446153846153846,0.002461538461538462,124.06776428816032,124.06513748700463,0.0026268011556851434
0.03446153846153846,0.00276923076923077,123.44489252078455,123.4420056879776,0.002886832806950679
0.03446153846153846,0.003076923076923078,122.74991874329986,122.7467872338033,0.0031315094965549406
0.03446153846153846,0.0033846153846153852,121.98324889998315,121.97988811248138,0.0033607875017764854
0.03446153846153846,0.003692307692307693,121.1453311351576,121.14175617150248,0.0035749636551258845
0.03446153846153846,0.004000000000000001,120.23665496662254,120.23288085631802,0.0037741103045192403
0.03446153846153846,0.004307692307692308,119.25775147977755,119.25379292451782,0.003958555259728769
0.03446153846153846,0.004615384615384617,118.20919255913095,118.20506413588251,0.004128423248445756
0.03446153846153846,0.004923076923076924,117.09159092991428,117.08730691849209,0.00428401142218604
0.03446153846153846,0.0052307692307692315,115.90559952196004,115.901174011085,0.00442551087503773
0.03446153846153846,0.00553846153846154,114.65191127422047,114.64735808187724,0.0045531923432236
0.03446153846153846,0.005846153846153847,113.33125864069235,113.32659132406351,0.0046673166288400125
0.03446153846153846,0.006153846153846156,111.9444131674894,111.93964502823708,0.004768139252320225
0.03446153846153846,0.006461538461538463,110.49218505002766,110.48732913197775,0.004855918049912589
0.03446153846153846,0.0067692307692307704,108.97542263346861,108.97049174687118,0.004930886597435347
0.03446153846153846,0.007076923076923079,107.39501203912609,107.39001866323555,0.00499337589053539
0.03446153846153846,0.007384615384615386,105.75187644595727,105.74683283284496,0.005043613112306389
0.03446153846153846,0.007692307692307694,104.04697571914814,104.0418938299516,0.0050818891965320745
0.03446153846153846,0.008000000000000002,102.28130571147983,102.27619729092144,0.0051084205583862285
0.03446153846153846,0.00830769230769231,100.45589789745407,100.45077433281055,0.005123564643511713
0.03446153846153846,0.008615384615384617,98.57181849227847,98.56669095122191,0.005127541056552332
0.03446153846153846,0.008923076923076924,96.63016804289323,96.6250473977938,0.005120645099438548
0.03446153846153846,0.009230769230769233,94.63208064261848,94.62697753768397,0.005103104934505609
0.03446153846153846,0.00953846153846154,92.57872345830181,92.57364818742437,0.005075270877441085
0.03446153846153846,0.009846153846153848,90.47129580625825,90.46625843353296,0.005037372725297473
0.03446153846153846,0.010153846153846156,88.31102863573909,88.30603893228111,0.004989703457979999
0.03446153846153846,0.010461538461538463,86.09918370463674,86.09425119102497,0.004932513611777267
0.03446153846153846,0.010769230769230772,83.83705295662952,83.83218683152059,0.004866125108932806
0.03446153846153846,0.01107692307692308,81.52595762283921,81.52116683565335,0.004790787185868339
0.03446153846153846,0.011384615384615387,79.16724755803251,79.16254077402161,0.004706784010906517
0.03446153846153846,0.011692307692307695,76.76230041000686,76.75768601782552,0.004614392181338189
0.03446153846153846,0.012000000000000002,74.31252084264658,74.3080069345211,0.004513908125474586
0.03446153846153846,0.012307692307692311,71.81933967162827,71.81493406770906,0.004405603919209966
0.03446153846153846,0.012615384615384619,69.28421306402547,69.27992330173774,0.004289762287726262
0.03446153846153846,0.012923076923076926,66.70862168159543,66.70445501150759,0.004166670087840885
0.03446153846153846,0.013230769230769233,64.09406979473466,64.09003319797392,0.004036596760741418
0.03446153846153846,0.013538461538461541,61.4420844447999,61.43818460985269,0.003899834947212355
0.03446153846153846,0.013846153846153848,58.75421451661422,58.75045785204232,0.0037566645719024905
0.03446153846153846,0.014153846153846157,56.03202986845526,56.02842248128189,0.0036073871733677265
0.03446153846153846,0.014461538461538465,53.277120363622096,53.27366808957443,0.0034522740476674585
0.03446153846153846,0.014769230769230772,50.49109500786851,50.48780337590968,0.003291631958830976
0.03446153846153846,0.01507692307692308,47.67558095091098,47.67245520682942,0.0031257440815579685
0.03446153846153846,0.015384615384615387,44.8322225814686,44.82926766638314,0.002954915085460641
0.03446153846153846,0.015692307692307696,41.96268053318932,41.95990109602914,0.0027794371601785883
0.03446153846153846,0.016000000000000004,39.06863073731743,39.06603112504207,0.0025996122753539908
0.03446153846153846,0.01630769230769231,36.15176342372447,36.149347691992496,0.0024157317319719596
0.03446153846153846,0.01661538461538462,33.213782137159804,33.21155405787041,0.0022280792893951684
0.03446153846153846,0.016923076923076926,30.256402775715753,30.254365811428663,0.00203696428708966
0.03446153846153846,0.017230769230769234,27.281352506704277,27.279509867327697,0.0018426393765800242
0.03446153846153846,0.01753846153846154,24.29036887929715,24.28872345766571,0.0016454216314407688
0.03446153846153846,0.01784615384615385,21.285198684039855,21.2837531174843,0.00144556655555661
0.03446153846153846,0.01815384615384616,18.267597091920802,18.266353664840896,0.001243427079906212
0.03446153846153846,0.018461538461538467,15.23932645104712,15.238287176044874,0.0010392750022454322
0.03446153846153846,0.018769230769230774,12.202155417612023,12.201321956654066,0.0008334609579563335
0.03446153846153846,0.01907692307692308,9.157857797316355,9.157231508834533,0.0006262884818220016
0.03446153846153846,0.01938461538461539,6.108211600151103,6.107793495684988,0.0004181044661146771
0.03446153846153846,0.019692307692307696,3.0549979341759244,3.0547887031318117,0.00020923104411263438
0.035076923076923075,0.00030769230769230776,113.09577799905627,113.09542059123477,0.0003574078214967358
0.035076923076923075,0.0006153846153846155,112.99704100994224,112.99634413515874,0.0006968747835003342
0.035076923076923075,0.0009230769230769233,112.8323002165936,112.83128099612841,0.0010192204651815473
0.035076923076923075,0.001230769230769231,112.6016533657672,112.60032756636876,0.0013257993984439054
0.035076923076923075,0.001538461538461539,112.30523549078181,112.30361871617905,0.0016167746027662133
0.035076923076923075,0.0018461538461538465,111.94322064262498,111.94132771517232,0.001892927452658455
0.035076923076923075,0.002153846153846154,111.51582029566029,111.51366613109093,0.002154164569361683
0.035076923076923075,0.002461538461538462,111.02328468263987,111.02088370625685,0.0024009763830150632
0.035076923076923075,0.00276923076923077,110.46590160103517,110.46326821172926,0.0026333893059131697
0.035076923076923075,0.003076923076923078,109.84399711494682,109.84114527925426,0.002851835692553095
0.035076923076923075,0.0033846153846153852,109.15793452334749,109.15487821110523,0.0030563122422648803
0.035076923076923075,0.003692307692307693,108.4081149340608,108.40486776792442,0.0032471661363899784
0.035076923076923075,0.004000000000000001,107.5949764279073,107.59155193469003,0.0034244932172668996
0.035076923076923075,0.004307692307692308,106.71899427669247,106.71540566494544,0.003588611747034065
0.035076923076923075,0.004615384615384617,105.7806802705201,105.7769406034395,0.0037396670805946997
0.035076923076923075,0.004923076923076924,104.7805827157185,104.77670478734065,0.003877928377846729
0.035076923076923075,0.0052307692307692315,103.71928591556042,103.7152823261984,0.0040035893620142815
0.035076923076923075,0.00553846153846154,102.5974099406909,102.59329306084005,0.00411687985084086
0.035076923076923075,0.005846153846153847,101.41561025720401,101.4113922014009,0.004218055803107745
0.035076923076923075,0.006153846153846156,100.17457727908749,100.17026994470007,0.0043073343874198144
0.035076923076923075,0.006461538461538463,98.87503602847163,98.87065107118498,0.0043849572866463404
0.035076923076923075,0.0067692307692307704,97.51774564138157,97.51329452168002,0.004451119701542439
0.035076923076923075,0.007076923076923079,96.10349908157681,96.09899295418641,0.0045061273903996835
0.035076923076923075,0.007384615384615386,94.63312245486233,94.62857228099229,0.00455017387004375
0.035076923076923075,0.007692307692307694,93.1074747081158,93.10289118636318,0.0045835217526217775
0.035076923076923075,0.008000000000000002,91.52744698105074,91.52284062509457,0.004606355956170205
0.035076923076923075,0.00830769230769231,89.89396230072084,89.88934330221942,0.0046189985014279955
0.035076923076923075,0.008615384615384617,88.20797477458457,88.20335313417439,0.004621640410178429
0.035076923076923075,0.008923076923076924,86.47046923672609,86.46585469173945,0.00461454498663727
0.035076923076923075,0.009230769230769233,84.68246053720719,84.67786262507637,0.004597912130819282
0.035076923076923075,0.00953846153846154,82.8449931264283,82.84042107120155,0.00457205522675963
0.035076923076923075,0.009846153846153848,80.9591402213592,80.95460304423936,0.00453717711984325
0.035076923076923075,0.010153846153846156,79.02600334817642,79.02150980881221,0.004493539364204935
0.035076923076923075,0.010461538461538463,77.04671160076893,77.04227023693292,0.00444136383600835
0.035076923076923075,0.010769230769230772,75.02242108765641,75.01804014877533,0.004380938881084262
0.035076923076923075,0.01107692307692308,72.9543141236243,72.95000163770781,0.004312485916486253
0.035076923076923075,0.011384615384615387,70.84359864044674,70.83936237998408,0.0042362604626617895
0.035076923076923075,0.011692307692307695,68.6915074382244,68.68735492949422,0.004152508730186355
0.035076923076923075,0.012000000000000002,66.49929749638231,66.49523599798795,0.004061498394364094
0.035076923076923075,0.012307692307692311,64.2682491938915,64.26428572119036,0.00396347270114461
0.035076923076923075,0.012615384615384619,61.99966559912104,61.99580691123869,0.003858687882349443
0.035076923076923075,0.012923076923076926,59.69487169781503,59.691124295876705,0.0037474019383267887
0.035076923076923075,0.013230769230769233,57.35521360251763,57.351583744851034,0.003629857666595626
0.035076923076923075,0.013538461538461541,54.98205780645378,54.978551483961084,0.0035063224926972225
0.035076923076923075,0.013846153846153848,52.576790343217006,52.573413297221755,0.0033770459952506826
0.035076923076923075,0.014153846153846157,50.1408160252733,50.13757371760443,0.0032423076688701258
0.035076923076923075,0.014461538461538465,47.67555754926722,47.672455206829476,0.0031023424377423225
0.035076923076923075,0.014769230769230772,45.182454765912986,45.17949732468845,0.0029574412245381154
0.035076923076923075,0.01507692307692308,42.662963732430065,42.66015588838188,0.0028078440481849043
0.035076923076923075,0.015384615384615387,40.11855596719041,40.11590212236297,0.002653844827442242
0.035076923076923075,0.015692307692307696,37.55071748479646,37.54822179918387,0.00249568561258684
0.035076923076923075,0.016000000000000004,34.96094803700445,34.95861437184646,0.0023336651579910495
0.035076923076923075,0.01630769230769231,32.35076012109545,32.34859209816396,0.002168022931485325
0.035076923076923075,0.01661538461538462,29.721678209271136,29.719679157645004,0.001999051626132342
0.035076923076923075,0.016923076923076926,27.0752377801427,27.07341076141558,0.001827018727119878
0.035076923076923075,0.017230769230769234,24.412984458947815,24.411332255699218,0.0016522032485966065
0.035076923076923075,0.01753846153846154,21.73647311021647,21.734998219378042,0.001474890838427001
0.035076923076923075,0.01784615384615385,19.04726690780397,19.04597155616271,0.0012953516412608224
0.035076923076923075,0.01815384615384616,16.34693647697821,16.34582258190041,0.0011138950778004642
0.035076923076923075,0.018461538461538467,13.637058880699986,13.636128107555031,0.0009307731449545997
0.035076923076923075,0.018769230769230774,10.91921679637063,10.918470518393445,0.0007462779771856276
0.035076923076923075,0.01907692307692308,8.194997520295088,8.194436849917484,0.000560670377604211
0.035076923076923075,0.01938461538461539,5.465992100937781,5.465617861079651,0.00037423985812967686
0.035076923076923075,0.019692307692307696,2.733794361828154,2.7336071053248805,0.0001872565032736695
0.0356923076923077,0.00030769230769230776,99.54360268476532,99.54328221262237,0.00032047214294550486
0.0356923076923077,0.0006153846153846155,99.45670348594669,99.45607801305138,0.0006254728953081212
0.0356923076923077,0.0009230769230769233,99.3117085972274,99.3107942646423,0.0009143325850970996
0.0356923076923077,0.001230769230769231,99.10870409628824,99.10751580901295,0.0011882872752835283
0.0356923076923077,0.001538461538461539,98.84780856886158,98.84636135505703,0.0014472138045533711
0.0356923076923077,0.0018461538461538465,98.52917564483232,98.52748340962145,0.0016922352108679206
0.0356923076923077,0.002153846153846154,98.15299142180164,98.15106818844662,0.001923233355029197
0.0356923076923077,0.002461538461538462,97.71947649325703,97.71733550742168,0.0021409858353536038
0.0356923076923077,0.00276923076923077,97.22888419978315,97.22653865421829,0.0023455455648644374
0.0356923076923077,0.003076923076923078,96.681501749874,96.67896424037768,0.002537509496320922
0.0356923076923077,0.0033846153846153852,96.07764895230227,96.07493203393764,0.0027169183646265083
0.0356923076923077,0.003692307692307693,95.41767896469422,95.41479477269695,0.0028841919972677488
0.0356923076923077,0.004000000000000001,94.7019774150294,94.69893795822644,0.003039456802966356
0.0356923076923077,0.004307692307692308,93.93096266737862,93.92777963074698,0.0031830366316398795
0.0356923076923077,0.004615384615384617,93.10508522968114,93.10177012500567,0.0033151046754653635
0.0356923076923077,0.004923076923076924,92.22482771641967,92.22139180729314,0.003435909126523029
0.0356923076923077,0.0052307692307692315,91.29070444551505,91.28715879375514,0.0035456517599072868
0.0356923076923077,0.00553846153846154,90.3032611725396,90.2996166501632,0.0036445223764047796
0.0356923076923077,0.005846153846153847,89.26307484948462,89.25934207331963,0.003732776164994789
0.0356923076923077,0.006153846153846156,88.17075314322173,88.16694255428276,0.0038105889389754566
0.0356923076923077,0.006461538461538463,87.0269342132654,87.0230560236093,0.0038781896561062013
0.0356923076923077,0.0067692307692307704,85.83228620942768,85.82835047882091,0.003935730606769994
0.0356923076923077,0.007076923076923079,84.58750708910965,84.58352359431237,0.0039834947972821055
0.0356923076923077,0.007384615384615386,83.29332395127929,83.2893023139294,0.004021637349893581
0.0356923076923077,0.007692307692307694,81.95049282093284,81.94644242645401,0.00405039447882416
0.0356923076923077,0.008000000000000002,80.5597980396338,80.55572812424501,0.004069915388797085
0.0356923076923077,0.00830769230769231,79.12205203258324,79.11797154529182,0.004080487291417967
0.0356923076923077,0.008615384615384617,77.63809456805697,77.63401229894883,0.004082269108138803
0.0356923076923077,0.008923076923076924,76.10879246767158,76.10471697562699,0.004075492044592011
0.0356923076923077,0.009230769230769233,74.53503896570341,74.53097864072956,0.004060324973849561
0.0356923076923077,0.00953846153846154,72.91775335599993,72.9137163131271,0.004037042872838015
0.0356923076923077,0.009846153846153848,71.25788024813914,71.25387442847614,0.00400581966300706
0.0356923076923077,0.010153846153846156,69.55638917134338,69.55242228769556,0.003966883647819941
0.0356923076923077,0.010461538461538463,67.81427391788606,67.81035349092203,0.003920426964029389
0.0356923076923077,0.010769230769230772,66.03255205963252,66.0286853572755,0.0038667023570155834
0.0356923076923077,0.01107692307692308,64.21226423385149,64.20845833077361,0.0038059030778754277
0.0356923076923077,0.011384615384615387,62.354473626376794,62.350735372741504,0.003738253635290789
0.0356923076923077,0.011692307692307695,60.460265311225484,60.456601341072485,0.0036639701529992408
0.0356923076923077,0.012000000000000002,58.53074564575178,58.52716235670151,0.003583289050268945
0.0356923076923077,0.012307692307692311,56.56704158290705,56.56354515766169,0.0034964252453590916
0.0356923076923077,0.012615384615384619,54.57030004649522,54.566896441101065,0.0034036053941548516
0.0356923076923077,0.012923076923076926,52.54168725313493,52.538382193643706,0.0033050594912253928
0.0356923076923077,0.013230769230769233,50.482388013350395,50.479187010486385,0.0032010028640101496
0.0356923076923077,0.013538461538461541,48.39360508101455,48.390513403628304,0.0030916773862443847
0.0356923076923077,0.013846153846153848,46.27655840348801,46.273581099638065,0.002977303849945656
0.0356923076923077,0.014153846153846157,44.132484465832576,44.12962632736752,0.002858138465057891
0.0356923076923077,0.014461538461538465,41.96263548486105,41.959901096029114,0.0027343888319393272
0.0356923076923077,0.014769230769230772,39.76827878739583,39.765672464057616,0.002606323338213201
0.0356923076923077,0.01507692307692308,37.55069595020286,37.54822179918379,0.0024741510190651184
0.0356923076923077,0.015384615384615387,35.31118217408218,35.30884403015168,0.002338143930494141
0.0356923076923077,0.015692307692307696,33.05104540445227,33.04884689051662,0.0021985139356459626
0.0356923076923077,0.016000000000000004,30.771605690956928,30.76955015496578,0.0020555359911469395
0.0356923076923077,0.01630769230769231,28.47419428904338,28.472284868606845,0.0019094204365330825
0.0356923076923077,0.01661538461538462,26.160153004326407,26.1583925696752,0.001760434651206566
0.0356923076923077,0.016923076923076926,23.830833316504354,23.829224506113267,0.0016088103910867346
0.0356923076923077,0.017230769230769234,21.487595632375104,21.486140846479948,0.0014547858951559078
0.0356923076923077,0.01753846153846154,19.131808481286715,19.13050988565028,0.0012985956364346407
0.0356923076923077,0.01784615384615385,16.764847713628967,16.763707245769954,0.0011404678590132278
0.0356923076923077,0.01815384615384616,14.388095738235442,14.3871150729305,0.0009806653049420078
0.0356923076923077,0.018461538461538467,12.002940640028283,12.002121230035232,0.000819409993050968
0.0356923076923077,0.018769230769230774,9.610775443199698,9.610118486325968,0.000656956873729797
0.0356923076923077,0.01907692307692308,7.2129972446967985,7.212503704045357,0.0004935406514414709
0.0356923076923077,0.01938461538461539,4.811006438032414,4.810677022708449,0.0003294153239643549
0.0356923076923077,0.019692307692307696,2.4062058622567477,2.406041041460823,0.000164820795924836
0.03630769230769231,0.00030769230769230776,85.7589328553219,85.75865588603016,0.0002769692917468092
0.03630769230769231,0.0006153846153846155,85.68406701825991,85.68352761241295,0.0005394058469647689
0.03630769230769231,0.0009230769230769233,85.55915002153209,85.55836257155129,0.000787449980805377
0.03630769230769231,0.001230769230769231,85.38425669626366,85.38323385630433,0.001022839959333055
0.03630769230769231,0.001538461538461539,85.15948903579705,85.15824373691012,0.001245298886928481
0.03630769230769231,0.0018461538461538465,84.88497965665182,84.88352360126258,0.0014560553892408734
0.03630769230769231,0.002153846153846154,84.56088861685886,84.55923387818467,0.0016547386741905257
0.03630769230769231,0.002461538461538462,84.18740608640991,84.18556394374257,0.0018421426673427277
0.03630769230769231,0.00276923076923077,83.76475016027409,83.76273201065528,0.0020181496188058645
0.03630769230769231,0.003076923076923078,83.29316834673885,83.29098500086462,0.0021833458742293033
0.03630769230769231,0.0033846153846153852,82.77293609742314,82.77059840133977,0.0023376960833729754
0.03630769230769231,0.003692307692307693,82.20435769924916,82.2018761032005,0.0024815960486535005
0.03630769230769231,0.004000000000000001,81.58776536183086,81.58515022425354,0.0026151375773224572
0.03630769230769231,0.004307692307692308,80.92351951649208,80.92078091504493,0.0027386014471488807
0.03630769230769231,0.004615384615384617,80.21200830529484,80.20915614854233,0.002852156752510382
0.03630769230769231,0.004923076923076924,79.45364750246156,79.4506914935698,0.002956008891757733
0.03630769230769231,0.0052307692307692315,78.6488802265364,78.64582987212714,0.0030503544092681523
0.03630769230769231,0.00553846153846154,77.79817663619019,77.79504130073609,0.003135335454103938
0.03630769230769231,0.005846153846153847,76.90203381885817,76.8988226159638,0.003211202894377152
0.03630769230769231,0.006153846153846156,75.96097527456031,75.9576971842843,0.0032780902760123354
0.03630769230769231,0.006461538461538463,74.97555081165575,74.97221459644724,0.0033362152085061325
0.03630769230769231,0.0067692307692307704,73.94633603561482,73.94295034653237,0.0033856890824495167
0.03630769230769231,0.007076923076923079,72.87393227110984,72.87050549587714,0.003426775232696855
0.03630769230769231,0.007384615384615386,71.75896591536927,71.75550632207387,0.0034595932954033515
0.03630769230769231,0.007692307692307694,70.60208830992302,70.59860395324127,0.0034843566817528426
0.03630769230769231,0.008000000000000002,69.40397516944805,69.40047398778388,0.0035011816641628
0.03630769230769231,0.00830769230769231,68.16532642329535,68.16181609986178,0.0035103234335736033
0.03630769230769231,0.008615384615384617,66.88686554188426,66.88335363080041,0.003511911083847963
0.03630769230769231,0.008923076923076924,65.5693393128055,65.5658331666797,0.003506146125801024
0.03630769230769231,0.009230769230769233,64.21351727068783,64.2100241023488,0.003493168339034014
0.03630769230769231,0.00953846153846154,62.82019140791323,62.8167181921212,0.0034732157920274176
0.03630769230769231,0.009846153846153848,61.39017552249224,61.38672908741242,0.003446435079823118
0.03630769230769231,0.010153846153846156,59.92430488385974,59.920891861590576,0.0034130222691644008
0.03630769230769231,0.010461538461538463,58.423435662950055,58.42006252231701,0.0033731406330446134
0.03630769230769231,0.010769230769230772,56.888444518583896,56.88511751166191,0.003327006921985287
0.03630769230769231,0.01107692307692308,55.32022798042053,55.31695319428687,0.003274786133665941
0.03630769230769231,0.011384615384615387,53.7197020044602,53.71648533399311,0.003216670467089955
0.03630769230769231,0.011692307692307695,52.0878014043926,52.08464855894126,0.0031528454513392035
0.03630769230769231,0.012000000000000002,50.42547933030462,50.42239581585479,0.0030835144498269074
0.03630769230769231,0.012307692307692311,48.73370667601326,48.73069781352598,0.0030088624872846026
0.03630769230769231,0.012615384615384619,47.013471539912295,47.010542455949334,0.0029290839629609877
0.03630769230769231,0.012923076923076926,45.26577864345699,45.262934265413435,0.0028443780435551957
0.03630769230769231,0.013230769230769233,43.4916487253139,43.48889379588824,0.002754929425663022
0.03630769230769231,0.013538461538461541,41.692117984721904,41.68945703705026,0.0026609476716430436
0.03630769230769231,0.013846153846153848,39.868237428485564,39.865674809293864,0.0025626191916998664
0.03630769230769231,0.014153846153846157,38.02107231616049,38.018612150081616,0.0024601660788761137
0.03630769230769231,0.014461538461538465,36.15170145476583,36.14934769199252,0.0023537627733105637
0.03630769230769231,0.014769230769230772,34.2612166731537,34.258973032830866,0.0022436403228311974
0.03630769230769231,0.01507692307692308,32.35072206950442,32.34859209816394,0.002129971340480097
0.03630769230769231,0.015384615384615387,30.42133348719435,30.419320496660546,0.002012990533803105
0.03630769230769231,0.015692307692307696,28.474177745138604,28.472284868606888,0.0018928765317163254
0.03630769230769231,0.016000000000000004,26.510392089523023,26.508622227980492,0.0017698615425310038
0.03630769230769231,0.01630769230769231,24.531123418235435,24.529479298465986,0.0016441197694483378
0.03630769230769231,0.01661538461538462,22.537527717593864,22.536011843800807,0.0015158737930569544
0.03630769230769231,0.016923076923076926,20.5307693220639,20.52938399284161,0.0013853292222911762
0.03630769230769231,0.017230769230769234,18.512020252816857,18.510767559745993,0.0012526930708638417
0.03630769230769231,0.01753846153846154,16.482459541581807,16.481341359665826,0.0011181819159808981
0.03630769230769231,0.01784615384615385,14.443272521913238,14.442290520352563,0.0009820015606756272
0.03630769230769231,0.01815384615384616,12.395650178381418,12.394805790075834,0.0008443883055839763
0.03630769230769231,0.018461538461538467,10.340788377529245,10.340082842260271,0.0007055352689739891
0.03630769230769231,0.018769230769230774,8.279887235856362,8.279321577245533,0.0005656586108298001
0.03630769230769231,0.01907692307692308,6.214150378929823,6.213725421578592,0.0004249573512309368
0.03630769230769231,0.01938461538461539,4.144784269074205,4.144500625246337,0.00028364382786794096
0.03630769230769231,0.019692307692307696,2.072997479844905,2.072855557259694,0.00014192258521106282
0.036923076923076927,0.00030769230769230776,71.77395115217858,71.77373624495893,0.00021490721965733428
0.036923076923076927,0.0006153846153846155,71.71128403723861,71.71085936285962,0.00042467437899063043
0.036923076923076927,0.0009230769230769233,71.60673187484778,71.60610535829787,0.0006265165499144132
0.036923076923076927,0.001230769230769231,71.46035564573866,71.45953540466243,0.0008202410762265799
0.036923076923076927,0.001538461538461539,71.27223968367248,71.27123509467877,0.0010045889937089214
0.036923076923076927,0.0018461538461538465,71.04249440067402,71.04131439042531,0.0011800102487029562
0.036923076923076927,0.002153846153846154,70.77125336915486,70.76990755911866,0.0013458100361987135
0.036923076923076927,0.002461538461538462,70.45867551827877,70.4571730947054,0.0015024235733704927
0.036923076923076927,0.00276923076923077,70.10494326633913,70.10329362530602,0.001649641033111493
0.036923076923076927,0.003076923076923078,69.71026367037263,69.70847580656526,0.0017878638073653974
0.036923076923076927,0.0033846153846153852,69.27486725698536,69.27295020097104,0.0019170560143209059
0.036923076923076927,0.003692307692307693,68.79900865193618,68.79697114321247,0.0020375087237027856
0.036923076923076927,0.004000000000000001,68.28296591603248,68.28081659165552,0.0021493243769583614
0.036923076923076927,0.004307692307692308,67.72704067410497,67.72478796602321,0.0022527080817553724
0.036923076923076927,0.004615384615384617,67.13155781449689,67.12920997137489,0.002347843121995652
0.036923076923076927,0.004923076923076924,66.49686529066106,66.49443040848774,0.0024348821733184423
0.036923076923076927,0.0052307692307692315,65.82333399078507,65.82081997075088,0.0025140200341979835
0.036923076923076927,0.00553846153846154,65.11135738012547,65.10877202769076,0.0025853524347070334
0.036923076923076927,0.005846153846153847,64.36135151617046,64.35870239525465,0.0026491209158052698
0.036923076923076927,0.006153846153846156,63.57375451396818,63.57104909298559,0.0027054209825934095
0.036923076923076927,0.006461538461538463,62.74902654060388,62.74627208823151,0.0027544523723719294
0.036923076923076927,0.0067692307692307704,61.887649318083874,61.88485302753713,0.0027962905467404653
0.036923076923076927,0.007076923076923079,60.99012612771329,60.98729495537603,0.002831172337259602
0.036923076923076927,0.007384615384615386,60.05698120596792,60.054122020386735,0.002859185581186807
0.036923076923076927,0.007692307692307694,59.088759685131116,59.0858791692848,0.0028805158463143243
0.036923076923076927,0.008000000000000002,58.08602707765424,58.083131828629156,0.0028952490250802043
0.036923076923076927,0.00830769230769231,57.049369178906446,57.046465574629,0.0029036042774421844
0.036923076923076927,0.008615384615384617,55.97939147322327,55.97648579118376,0.0029056820395041427
0.036923076923076927,0.008923076923076924,54.87671896780765,54.873817316355904,0.002901651451743703
0.036923076923076927,0.009230769230769233,53.741995700900645,53.739104077483155,0.0028916234174900524
0.036923076923076927,0.00953846153846154,52.57588451187007,52.57300871514308,0.0028757967269896767
0.036923076923076927,0.009846153846153848,51.37906648635533,51.37621219618958,0.0028542901657502284
0.036923076923076927,0.010153846153846156,50.15224068147945,50.149413416087455,0.0028272653919927393
0.036923076923076927,0.010461538461538463,48.896123646966124,48.89332879077718,0.002794856188941708
0.036923076923076927,0.010769230769230772,47.61144907945581,47.6086918383081,0.0027572411477123637
0.036923076923076927,0.01107692307692308,46.29896730682239,46.29625275048458,0.0027145563378141446
0.036923076923076927,0.011384615384615387,44.95944491398063,44.95677795477512,0.0026669592055128533
0.036923076923076927,0.011692307692307695,43.59366427043726,43.59104966674029,0.0026146036969691977
0.036923076923076927,0.012000000000000002,42.20242309080971,42.199865433240866,0.0025576575688432968
0.036923076923076927,0.012307692307692311,40.786533940826864,40.78403766669292,0.0024962741339464856
0.036923076923076927,0.012615384615384619,39.34682378438641,39.34439317064187,0.0024306137445364584
0.036923076923076927,0.012923076923076926,37.884133498483116,37.88177265693247,0.002360841550647308
0.036923076923076927,0.013230769230769233,36.39931736752385,36.39703025475676,0.0022871127670924807
0.036923076923076927,0.013538461538461541,34.89324261092336,34.891033011866675,0.002209599056683942
0.036923076923076927,0.013846153846153848,33.366788845881594,33.36466038824263,0.0021284576389604126
0.036923076923076927,0.014153846153846157,31.820847610290343,31.818803742513555,0.0020438677767877778
0.036923076923076927,0.014461538461538465,30.256321792508267,30.254365811428656,0.0019559810796110355
0.036923076923076927,0.014769230769230772,28.674125162703803,28.67226018268449,0.0018649800193131227
0.036923076923076927,0.01507692307692308,27.075181776322548,27.073410761415545,0.0017710149070033765
0.036923076923076927,0.015384615384615387,25.460425499656267,25.45875123065964,0.0016742689966271485
0.036923076923076927,0.015692307692307696,23.830799408293597,23.82922450611328,0.0015749021803159735
0.036923076923076927,0.016000000000000004,22.18725527562843,22.18578218549551,0.0014730901329222945
0.036923076923076927,0.01630769230769231,20.53075297436787,20.529383992841595,0.0013689815262765137
0.036923076923076927,0.01661538461538462,18.862259955728817,18.860997218051253,0.0012627376775640187
0.036923076923076927,0.016923076923076926,17.182750678479433,17.181596152018514,0.0011545264609189587
0.036923076923076927,0.017230769230769234,15.493206000400443,15.49216151767339,0.0010444827270532642
0.036923076923076927,0.01753846153846154,13.794612672404341,13.793679897267179,0.0009327751371621673
0.036923076923076927,0.01784615384615385,12.087962701445953,12.087143156236325,0.0008195452096284583
0.036923076923076927,0.01815384615384616,10.374252860537135,10.3735478639808,0.0007049965563350469
0.036923076923076927,0.018461538461538467,8.654483994436855,8.65389471189587,0.0005892825409858915
0.036923076923076927,0.018769230769230774,6.929660533904469,6.92918792899619,0.0004726049082792727
0.036923076923076927,0.01907692307692308,5.200789836652593,5.2004346954745975,0.00035514117799539946
0.036923076923076927,0.01938461538461539,3.468881649362686,3.468644554537082,0.00023709482560407835
0.036923076923076927,0.019692307692307696,1.7349474744068698,1.7348288228581008,0.00011865154876899986
0.03753846153846154,0.00030769230769230776,57.62136762224452,57.621185717226766,0.0001819050177545023
0.03753846153846154,0.0006153846153846155,57.5710620009575,57.57070707851693,0.00035492244056456457
0.03753846153846154,0.0009230769230769233,57.48712770259693,57.48660876808656,0.0005189345103673304
0.03753846153846154,0.001230769230769231,57.36961486857846,57.36893989698072,0.0006749715977392157
0.03753846153846154,0.001538461538461539,57.218591915504405,57.21776918050653,0.0008227349978753296
0.03753846153846154,0.0018461538461538465,57.03414785813109,57.03318489810539,0.0009629600257028414
0.03753846153846154,0.002153846153846154,56.81639017705285,56.81529484180025,0.0010953352526001936
0.03753846153846154,0.002461538461538462,56.565446536116845,56.56422625324813,0.0012202828687151168
0.03753846153846154,0.00276923076923077,56.281463495601045,56.28012574943455,0.0013377461664916268
0.03753846153846154,0.003076923076923078,55.964607267039234,55.96315923705337,0.0014480299858661283
0.03753846153846154,0.0033846153846153852,55.61506298128538,55.613511815621905,0.0015511656634714655
0.03753846153846154,0.003692307692307693,55.233035011847846,55.23138766938808,0.0016473424597691633
0.03753846153846154,0.004000000000000001,54.818746625108126,54.81700994809251,0.0017366770156144185
0.03753846153846154,0.004307692307692308,54.37243991698326,54.37062063665543,0.001819280327829631
0.03753846153846154,0.004615384615384617,53.89437574766293,53.892480413864185,0.0018953337987426266
0.03753846153846154,0.004923076923076924,53.38483341896471,53.382868500144305,0.0019649188204056145
0.03753846153846154,0.0052307692307692315,52.84411070610222,52.842082494502506,0.00202821159971478
0.03753846153846154,0.00553846153846154,52.27252344997673,52.27043820073736,0.0020852492393714783
0.03753846153846154,0.005846153846153847,51.67040569330528,51.6682694430187,0.002136250286575603
0.03753846153846154,0.006153846153846156,51.038109136333006,51.03592787094372,0.0021812653892823164
0.03753846153846154,0.006461538461538463,50.376003222446286,50.37378275418353,0.0022204682627560146
0.03753846153846154,0.0067692307692307704,49.684474663116795,49.68222076684007,0.0022538962767271187
0.03753846153846154,0.007076923076923079,48.96392751678866,48.96164576163928,0.002281755149375897
0.03753846153846154,0.007384615384615386,48.21478263533143,48.21247853409253,0.0023041012388986815
0.03753846153846154,0.007692307692307694,47.43747766788568,47.43515657676389,0.0023210911217930175
0.03753846153846154,0.008000000000000002,46.63246660616619,46.630133823786714,0.002332782379475873
0.03753846153846154,0.00830769230769231,45.80021974442659,45.79788038577902,0.0023393586475748407
0.03753846153846154,0.008615384615384617,44.94122316970606,44.93888227531202,0.0023408943940452787
0.03753846153846154,0.008923076923076924,44.05597865146053,44.053641123092504,0.0023375283680238113
0.03753846153846154,0.009230769230769233,43.14500323059646,43.14267388502463,0.002329345571830288
0.03753846153846154,0.00953846153846154,42.20882904802134,42.20651254032225,0.002316507699092085
0.03753846153846154,0.009846153846153848,41.24800288936408,41.24570378084801,0.0022991085160697367
0.03753846153846154,0.010153846153846156,40.26308596952875,40.26080869186069,0.0022772776680639595
0.03753846153846154,0.010461538461538463,39.25465354642638,39.25240242435723,0.002251122069154121
0.03753846153846154,0.010769230769230772,38.22329464346479,38.22107385920075,0.002220784264039821
0.03753846153846154,0.01107692307692308,37.16961163692949,37.16742526323068,0.002186373698805255
0.03753846153846154,0.011384615384615387,36.09421995237242,36.092071937555936,0.0021480148164840784
0.03753846153846154,0.011692307692307695,34.99774768973628,34.99564185823632,0.0021058314999606864
0.03753846153846154,0.012000000000000002,33.88083526627604,33.878775309562286,0.002059956713750921
0.03753846153846154,0.012307692307692311,32.74413502274319,32.742124510146844,0.0020105125963425508
0.03753846153846154,0.012615384615384619,31.58831085755099,31.586353232048342,0.001957625502647886
0.03753846153846154,0.012923076923076926,30.41403783825818,30.412136413146225,0.0019014251119564562
0.03753846153846154,0.013230769230769233,29.22200179904531,29.220159762996335,0.0018420360489734833
0.03753846153846154,0.013538461538461541,28.01289895195739,28.011119362395817,0.0017795895615719814
0.03753846153846154,0.013846153846153848,26.7874354704358,26.785721256891605,0.0017142135441936546
0.03753846153846154,0.014153846153846157,25.546327086261105,25.54468104446961,0.0016460417914956338
0.03753846153846154,0.014461538461538465,24.2902986621011,24.288723457665725,0.0015752044353760652
0.03753846153846154,0.014769230769230772,23.020083774461597,23.018581940342383,0.0015018341192138962
0.03753846153846154,0.01507692307692308,21.736424281869468,21.73499821937803,0.0014260624914363973
0.03753846153846154,0.015384615384615387,20.440069892813053,20.438721871519512,0.0013480212935412794
0.03753846153846154,0.015692307692307696,19.131777743742532,19.13050988565031,0.0012678580922234062
0.03753846153846154,0.016000000000000004,17.81231191976671,17.811126220730426,0.0011856990362844044
0.03753846153846154,0.01630769230769231,16.48244304331514,16.481341359665826,0.0011016836493134008
0.03753846153846154,0.01661538461538462,15.142947794739351,15.14193185936813,0.0010159353712211328
0.03753846153846154,0.016923076923076926,13.79460852067953,13.793679897267191,0.0009286234123386805
0.03753846153846154,0.017230769230769234,12.438212672411797,12.437372814541611,0.0008398578701864778
0.03753846153846154,0.01753846153846154,11.074552465205837,11.073802656333546,0.0007498088722908136
0.03753846153846154,0.01784615384615385,9.704424296768616,9.70376570921675,0.0006585875518663187
0.03753846153846154,0.01815384615384616,8.328628417930448,8.328062036187521,0.0005663817429262252
0.03753846153846154,0.018461538461538467,6.947968307077972,6.947495009450637,0.00047329762733561154
0.03753846153846154,0.018769230769230774,5.563250344113091,5.562870841272363,0.00037950284072785223
0.03753846153846154,0.01907692307692308,4.175283234663647,4.174998113175387,0.00028512148826020933
0.03753846153846154,0.01938461538461539,2.784877621693674,2.784687303749863,0.00019031794381119127
0.03753846153846154,0.019692307692307696,1.3928455428917021,1.3927503153568306,9.522753487156699e-05
0.038153846153846156,0.00030769230769230776,43.33419593022618,43.33405824035427,0.00013768987191298265
0.038153846153846156,0.0006153846153846155,43.296364075117715,43.296095740233554,0.00026833488416144746
0.038153846153846156,0.0009230769230769233,43.233241002977586,43.2328495394353,0.0003914635422859192
0.038153846153846156,0.001230769230769231,43.144864594521934,43.14435657195975,0.0005080225621867385
0.038153846153846156,0.001538461538461539,43.031286448890405,43.03066851520791,0.0006179336824985171
0.038153846153846156,0.0018461538461538465,42.89257368864337,42.891851759803416,0.000721928839951147
0.038153846153846156,0.002153846153846154,42.72880732806345,42.7279873708223,0.0008199572411555778
0.038153846153846156,0.002461538461538462,42.54008342833387,42.539171040453226,0.0009123878806462926
0.038153846153846156,0.00276923076923077,42.32651234595654,42.325513032116014,0.0009993138405235413
0.038153846153846156,0.003076923076923078,42.08821905261346,42.087138116070825,0.0010809365426354134
0.038153846153846156,0.0033846153846153852,41.82534286333951,41.8241854965559,0.001157366783608893
0.038153846153846156,0.003692307692307693,41.53803741923154,41.53680873049619,0.0012286887353525344
0.038153846153846156,0.004000000000000001,41.226470681005345,41.22517563783044,0.0012950431749061408
0.038153846153846156,0.004307692307692308,40.890824655494406,40.889468203509054,0.0013564519853517254
0.038153846153846156,0.004615384615384617,40.53129555811562,40.52988247122001,0.0014130868956101494
0.038153846153846156,0.004923076923076924,40.14809338681108,40.14662842890492,0.001464957906158304
0.038153846153846156,0.0052307692307692315,39.741442105514004,39.7399298861319,0.001512219382107105
0.038153846153846156,0.00553846153846154,39.311579201672075,39.31002434339713,0.0015548582749431716
0.038153846153846156,0.005846153846153847,38.858755908757125,38.85716285343128,0.0015930553258485247
0.038153846153846156,0.006153846153846156,38.383236693635965,38.381609874591724,0.0016268190442403352
0.038153846153846156,0.006461538461538463,37.8852994065406,37.883643116426356,0.0016562901142407327
0.038153846153846156,0.0067692307692307704,37.365234851917215,37.363553377499,0.0016814744182127583
0.038153846153846156,0.007076923076923079,36.823346909706736,36.82164437557128,0.0017025341354539592
0.038153846153846156,0.007384615384615386,36.25995206638507,36.25823257023993,0.0017194961451352242
0.038153846153846156,0.007692307692307694,35.67537946011928,35.6736469781334,0.0017324819858828278
0.038153846153846156,0.008000000000000002,35.069970504410485,35.06822898077529,0.001741523635196529
0.038153846153846156,0.00830769230769231,34.444078886475936,34.44233212522727,0.0017467612486683493
0.038153846153846156,0.008615384615384617,33.79807016076295,33.79632191762749,0.0017482431354594041
0.038153846153846156,0.008923076923076924,33.132321683277254,33.13057560974528,0.001746073531975867
0.038153846153846156,0.009230769230769233,32.44722228966813,32.44548197867677,0.0017403109913658454
0.038153846153846156,0.00953846153846154,31.74317217562579,31.741441099810007,0.0017310758157833561
0.038153846153846156,0.009846153846153848,31.020582548135426,31.01886411319219,0.0017184349432355361
0.038153846153846156,0.010153846153846156,30.27987546690308,30.27817298343545,0.0017024834676284684
0.038153846153846156,0.010461538461538463,29.521483552640955,29.519800253301423,0.0016832993395325957
0.038153846153846156,0.010769230769230772,28.745849777829328,28.744188791108435,0.0016609867208927653
0.038153846153846156,0.01107692307692308,27.953427158136044,27.95179153210889,0.0016356260271557232
0.038153846153846156,0.011384615384615387,27.144678521149732,27.14307121398783,0.0016073071619011614
0.038153846153846156,0.011692307692307695,26.3200762280354,26.31850010663716,0.001576121398240815
0.038153846153846156,0.012000000000000002,25.480101901498042,25.478559736363337,0.0015421651347047316
0.038153846153846156,0.012307692307692311,24.625246131871197,24.623740604689548,0.0015055271816493132
0.038153846153846156,0.012615384615384619,23.756008200943818,23.75454190191666,0.0014662990271574472
0.038153846153846156,0.012923076923076926,22.87289578868682,22.871471215610125,0.001424573076693747
0.038153846153846156,0.013230769230769233,21.97642467524574,21.97504423418313,0.0013804410626114816
0.038153846153846156,0.013538461538461541,21.06711843865178,21.06578444574909,0.0013339929026869868
0.038153846153846156,0.013846153846153848,20.145508156887367,20.144222832419366,0.0012853244680002263
0.038153846153846156,0.014153846153846157,19.212132083951822,19.210897560224588,0.0012345237272342047
0.038153846153846156,0.014461538461538465,18.267535357037502,18.26635366484094,0.0011816921965639438
0.038153846153846156,0.014769230769230772,17.31226964704717,17.311142733304578,0.001126913742591995
0.038153846153846156,0.01507692307692308,16.346892876804986,16.34582258190043,0.0010702949045580112
0.038153846153846156,0.015384615384615387,15.37196884814235,15.370956930413133,0.00101191772921716
0.038153846153846156,0.015692307692307696,14.388066980255383,14.387115072930545,0.0009519073248380749
0.038153846153846156,0.016000000000000004,13.395761889989945,13.394871545392078,0.0008903445978667435
0.038153846153846156,0.01630769230769231,12.395633147390258,12.394805790075855,0.0008273573144030877
0.038153846153846156,0.01661538461538462,11.38826484750319,11.387501817220752,0.000763030282438848
0.038153846153846156,0.016923076923076926,10.37424538082345,10.373547863980827,0.0006975168426226475
0.038153846153846156,0.017230769230769234,9.354166937810058,9.353536050911458,0.0006308868986000249
0.038153846153846156,0.01753846153846154,8.32862532356879,8.328062036187534,0.0005632873812562167
0.038153846153846156,0.01784615384615385,7.298219453533526,7.297724667755926,0.000494785777600093
0.038153846153846156,0.01815384615384616,6.263551174553095,6.263125633625063,0.00042554092803204213
0.038153846153846156,0.018461538461538467,5.225224729198576,5.224869110496226,0.0003556187023496804
0.038153846153846156,0.018769230769230774,4.1838465704692505,4.183561410941182,0.0002851595280688457
0.038153846153846156,0.01907692307692308,3.1400248771987935,3.1398106293328603,0.00021424786593327028
0.038153846153846156,0.01938461538461539,2.0943693010783546,2.094226286735278,0.0001430143430765085
0.038153846153846156,0.019692307692307696,1.047490535354124,1.0474189749604723,7.156039365163736e-05
0.03876923076923077,0.00030769230769230776,28.945811276162694,28.945722062562798,8.921359989599864e-05
0.03876923076923077,0.0006153846153846155,28.92053851583184,28.920364364209245,0.0001741516225948203
0.03876923076923077,0.0009230769230769233,28.878372409091316,28.878117987475612,0.0002544216157041035
0.03876923076923077,0.001230769230769231,28.819338340648944,28.819007603056242,0.00033073759270152436
0.03876923076923077,0.001538461538461539,28.74347064176352,28.74306772975106,0.00040291201245779007
0.03876923076923077,0.0018461538461538465,28.650814074773155,28.65034271430759,0.00047136046556417455
0.03876923076923077,0.002153846153846154,28.541422732465236,28.540886705523672,0.0005360269415639607
0.03876923076923077,0.002461538461538462,28.415360676594734,28.414763622626108,0.0005970539686259713
0.03876923076923077,0.00276923076923077,28.272701669928075,28.272047117943643,0.0006545519844323167
0.03876923076923077,0.003076923076923078,28.11352909147241,28.112820533896052,0.0007085575763596808
0.03876923076923077,0.0033846153846153852,27.93793606755975,27.937176854324548,0.0007592132352023384
0.03876923076923077,0.003692307692307693,27.74602514368524,27.745218650191795,0.00080649349344597
0.03876923076923077,0.004000000000000001,27.537908574192702,27.537058019683396,0.0008505545093058231
0.03876923076923077,0.004307692307692308,27.31370786824299,27.31281652274569,0.0008913454973011881
0.03876923076923077,0.004615384615384617,27.07355414139335,27.072625110098144,0.0009290312952039415
0.03876923076923077,0.004923076923076924,26.817587616161465,26.81662404676188,0.0009635693995839745
0.03876923076923077,0.0052307692307692315,26.54595792873758,26.544962830148787,0.0009950985887918762
0.03876923076923077,0.00553846153846154,26.258823675344527,26.25780010275928,0.001023572585246768
0.03876923076923077,0.005846153846153847,25.95635269763637,25.95530355953955,0.0010491380968176145
0.03876923076923077,0.006153846153846156,25.638721623579162,25.637649849952417,0.0010717736267444877
0.03876923076923077,0.006461538461538463,25.30611606504046,25.30502447481902,0.0010915902214385653
0.03876923076923077,0.0067692307692307704,24.958730249575233,24.95762167799159,0.00110857158364297
0.03876923076923077,0.007076923076923079,24.59676717081978,24.59564433292047,0.001122837899309559
0.03876923076923077,0.007384615384615386,24.220438217078666,24.219303824181758,0.0011343928969083095
0.03876923076923077,0.007692307692307694,23.829963248928134,23.82881992403467,0.0011433248934658025
0.03876923076923077,0.008000000000000002,23.425570309179275,23.424420664080706,0.001149645098568186
0.03876923076923077,0.00830769230769231,23.007495653498587,23.00634220209965,0.0011534513989381878
0.03876923076923077,0.008615384615384617,22.57598345345479,22.57482868414004,0.0011547693147484495
0.03876923076923077,0.008923076923076924,22.131285772174174,22.130132101944785,0.0011536702293888368
0.03876923076923077,0.009230769230769233,21.67366233469062,21.672512145795046,0.0011501888955720574
0.03876923076923077,0.00953846153846154,21.203380458650972,21.202236052858474,0.0011444057924983042
0.03876923076923077,0.009846153846153848,20.720714814212464,20.719578451130182,0.0011363630822813775
0.03876923076923077,0.010153846153846156,20.225947322213234,20.224821199057754,0.0011261231554797746
0.03876923076923077,0.010461538461538463,19.71936695764029,19.71825322094385,0.0011137366964391049
0.03876923076923077,0.010769230769230772,19.20126960952552,19.200170338222534,0.0010992713029871481
0.03876923076923077,0.01107692307692308,18.671957876657427,18.6708750967079,0.0010827799495274348
0.03876923076923077,0.011384615384615387,18.131740910046684,18.13067658991584,0.0010643201308440098
0.03876923076923077,0.011692307692307695,17.580934230681518,17.579890278562118,0.0010439521193994494
0.03876923076923077,0.012000000000000002,17.01985954413497,17.018837806342212,0.0010217377927581595
0.03876923076923077,0.012307692307692311,16.44884454716393,16.447846812100437,0.0009977350634926552
0.03876923076923077,0.012615384615384619,15.868222741809188,15.867250738498115,0.0009720033110731663
0.03876923076923077,0.012923076923076926,15.278333238388216,15.277388637292413,0.000944601095802966
0.03876923076923077,0.013230769230769233,14.679520561382375,14.678604971339697,0.0009155900426787156
0.03876923076923077,0.013538461538461541,14.072134438023117,14.071249413438892,0.0008850245842246807
0.03876923076923077,0.013846153846153848,13.456529614766586,13.45567664213246,0.0008529726341262034
0.03876923076923077,0.014153846153846157,12.833065618983543,12.832246134584063,0.0008194843994804302
0.03876923076923077,0.014461538461538465,12.2021065928219,12.201321956654079,0.0007846361678218727
0.03876923076923077,0.014769230769230772,11.564021021958624,11.563272550295338,0.0007484716632859545
0.03876923076923077,0.01507692307692308,10.919181592991942,10.918470518393443,0.0007110745984988398
0.03876923076923077,0.015384615384615387,10.267964891658133,10.267292407177154,0.0006724844809795627
0.03876923076923077,0.015692307692307696,9.610751287087307,9.610118486325986,0.0006328007613216613
0.03876923076923077,0.016000000000000004,8.947924583810279,8.947332526903448,0.000592056906830507
0.03876923076923077,0.01630769230769231,8.279871929498533,8.279321577245536,0.0005503522529970439
0.03876923076923077,0.01661538461538462,7.60698345502394,7.60647573693541,0.000507718088529785
0.03876923076923077,0.016923076923076926,6.929652201701289,6.929187928996198,0.0004642727050914175
0.03876923076923077,0.017230769230769234,6.248273711277984,6.247853670435066,0.00042004084291846766
0.03876923076923077,0.01753846153846154,5.563245982352742,5.562870841272365,0.00037514108037672855
0.03876923076923077,0.01784615384615385,4.874969053681536,4.874639452190955,0.0003296014905806999
0.03876923076923077,0.01815384615384616,4.1838449603041585,4.183561410941176,0.0002835493629822494
0.03876923076923077,0.018461538461538467,3.490277299503866,3.4900402876381302,0.00023701186573577004
0.03876923076923077,0.018769230769230774,2.7946711776086524,2.794481079087979,0.00019009852067330968
0.03876923076923077,0.01907692307692308,2.097432825125111,2.097289972281312,0.00014285284379900176
0.03876923076923077,0.01938461538461539,1.398969479458629,1.3988741071913215,9.537226730738091e-05
0.03876923076923077,0.019692307692307696,0.6996890626975755,0.6996413390155722,4.772368200323118e-05
0.039384615384615386,0.00030769230769230776,14.489817709475293,14.489781809684274,3.5899791019033955e-05
0.039384615384615386,0.0006153846153846155,14.47716043608948,14.477088137177345,7.22989121353379e-05
0.039384615384615386,0.0009230769230769233,14.456048210042486,14.455940252878692,0.00010795716379341513
0.039384615384615386,0.001230769230769231,14.426493165865606,14.426350506557213,0.00014265930839307828
0.039384615384615386,0.001538461538461539,14.388512158185677,14.388336177791505,0.00017598039417165978
0.039384615384615386,0.0018461538461538465,14.342127400409106,14.341919465879066,0.0002079345300405322
0.039384615384615386,0.002153846153846154,14.287365861566402,14.28712747687254,0.0002383846938620593
0.039384615384615386,0.002461538461538462,14.224259531277418,14.223992207750543,0.0002673235268755292
0.039384615384615386,0.00276923076923077,14.152845294032513,14.152550527732332,0.000294766300180882
0.039384615384615386,0.003076923076923078,14.073164846408883,14.072844156747207,0.00032068966167564383
0.039384615384615386,0.0033846153846153852,13.985264787418023,13.984919641071267,0.00034514634675630873
0.039384615384615386,0.003692307692307693,13.88919642202475,13.888828326145674,0.00036809587907526975
0.039384615384615386,0.004000000000000001,13.785015931180732,13.784626326592377,0.00038960458835468614
0.039384615384615386,0.004307692307692308,13.672784119618763,13.672374493444751,0.0004096261740116347
0.039384615384615386,0.004615384615384617,13.552566612560263,13.552138378612293,0.00042823394796975833
0.039384615384615386,0.004923076923076924,13.424433586885861,13.423988196600172,0.000445390285689129
0.039384615384615386,0.0052307692307692315,13.288459940311284,13.287998783505925,0.0004611568053594084
0.039384615384615386,0.00553846153846154,13.144725050687944,13.144249553317284,0.0004754973706599941
0.039384615384615386,0.005846153846153847,12.99331293030827,12.992824451536647,0.0004884787716239458
0.039384615384615386,0.006153846153846156,12.834311986208988,12.833811906159264,0.0005000800497239055
0.039384615384615386,0.006461538461538463,12.667815127159244,12.667304776033777,0.0005103511254667126
0.039384615384615386,0.0067692307692307704,12.493919572458022,12.493400296635281,0.0005192758227412497
0.039384615384615386,0.007076923076923079,12.312726932856416,12.312200023282523,0.0005269095738924534
0.039384615384615386,0.007384615384615386,12.12434301982175,12.123809771832471,0.0005332479892778963
0.039384615384615386,0.007692307692307694,11.928877888149975,11.928339556886835,0.0005383312631401793
0.039384615384615386,0.008000000000000002,11.7264456875956,11.725903527546619,0.0005421600489814438
0.039384615384615386,0.00830769230769231,11.517164680608474,11.516619900752284,0.0005447798561899475
0.039384615384615386,0.008615384615384617,11.301157091705823,11.300610892248372,0.0005461994574513795
0.039384615384615386,0.008923076923076924,11.078549096697861,11.078002645212951,0.0005464514849098379
0.039384615384615386,0.009230769230769233,10.84947070664197,10.848925156593554,0.0005455500484163878
0.039384615384615386,0.00953846153846154,10.614055733828119,10.613512201192627,0.0005435326354916725
0.039384615384615386,0.009846153846153848,10.372441671142521,10.371901253546802,0.0005404175957188784
0.039384615384615386,0.010153846153846156,10.124769641234947,10.124233407645647,0.0005362335892993286
0.039384615384615386,0.010461538461538463,9.871184298115896,9.87065329453675,0.0005310035791463719
0.039384615384615386,0.010769230769230772,9.611833756807384,9.611308997865248,0.0005247589421362164
0.039384615384615386,0.01107692307692308,9.346869491363453,9.346351967397164,0.000517523966289346
0.039384615384615386,0.011384615384615387,9.076446255605095,9.075936930576997,0.0005093250280978623
0.039384615384615386,0.011692307692307695,8.800721992291994,8.80022180217126,0.0005001901207339898
0.039384615384615386,0.012000000000000002,8.519857739914723,8.519367592050699,0.0004901478640242374
0.039384615384615386,0.012307692307692311,8.23401753603264,8.233538311165056,0.00047922486758444904
0.039384615384615386,0.012615384615384619,7.943368324137766,7.942900875765312,0.00046744837245427107
0.039384615384615386,0.012923076923076926,7.648079854651346,7.647625009929275,0.00045484472207135695
0.039384615384615386,0.013230769230769233,7.348324588550749,7.347883146447511,0.0004414421032379323
0.039384615384615386,0.013538461538461541,7.044277590235139,7.043850326127446,0.000427264107693226
0.039384615384615386,0.013846153846153848,6.736116437764917,6.7357040955744685,0.00041234219044827825
0.039384615384615386,0.014153846153846157,6.424021100838877,6.4236244035097,0.00039669732917690936
0.039384615384615386,0.014461538461538465,6.108173861165561,6.107793495685026,0.0003803654805345502
0.039384615384615386,0.014769230769230772,5.788759172331313,5.788395808456691,0.0003633638746221024
0.039384615384615386,0.01507692307692308,5.465963594005728,5.465617861079679,0.00034573292604900274
0.039384615384615386,0.015384615384615387,5.139975634624123,5.139648146785706,0.0003274878384171842
0.039384615384615386,0.015692307692307696,4.810985699444379,4.810677022708483,0.00030867673589618505
0.039384615384615386,0.016000000000000004,4.479185907675144,4.478896598720519,0.0002893089546249783
0.039384615384615386,0.01630769230769231,4.1447700531229295,4.14450062524636,0.00026942787656913936
0.039384615384615386,0.01661538461538462,3.807933415697264,3.8076843801177978,0.0002490355794662058
0.039384615384615386,0.016923076923076926,3.4688727335664313,3.468644554537104,0.00022817902932725787
0.039384615384615386,0.017230769230769234,3.1277859919076096,3.1275791382149336,0.00020685369267603448
0.039384615384615386,0.01753846153846154,2.7848724114221555,2.7846873037498785,0.000185107672276974
0.039384615384615386,0.01784615384615385,2.4403322350297088,2.440169290317305,0.00016294471240385633
0.039384615384615386,0.01815384615384616,2.0943667139656177,2.094226286735286,0.00014042723033158566
0.039384615384615386,0.018461538461538467,1.7471778841770182,1.7470603139760437,0.0001175702009745816
0.039384615384615386,0.018769230769230774,1.3989685438280712,1.3988741071913287,9.443663674257863e-05
0.039384615384615386,0.01907692307692308,1.0499420550775653,1.0498709973208518,7.105775671356618e-05
0.039384615384615386,0.01938461538461539,0.7003022858755902,0.700254792352709,4.749352288113684e-05
0.039384615384615386,0.019692307692307696,0.350253447989533,0.3502296583052805,2.378968425248429e-05
