x_m,y_m,phi_V,phi_exact_V,signed_error_V
0.0006153846153846154,0.00030769230769230776,60.961188310064315,14.489781809684196,46.47140650038012
0.0006153846153846154,0.0006153846153846155,86.15413355255917,14.477088137177267,71.67704541538191
0.0006153846153846154,0.0009230769230769233,98.22391571232394,14.455940252878614,83.76797545944532
0.0006153846153846154,0.001230769230769231,98.78522277877985,14.426350506557137,84.35887227222271
0.0006153846153846154,0.001538461538461539,133.4157425674027,14.388336177791427,119.02740638961127
0.0006153846153846154,0.0018461538461538465,106.23372352766316,14.341919465878988,91.89180406178417
0.0006153846153846154,0.002153846153846154,115.9675679832175,14.287127476872463,101.68044050634504
0.0006153846153846154,0.002461538461538462,104.10796776513843,14.223992207750467,89.88397555738796
0.0006153846153846154,0.00276923076923077,113.53803681779137,14.152550527732256,99.3854862900591
0.0006153846153846154,0.003076923076923078,99.01388325855102,14.07284415674713,84.94103910180388
0.0006153846153846154,0.0033846153846153852,119.2734492598444,13.98491964107119,105.28852961877321
0.0006153846153846154,0.003692307692307693,106.3767420559173,13.8888283261456,92.4879137297717
0.0006153846153846154,0.004000000000000001,107.52065984246238,13.784626326592303,93.73603351587008
0.0006153846153846154,0.004307692307692308,81.21708616560691,13.672374493444677,67.54471167216224
0.0006153846153846154,0.004615384615384617,97.8859098627506,13.55213837861222,84.33377148413837
0.0006153846153846154,0.004923076923076924,116.51485965954639,13.4239881966001,103.0908714629463
0.0006153846153846154,0.0052307692307692315,135.41707540038217,13.287998783505854,122.12907661687632
0.0006153846153846154,0.00553846153846154,154.27735349609938,13.144249553317213,141.13310394278216
0.0006153846153846154,0.005846153846153847,161.29770475380104,12.992824451536578,148.30488030226445
0.0006153846153846154,0.006153846153846156,161.2567464013931,12.833811906159195,148.4229344952339
0.0006153846153846154,0.006461538461538463,152.7031767514827,12.66730477603371,140.03587197544897
0.0006153846153846154,0.0067692307692307704,115.02673591360728,12.493400296635214,102.53333561697207
0.0006153846153846154,0.007076923076923079,92.68106485530565,12.312200023282458,80.36886483202319
0.0006153846153846154,0.007384615384615386,85.93881485450203,12.123809771832407,73.81500508266961
0.0006153846153846154,0.007692307692307694,97.30311270609292,11.928339556886769,85.37477314920615
0.0006153846153846154,0.008000000000000002,101.93361310919073,11.725903527546555,90.20770958164418
0.0006153846153846154,0.00830769230769231,94.41520653759993,11.516619900752222,82.89858663684771
0.0006153846153846154,0.008615384615384617,94.2272201498476,11.300610892248312,82.92660925759928
0.0006153846153846154,0.008923076923076924,84.97971553272617,11.07800264521289,73.90171288751328
0.0006153846153846154,0.009230769230769233,77.13174641320133,10.848925156593495,66.28282125660783
0.0006153846153846154,0.00953846153846154,87.89646778466575,10.61351220119257,77.28295558347318
0.0006153846153846154,0.009846153846153848,77.40346020269122,10.371901253546746,67.03155894914448
0.0006153846153846154,0.010153846153846156,69.10268551610233,10.124233407645594,58.978452108456736
0.0006153846153846154,0.010461538461538463,70.8142879517656,9.870653294536696,60.94363465722891
0.0006153846153846154,0.010769230769230772,62.0938574397406,9.611308997865196,52.48254844187541
0.0006153846153846154,0.01107692307692308,57.39278075960711,9.346351967397112,48.04642879221
0.0006153846153846154,0.011384615384615387,72.65816501145781,9.075936930576948,63.58222808088087
0.0006153846153846154,0.011692307692307695,56.10935762863239,8.800221802171214,47.30913582646117
0.0006153846153846154,0.012000000000000002,38.6628374097749,8.519367592050653,30.14346981772425
0.0006153846153846154,0.012307692307692311,28.69171444324904,8.233538311165011,20.458176132084027
0.0006153846153846154,0.012615384615384619,38.21137631981874,7.942900875765269,30.268475444053472
0.0006153846153846154,0.012923076923076926,61.9482096996313,7.647625009929233,54.30058468970206
0.0006153846153846154,0.013230769230769233,59.13457563071835,7.347883146447472,51.78669248427088
0.0006153846153846154,0.013538461538461541,51.33723956718362,7.043850326127408,44.29338924105622
0.0006153846153846154,0.013846153846153848,56.96766779238423,6.735704095574432,50.2319636968098
0.0006153846153846154,0.014153846153846157,52.401175165751056,6.423624403509665,45.97755076224139
0.0006153846153846154,0.014461538461538465,43.2059156468883,6.1077934956849935,37.098122151203306
0.0006153846153846154,0.014769230769230772,53.115138873338616,5.78839580845666,47.32674306488195
0.0006153846153846154,0.01507692307692308,34.978688160792515,5.465617861079648,29.513070299712865
0.0006153846153846154,0.015384615384615387,37.91485205675525,5.139648146785678,32.775203909969576
0.0006153846153846154,0.015692307692307696,38.52286481043886,4.810677022708457,33.7121877877304
0.0006153846153846154,0.016000000000000004,38.44813763874258,4.478896598720495,33.969241040022084
0.0006153846153846154,0.01630769230769231,34.3000762315678,4.144500625246338,30.155575606321463
0.0006153846153846154,0.01661538461538462,23.820923806919964,3.8076843801177773,20.013239426802187
0.0006153846153846154,0.016923076923076926,24.733854828289047,3.4686445545370854,21.26521027375196
0.0006153846153846154,0.017230769230769234,17.260503852683044,3.1275791382149167,14.132924714468128
0.0006153846153846154,0.01753846153846154,21.355333924538044,2.7846873037498634,18.57064662078818
0.0006153846153846154,0.01784615384615385,17.677384460778942,2.440169290317292,15.23721517046165
0.0006153846153846154,0.01815384615384616,19.0503627249276,2.094226286735275,16.956136438192324
0.0006153846153846154,0.018461538461538467,12.27249042621135,1.7470603139760341,10.525430112235316
0.0006153846153846154,0.018769230769230774,10.644846220124691,1.398874107191321,9.24597211293337
0.0006153846153846154,0.01907692307692308,8.496630449442222,1.0498709973208462,7.446759452121375
0.0006153846153846154,0.01938461538461539,4.80491470433622,0.7002547923527053,4.104659911983514
0.0006153846153846154,0.019692307692307696,2.8015489134234413,0.35022965830527863,2.451319255118163
0.0012307692307692308,0.00030769230769230776,89.03425572883137,28.945722062562808,60.08853366626856
0.0012307692307692308,0.0006153846153846155,89.80000404064306,28.920364364209256,60.879639676433804
0.0012307692307692308,0.0009230769230769233,119.08896709024668,28.878117987475623,90.21084910277106
0.0012307692307692308,0.001230769230769231,112.95614730319132,28.819007603056253,84.13713970013507
0.0012307692307692308,0.001538461538461539,139.1476423917443,28.743067729751072,110.40457466199324
0.0012307692307692308,0.0018461538461538465,110.48382609800221,28.6503427143076,81.83348338369461
0.0012307692307692308,0.002153846153846154,130.96611979385574,28.540886705523683,102.42523308833205
0.0012307692307692308,0.002461538461538462,109.60467003542175,28.41476362262612,81.18990641279564
0.0012307692307692308,0.00276923076923077,120.86454818548339,28.272047117943654,92.59250106753973
0.0012307692307692308,0.003076923076923078,113.44534263398245,28.112820533896063,85.33252210008638
0.0012307692307692308,0.0033846153846153852,124.72474036201443,27.93717685432456,96.78756350768987
0.0012307692307692308,0.003692307692307693,99.26390649334797,27.745218650191806,71.51868784315617
0.0012307692307692308,0.004000000000000001,96.18398380110995,27.537058019683407,68.64692578142655
0.0012307692307692308,0.004307692307692308,83.52930767561091,27.3128165227457,56.21649115286521
0.0012307692307692308,0.004615384615384617,119.15783520169629,27.072625110098155,92.08521009159813
0.0012307692307692308,0.004923076923076924,165.27945205531685,26.81662404676189,138.46282800855496
0.0012307692307692308,0.0052307692307692315,149.8552245128302,26.544962830148794,123.31026168268141
0.0012307692307692308,0.00553846153846154,162.6386681439041,26.25780010275929,136.38086804114482
0.0012307692307692308,0.005846153846153847,161.07123100090976,25.955303559539562,135.1159274413702
0.0012307692307692308,0.006153846153846156,173.03888336637885,25.637649849952428,147.40123351642643
0.0012307692307692308,0.006461538461538463,141.6428156164756,25.30502447481903,116.33779114165655
0.0012307692307692308,0.0067692307692307704,124.04848419609877,24.957621677991597,99.09086251810717
0.0012307692307692308,0.007076923076923079,98.87040717545241,24.59564433292048,74.27476284253194
0.0012307692307692308,0.007384615384615386,104.53994123882295,24.219303824181768,80.32063741464118
0.0012307692307692308,0.007692307692307694,119.26321645391425,23.82881992403468,95.43439652987958
0.0012307692307692308,0.008000000000000002,97.62561255272352,23.424420664080717,74.20119188864281
0.0012307692307692308,0.00830769230769231,96.56490547904619,23.006342202099656,73.55856327694653
0.0012307692307692308,0.008615384615384617,86.61889780704962,22.57482868414005,64.04406912290958
0.0012307692307692308,0.008923076923076924,90.95816373080797,22.130132101944792,68.82803162886317
0.0012307692307692308,0.009230769230769233,95.49102044071442,21.672512145795054,73.81850829491937
0.0012307692307692308,0.00953846153846154,74.65350346415917,21.202236052858485,53.45126741130069
0.0012307692307692308,0.009846153846153848,56.33727798211543,20.71957845113019,35.61769953098524
0.0012307692307692308,0.010153846153846156,45.84101035152455,20.224821199057764,25.616189152466788
0.0012307692307692308,0.010461538461538463,51.59938459115768,19.718253220943858,31.881131370213822
0.0012307692307692308,0.010769230769230772,58.20496494641366,19.20017033822254,39.00479460819112
0.0012307692307692308,0.01107692307692308,65.00443272115191,18.670875096707906,46.33355762444401
0.0012307692307692308,0.011384615384615387,78.77329408575656,18.130676589915847,60.64261749584071
0.0012307692307692308,0.011692307692307695,48.65189762626711,17.579890278562125,31.072007347704982
0.0012307692307692308,0.012000000000000002,43.38726525935962,17.01883780634222,26.368427453017404
0.0012307692307692308,0.012307692307692311,27.995938463660856,16.447846812100444,11.548091651560412
0.0012307692307692308,0.012615384615384619,40.89133280908359,15.86725073849812,25.02408207058547
0.0012307692307692308,0.012923076923076926,67.0570546060588,15.277388637292418,51.77966596876638
0.0012307692307692308,0.013230769230769233,57.25865795079908,14.678604971339702,42.58005297945938
0.0012307692307692308,0.013538461538461541,58.46105505639645,14.071249413438897,44.38980564295755
0.0012307692307692308,0.013846153846153848,106.48796035309516,13.455676642132463,93.0322837109627
0.0012307692307692308,0.014153846153846157,52.46644545996815,12.832246134584068,39.63419932538408
0.0012307692307692308,0.014461538461538465,47.94115756230247,12.201321956654084,35.73983560564839
0.0012307692307692308,0.014769230769230772,59.48740138236089,11.563272550295343,47.92412883206555
0.0012307692307692308,0.01507692307692308,36.8484142865058,10.918470518393447,25.929943768112352
0.0012307692307692308,0.015384615384615387,36.29381931234719,10.267292407177157,26.02652690517003
0.0012307692307692308,0.015692307692307696,33.67018846104939,9.61011848632599,24.060069974723405
0.0012307692307692308,0.016000000000000004,38.253805510829395,8.94733252690345,29.306472983925943
0.0012307692307692308,0.01630769230769231,33.22319714028343,8.279321577245538,24.943875563037892
0.0012307692307692308,0.01661538461538462,26.344266532902726,7.606475736935413,18.737790795967314
0.0012307692307692308,0.016923076923076926,22.222109019540788,6.929187928996201,15.292921090544588
0.0012307692307692308,0.017230769230769234,22.69801525750599,6.2478536704350685,16.450161587070923
0.0012307692307692308,0.01753846153846154,22.763739260469475,5.562870841272367,17.200868419197107
0.0012307692307692308,0.01784615384615385,22.89183952226978,4.874639452190957,18.01720007007882
0.0012307692307692308,0.01815384615384616,21.11867057770328,4.183561410941178,16.935109166762103
0.0012307692307692308,0.018461538461538467,12.864727979528654,3.4900402876381316,9.374687691890522
0.0012307692307692308,0.018769230769230774,10.952199703053628,2.79448107908798,8.157718623965648
0.0012307692307692308,0.01907692307692308,8.966188096980865,2.0972899722813128,6.868898124699552
0.0012307692307692308,0.01938461538461539,5.594535588097884,1.398874107191322,4.195661480906562
0.0012307692307692308,0.019692307692307696,2.861228201528152,0.6996413390155725,2.1615868625125794
0.0018461538461538463,0.00030769230769230776,95.1232451627959,43.33405824035425,51.789186922441644
0.0018461538461538463,0.0006153846153846155,98.74233782284244,43.29609574023354,55.446242082608904
0.0018461538461538463,0.0009230769230769233,131.86980742409358,43.232849539435286,88.6369578846583
0.0018461538461538463,0.001230769230769231,129.25470194842083,43.14435657195973,86.1103453764611
0.0018461538461538463,0.001538461538461539,134.86689958286703,43.03066851520789,91.83623106765914
0.0018461538461538463,0.0018461538461538465,125.833391830003,42.8918517598034,82.9415400701996
0.0018461538461538463,0.002153846153846154,127.38202843976966,42.727987370822284,84.65404106894738
0.0018461538461538463,0.002461538461538462,119.7874378075656,42.53917104045321,77.24826676711238
0.0018461538461538463,0.00276923076923077,126.45306455128154,42.325513032116,84.12755151916554
0.0018461538461538463,0.003076923076923078,115.44809318843754,42.08713811607081,73.36095507236672
0.0018461538461538463,0.0033846153846153852,131.81987285933897,41.824185496555884,89.99568736278309
0.0018461538461538463,0.003692307692307693,126.20857520695394,41.536808730496176,84.67176647645776
0.0018461538461538463,0.004000000000000001,112.90789719871913,41.225175637830425,71.6827215608887
0.0018461538461538463,0.004307692307692308,118.9116571022107,40.88946820350904,78.02218889870166
0.0018461538461538463,0.004615384615384617,129.05770118324548,40.52988247122,88.52781871202549
0.0018461538461538463,0.004923076923076924,203.0129874783364,40.14662842890491,162.8663590494315
0.0018461538461538463,0.0052307692307692315,164.1074375957482,39.73992988613188,124.36750770961632
0.0018461538461538463,0.00553846153846154,167.14489630963544,39.31002434339712,127.83487196623832
0.0018461538461538463,0.005846153846153847,170.90747929706424,38.85716285343127,132.05031644363297
0.0018461538461538463,0.006153846153846156,170.32327849946006,38.38160987459171,131.94166862486836
0.0018461538461538463,0.006461538461538463,156.91875240538383,37.88364311642634,119.03510928895749
0.0018461538461538463,0.0067692307692307704,128.95854702278888,37.363553377498995,91.59499364528989
0.0018461538461538463,0.007076923076923079,96.30294484588896,36.82164437557127,59.48130047031769
0.0018461538461538463,0.007384615384615386,108.79686620529428,36.258232570239926,72.53863363505435
0.0018461538461538463,0.007692307692307694,114.11545463577623,35.673646978133384,78.44180765764284
0.0018461538461538463,0.008000000000000002,125.96991541122362,35.068228980775274,90.90168643044835
0.0018461538461538463,0.00830769230769231,109.44506510938673,34.44233212522726,75.00273298415948
0.0018461538461538463,0.008615384615384617,110.84094536643053,33.79632191762748,77.04462344880305
0.0018461538461538463,0.008923076923076924,100.97729674933207,33.130575609745264,67.8467211395868
0.0018461538461538463,0.009230769230769233,86.83453816437157,32.44548197867675,54.38905618569481
0.0018461538461538463,0.00953846153846154,104.91313031033808,31.741441099809997,73.17168921052809
0.0018461538461538463,0.009846153846153848,110.8867609196874,31.01886411319218,79.86789680649522
0.0018461538461538463,0.010153846153846156,110.58532736341773,30.27817298343544,80.3071543799823
0.0018461538461538463,0.010461538461538463,102.87653593441169,29.519800253301415,73.35673568111028
0.0018461538461538463,0.010769230769230772,70.77438034875496,28.744188791108424,42.03019155764653
0.0018461538461538463,0.01107692307692308,68.04858830635379,27.95179153210888,40.09679677424491
0.0018461538461538463,0.011384615384615387,93.20071218772087,27.14307121398782,66.05764097373304
0.0018461538461538463,0.011692307692307695,85.9949071247453,26.318500106637153,59.676407018108144
0.0018461538461538463,0.012000000000000002,56.82447670372138,25.47855973636333,31.34591696735805
0.0018461538461538463,0.012307692307692311,74.37437046053003,24.623740604689537,49.750629855840494
0.0018461538461538463,0.012615384615384619,63.65130288712425,23.754541901916653,39.8967609852076
0.0018461538461538463,0.012923076923076926,62.14268864093629,22.871471215610114,39.27121742532618
0.0018461538461538463,0.013230769230769233,53.008562866398286,21.975044234183123,31.033518632215163
0.0018461538461538463,0.013538461538461541,60.17243540772378,21.065784445749085,39.106650961974694
0.0018461538461538463,0.013846153846153848,84.02259934890418,20.14422283241936,63.87837651648482
0.0018461538461538463,0.014153846153846157,55.47305641807796,19.21089756022458,36.26215885785338
0.0018461538461538463,0.014461538461538465,48.871831588412554,18.26635366484093,30.605477923571623
0.0018461538461538463,0.014769230769230772,35.9971805027512,17.31114273330457,18.686037769446628
0.0018461538461538463,0.01507692307692308,35.796343156642564,16.345822581900425,19.45052057474214
0.0018461538461538463,0.015384615384615387,31.306339246040444,15.370956930413127,15.935382315627317
0.0018461538461538463,0.015692307692307696,37.534298332345244,14.387115072930541,23.147183259414703
0.0018461538461538463,0.016000000000000004,33.420226412531214,13.394871545392073,20.025354867139143
0.0018461538461538463,0.01630769230769231,29.655915601590472,12.39480579007585,17.261109811514622
0.0018461538461538463,0.01661538461538462,27.73656103550407,11.387501817220748,16.349059218283323
0.0018461538461538463,0.016923076923076926,25.900584098769965,10.373547863980823,15.527036234789142
0.0018461538461538463,0.017230769230769234,22.467079071848335,9.353536050911456,13.113543020936879
0.0018461538461538463,0.01753846153846154,23.384547116141654,8.328062036187532,15.056485079954122
0.0018461538461538463,0.01784615384615385,21.01280544035045,7.297724667755924,13.715080772594527
0.0018461538461538463,0.01815384615384616,20.370492338278037,6.263125633625061,14.107366704652975
0.0018461538461538463,0.018461538461538467,11.587844931591476,5.2248691104962255,6.362975821095251
0.0018461538461538463,0.018769230769230774,11.117926522940763,4.183561410941181,6.934365111999583
0.0018461538461538463,0.01907692307692308,9.062086606162527,3.1398106293328594,5.922275976829668
0.0018461538461538463,0.01938461538461539,5.957065730519547,2.094226286735277,3.86283944378427
0.0018461538461538463,0.019692307692307696,2.9768576216712535,1.0474189749604719,1.9294386467107816
0.0024615384615384616,0.00030769230769230776,79.89924020302175,57.6211857172267,22.278054485795046
0.0024615384615384616,0.0006153846153846155,92.40112584063402,57.57070707851687,34.830418762117155
0.0024615384615384616,0.0009230769230769233,111.36858977983555,57.4866087680865,53.88198101174905
0.0024615384615384616,0.001230769230769231,115.27256455408164,57.368939896980656,57.903624657100984
0.0024615384615384616,0.001538461538461539,129.81835756994823,57.217769180506465,72.60058838944177
0.0024615384615384616,0.0018461538461538465,117.459511013739,57.033184898105326,60.42632611563368
0.0024615384615384616,0.002153846153846154,126.83400898652417,56.81529484180019,70.01871414472399
0.0024615384615384616,0.002461538461538462,124.36321598784706,56.564226253248066,67.79898973459899
0.0024615384615384616,0.00276923076923077,117.82494550892977,56.2801257494345,61.544819759495276
0.0024615384615384616,0.003076923076923078,104.26211027278583,55.963159237053304,48.29895103573253
0.0024615384615384616,0.0033846153846153852,120.42269060796283,55.61351181562184,64.80917879234099
0.0024615384615384616,0.003692307692307693,131.87254300529958,55.23138766938801,76.64115533591156
0.0024615384615384616,0.004000000000000001,123.66859103853028,54.817009948092455,68.85158109043783
0.0024615384615384616,0.004307692307692308,135.96223378100626,54.37062063665537,81.5916131443509
0.0024615384615384616,0.004615384615384617,116.96958977079146,53.89248041386413,63.07710935692733
0.0024615384615384616,0.004923076923076924,138.30498277358237,53.38286850014425,84.92211427343813
0.0024615384615384616,0.0052307692307692315,159.47833622819113,52.84208249450245,106.63625373368868
0.0024615384615384616,0.00553846153846154,155.61215470541916,52.2704382007373,103.34171650468186
0.0024615384615384616,0.005846153846153847,149.09606568400366,51.668269443018644,97.42779624098502
0.0024615384615384616,0.006153846153846156,166.9592674936886,51.03592787094367,115.92333962274493
0.0024615384615384616,0.006461538461538463,163.11600906286142,50.37378275418347,112.74222630867794
0.0024615384615384616,0.0067692307692307704,136.77711608803264,49.68222076684001,87.09489532119264
0.0024615384615384616,0.007076923076923079,110.1327974456572,48.96164576163923,61.17115168401797
0.0024615384615384616,0.007384615384615386,102.20904312109965,48.21247853409248,53.99656458700717
0.0024615384615384616,0.007692307692307694,96.89059598093809,47.43515657676383,49.45543940417426
0.0024615384615384616,0.008000000000000002,114.35696547137105,46.630133823786664,67.72683164758439
0.0024615384615384616,0.00830769230769231,113.12032193128447,45.79788038577897,67.3224415455055
0.0024615384615384616,0.008615384615384617,115.59638029152876,44.93888227531197,70.65749801621679
0.0024615384615384616,0.008923076923076924,104.56374679026692,44.053641123092454,60.510105667174464
0.0024615384615384616,0.009230769230769233,80.66488802861781,43.14267388502458,37.52221414359323
0.0024615384615384616,0.00953846153846154,79.54127010622713,42.20651254032221,37.33475756590492
0.0024615384615384616,0.009846153846153848,81.17912961894977,41.24570378084796,39.93342583810181
0.0024615384615384616,0.010153846153846156,88.38667445251683,40.26080869186064,48.12586576065619
0.0024615384615384616,0.010461538461538463,88.66484153550135,39.252402424357186,49.41243911114417
0.0024615384615384616,0.010769230769230772,76.57040098488409,38.22107385920071,38.34932712568338
0.0024615384615384616,0.01107692307692308,56.80398347662648,37.16742526323064,19.636558213395837
0.0024615384615384616,0.011384615384615387,98.43950778415294,36.09207193755589,62.347435846597044
0.0024615384615384616,0.011692307692307695,78.38466845900575,34.99564185823628,43.38902660076947
0.0024615384615384616,0.012000000000000002,51.1481132577004,33.87877530956224,17.26933794813816
0.0024615384615384616,0.012307692307692311,78.2723262723114,32.74212451014681,45.530201762164594
0.0024615384615384616,0.012615384615384619,67.24722904954596,31.586353232048307,35.660875817497654
0.0024615384615384616,0.012923076923076926,67.4300994661698,30.412136413146193,37.017963053023614
0.0024615384615384616,0.013230769230769233,52.11506816006951,29.220159762996303,22.89490839707321
0.0024615384615384616,0.013538461538461541,59.33945583693933,28.01111936239579,31.32833647454354
0.0024615384615384616,0.013846153846153848,99.7421328332359,26.785721256891577,72.95641157634432
0.0024615384615384616,0.014153846153846157,49.61573787839173,25.54468104446958,24.071056833922146
0.0024615384615384616,0.014461538461538465,46.358934614870996,24.2887234576657,22.070211157205296
0.0024615384615384616,0.014769230769230772,48.07904266520357,23.018581940342358,25.060460724861215
0.0024615384615384616,0.01507692307692308,42.17940736499308,21.734998219378006,20.444409145615076
0.0024615384615384616,0.015384615384615387,38.09178234217771,20.438721871519487,17.65306047065822
0.0024615384615384616,0.015692307692307696,45.21558979925725,19.130509885650287,26.085079913606965
0.0024615384615384616,0.016000000000000004,33.6125303700857,17.811126220730404,15.801404149355296
0.0024615384615384616,0.01630769230769231,30.217335221125573,16.48134135966581,13.735993861459765
0.0024615384615384616,0.01661538461538462,27.29476474699255,15.141931859368114,12.152832887624434
0.0024615384615384616,0.016923076923076926,28.695857989473556,13.793679897267175,14.90217809220638
0.0024615384615384616,0.017230769230769234,27.566193562102598,12.437372814541597,15.128820747561
0.0024615384615384616,0.01753846153846154,23.927928930196963,11.073802656333534,12.854126273863429
0.0024615384615384616,0.01784615384615385,18.58987375465561,9.70376570921674,8.88610804543887
0.0024615384615384616,0.01815384615384616,21.0635005865801,8.328062036187513,12.735438550392589
0.0024615384615384616,0.018461538461538467,12.384375408333863,6.94749500945063,5.4368803988832335
0.0024615384615384616,0.018769230769230774,10.8282435395088,5.562870841272357,5.265372698236444
0.0024615384615384616,0.01907692307692308,8.75103061305101,4.174998113175382,4.576032499875627
0.0024615384615384616,0.01938461538461539,6.136628993883184,2.78468730374986,3.351941690133324
0.0024615384615384616,0.019692307692307696,3.1735998036995277,1.392750315356829,1.7808494883426986
0.003076923076923077,0.00030769230769230776,65.1314359398504,71.77373624495894,-6.6423003051085345
0.003076923076923077,0.0006153846153846155,111.05166677081914,71.71085936285964,39.3408074079595
0.003076923076923077,0.0009230769230769233,109.74216559133308,71.60610535829788,38.136060233035195
0.003076923076923077,0.001230769230769231,107.00800781974816,71.45953540466245,35.54847241508571
0.003076923076923077,0.001538461538461539,121.3372483556616,71.27123509467879,50.066013260982814
0.003076923076923077,0.0018461538461538465,114.52762616584107,71.04131439042533,43.48631177541574
0.003076923076923077,0.002153846153846154,119.46663022197842,70.76990755911868,48.69672266285974
0.003076923076923077,0.002461538461538462,120.99756829075267,70.45717309470541,50.54039519604726
0.003076923076923077,0.00276923076923077,124.52704882400428,70.10329362530604,54.423755198698245
0.003076923076923077,0.003076923076923078,106.77565868326755,69.70847580656527,37.067182876702276
0.003076923076923077,0.0033846153846153852,124.29782608102128,69.27295020097105,55.02487588005023
0.003076923076923077,0.003692307692307693,106.14694599904512,68.79697114321249,37.34997485583263
0.003076923076923077,0.004000000000000001,111.22289412792894,68.28081659165554,42.9420775362734
0.003076923076923077,0.004307692307692308,97.35397275434816,67.72478796602321,29.62918478832495
0.003076923076923077,0.004615384615384617,98.87221776829864,67.1292099713749,31.743007796923735
0.003076923076923077,0.004923076923076924,154.99263942200056,66.49443040848776,88.4982090135128
0.003076923076923077,0.0052307692307692315,148.43510174611552,65.82081997075089,82.61428177536463
0.003076923076923077,0.00553846153846154,146.21499547793823,65.10877202769078,81.10622345024746
0.003076923076923077,0.005846153846153847,170.05596486353681,64.35870239525467,105.69726246828215
0.003076923076923077,0.006153846153846156,168.50975323021697,63.571049092985604,104.93870413723137
0.003076923076923077,0.006461538461538463,153.41836396388544,62.746272088231514,90.67209187565393
0.003076923076923077,0.0067692307692307704,121.88005832331332,61.88485302753714,59.99520529577618
0.003076923076923077,0.007076923076923079,101.93204926375549,60.98729495537604,40.944754308379444
0.003076923076923077,0.007384615384615386,117.8139551080284,60.05412202038675,57.759833087641645
0.003076923076923077,0.007692307692307694,131.39939663525584,59.085879169284816,72.31351746597102
0.003076923076923077,0.008000000000000002,90.05803509631639,58.08313182862917,31.974903267687218
0.003076923076923077,0.00830769230769231,103.48945359321132,57.04646557462901,46.44298801858231
0.003076923076923077,0.008615384615384617,87.39725515141579,55.97648579118377,31.420769360232022
0.003076923076923077,0.008923076923076924,95.14925549922609,54.87381731635591,40.275438182870175
0.003076923076923077,0.009230769230769233,89.61736090494881,53.73910407748317,35.87825682746564
0.003076923076923077,0.00953846153846154,80.64118130386746,52.5730087151431,28.06817258872436
0.003076923076923077,0.009846153846153848,64.46601258192568,51.376212196189584,13.089800385736098
0.003076923076923077,0.010153846153846156,57.60722284970381,50.14941341608746,7.457809433616347
0.003076923076923077,0.010461538461538463,62.249820843737886,48.89332879077719,13.356492052960697
0.003076923076923077,0.010769230769230772,68.19216931615631,47.608691838308104,20.583477477848206
0.003076923076923077,0.01107692307692308,74.85836317040884,46.296252750484584,28.562110419924252
0.003076923076923077,0.011384615384615387,57.250065917604026,44.95677795477513,12.293287962828899
0.003076923076923077,0.011692307692307695,43.77179893377426,43.5910496667403,0.18074926703395988
0.003076923076923077,0.012000000000000002,41.256003590148524,42.19986543324087,-0.9438618430923498
0.003076923076923077,0.012307692307692311,27.68357202762371,40.78403766669293,-13.10046563906922
0.003076923076923077,0.012615384615384619,51.49638381547939,39.34439317064188,12.151990644837511
0.003076923076923077,0.012923076923076926,65.46241853714024,37.881772656932476,27.58064588020776
0.003076923076923077,0.013230769230769233,58.6924104114087,36.397030254756764,22.295380156651937
0.003076923076923077,0.013538461538461541,54.16877800680235,34.89103301186668,19.277744994935667
0.003076923076923077,0.013846153846153848,61.52456945605441,33.36466038824264,28.159909067811768
0.003076923076923077,0.014153846153846157,50.68912121016062,31.818803742513563,18.87031746764706
0.003076923076923077,0.014461538461538465,55.974118905809156,30.254365811428663,25.719753094380494
0.003076923076923077,0.014769230769230772,46.351180843054316,28.672260182684493,17.678920660369823
0.003076923076923077,0.01507692307692308,38.75821566397408,27.07341076141555,11.684804902558529
0.003076923076923077,0.015384615384615387,40.546649271190915,25.458751230659647,15.087898040531268
0.003076923076923077,0.015692307692307696,43.42976889075027,23.829224506113285,19.600544384636983
0.003076923076923077,0.016000000000000004,36.615413538264114,22.185782185495512,14.429631352768602
0.003076923076923077,0.01630769230769231,38.18740769615496,20.5293839928416,17.658023703313365
0.003076923076923077,0.01661538461538462,25.63136168585041,18.860997218051256,6.770364467799155
0.003076923076923077,0.016923076923076926,19.61726746690704,17.181596152018518,2.4356713148885234
0.003076923076923077,0.017230769230769234,24.784952675431384,15.492161517673393,9.292791157757991
0.003076923076923077,0.01753846153846154,24.102404893282706,13.79367989726718,10.308724996015526
0.003076923076923077,0.01784615384615385,18.722016733773724,12.087143156236328,6.634873577537396
0.003076923076923077,0.01815384615384616,17.595377008520813,10.373547863980802,7.221829144540012
0.003076923076923077,0.018461538461538467,12.512309688738913,8.65389471189587,3.8584149768430436
0.003076923076923077,0.018769230769230774,10.674953379764506,6.929187928996191,3.7457654507683156
0.003076923076923077,0.01907692307692308,8.44426559763363,5.200434695474599,3.24383090215903
0.003076923076923077,0.01938461538461539,4.834240229434992,3.4686445545370828,1.3655956748979095
0.003076923076923077,0.019692307692307696,2.786376825975771,1.7348288228581012,1.0515480031176698
0.0036923076923076927,0.00030769230769230776,104.94691444559378,85.75865588603016,19.18825855956362
0.0036923076923076927,0.0006153846153846155,95.18091851523913,85.68352761241295,9.497390902826183
0.0036923076923076927,0.0009230769230769233,106.7971522798784,85.55836257155129,21.23878970832712
0.0036923076923076927,0.001230769230769231,111.96533743193372,85.38323385630433,26.58210357562939
0.0036923076923076927,0.001538461538461539,102.53927669449676,85.15824373691012,17.38103295758664
0.0036923076923076927,0.0018461538461538465,118.08083604125932,84.88352360126258,33.197312439996736
0.0036923076923076927,0.002153846153846154,129.0732192632478,84.55923387818467,44.51398538506314
0.0036923076923076927,0.002461538461538462,132.76983396401465,84.18556394374257,48.584270020272086
0.0036923076923076927,0.00276923076923077,136.38687734489534,83.76273201065528,52.624145334240055
0.0036923076923076927,0.003076923076923078,116.11972358118383,83.29098500086462,32.82873858031921
0.0036923076923076927,0.0033846153846153852,108.84975053091084,82.77059840133977,26.07915212957107
0.0036923076923076927,0.003692307692307693,113.9016872691655,82.2018761032005,31.699811165965002
0.0036923076923076927,0.004000000000000001,109.24331308337209,81.58515022425354,27.658162859118548
0.0036923076923076927,0.004307692307692308,121.93100244530491,80.92078091504493,41.01022153025998
0.0036923076923076927,0.004615384615384617,122.10817909509663,80.20915614854233,41.8990229465543
0.0036923076923076927,0.004923076923076924,147.18592932443056,79.4506914935698,67.73523783086075
0.0036923076923076927,0.0052307692307692315,148.4824084214982,78.64582987212714,69.83657854937107
0.0036923076923076927,0.00553846153846154,161.42189306201414,77.79504130073609,83.62685176127805
0.0036923076923076927,0.005846153846153847,166.67225846392856,76.8988226159638,89.77343584796476
0.0036923076923076927,0.006153846153846156,176.07537174586056,75.9576971842843,100.11767456157627
0.0036923076923076927,0.006461538461538463,139.82039080595663,74.97221459644724,64.84817620950939
0.0036923076923076927,0.0067692307692307704,118.58365822711707,73.94295034653237,44.6407078805847
0.0036923076923076927,0.007076923076923079,114.93402372666847,72.87050549587714,42.06351823079133
0.0036923076923076927,0.007384615384615386,119.78729271743475,71.75550632207387,48.03178639536088
0.0036923076923076927,0.007692307692307694,114.60318418085014,70.59860395324127,44.00458022760887
0.0036923076923076927,0.008000000000000002,113.01817102173267,69.40047398778388,43.61769703394879
0.0036923076923076927,0.00830769230769231,103.83879149236216,68.16181609986178,35.67697539250038
0.0036923076923076927,0.008615384615384617,99.8047739275517,66.88335363080041,32.92142029675128
0.0036923076923076927,0.008923076923076924,96.9716333334145,65.5658331666797,31.405800166734807
0.0036923076923076927,0.009230769230769233,78.51122549461037,64.2100241023488,14.301201392261575
0.0036923076923076927,0.00953846153846154,69.78643181638597,62.8167181921212,6.96971362426477
0.0036923076923076927,0.009846153846153848,60.679576699449335,61.38672908741242,-0.7071523879630845
0.0036923076923076927,0.010153846153846156,53.48976479239103,59.920891861590576,-6.4311270691995475
0.0036923076923076927,0.010461538461538463,55.33855254170373,58.42006252231701,-3.0815099806132835
0.0036923076923076927,0.010769230769230772,69.00901170155656,56.88511751166191,12.12389418989465
0.0036923076923076927,0.01107692307692308,67.72820597295674,55.31695319428687,12.411252778669876
0.0036923076923076927,0.011384615384615387,54.428215963618506,53.71648533399311,0.7117306296253929
0.0036923076923076927,0.011692307692307695,63.22905388670935,52.08464855894126,11.14440532776809
0.0036923076923076927,0.012000000000000002,57.181386622242975,50.42239581585479,6.758990806388184
0.0036923076923076927,0.012307692307692311,28.934666582863137,48.73069781352598,-19.79603123066284
0.0036923076923076927,0.012615384615384619,57.74050676083793,47.010542455949334,10.729964304888597
0.0036923076923076927,0.012923076923076926,68.80263663071946,45.262934265413435,23.539702365306027
0.0036923076923076927,0.013230769230769233,57.6646728373519,43.48889379588824,14.175779041463663
0.0036923076923076927,0.013538461538461541,60.25800239227464,41.68945703705026,18.56854535522438
0.0036923076923076927,0.013846153846153848,70.3477823746531,39.865674809293864,30.48210756535923
0.0036923076923076927,0.014153846153846157,63.37684908520331,38.018612150081616,25.358236935121695
0.0036923076923076927,0.014461538461538465,60.77469966006432,36.14934769199252,24.625351968071804
0.0036923076923076927,0.014769230769230772,54.659775325841856,34.258973032830866,20.40080229301099
0.0036923076923076927,0.01507692307692308,40.64795102894685,32.34859209816394,8.299358930782908
0.0036923076923076927,0.015384615384615387,43.95844395029604,30.419320496660546,13.53912345363549
0.0036923076923076927,0.015692307692307696,36.58399799124688,28.472284868606888,8.111713122639994
0.0036923076923076927,0.016000000000000004,38.06663319985102,26.508622227980492,11.558010971870527
0.0036923076923076927,0.01630769230769231,38.34669111901711,24.529479298465986,13.817211820551123
0.0036923076923076927,0.01661538461538462,27.69630606141091,22.536011843800807,5.160294217610101
0.0036923076923076927,0.016923076923076926,27.67243071266597,20.52938399284161,7.143046719824362
0.0036923076923076927,0.017230769230769234,26.57191320496016,18.510767559745993,8.061145645214168
0.0036923076923076927,0.01753846153846154,22.00597548406091,16.481341359665826,5.524634124395085
0.0036923076923076927,0.01784615384615385,17.90189263549303,14.442290520352563,3.459602115140468
0.0036923076923076927,0.01815384615384616,17.665854480560988,12.394805790075834,5.271048690485154
0.0036923076923076927,0.018461538461538467,13.639291215170086,10.340082842260271,3.299208372909815
0.0036923076923076927,0.018769230769230774,10.862427665075582,8.279321577245533,2.58310608783005
0.0036923076923076927,0.01907692307692308,8.445356284531659,6.213725421578592,2.2316308629530672
0.0036923076923076927,0.01938461538461539,5.967640068954649,4.144500625246337,1.8231394437083122
0.0036923076923076927,0.019692307692307696,2.7786745170245815,2.072855557259694,0.7058189597648874
0.0043076923076923075,0.00030769230769230776,137.33745192877313,99.54328221262246,37.79416971615068
0.0043076923076923075,0.0006153846153846155,102.21457904861906,99.45607801305147,2.7585010355675905
0.0043076923076923075,0.0009230769230769233,115.04828244417685,99.31079426464238,15.737488179534466
0.0043076923076923075,0.001230769230769231,121.24952961574446,99.10751580901304,22.142013806731427
0.0043076923076923075,0.001538461538461539,104.31039472001704,98.84636135505711,5.464033364959931
0.0043076923076923075,0.0018461538461538465,111.45572560730884,98.52748340962154,12.928242197687297
0.0043076923076923075,0.002153846153846154,137.73330571823283,98.1510681884467,39.58223752978613
0.0043076923076923075,0.002461538461538462,139.13314478893932,97.71733550742175,41.41580928151757
0.0043076923076923075,0.00276923076923077,130.72232537028106,97.22653865421837,33.49578671606268
0.0043076923076923075,0.003076923076923078,113.02732538975482,96.67896424037777,16.348361149377055
0.0043076923076923075,0.0033846153846153852,114.45898667593121,96.07493203393773,18.384054641993487
0.0043076923076923075,0.003692307692307693,131.72165986979448,95.41479477269704,36.30686509709744
0.0043076923076923075,0.004000000000000001,119.73115770553781,94.69893795822652,25.032219747311288
0.0043076923076923075,0.004307692307692308,118.25270812799,93.92777963074705,24.32492849724295
0.0043076923076923075,0.004615384615384617,124.34061617709959,93.10177012500574,31.238846052093848
0.0043076923076923075,0.004923076923076924,167.47797118216215,92.22139180729323,75.25657937486892
0.0043076923076923075,0.0052307692307692315,176.95718332552113,91.28715879375521,85.67002453176592
0.0043076923076923075,0.00553846153846154,174.32135496544547,90.29961665016327,84.02173831528219
0.0043076923076923075,0.005846153846153847,174.50739671636381,89.2593420733197,85.24805464304411
0.0043076923076923075,0.006153846153846156,172.8892607825628,88.16694255428283,84.72231822827996
0.0043076923076923075,0.006461538461538463,154.89233593782626,87.02305602360937,67.86927991421689
0.0043076923076923075,0.0067692307692307704,134.44088757629927,85.82835047882098,48.612537097478295
0.0043076923076923075,0.007076923076923079,116.03801369941112,84.58352359431244,31.454490105098685
0.0043076923076923075,0.007384615384615386,105.99380757901646,83.28930231392947,22.704505265086993
0.0043076923076923075,0.007692307692307694,113.90277544580022,81.94644242645408,31.956333019346133
0.0043076923076923075,0.008000000000000002,99.09426228216489,80.55572812424508,18.538534157919813
0.0043076923076923075,0.00830769230769231,111.6619707757526,79.1179715452919,32.5439992304607
0.0043076923076923075,0.008615384615384617,107.68409686201942,77.6340122989489,30.050084563070513
0.0043076923076923075,0.008923076923076924,105.74516009782843,76.10471697562706,29.640443122201376
0.0043076923076923075,0.009230769230769233,77.3383149007786,74.53097864072963,2.80733626004897
0.0043076923076923075,0.00953846153846154,99.36772249249508,72.91371631312715,26.454006179367923
0.0043076923076923075,0.009846153846153848,99.87017751755533,71.2538744284762,28.61630308907914
0.0043076923076923075,0.010153846153846156,107.90949670806249,69.55242228769562,38.35707442036687
0.0043076923076923075,0.010461538461538463,105.25700748826205,67.81035349092208,37.446653997339965
0.0043076923076923075,0.010769230769230772,79.39213770441796,66.02868535727556,13.363452347142399
0.0043076923076923075,0.01107692307692308,66.12533602203943,64.20845833077365,1.916877691265782
0.0043076923076923075,0.011384615384615387,91.7652577394415,62.35073537274155,29.41452236669994
0.0043076923076923075,0.011692307692307695,72.79740076570313,60.456601341072535,12.340799424630596
0.0043076923076923075,0.012000000000000002,66.20418778535414,58.52716235670156,7.677025428652577
0.0043076923076923075,0.012307692307692311,79.87073843136126,56.563545157661736,23.307193273699525
0.0043076923076923075,0.012615384615384619,66.1820154723465,54.566896441101115,11.615119031245392
0.0043076923076923075,0.012923076923076926,65.58331785139914,52.53838219364375,13.044935657755396
0.0043076923076923075,0.013230769230769233,49.63316943225481,50.47918701048643,-0.846017578231617
0.0043076923076923075,0.013538461538461541,63.8339078636695,48.39051340362835,15.443394460041155
0.0043076923076923075,0.013846153846153848,69.47594638695507,46.2735810996381,23.202365287316972
0.0043076923076923075,0.014153846153846157,63.78235690176916,44.12962632736755,19.65273057440161
0.0043076923076923075,0.014461538461538465,64.88688392627324,41.95990109602915,22.926982830244093
0.0043076923076923075,0.014769230769230772,49.314481306172375,39.76567246405765,9.548808842114724
0.0043076923076923075,0.01507692307692308,41.03576592946917,37.54822179918383,3.487544130285343
0.0043076923076923075,0.015384615384615387,53.56041236847474,35.30884403015172,18.251568338323025
0.0043076923076923075,0.015692307692307696,31.667588328021537,33.04884689051665,-1.3812585624951126
0.0043076923076923075,0.016000000000000004,20.97882838976307,30.769550154965806,-9.790721765202736
0.0043076923076923075,0.01630769230769231,26.214701077628465,28.47228486860687,-2.257583790978405
0.0043076923076923075,0.01661538461538462,26.535615415138455,26.158392569675225,0.3772228454632298
0.0043076923076923075,0.016923076923076926,24.249030437762464,23.829224506113288,0.4198059316491758
0.0043076923076923075,0.017230769230769234,26.275222137879563,21.486140846479966,4.789081291399597
0.0043076923076923075,0.01753846153846154,21.52417444755013,19.130509885650298,2.3936645618998327
0.0043076923076923075,0.01784615384615385,15.07069683895143,16.763707245769968,-1.6930104068185372
0.0043076923076923075,0.01815384615384616,13.019217574271488,14.387115072930513,-1.3678974986590244
0.0043076923076923075,0.018461538461538467,14.684590573028352,12.002121230035243,2.682469342993109
0.0043076923076923075,0.018769230769230774,9.899723751523513,9.610118486325977,0.2896052651975367
0.0043076923076923075,0.01907692307692308,9.385565040914985,7.212503704045363,2.1730613368696217
0.0043076923076923075,0.01938461538461539,6.047512434124038,4.810677022708454,1.2368354114155844
0.0043076923076923075,0.019692307692307696,3.17072064322544,2.406041041460825,0.7646796017646147
0.004923076923076923,0.00030769230769230776,108.80208143608616,113.09542059123467,-4.293339155148516
0.004923076923076923,0.0006153846153846155,107.82172823865292,112.99634413515864,-5.174615896505713
0.004923076923076923,0.0009230769230769233,123.27158742576155,112.83128099612831,10.440306429633239
0.004923076923076923,0.001230769230769231,113.4500781750493,112.60032756636866,0.8497506086806368
0.004923076923076923,0.001538461538461539,115.86551939750997,112.30361871617895,3.561900681331025
0.004923076923076923,0.0018461538461538465,103.74527392957829,111.94132771517222,-8.196053785593932
0.004923076923076923,0.002153846153846154,131.46268147489505,111.51366613109083,19.94901534380422
0.004923076923076923,0.002461538461538462,110.57430866113157,111.02088370625675,-0.4465750451251864
0.004923076923076923,0.00276923076923077,123.62163586902733,110.46326821172916,13.158367657298172
0.004923076923076923,0.003076923076923078,105.30538181508874,109.84114527925416,-4.535763464165427
0.004923076923076923,0.0033846153846153852,112.1731253465206,109.15487821110514,3.0182471354154643
0.004923076923076923,0.003692307692307693,120.50882988956872,108.40486776792432,12.1039621216444
0.004923076923076923,0.004000000000000001,122.59353090801596,107.59155193468995,15.001978973326018
0.004923076923076923,0.004307692307692308,106.49861049760484,106.71540566494535,-0.21679516734050708
0.004923076923076923,0.004615384615384617,121.48414682974312,105.77694060343941,15.707206226303711
0.004923076923076923,0.004923076923076924,160.6858154726055,104.77670478734055,55.90911068526495
0.004923076923076923,0.0052307692307692315,139.46592601368482,103.71528232619832,35.7506436874865
0.004923076923076923,0.00553846153846154,163.2691889235998,102.59329306083995,60.67589586275986
0.004923076923076923,0.005846153846153847,167.70979553831137,101.41139220140082,66.29840333691055
0.004923076923076923,0.006153846153846156,164.99420537031375,100.17026994469998,64.82393542561377
0.004923076923076923,0.006461538461538463,155.31336811572285,98.8706510711849,56.44271704453796
0.004923076923076923,0.0067692307692307704,123.70309147959044,97.51329452167994,26.189796957910502
0.004923076923076923,0.007076923076923079,106.62053601857664,96.09899295418633,10.521543064390315
0.004923076923076923,0.007384615384615386,112.12609531308318,94.6285722809922,17.49752303209098
0.004923076923076923,0.007692307692307694,125.01834724135985,93.1028911863631,31.915456054996753
0.004923076923076923,0.008000000000000002,139.04974736366526,91.52284062509449,47.52690673857077
0.004923076923076923,0.00830769230769231,119.65012804151364,89.88934330221934,29.760784739294294
0.004923076923076923,0.008615384615384617,123.71867734683823,88.20335313417432,35.51532421266391
0.004923076923076923,0.008923076923076924,107.16050916853935,86.46585469173938,20.69465447679997
0.004923076923076923,0.009230769230769233,89.56619997684335,84.6778626250763,4.888337351767049
0.004923076923076923,0.00953846153846154,95.69983504777029,82.84042107120148,12.859413976568817
0.004923076923076923,0.009846153846153848,113.17420606802345,80.95460304423929,32.21960302378416
0.004923076923076923,0.010153846153846156,113.13345118377791,79.02150980881214,34.11194137496577
0.004923076923076923,0.010461538461538463,113.35368089165311,77.04227023693286,36.31141065472025
0.004923076923076923,0.010769230769230772,67.65973670652703,75.01804014877527,-7.358303442248243
0.004923076923076923,0.01107692307692308,53.984402749901534,72.95000163770774,-18.96559888780621
0.004923076923076923,0.011384615384615387,97.09099283421142,70.83936237998402,26.251630454227396
0.004923076923076923,0.011692307692307695,77.08861515958155,68.68735492949415,8.401260230087402
0.004923076923076923,0.012000000000000002,73.38351639654712,66.49523599798789,6.888280398559232
0.004923076923076923,0.012307692307692311,79.14780026946934,64.2642857211903,14.883514548279038
0.004923076923076923,0.012615384615384619,65.56773472275333,61.99580691123863,3.5719278115146977
0.004923076923076923,0.012923076923076926,63.83353202562272,59.691124295876655,4.142407729746068
0.004923076923076923,0.013230769230769233,53.694309526438246,57.351583744850984,-3.657274218412738
0.004923076923076923,0.013538461538461541,55.614369766041946,54.97855148396104,0.6358182820809049
0.004923076923076923,0.013846153846153848,78.44938434967862,52.573413297221705,25.87597105245692
0.004923076923076923,0.014153846153846157,77.73100973204646,50.13757371760439,27.59343601444207
0.004923076923076923,0.014461538461538465,60.132332050030556,47.67245520682943,12.459876843201123
0.004923076923076923,0.014769230769230772,56.88406711528155,45.179497324688406,11.704569790593148
0.004923076923076923,0.01507692307692308,40.02340122987011,42.66015588838184,-2.6367546585117267
0.004923076923076923,0.015384615384615387,44.57087590274657,40.11590212236293,4.454973780383639
0.004923076923076923,0.015692307692307696,42.52566484755057,37.548221799183835,4.977443048366737
0.004923076923076923,0.016000000000000004,33.19879277880903,34.95861437184642,-1.759821593037394
0.004923076923076923,0.01630769230769231,27.37768066039291,32.348592098163934,-4.970911437771022
0.004923076923076923,0.01661538461538462,25.544303625389272,29.719679157644975,-4.175375532255703
0.004923076923076923,0.016923076923076926,28.261354306791254,27.07341076141556,1.1879435453756955
0.004923076923076923,0.017230769230769234,27.465058912893365,24.411332255699197,3.0537266571941686
0.004923076923076923,0.01753846153846154,25.572744820758707,21.73499821937802,3.8377466013806867
0.004923076923076923,0.01784615384615385,19.301908041071265,19.04597155616269,0.2559364849085739
0.004923076923076923,0.01815384615384616,13.77055590700729,16.345822581900396,-2.575266674893106
0.004923076923076923,0.018461538461538467,13.23714610485464,13.636128107555018,-0.39898200270037876
0.004923076923076923,0.018769230769230774,8.480727867444015,10.918470518393434,-2.437742650949419
0.004923076923076923,0.01907692307692308,9.382659777209092,8.194436849917476,1.1882229272916156
0.004923076923076923,0.01938461538461539,5.761899955544946,5.465617861079647,0.2962820944652993
0.004923076923076923,0.019692307692307696,2.495085156625181,2.7336071053248783,-0.23852194869969745
0.005538461538461539,0.00030769230769230776,87.75476123057493,126.38341937474053,-38.6286581441656
0.005538461538461539,0.0006153846153846155,148.760347582264,126.27270205981335,22.487645522450634
0.005538461538461539,0.0009230769230769233,129.84411647107478,126.08824504277126,3.7558714283035215
0.005538461538461539,0.001230769230769231,125.83436230156839,125.83015604131782,0.004206260250569471
0.005538461538461539,0.001538461538461539,118.5568080548012,125.49858577216202,-6.9417777173608215
0.005538461538461539,0.0018461538461538465,126.51331215853843,125.09372786300389,1.4195842955345341
0.005538461538461539,0.002153846153846154,124.04110477456065,124.61581873946142,-0.5747139649007664
0.005538461538461539,0.002461538461538462,143.78040322181988,124.06513748700463,19.715265734815247
0.005538461538461539,0.00276923076923077,122.86482597639734,123.4420056879776,-0.577179711580257
0.005538461538461539,0.003076923076923078,135.89405573455824,122.7467872338033,13.147268500754933
0.005538461538461539,0.0033846153846153852,135.43997425359592,121.97988811248138,13.460086141114544
0.005538461538461539,0.003692307692307693,118.24645992253727,121.14175617150248,-2.8952962489652094
0.005538461538461539,0.004000000000000001,132.25539502445645,120.23288085631802,12.022514168138429
0.005538461538461539,0.004307692307692308,128.42811624439705,119.25379292451782,9.174323319879221
0.005538461538461539,0.004615384615384617,128.05665198947926,118.20506413588251,9.851587853596754
0.005538461538461539,0.004923076923076924,181.625741836962,117.08730691849209,64.5384349184699
0.005538461538461539,0.0052307692307692315,165.63534385038963,115.901174011085,49.73416983930463
0.005538461538461539,0.00553846153846154,167.74571035541405,114.64735808187724,53.098352273536804
0.005538461538461539,0.005846153846153847,165.54550703309812,113.32659132406351,52.218915709034604
0.005538461538461539,0.006153846153846156,173.33782927439154,111.93964502823708,61.39818424615446
0.005538461538461539,0.006461538461538463,131.0610926312516,110.48732913197775,20.573763499273852
0.005538461538461539,0.0067692307692307704,119.18278465076367,108.97049174687118,10.21229290389249
0.005538461538461539,0.007076923076923079,112.4238428674581,107.39001866323555,5.0338242042225545
0.005538461538461539,0.007384615384615386,113.01299270992817,105.74683283284496,7.266159877083211
0.005538461538461539,0.007692307692307694,132.3045910739461,104.0418938299516,28.26269724399451
0.005538461538461539,0.008000000000000002,104.668262280901,102.27619729092144,2.392064989979559
0.005538461538461539,0.00830769230769231,97.27205673184434,100.45077433281055,-3.178717600966209
0.005538461538461539,0.008615384615384617,102.23115108949484,98.56669095122191,3.664460138272929
0.005538461538461539,0.008923076923076924,92.54499551144141,96.6250473977938,-4.080051886352379
0.005538461538461539,0.009230769230769233,101.61648415415037,94.62697753768397,6.9895066164664
0.005538461538461539,0.00953846153846154,97.65766695039119,92.57364818742437,5.084018762966821
0.005538461538461539,0.009846153846153848,92.4485510094442,90.46625843353296,1.982292575911245
0.005538461538461539,0.010153846153846156,92.45394884737549,88.30603893228111,4.147909915094374
0.005538461538461539,0.010461538461538463,84.83707091699374,86.09425119102497,-1.257180274031228
0.005538461538461539,0.010769230769230772,97.7859743142443,83.83218683152059,13.953787482723712
0.005538461538461539,0.01107692307692308,93.73641706107011,81.52116683565335,12.215250225416767
0.005538461538461539,0.011384615384615387,107.72331012987821,79.16254077402161,28.560769355856607
0.005538461538461539,0.011692307692307695,79.28409146107825,76.75768601782552,2.5264054432527274
0.005538461538461539,0.012000000000000002,94.13083584729978,74.3080069345211,19.822828912778675
0.005538461538461539,0.012307692307692311,93.46067097825086,71.81493406770906,21.6457369105418
0.005538461538461539,0.012615384615384619,98.78360203663436,69.27992330173774,29.503678734896624
0.005538461538461539,0.012923076923076926,61.5935553413773,66.70445501150759,-5.110899670130294
0.005538461538461539,0.013230769230769233,60.46989811495251,64.09003319797392,-3.6201350830214167
0.005538461538461539,0.013538461538461541,62.51650096012896,61.43818460985269,1.0783163502762676
0.005538461538461539,0.013846153846153848,66.82808676314268,58.75045785204232,8.077628911100362
0.005538461538461539,0.014153846153846157,81.57077439395866,56.02842248128189,25.542351912676764
0.005538461538461539,0.014461538461538465,69.24507411330691,53.27366808957443,15.971406023732484
0.005538461538461539,0.014769230769230772,59.31214600012855,50.48780337590968,8.824342624218872
0.005538461538461539,0.01507692307692308,54.15424098906232,47.67245520682942,6.481785782232905
0.005538461538461539,0.015384615384615387,42.417265048431794,44.82926766638314,-2.4120026179513445
0.005538461538461539,0.015692307692307696,26.394638401159916,41.95990109602914,-15.565262694869226
0.005538461538461539,0.016000000000000004,39.01125143300091,39.06603112504207,-0.05477969204116562
0.005538461538461539,0.01630769230769231,33.494397802277255,36.149347691992496,-2.6549498897152404
0.005538461538461539,0.01661538461538462,38.53143774085757,33.21155405787041,5.319883682987161
0.005538461538461539,0.016923076923076926,33.28670584384646,30.254365811428663,3.0323400324177996
0.005538461538461539,0.017230769230769234,39.50470879473838,27.279509867327697,12.22519892741068
0.005538461538461539,0.01753846153846154,23.43559332949348,24.28872345766571,-0.8531301281722321
0.005538461538461539,0.01784615384615385,21.830000635915074,21.2837531174843,0.5462475184307749
0.005538461538461539,0.01815384615384616,22.5797432679405,18.266353664840896,4.313389603099605
0.005538461538461539,0.018461538461538467,17.21769194076094,15.238287176044874,1.9794047647160653
0.005538461538461539,0.018769230769230774,13.613385755829785,12.201321956654066,1.4120637991757192
0.005538461538461539,0.01907692307692308,9.969632336915485,9.157231508834533,0.8124008280809516
0.005538461538461539,0.01938461538461539,6.1979929785791565,6.107793495684988,0.09019948289416835
0.005538461538461539,0.019692307692307696,3.1535410456701913,3.0547887031318117,0.09875234253837961
0.006153846153846154,0.00030769230769230776,143.81118986963835,139.3762438262771,4.434946043361265
0.006153846153846154,0.0006153846153846155,141.11718975783108,139.25414423791793,1.8630455199131575
0.006153846153846154,0.0009230769230769233,128.23250579651406,139.05072415077424,-10.818218354260182
0.006153846153846154,0.001230769230769231,123.33550334837715,138.76610235644856,-15.430599008071411
0.006153846153846154,0.001538461538461539,129.82666326112383,138.4004450660537,-8.573781804929865
0.006153846153846154,0.0018461538461538465,131.56486194861017,137.95396581315023,-6.389103864540061
0.006153846153846154,0.002153846153846154,128.81726011604025,137.4269253290488,-8.609665213008554
0.006153846153846154,0.002461538461538462,123.13174962975509,136.81963139055043,-13.687881760795335
0.006153846153846154,0.00276923076923077,118.760974616226,136.13243864021362,-17.371464023987627
0.006153846153846154,0.003076923076923078,136.2762201953851,135.36574837925292,0.9104718161321728
0.006153846153846154,0.0033846153846153852,133.0991933973272,134.52000833319048,-1.4208149358632625
0.006153846153846154,0.003692307692307693,132.962497772565,133.59571239039678,-0.6332146178317828
0.006153846153846154,0.004000000000000001,129.31351293361104,132.59340031367392,-3.2798873800628883
0.006153846153846154,0.004307692307692308,130.34747995765085,131.51365742504922,-1.16617746739837
0.006153846153846154,0.004615384615384617,124.58655592063096,130.3571142639636,-5.770558343332652
0.006153846153846154,0.004923076923076924,187.48025822260792,129.1244462190545,58.35581200355341
0.006153846153846154,0.0052307692307692315,175.1282559171854,127.8163731337477,47.31188278343771
0.006153846153846154,0.00553846153846154,183.21757261310216,126.43365888588919,56.783913727212976
0.006153846153846154,0.005846153846153847,160.20559262214593,124.97711094166195,35.22848168048398
0.006153846153846154,0.006153846153846156,169.83179296219765,123.44757988404845,46.3842130781492
0.006153846153846154,0.006461538461538463,142.81228618090708,121.84595891611414,20.966327264792938
0.006153846153846154,0.0067692307692307704,126.9389451986295,120.17318333940207,6.765761859227425
0.006153846153846154,0.007076923076923079,115.42909473863962,118.43023000774302,-3.0011352691034006
0.006153846153846154,0.007384615384615386,116.81213317628668,116.61811675680042,0.19401641948626036
0.006153846153846154,0.007692307692307694,119.7006797090126,114.73790180968302,4.962777899329581
0.006153846153846154,0.008000000000000002,120.26704280782785,112.79068315897236,7.476359648855492
0.006153846153846154,0.00830769230769231,110.49134347078792,110.77759792552602,-0.2862544547380992
0.006153846153846154,0.008615384615384617,96.48227491128007,108.69982169443111,-12.217546783151036
0.006153846153846154,0.008923076923076924,97.97258118124144,106.55856782849555,-8.585986647254117
0.006153846153846154,0.009230769230769233,105.14821782217727,104.35508675967854,0.7931310624987304
0.006153846153846154,0.00953846153846154,99.77715856895145,102.09066525887343,-2.3135066899219794
0.006153846153846154,0.009846153846153848,109.62753223041499,99.76662568446964,9.86090654594534
0.006153846153846154,0.010153846153846156,102.97183418930845,97.3843252101328,5.587508979175652
0.006153846153846154,0.010461538461538463,103.06941236968939,94.94515503225345,8.124257337435935
0.006153846153846154,0.010769230769230772,94.52674656189814,92.45053955752745,2.076207004370687
0.006153846153846154,0.01107692307692308,88.51297743736251,89.90193557114273,-1.3889581337802213
0.006153846153846154,0.011384615384615387,99.1899592029437,87.30083138605768,11.889127816886017
0.006153846153846154,0.011692307692307695,89.65854306912355,84.64874597386826,5.009797095255294
0.006153846153846154,0.012000000000000002,89.04791200325542,81.94722807777146,7.100683925483963
0.006153846153846154,0.012307692307692311,97.65229042192215,79.19785530814279,18.454435113779354
0.006153846153846154,0.012615384615384619,76.97608429838091,76.40223322125637,0.5738510771245444
0.006153846153846154,0.012923076923076926,66.19440035370592,73.56199438168508,-7.367594027979166
0.006153846153846154,0.013230769230769233,54.65089133865029,70.67879740892907,-16.02790607027878
0.006153846153846154,0.013538461538461541,60.567302884612396,67.75432600882843,-7.187023124216033
0.006153846153846154,0.013846153846153848,87.44243265299738,64.79028799032663,22.65214466267075
0.006153846153846154,0.014153846153846157,84.35477464321902,61.78841426815797,22.566360375061045
0.006153846153846154,0.014461538461538465,70.9711001703747,58.750457852042324,12.220642318332374
0.006153846153846154,0.014769230769230772,53.4660686734956,55.67819282297662,-2.2121241494810207
0.006153846153846154,0.01507692307692308,54.0588621888065,52.5734132972217,1.4854488915848023
0.006153846153846154,0.015384615384615387,35.14136794921218,49.43793237858883,-14.296564429376652
0.006153846153846154,0.015692307692307696,38.36579446911138,46.27358109963811,-7.907786630526729
0.006153846153846154,0.016000000000000004,39.072054145752055,43.08220735240708,-4.010153206655026
0.006153846153846154,0.01630769230769231,36.23681845949232,39.86567480929384,-3.6288563498015236
0.006153846153846154,0.01661538461538462,34.737713256541674,36.6258618347248,-1.8881485781831273
0.006153846153846154,0.016923076923076926,34.13881486583642,33.36466038824264,0.7741544775937825
0.006153846153846154,0.017230769230769234,26.079248052511485,30.0839749196555,-4.004726867144015
0.006153846153846154,0.01753846153846154,24.263809060413053,26.78572125689159,-2.5219121964785387
0.006153846153846154,0.01784615384615385,21.50492160843833,23.471825487209934,-1.9669038787716033
0.006153846153846154,0.01815384615384616,22.321980035356514,20.144222832419324,2.1777572029371903
0.006153846153846154,0.018461538461538467,17.205253251796975,16.804856518763756,0.40039673303321877
0.006153846153846154,0.018769230769230774,12.784081654593171,13.455676642132447,-0.6715949875392759
0.006153846153846154,0.01907692307692308,8.664669443534683,10.09863902925921,-1.4339695857245278
0.006153846153846154,0.01938461538461539,6.903194284649478,6.735704095574428,0.16749018907505064
0.006153846153846154,0.019692307692307696,3.0636883858478816,3.368835700377887,-0.30514731453000543
0.00676923076923077,0.00030769230769230776,159.87246648647604,152.04354860231084,7.828917884165207
0.00676923076923077,0.0006153846153846155,113.08259598072635,151.9103519097658,-38.827755929039455
0.00676923076923077,0.0009230769230769233,110.67647986720259,151.6884438495596,-41.01196398235702
0.00676923076923077,0.001230769230769231,114.22379710613605,151.37795400975034,-37.15415690361429
0.00676923076923077,0.001538461538461539,126.42040477925796,150.97906370766103,-24.558658928403062
0.00676923076923077,0.0018461538461538465,115.04442132343938,150.49200588399515,-35.44758456055577
0.00676923076923077,0.002153846153846154,133.92711165663093,149.91706496680595,-15.989953310175025
0.00676923076923077,0.002461538461538462,127.13321855240005,149.25457670539856,-22.12135815299851
0.00676923076923077,0.00276923076923077,120.5362469485387,148.5049279742617,-27.968681025723
0.00676923076923077,0.003076923076923078,133.00808469607827,147.66855654714396,-14.660471851065694
0.00676923076923077,0.0033846153846153852,132.7633056860013,146.74595084140623,-13.982645155404924
0.00676923076923077,0.003692307692307693,138.37818952256453,145.7376496327997,-7.359460110235176
0.00676923076923077,0.004000000000000001,125.49692631765093,144.6442417408361,-19.147315423185162
0.00676923076923077,0.004307692307692308,120.63789068058152,143.46636568493352,-22.828475004352
0.00676923076923077,0.004615384615384617,105.79812903539239,142.20470931153915,-36.406580276146755
0.00676923076923077,0.004923076923076924,162.4400514624352,140.86000939244636,21.58004206998885
0.00676923076923077,0.0052307692307692315,160.35408069255965,139.43305119454058,20.921029498019067
0.00676923076923077,0.00553846153846154,153.93653583269705,137.92466802122573,16.01186781147132
0.00676923076923077,0.005846153846153847,174.09563230813822,136.3357407257984,37.75989158233983
0.00676923076923077,0.006153846153846156,166.86964146650612,134.66719719705424,32.20244426945189
0.00676923076923077,0.006461538461538463,151.91606613228876,132.92001181742722,18.99605431486154
0.00676923076923077,0.0067692307692307704,126.733222506463,131.0952048939777,-4.361982387514701
0.00676923076923077,0.007076923076923079,115.79844590040793,129.19384206256166,-13.39539616215373
0.00676923076923077,0.007384615384615386,119.68848254687958,127.21703366552951,-7.528551118649929
0.00676923076923077,0.007692307692307694,111.00960194451383,125.16593410331748,-14.15633215880365
0.00676923076923077,0.008000000000000002,119.04681969971838,123.04174116031011,-3.9949214605917263
0.00676923076923077,0.00830769230769231,104.84643713472227,120.84569530536803,-15.99925817064576
0.00676923076923077,0.008615384615384617,105.30038666057072,118.57907896742906,-13.278692306858332
0.00676923076923077,0.008923076923076924,95.07081832393712,116.24321578660572,-21.1723974626686
0.00676923076923077,0.009230769230769233,101.82195344518189,113.83946984121678,-12.017516396034893
0.00676923076923077,0.00953846153846154,103.27767397469579,111.36924485120403,-8.091570876508243
0.00676923076923077,0.009846153846153848,105.0957570457207,108.83398335839907,-3.738226312678364
0.00676923076923077,0.010153846153846156,104.77147996474355,106.23516588411978,-1.463685919376232
0.00676923076923077,0.010461538461538463,93.86608637960359,103.57431006458744,-9.70822368498385
0.00676923076923077,0.010769230769230772,94.44489607660282,100.85296976466991,-6.408073688067091
0.00676923076923077,0.01107692307692308,86.49078293025994,98.07273417046838,-11.58195124020844
0.00676923076923077,0.011384615384615387,83.21064132672285,95.23522686127734,-12.02458553455449
0.00676923076923077,0.011692307692307695,87.87142450602988,92.34210486146004,-4.4706803554301615
0.00676923076923077,0.012000000000000002,76.3409887681333,89.39505767279297,-13.054068904659673
0.00676923076923077,0.012307692307692311,85.10794131616174,86.3958062878443,-1.287864971682552
0.00676923076923077,0.012615384615384619,69.39416214937874,83.34610218496279,-13.951940035584045
0.00676923076923077,0.012923076923076926,58.119420632721,80.24772630546366,-22.128305672742655
0.00676923076923077,0.013230769230769233,80.71058978798924,77.1024880136091,3.608101774380131
0.00676923076923077,0.013538461538461541,59.92448447227439,73.91222403999038,-13.987739567715984
0.00676923076923077,0.013846153846153848,89.98395481410918,70.6787974089291,19.305157405180083
0.00676923076923077,0.014153846153846157,92.6377276512678,67.40409635052318,25.23363130074462
0.00676923076923077,0.014461538461538465,71.04880015023602,64.09003319797395,6.958766952262067
0.00676923076923077,0.014769230769230772,62.6465775299132,60.73854327083715,1.9080342590760537
0.00676923076923077,0.01507692307692308,64.69902526587362,57.351583744851,7.347441521022617
0.00676923076923077,0.015384615384615387,50.13363527597608,53.93113250900061,-3.7974972330245294
0.00676923076923077,0.015692307692307696,58.95739739208572,50.47918701048645,8.478210381599268
0.00676923076923077,0.016000000000000004,45.115869300951715,46.99776308827154,-1.8818937873198252
0.00676923076923077,0.01630769230769231,35.47316720361827,43.48889379588823,-8.015726592269964
0.00676923076923077,0.01661538461538462,40.419056994674904,39.9546282141922,0.46442878048270586
0.00676923076923077,0.016923076923076926,38.42828029910864,36.39703025475678,2.0312500443518644
0.00676923076923077,0.017230769230769234,24.86077531374428,32.818177454607046,-7.957402140862765
0.00676923076923077,0.01753846153846154,24.49490857170143,29.220159762996328,-4.725251191294898
0.00676923076923077,0.01784615384615385,22.148742893301375,25.60507832093503,-3.456335427633654
0.00676923076923077,0.01815384615384616,18.370711809831732,21.97504423418309,-3.604332424351359
0.00676923076923077,0.018461538461538467,16.88183508863223,18.332177340424213,-1.4503422517919837
0.00676923076923077,0.018769230769230774,12.589271011661795,14.678604971339688,-2.0893339596778926
0.00676923076923077,0.01907692307692308,8.76090159999308,11.016460710307111,-2.2555591103140316
0.00676923076923077,0.01938461538461539,5.419929660700071,7.34788314644747,-1.9279534857473983
0.00676923076923077,0.019692307692307696,2.8147784322083096,3.6750146257495597,-0.8602361935412501
0.007384615384615385,0.00030769230769230776,129.26762179674625,164.3557486255933,-35.08812682884704
0.007384615384615385,0.0006153846153846155,125.6355709209424,164.21176591590955,-38.57619499496715
0.007384615384615385,0.0009230769230769233,112.8201535551204,163.97188815919762,-51.15173460407722
0.007384615384615385,0.001230769230769231,118.68947642721315,163.63625543731234,-44.94677901009919
0.007384615384615385,0.001538461538461539,107.79749196074917,163.2050637503118,-55.40757178956264
0.007384615384615385,0.0018461538461538465,112.43194010958686,162.67856490199867,-50.24662479241181
0.007384615384615385,0.002153846153846154,129.90574011218717,162.05706635287393,-32.15132624068676
0.007384615384615385,0.002461538461538462,130.14243140343135,161.34093104058863,-31.198499637157283
0.007384615384615385,0.00276923076923077,128.10019778855957,160.53057716799853,-32.43037937943896
0.007384615384615385,0.003076923076923078,134.92915411831444,159.62647795894532,-24.697323840630872
0.007384615384615385,0.0033846153846153852,137.7690552076183,158.6291613819073,-20.860106174289
0.007384615384615385,0.003692307692307693,132.89777769341808,157.53920984168064,-24.641432148262567
0.007384615384615385,0.004000000000000001,130.66809940770406,156.3572598392714,-25.68916043156733
0.007384615384615385,0.004307692307692308,131.45170771724142,155.08400160019684,-23.632293882955423
0.007384615384615385,0.004615384615384617,118.62297140681936,153.72017867141304,-35.09720726459368
0.007384615384615385,0.004923076923076924,178.5803149421368,152.26658748710474,26.31372745503205
0.007384615384615385,0.0052307692307692315,160.33957159286473,150.7240769035898,9.615494689274925
0.007384615384615385,0.00553846153846154,157.84750575379303,149.09354770361136,8.753958050181666
0.007384615384615385,0.005846153846153847,166.2385871005223,147.37595207030586,18.86263503021644
0.007384615384615385,0.006153846153846156,173.93353376165842,145.57229303115497,28.361240730503454
0.007384615384615385,0.006461538461538463,137.08597345671348,143.68362387224585,-6.597650415532371
0.007384615384615385,0.0067692307692307704,133.83523937001632,141.71104752318163,-7.875808153165309
0.007384615384615385,0.007076923076923079,120.50700717040269,139.65571591300167,-19.148708742598984
0.007384615384615385,0.007384615384615386,116.745504695138,137.51882929748737,-20.773324602349376
0.007384615384615385,0.007692307692307694,131.92663632809297,135.30163555824666,-3.3749992301536906
0.007384615384615385,0.008000000000000002,128.72002017381573,133.00542947398617,-4.285409300170443
0.007384615384615385,0.00830769230769231,120.5731436720601,130.63155196439712,-10.05840829233702
0.007384615384615385,0.008615384615384617,118.51681103244333,128.1813893070958,-9.66457827465247
0.007384615384615385,0.008923076923076924,108.90767769392515,125.6563723280765,-16.74869463415135
0.007384615384615385,0.009230769230769233,97.24477189028796,123.05797556614952,-25.81320367586156
0.007384615384615385,0.00953846153846154,94.82055836745896,120.38771641185204,-25.567158044393082
0.007384615384615385,0.009846153846153848,84.74791140653971,117.64715422133457,-32.89924281479486
0.007384615384615385,0.010153846153846156,91.07607607711635,114.83788940574111,-23.761813328624754
0.007384615384615385,0.010461538461538463,89.79235726113004,111.96156249661398,-22.169205235483943
0.007384615384615385,0.010769230769230772,104.54194777579845,109.01985318786963,-4.4779054120711805
0.007384615384615385,0.01107692307692308,98.62786839457162,106.01447935490472,-7.386610960333101
0.007384615384615385,0.011384615384615387,88.249163780247,102.94719605140519,-14.698032271158183
0.007384615384615385,0.011692307692307695,95.14153631604624,99.8197944844444,-4.678258168398159
0.007384615384615385,0.012000000000000002,92.28833375380577,96.63410096846866,-4.345767214662885
0.007384615384615385,0.012307692307692311,83.99100646194137,93.39197585878087,-9.4009693968395
0.007384615384615385,0.012615384615384619,60.388913658687784,90.09531246514565,-29.70639880645787
0.007384615384615385,0.012923076923076926,64.95609145330805,86.74603594614958,-21.789944492841528
0.007384615384615385,0.013230769230769233,70.91520823961842,83.3461021849628,-12.43089394534438
0.007384615384615385,0.013538461538461541,61.399828993489386,79.89749664715838,-18.49766765366899
0.007384615384615385,0.013846153846153848,87.01842510514939,76.4022332212564,10.616191883892995
0.007384615384615385,0.014153846153846157,92.51692689770415,72.86235304266955,19.6545738550346
0.007384615384615385,0.014461538461538465,69.87766590960226,69.27992330173778,0.5977426078644754
0.007384615384615385,0.014769230769230772,61.01914529120526,65.65703603654715,-4.637890745341892
0.007384615384615385,0.01507692307692308,59.8220834669398,61.99580691123865,-2.173723444298851
0.007384615384615385,0.015384615384615387,53.718680177289244,58.29837398051988,-4.579693803230633
0.007384615384615385,0.015692307692307696,42.96421127652471,54.56689644110115,-11.602685164576442
0.007384615384615385,0.016000000000000004,37.964621398802976,50.80355337078568,-12.838931971982703
0.007384615384615385,0.01630769230769231,33.7858540841347,47.010542455949334,-13.224688371814636
0.007384615384615385,0.01661538461538462,38.90203487430216,43.190078708153784,-4.288043833851624
0.007384615384615385,0.016923076923076926,33.36349499184263,39.34439317064191,-5.980898178799279
0.007384615384615385,0.017230769230769234,24.962224955526928,35.475731615471716,-10.513506659944788
0.007384615384615385,0.01753846153846154,22.953122155124984,31.586353232048342,-8.633231076923359
0.007384615384615385,0.01784615384615385,22.487570212448546,27.678529307821385,-5.19095909537284
0.007384615384615385,0.01815384615384616,20.35366355006596,23.75454190191662,-3.400878351850661
0.007384615384615385,0.018461538461538467,17.163545097753104,19.816682512478312,-2.653137414725208
0.007384615384615385,0.018769230769230774,13.986790958297782,15.86725073849811,-1.8804597802003276
0.007384615384615385,0.01907692307692308,9.16455609874309,11.908552936914562,-2.7439968381714728
0.007384615384615385,0.01938461538461539,6.427109289851043,7.942900875765268,-1.5157915859142248
0.007384615384615385,0.019692307692307696,3.3157265420399877,3.9726103841797165,-0.6568838421397287
0.008,0.00030769230769230776,127.91931221339011,176.28408818248005,-48.36477596908993
0.008,0.0006153846153846155,137.2642547320748,176.12965573394754,-38.865401001872755
0.008,0.0009230769230769233,123.67121278212119,175.8723685263455,-52.20115574422431
0.008,0.001230769230769231,129.02791080786952,175.51237680815785,-46.484466000288336
0.008,0.001538461538461539,132.52103332916758,175.04989080441047,-42.52885747524289
0.008,0.0018461538461538465,126.07803331757616,174.48518059390582,-48.40714727632967
0.008,0.002153846153846154,134.08256108943272,173.81857595150436,-39.73601486207164
0.008,0.002461538461538462,130.86321689084838,173.0504661555454,-42.187249264697016
0.008,0.00276923076923077,124.21511460219676,172.1812997605195,-47.96618515832273
0.008,0.003076923076923078,138.36440037988365,171.2115843351253,-32.84718395524166
0.008,0.0033846153846153852,124.78278582411353,170.1418861658637,-45.359100341750164
0.008,0.003692307692307693,129.577506358428,168.9728299263424,-39.3953235679144
0.008,0.004000000000000001,130.16662917048222,167.7050983124842,-37.538469142001986
0.008,0.004307692307692308,141.1989181158936,166.33943164385187,-25.140513527958262
0.008,0.004615384615384617,127.9969439699059,164.87662743132205,-36.87968346141615
0.008,0.004923076923076924,161.14073263341368,163.31753991136182,-2.176807277948143
0.008,0.0052307692307692315,156.9619355781352,161.6630795471783,-4.701143969043102
0.008,0.00553846153846154,163.8113844701204,159.91421249703393,3.897171973086472
0.008,0.005846153846153847,167.18038112669652,158.07196005003726,9.108421076659255
0.008,0.006153846153846156,173.46196045835603,156.13739802973876,17.32456242861727
0.008,0.006461538461538463,128.78334601701573,154.11165616588025,-25.328310148864517
0.008,0.0067692307692307704,132.09792291038065,151.99591743466462,-19.897994524283973
0.008,0.007076923076923079,130.13185274567084,149.79141736793085,-19.659564622260007
0.008,0.007384615384615386,128.91262442029816,147.49944333163828,-18.586818911340117
0.008,0.007692307692307694,123.22131408457179,145.1213337740813,-21.90001968950952
0.008,0.008000000000000002,119.16357329235919,142.65847744427305,-23.494904151913858
0.008,0.00830769230769231,111.65477715213011,140.1123125809551,-28.457535428824983
0.008,0.008615384615384617,105.61820004489992,137.48432607270666,-31.866126027806743
0.008,0.008923076923076924,105.89950244072314,134.77605258964346,-28.876550148920316
0.008,0.009230769230769233,101.72736403089841,131.98907368721353,-30.26170965631512
0.008,0.00953846153846154,100.43826585904509,129.12501688261358,-28.68675102356849
0.008,0.009846153846153848,98.3418909544237,126.18555470436443,-27.84366374994073
0.008,0.010153846153846156,97.06225603921672,123.17240371560187,-26.110147676385154
0.008,0.010461538461538463,87.19319179640267,120.08732351165185,-32.89413171524917
0.008,0.010769230769230772,101.15150310475872,116.93211569247637,-15.780612587717656
0.008,0.01107692307692308,104.31391031801158,113.70862281059,-9.394712492578421
0.008,0.011384615384615387,93.3423406635724,110.41872729506095,-17.076386631488546
0.008,0.011692307692307695,87.23021180016532,107.06435035222555,-19.834138552060224
0.008,0.012000000000000002,101.73558685602215,103.64745084375788,-1.9118639877357282
0.008,0.012307692307692311,101.02443399088567,100.17002414274965,0.8544098481360152
0.008,0.012615384615384619,76.68119386143171,96.63410096846863,-19.95290710703692
0.008,0.012923076923076926,66.23504766806191,93.04174620047559,-26.806698532413677
0.008,0.013230769230769233,51.97833126968687,89.39505767279296,-37.41672640310609
0.008,0.013538461538461541,64.45840645398256,85.69616494882872,-21.23775849484616
0.008,0.013846153846153848,76.97886760620763,81.94722807777148,-4.968360471563855
0.008,0.014153846153846157,60.05794594709062,78.15043633318236,-18.092490386091733
0.008,0.014461538461538465,73.3554305412288,74.30800693452113,-0.9525763932923326
0.008,0.014769230769230772,59.25956747957786,70.42218375235227,-11.162616272774407
0.008,0.01507692307692308,59.37415214647668,66.49523599798789,-7.121083851511209
0.008,0.015384615384615387,52.761790699465685,62.52945689833225,-9.767666198866564
0.008,0.015692307692307696,56.230078549341975,58.52716235670158,-2.2970838073596056
0.008,0.016000000000000004,41.786429864899056,54.49068960040207,-12.704259735503015
0.008,0.01630769230769231,36.764981605267636,50.42239581585478,-13.657414210587142
0.008,0.01661538461538462,37.351301286791475,46.3246567720652,-8.973355485273721
0.008,0.016923076923076926,34.144601283379636,42.199865433240895,-8.055264149861259
0.008,0.017230769230769234,36.96872012353199,38.05043056136812,-1.0817104378361293
0.008,0.01753846153846154,24.012205694199714,33.87877530956227,-9.866569615362557
0.008,0.01784615384615385,23.321470821133403,29.687335807015067,-6.3658649858816645
0.008,0.01815384615384616,19.866253119435928,25.478559736363287,-5.612306616927359
0.008,0.018461538461538467,19.114835893439007,21.25490490431166,-2.140069010872651
0.008,0.018769230769230774,12.959421650434097,17.0188378063422,-4.059416155908105
0.008,0.01907692307692308,9.614432041197771,12.772832186350916,-3.158400145153145
0.008,0.01938461538461539,6.43635235409366,8.51936759205065,-2.0830152379569897
0.008,0.019692307692307696,2.964535099918657,4.2609279269853415,-1.2963928270666845
0.008615384615384615,0.00030769230769230776,147.6743374698256,187.80070808323228,-40.12637061340669
0.008615384615384615,0.0006153846153846155,133.30197470160863,187.63618657999027,-54.33421187838164
0.008615384615384615,0.0009230769230769233,117.5116258939504,187.36209082769295,-69.85046493374256
0.008615384615384615,0.001230769230769231,120.68197551741221,186.97858089054105,-66.29660537312884
0.008615384615384615,0.001538461538461539,87.61722366134494,186.48588072753807,-98.86865706619314
0.008615384615384615,0.0018461538461538465,116.70713859291297,185.8842780617046,-69.17713946879164
0.008615384615384615,0.002153846153846154,130.5188846267391,185.17412421205609,-54.65523958531699
0.008615384615384615,0.002461538461538462,136.0974366944073,184.35583388844253,-48.25839719403524
0.008615384615384615,0.00276923076923077,124.42603580770803,183.42988494936958,-59.00384914166155
0.008615384615384615,0.003076923076923078,131.33367461122498,182.3968181229425,-51.06314351171753
0.008615384615384615,0.0033846153846153852,132.57972227593686,181.25723669109644,-48.67751441515958
0.008615384615384615,0.003692307692307693,148.8815582862497,180.01180613729653,-31.130247851046818
0.008615384615384615,0.004000000000000001,136.77411337719053,178.66125375791435,-41.88714038072382
0.008615384615384615,0.004307692307692308,135.37605331146864,177.20636823750743,-41.830314926038795
0.008615384615384615,0.004615384615384617,117.4606061099651,175.6479991882495,-58.187393078284416
0.008615384615384615,0.004923076923076924,201.61406917404622,173.9870566537811,27.62701252026511
0.008615384615384615,0.0052307692307692315,159.98075140317965,172.22451057776954,-12.243759174589883
0.008615384615384615,0.00553846153846154,172.88658490105664,170.36139023748922,2.5251946635674187
0.008615384615384615,0.005846153846153847,168.57362502898582,168.39878364275273,0.17484138623308354
0.008615384615384615,0.006153846153846156,168.6743156521975,166.3378369005436,2.3364787516538854
0.008615384615384615,0.006461538461538463,135.65345847857165,164.17975354572224,-28.526295067150585
0.008615384615384615,0.0067692307692307704,128.13034083467588,161.9257938381954,-33.795453003519526
0.008615384615384615,0.007076923076923079,133.43179354868528,159.57727402695994,-26.145480478274663
0.008615384615384615,0.007384615384615386,128.90987785838487,157.1355655814503,-28.22568772306542
0.008615384615384615,0.007692307692307694,143.96121427443106,154.6020943906393,-10.640880116208251
0.008615384615384615,0.008000000000000002,126.84258493744802,151.9783399303588,-25.135754992910776
0.008615384615384615,0.00830769230769231,115.7908676982115,149.26583439932764,-33.474966701116145
0.008615384615384615,0.008615384615384617,97.291129495003,146.46616182439084,-49.17503232938783
0.008615384615384615,0.008923076923076924,101.36636383905775,143.58095713549218,-42.21459329643443
0.008615384615384615,0.009230769230769233,103.46147742246276,140.61190521092158,-37.15042778845881
0.008615384615384615,0.00953846153846154,95.7772817534278,137.56073989339333,-41.78345813996553
0.008615384615384615,0.009846153846153848,106.57296562351287,134.42924297753083,-27.856277354017962
0.008615384615384615,0.010153846153846156,101.77240087946053,131.21924316934883,-29.446842289888295
0.008615384615384615,0.010461538461538463,100.51553983706943,127.93261501834047,-27.417075181271045
0.008615384615384615,0.010769230769230772,97.9431436410762,124.5712778227932,-26.628134181717
0.008615384615384615,0.01107692307692308,103.0774233468687,121.13719450897268,-18.059771162103985
0.008615384615384615,0.011384615384615387,75.25379391393975,117.63237048482908,-42.37857657088934
0.008615384615384615,0.011692307692307695,91.39931378738147,114.05885246889528,-22.65953868151381
0.008615384615384615,0.012000000000000002,100.59379562408868,110.41872729506095,-9.824931670972262
0.008615384615384615,0.012307692307692311,94.81935209125649,106.71412069392026,-11.894768602663774
0.008615384615384615,0.012615384615384619,73.5009719978359,102.94719605140516,-29.446224053569253
0.008615384615384615,0.012923076923076926,62.653302397726904,99.12015314542882,-36.46685074770191
0.008615384615384615,0.013230769230769233,61.11530316085043,95.23522686127733,-34.119923700426895
0.008615384615384615,0.013538461538461541,63.51391418770947,91.29468588649955,-27.780771698790083
0.008615384615384615,0.013846153846153848,94.9049834606825,87.3008313860577,7.604152074624807
0.008615384615384615,0.014153846153846157,85.76926904928128,83.25599565851145,2.5132733907698253
0.008615384615384615,0.014461538461538465,71.29976543339407,79.16254077402164,-7.8627753406275644
0.008615384615384615,0.014769230769230772,49.96435370097788,75.02285719496746,-25.058503493989576
0.008615384615384615,0.01507692307692308,59.16107885593022,70.83936237998402,-11.678283524053803
0.008615384615384615,0.015384615384615387,58.699748157401224,66.6144993722345,-7.914751214833281
0.008615384615384615,0.015692307692307696,37.69281111246564,62.350735372741575,-24.657924260275934
0.008615384615384615,0.016000000000000004,37.54135043733167,58.05056029961173,-20.50920986228006
0.008615384615384615,0.01630769230769231,34.85158092343431,53.7164853339931,-18.864904410558786
0.008615384615384615,0.01661538461538462,34.75983806415892,49.35104145361642,-14.591203389457498
0.008615384615384615,0.016923076923076926,32.421542620441876,44.95677795477515,-12.535235334333272
0.008615384615384615,0.017230769230769234,25.60642744907171,40.536260963608555,-14.929833514536845
0.008615384615384615,0.01753846153846154,23.733256781053072,36.09207193755592,-12.35881515650285
0.008615384615384615,0.01784615384615385,24.466426817278002,31.62680615785847,-7.160379340580469
0.008615384615384615,0.01815384615384616,19.877595798692198,27.143071213987778,-7.26547541529558
0.008615384615384615,0.018461538461538467,18.1024573818195,22.6434854808876,-4.541028099068097
0.008615384615384615,0.018769230769230774,11.891318606703043,18.13067658991583,-6.239357983212786
0.008615384615384615,0.01907692307692308,8.605295693267253,13.60727989438244,-5.001984201115187
0.008615384615384615,0.01938461538461539,6.3461799869625155,9.075936930576944,-2.7297569436144284
0.008615384615384615,0.019692307692307696,2.9778575923775485,4.539293875185919,-1.5614362828083705
0.009230769230769232,0.00030769230769230776,160.83636324478454,198.87871072844516,-38.04234748366062
0.009230769230769232,0.0006153846153846155,141.65167041826757,198.70448441808762,-57.052813999820046
0.009230769230769232,0.0009230769230769233,114.11218088306173,198.41422028442486,-84.30203940136313
0.009230769230769232,0.001230769230769231,111.80839159219425,198.008087833537,-86.19969624134274
0.009230769230769232,0.001538461538461539,91.66112214402547,197.48632423533854,-105.82520209131307
0.009230769230769232,0.0018461538461538465,114.36985693343748,196.84923418507776,-82.47937725164029
0.009230769230769232,0.002153846153846154,130.68930516122518,196.0971897254033,-65.40788456417812
0.009230769230769232,0.002461538461538462,151.17068002576528,195.23063002910172,-44.05995000333644
0.009230769230769232,0.00276923076923077,136.04057966132447,194.25006114263303,-58.20948148130856
0.009230769230769232,0.003076923076923078,128.00889580060792,193.15605569061375,-65.14715989000584
0.009230769230769232,0.0033846153846153852,125.95750629325055,191.9492525414202,-65.99174624816966
0.009230769230769232,0.003692307692307693,138.0568994509185,190.63035643410754,-52.57345698318903
0.009230769230769232,0.004000000000000001,137.55881532486146,189.2001375668617,-51.64132224200026
0.009230769230769232,0.004307692307692308,140.40332066509922,187.65943114722577,-47.25611048212656
0.009230769230769232,0.004615384615384617,111.8553086143425,186.00913690436184,-74.15382829001933
0.009230769230769232,0.004923076923076924,180.57076293552373,184.25021856363486,-3.6794556281111284
0.009230769230769232,0.0052307692307692315,165.3964630153411,182.38370328382393,-16.98724026848282
0.009230769230769232,0.00553846153846154,164.35671370224043,180.41068105729076,-16.053967355050332
0.009230769230769232,0.005846153846153847,156.89411666561836,178.3323040734545,-21.438187407836153
0.009230769230769232,0.006153846153846156,179.12417367778508,176.1497860459459,2.9743876318391926
0.009230769230769232,0.006461538461538463,147.6408799587759,173.86440150383237,-26.223521545056457
0.009230769230769232,0.0067692307692307704,133.02998840829738,171.47748504732928,-38.4474966390319
0.009230769230769232,0.007076923076923079,135.92167716519046,168.99043056843072,-33.068753403240265
0.009230769230769232,0.007384615384615386,132.2988195703588,166.40469043691593,-34.105870866557126
0.009230769230769232,0.007692307692307694,108.83464656708463,163.72177465220628,-54.887128085121645
0.009230769230769232,0.008000000000000002,110.06811542638178,160.94324996156809,-50.875134535186305
0.009230769230769232,0.00830769230769231,110.15203306502471,158.07073894517637,-47.91870588015166
0.009230769230769232,0.008615384615384617,109.78186725077283,155.1059190685737,-45.32405181780088
0.009230769230769232,0.008923076923076924,99.11319219975248,152.05052170307752,-52.937329503325046
0.009230769230769232,0.009230769230769233,100.39529314341374,148.9063311147081,-48.51103797129437
0.009230769230769232,0.00953846153846154,99.64193580946942,145.67518342222746,-46.033247612758046
0.009230769230769232,0.009846153846153848,91.17431116036383,142.35896552489763,-51.1846543645338
0.009230769230769232,0.010153846153846156,94.75604368084096,138.95961400058462,-44.20357031974366
0.009230769230769232,0.010461538461538463,89.19154622852587,135.47911397485169,-46.28756774632582
0.009230769230769232,0.010769230769230772,97.16603035395545,131.91949796170155,-34.7534676077461
0.009230769230769232,0.01107692307692308,102.0942889917283,128.28284467664574,-26.188555684917432
0.009230769230769232,0.011384615384615387,78.42543702430984,124.5712778227932,-46.14584079848336
0.009230769230769232,0.011692307692307695,75.2923326620328,120.78696485066742,-45.49463218863461
0.009230769230769232,0.012000000000000002,96.48450987644786,116.93211569247637,-20.447605816028513
0.009230769230769232,0.012307692307692311,90.27392964685335,113.00898147157442,-22.73505182472107
0.009230769230769232,0.012615384615384619,80.91690237996112,109.01985318786961,-28.1029508079085
0.009230769230769232,0.012923076923076926,58.88807146591605,104.96706037994423,-46.07898891402818
0.009230769230769232,0.013230769230769233,80.71646659218219,100.85296976466991,-20.13650317248772
0.009230769230769232,0.013538461538461541,58.844229302336025,96.67998385511153,-37.835754552775505
0.009230769230769232,0.013846153846153848,71.62511892643877,92.45053955752748,-20.825420631088704
0.009230769230769232,0.014153846153846157,87.6958378286572,88.16710674828465,-0.4712689196274482
0.009230769230769232,0.014461538461538465,68.1406149136681,83.83218683152063,-15.691571917852528
0.009230769230769232,0.014769230769230772,60.252995749569905,79.44831127839369,-19.195315528823784
0.009230769230769232,0.01507692307692308,67.51365894721944,75.01804014877527,-7.50438120155583
0.009230769230769232,0.015384615384615387,57.596397054018894,70.54396059624698,-12.947563542228082
0.009230769230769232,0.015692307692307696,28.21577321561949,66.02868535727559,-37.8129121416561
0.009230769230769232,0.016000000000000004,45.7504804131014,61.47485122544881,-15.72437081234741
0.009230769230769232,0.01630769230769231,46.87992176212376,56.8851175116619,-10.005195749538146
0.009230769230769232,0.01661538461538462,40.68121659780739,52.2621644911551,-11.580947893347705
0.009230769230769232,0.016923076923076926,35.18280900568662,47.608691838308125,-12.425882832621504
0.009230769230769232,0.017230769230769234,23.317529560308415,42.92741705010677,-19.609887489798353
0.009230769230769232,0.01753846153846154,28.414640134122372,38.221073859200736,-9.806433725078364
0.009230769230769232,0.01784615384615385,22.23876007072865,33.492410637481164,-11.253650566752516
0.009230769230769232,0.01815384615384616,16.88776391812061,28.74418879110838,-11.856424872987773
0.009230769230769232,0.018461538461538467,17.82959196864386,23.97918114792917,-6.149589179285311
0.009230769230769232,0.018769230769230774,14.478887720775102,19.200170338222524,-4.721282617447422
0.009230769230769232,0.01907692307692308,9.17926123372199,14.409947169722601,-5.2306859360006115
0.009230769230769232,0.01938461538461539,5.5482687434862035,9.611308997865192,-4.063040254378989
0.009230769230769232,0.019692307692307696,2.9535490380394167,4.807058092211244,-1.8535090541718269
0.009846153846153846,0.00030769230769230776,155.69562259708272,209.49222292963773,-53.796600332555016
0.009846153846153846,0.0006153846153846155,135.17611442720192,209.30869872578532,-74.1325842985834
0.009846153846153846,0.0009230769230769233,114.28637810332823,209.00294413609078,-94.71656603276254
0.009846153846153846,0.001230769230769231,118.87515937945803,208.5751377126243,-89.69997833316627
0.009846153846153846,0.001538461538461539,91.17121749073469,208.02552928229002,-116.85431179155533
0.009846153846153846,0.0018461538461538465,109.72945065005653,207.3544398009341,-97.62498915087757
0.009846153846153846,0.002153846153846154,120.23112414112946,206.5622611659155,-86.33113702478603
0.009846153846153846,0.002461538461538462,138.726742985436,205.64945598724896,-66.92271300181295
0.009846153846153846,0.00276923076923077,122.36912348991812,204.61655731745392,-82.2474338275358
0.009846153846153846,0.003076923076923078,131.29781184020933,203.46416834026672,-72.16635650005739
0.009846153846153846,0.0033846153846153852,112.28641940748656,202.1929620183983,-89.90654261091174
0.009846153846153846,0.003692307692307693,115.97647144226913,200.80368070054297,-84.82720925827384
0.009846153846153846,0.004000000000000001,131.36421659920737,199.29713568786767,-67.9329190886603
0.009846153846153846,0.004307692307692308,123.73673378419153,197.67420676023494,-73.93747297604341
0.009846153846153846,0.004615384615384617,117.8159624460123,195.93584166243616,-78.11987921642385
0.009846153846153846,0.004923076923076924,157.64562243237714,194.08305555073545,-36.437433118358314
0.009846153846153846,0.0052307692307692315,154.97991301216638,192.1169304000468,-37.137017387880434
0.009846153846153846,0.00553846153846154,161.10173114255602,190.03861437209147,-28.936883229535454
0.009846153846153846,0.005846153846153847,132.97247954255596,187.84932114490357,-54.87684160234761
0.009846153846153846,0.006153846153846156,167.16653834420705,185.55032920407643,-18.38379085986938
0.009846153846153846,0.006461538461538463,117.07425376809375,183.14298109616297,-66.06872732806922
0.009846153846153846,0.0067692307692307704,116.68716363360149,180.62868264466638,-63.9415190110649
0.009846153846153846,0.007076923076923079,127.66609686464984,178.00890212907873,-50.34280526442889
0.009846153846153846,0.007384615384615386,116.16766758537526,175.28516942744707,-59.11750184207182
0.009846153846153846,0.007692307692307694,113.08954089395915,172.45907512296782,-59.369534229008664
0.009846153846153846,0.008000000000000002,115.90593775543334,169.53226957513084,-53.6263318196975
0.009846153846153846,0.00830769230769231,116.01272919998709,166.50646195595613,-50.493732755969035
0.009846153846153846,0.008615384615384617,120.5445150180203,163.38341925188539,-42.83890423386508
0.009846153846153846,0.008923076923076924,105.27634393529536,160.16496523191168,-54.88862129661632
0.009846153846153846,0.009230769230769233,105.82380763422816,156.85297938254973,-51.02917174832157
0.009846153846153846,0.00953846153846154,104.46464873985582,153.44939581026884,-48.98474707041302
0.009846153846153846,0.009846153846153848,105.02331311785322,149.95620211202896,-44.93288899417574
0.009846153846153846,0.010153846153846156,109.31921879578125,146.37543821458016,-37.056219418798904
0.009846153846153846,0.010461538461538463,106.39645907089911,142.7091951832029,-36.31273611230378
0.009846153846153846,0.010769230769230772,103.89799750783338,138.95961400058462,-35.06161649275124
0.009846153846153846,0.01107692307692308,93.90472076034199,135.1288843165464,-41.2241635562044
0.009846153846153846,0.011384615384615387,78.70215223549151,131.21924316934883,-52.51709093385732
0.009846153846153846,0.011692307692307695,88.55687444901933,127.2329736793249,-38.67609923030557
0.009846153846153846,0.012000000000000002,86.38911308825332,123.17240371560189,-36.78329062734856
0.009846153846153846,0.012307692307692311,79.77828400011177,119.03990453669135,-39.261620536579585
0.009846153846153846,0.012615384615384619,86.7256227423931,114.83788940574108,-28.11226666334798
0.009846153846153846,0.012923076923076926,65.83603939107255,110.56881218125713,-44.73277279018458
0.009846153846153846,0.013230769230769233,71.42934619467012,106.23516588411977,-34.80581968944965
0.009846153846153846,0.013538461538461541,58.47446189859708,101.83948124172932,-43.36501934313224
0.009846153846153846,0.013846153846153848,96.0238689423123,97.38432521013283,-1.360456267820524
0.009846153846153846,0.014153846153846157,79.18006494066431,92.87229947499378,-13.692234534329472
0.009846153846153846,0.014461538461538465,70.28493449317104,88.30603893228115,-18.02110443911012
0.009846153846153846,0.014769230769230772,59.89380303498226,83.68821014956417,-23.794407114581908
0.009846153846153846,0.01507692307692308,60.79820713877115,79.02150980881214,-18.223302670040994
0.009846153846153846,0.015384615384615387,50.761791683839625,74.30866313160803,-23.546871447768403
0.009846153846153846,0.015692307692307696,45.34114277351574,69.55242228769565,-24.211279514179907
0.009846153846153846,0.016000000000000004,42.120773862409436,64.75556478779029,-22.634790925380855
0.009846153846153846,0.01630769230769231,42.77713721873849,59.92089186159057,-17.14375464285208
0.009846153846153846,0.01661538461538462,37.23207606861235,55.05122682193917,-17.819150753326817
0.009846153846153846,0.016923076923076926,35.9754902360277,50.149413416087484,-14.17392318005978
0.009846153846153846,0.017230769230769234,25.58091889832711,45.2183141650277,-19.63739526670059
0.009846153846153846,0.01753846153846154,24.612716420930862,40.260808691860674,-15.648092270929812
0.009846153846153846,0.01784615384615385,23.925707754592107,35.279792040177554,-11.354084285585447
0.009846153846153846,0.01815384615384616,16.645924418839837,30.278172983435393,-13.632248564595557
0.009846153846153846,0.018461538461538467,17.46386591274516,25.258872326316077,-7.795006413570917
0.009846153846153846,0.018769230769230774,15.740726364216755,20.224821199057743,-4.484094834840988
0.009846153846153846,0.01907692307692308,9.558398951461974,15.178959345757974,-5.620560394296
0.009846153846153846,0.01938461538461539,6.747074086715714,10.124233407645589,-3.3771593209298745
0.009846153846153846,0.019692307692307696,3.143001085371116,5.063595202325505,-1.9205941169543892
0.010461538461538461,0.00030769230769230776,235.50231880080062,219.61645633728332,15.885862463517299
0.010461538461538461,0.0006153846153846155,241.71862734947024,219.4240628692178,22.294564480252433
0.010461538461538461,0.0009230769230769233,238.6338719804693,219.10353192750293,19.53034005296638
0.010461538461538461,0.001230769230769231,243.47555851780282,218.6550506931824,24.82050782462042
0.010461538461538461,0.001538461538461539,218.34600195214426,218.0788810666677,0.2671208854765723
0.010461538461538461,0.0018461538461538465,228.10147530770234,217.37535951479552,10.726115792906825
0.010461538461538461,0.002153846153846154,230.83291270484997,216.54489687434068,14.288015830509295
0.010461538461538461,0.002461538461538462,232.30299653583273,215.5879781120991,16.715018423733625
0.010461538461538461,0.00276923076923077,233.93845377991377,214.50516204168076,19.43329173823301
0.010461538461538461,0.003076923076923078,237.85002887695038,213.29708099717817,24.552947879772205
0.010461538461538461,0.0033846153846153852,256.98472917310005,211.96444046390138,45.02028870919867
0.010461538461538461,0.003692307692307693,246.87787427157912,210.50801866639412,36.369855605184995
0.010461538461538461,0.004000000000000001,243.16352696947865,208.92866611397272,34.23486085550593
0.010461538461538461,0.004307692307692308,252.6758851005867,207.22730510405265,45.44857999653405
0.010461538461538461,0.004615384615384617,242.23742430766018,205.40492918355267,36.83249512410751
0.010461538461538461,0.004923076923076924,169.53242816294983,203.4626025686916,-33.93017440574178
0.010461538461538461,0.0052307692307692315,191.24270297970216,201.4014595235158,-10.158756543813638
0.010461538461538461,0.00553846153846154,183.37717404380928,199.2227036975211,-15.845529653711822
0.010461538461538461,0.005846153846153847,169.41894678840765,196.92760742275527,-27.50866063434762
0.010461538461538461,0.006153846153846156,166.26378088039962,194.51751097081197,-28.253730090412347
0.010461538461538461,0.006461538461538463,175.00751371824256,191.9938217701499,-16.986308051907343
0.010461538461538461,0.0067692307692307704,188.9749551173373,189.35801358419417,-0.3830584668568804
0.010461538461538461,0.007076923076923079,219.8847624612893,186.61162565070006,33.27313681058925
0.010461538461538461,0.007384615384615386,203.16685876453909,183.7562617828813,19.41059698165779
0.010461538461538461,0.007692307692307694,192.2006547640791,180.79358943282858,11.407065331250521
0.010461538461538461,0.008000000000000002,201.386141432472,177.72533871776434,23.660802714707643
0.010461538461538461,0.00830769230769231,189.49766928827583,174.55330140970307,14.944367878572763
0.010461538461538461,0.008615384615384617,209.50046353218903,171.2793298891069,38.22113364308214
0.010461538461538461,0.008923076923076924,187.2292151216895,167.90533606314747,19.32387905854202
0.010461538461538461,0.009230769230769233,183.91485674527672,164.4332902492062,19.481566496070513
0.010461538461538461,0.00953846153846154,187.85640339016786,160.86522002426435,26.99118336590351
0.010461538461538461,0.009846153846153848,179.87016723948037,157.203209040855,22.666958198625366
0.010461538461538461,0.010153846153846156,167.87699107120156,153.4493958102688,14.427595260932748
0.010461538461538461,0.010461538461538463,161.2581542490125,149.60597245372367,11.65218179528884
0.010461538461538461,0.010769230769230772,164.2529056509864,145.67518342222743,18.577722228758972
0.010461538461538461,0.01107692307692308,158.43969206180358,141.659324185882,16.78036787592157
0.010461538461538461,0.011384615384615387,156.69333353968653,137.5607398933933,19.13259364629323
0.010461538461538461,0.011692307692307695,165.62267652181518,133.38182400257034,32.24085251924484
0.010461538461538461,0.012000000000000002,144.31914458101988,129.12501688261355,15.194127698406334
0.010461538461538461,0.012307692307692311,148.90945481119195,124.79280438900759,24.116650422184364
0.010461538461538461,0.012615384615384619,128.31343300140767,120.387716411852,7.925716589555677
0.010461538461538461,0.012923076923076926,133.09876805208168,115.91232539847644,17.18644265360524
0.010461538461538461,0.013230769230769233,125.28164571669713,111.36924485120402,13.912400865493112
0.010461538461538461,0.013538461538461541,122.13189093107938,106.76112780113935,15.37076312994003
0.010461538461538461,0.013846153846153848,111.6846465916983,102.09066525887344,9.593981332824853
0.010461538461538461,0.014153846153846157,106.18001405821501,97.36058464300883,8.819429415206173
0.010461538461538461,0.014461538461538465,89.73653248742328,92.5736481874244,-2.837115700001121
0.010461538461538461,0.014769230769230772,94.59461443597634,87.7326513282081,6.861963107768233
0.010461538461538461,0.01507692307692308,97.61532060334741,82.84042107120148,14.774899532145938
0.010461538461538461,0.015384615384615387,89.556932971516,77.89981434110753,11.657118630408476
0.010461538461538461,0.015692307692307696,79.43034227269176,72.91371631312717,6.516625959564593
0.010461538461538461,0.016000000000000004,76.386137985553,67.88503872809834,8.501099257454669
0.010461538461538461,0.01630769230769231,71.96247143203992,62.81671819212118,9.14575323991874
0.010461538461538461,0.01661538461538462,64.75519150673357,57.71171446166291,7.043477045070659
0.010461538461538461,0.016923076923076926,63.67277385027919,52.57300871514311,11.099765135136082
0.010461538461538461,0.017230769230769234,49.93706009329467,47.403601812009946,2.533458281284723
0.010461538461538461,0.01753846153846154,47.273431541020386,42.20651254032224,5.0669190006981495
0.010461538461538461,0.01784615384615385,39.379119086060555,36.98477585386271,2.3943432321978477
0.010461538461538461,0.01815384615384616,34.5765572833059,31.741441099809943,2.835116183495959
0.010461538461538461,0.018461538461538467,29.91779210282954,26.479570238006264,3.4382218648232765
0.010461538461538461,0.018769230769230774,24.781651178069623,21.20223605285846,3.5794151252111632
0.010461538461538461,0.01907692307692308,19.80868360949332,15.912520358918982,3.896163250574336
0.010461538461538461,0.01938461538461539,13.057635285574973,10.613512201192563,2.4441230843824098
0.010461538461538461,0.019692307692307696,6.355722320328865,5.308306051221296,1.0474162691075692
0.011076923076923078,0.00030769230769230776,259.47917193929834,229.22776533514852,30.25140660414982
0.011076923076923078,0.0006153846153846155,249.2061499011653,229.02695194672918,20.17919795443612
0.011076923076923078,0.0009230769230769233,275.8692350218365,228.69239326786027,47.17684175397625
0.011076923076923078,0.001230769230769231,276.0071401265786,228.224284671389,47.782855455189576
0.011076923076923078,0.001538461538461539,260.25362958077756,227.62289951955358,32.63073006122397
0.011076923076923078,0.0018461538461538465,257.7180306451223,226.88858900434744,30.82944164077489
0.011076923076923078,0.002153846153846154,251.04613437859408,226.021781942433,25.02435243616108
0.011076923076923078,0.002461538461538462,250.85141763562527,225.02298452472473,25.828433110900534
0.011076923076923078,0.00276923076923077,256.30690761347245,223.89278002078817,32.41412759268428
0.011076923076923078,0.003076923076923078,258.66092663414554,222.63182843822653,36.029098195919005
0.011076923076923078,0.0033846153846153852,250.70416553270698,221.24086613725518,29.4632993954518
0.011076923076923078,0.003692307692307693,239.58119963941195,219.72070540068785,19.8604942387241
0.011076923076923078,0.004000000000000001,244.4129832188447,218.07223395958638,26.340749259258303
0.011076923076923078,0.004307692307692308,257.74797157374184,216.2964144748508,41.451557098891044
0.011076923076923078,0.004615384615384617,270.0528240250642,214.3942839750524,55.658540050011794
0.011076923076923078,0.004923076923076924,232.04417910301694,212.36695325083832,19.677225852178623
0.011076923076923078,0.0052307692307692315,220.5793990777399,210.21560620626113,10.363792871478779
0.011076923076923078,0.00553846153846154,190.29646975512276,207.94149916741208,-17.64502941228932
0.011076923076923078,0.005846153846153847,189.97825055255635,205.54596014876213,-15.567709596205788
0.011076923076923078,0.006153846153846156,170.4368798373196,203.0303880776389,-32.593508240319295
0.011076923076923078,0.006461538461538463,196.50657838188843,200.39625197729234,-3.889673595403906
0.011076923076923078,0.0067692307692307704,223.05109870300763,197.64509010902688,25.406008593980744
0.011076923076923078,0.007076923076923079,235.08449278942632,194.77850907389978,40.30598371552654
0.011076923076923078,0.007384615384615386,223.3397635668501,191.7981828745115,31.541580692338613
0.011076923076923078,0.007692307692307694,210.7746506010644,188.70585193743534,22.068798663629053
0.011076923076923078,0.008000000000000002,205.82378312587602,185.50332209685735,20.320461029018674
0.011076923076923078,0.00830769230769231,195.9088639588329,182.1924635400199,13.71640041881301
0.011076923076923078,0.008615384615384617,203.6706309584123,178.77520971508523,24.895421243327064
0.011076923076923078,0.008923076923076924,198.0870147534224,175.2535562020558,22.83345855136662
0.011076923076923078,0.009230769230769233,209.1271397230749,171.62955954741213,37.49758017566276
0.011076923076923078,0.00953846153846154,198.74497362253194,167.90533606314744,30.8396375593845
0.011076923076923078,0.009846153846153848,181.40262702833635,164.08306059090094,17.319566437435412
0.011076923076923078,0.010153846153846156,176.76770895553875,160.16496523191165,16.6027437236271
0.011076923076923078,0.010461538461538463,175.45105766579596,156.15333804353415,19.29771962226181
0.011076923076923078,0.010769230769230772,170.30338516816116,152.0505217030775,18.252863465083664
0.011076923076923078,0.01107692307692308,174.72304210585338,147.85891213974762,26.864129966105764
0.011076923076923078,0.011384615384615387,170.43886458259615,143.58095713549218,26.85790744710397
0.011076923076923078,0.011692307692307695,174.0587600744053,139.21915489556474,34.83960517884057
0.011076923076923078,0.012000000000000002,150.7066475715967,134.77605258964346,15.930594981953249
0.011076923076923078,0.012307692307692311,157.22814471519712,130.25424486435543,26.97389985084169
0.011076923076923078,0.012615384615384619,136.61909503600108,125.65637232807644,10.962722707924641
0.011076923076923078,0.012923076923076926,138.82524990390402,120.98512000888981,17.840129895014215
0.011076923076923078,0.013230769230769233,134.77075416728945,116.24321578660569,18.527538380683765
0.011076923076923078,0.013538461538461541,127.59102561639948,111.43342879975594,16.157596816643533
0.011076923076923078,0.013846153846153848,105.06775027706489,106.55856782849557,-1.4908175514306805
0.011076923076923078,0.014153846153846157,106.77581019908206,101.62147965435369,5.154330544728367
0.011076923076923078,0.014461538461538465,93.47688369682281,96.62504739779381,-3.148163700970997
0.011076923076923078,0.014769230769230772,102.05076039393292,91.5721888345522,10.478571559380725
0.011076923076923078,0.01507692307692308,98.85695408572323,86.46585469173938,12.39109939398385
0.011076923076923078,0.015384615384615387,94.06708907663429,81.30902692469846,12.758062151935832
0.011076923076923078,0.015692307692307696,80.01558506616144,76.10471697562707,3.9108680905343647
0.011076923076923078,0.016000000000000004,80.086474215323,70.85596401498009,9.230510200342906
0.011076923076923078,0.01630769230769231,75.30221910712551,65.56583316667967,9.736385940445842
0.011076923076923078,0.01661538461538462,68.63841813757433,60.23741371816913,8.401004419405204
0.011076923076923078,0.016923076923076926,67.38106976891962,54.873817316355925,12.50725245256369
0.011076923076923078,0.017230769230769234,55.062805066353434,49.47817615049791,5.584628915855525
0.011076923076923078,0.01753846153846154,50.09365193122887,44.05364112309248,6.040010808136387
0.011076923076923078,0.01784615384615385,44.59007423757582,38.60338000983875,5.986694227737068
0.011076923076923078,0.01815384615384616,38.89483880368131,33.13057560974521,5.764263193936102
0.011076923076923078,0.018461538461538467,32.31220742699715,27.638423886465517,4.67378354053163
0.011076923076923078,0.018769230769230774,24.48965964900809,22.130132101944767,2.3595275470633226
0.011076923076923078,0.01907692307692308,19.402293435046673,16.608916943469588,2.793376491577085
0.011076923076923078,0.01938461538461539,13.105022044063196,11.078002645212885,2.0270193988503102
0.011076923076923078,0.019692307692307696,6.3601214830710715,5.540619105372257,0.8195023776988144
0.011692307692307693,0.00030769230769230776,272.8282021734643,238.30370226572546,34.52449990773886
0.011692307692307693,0.0006153846153846155,265.0867938702198,238.0949379659257,26.991855904294113
0.011692307692307693,0.0009230769230769233,280.03639823267076,237.74713292719917,42.28926530547159
0.011692307692307693,0.001230769230769231,278.3260284840127,237.26049025789416,41.06553822611852
0.011692307692307693,0.001538461538461539,253.09930914756464,236.63529414362554,16.464015003939096
0.011692307692307693,0.0018461538461538465,277.21546449314627,235.87190968131824,41.34355481182803
0.011692307692307693,0.002153846153846154,257.1249121063849,234.97078266600104,22.154129440383855
0.011692307692307693,0.002461538461538462,260.0801806371527,233.93243933047484,26.147741306677858
0.011692307692307693,0.00276923076923077,258.2000884077204,232.7574860380074,25.442602369712972
0.011692307692307693,0.003076923076923078,250.0209219805648,231.44660892823438,18.57431305233041
0.011692307692307693,0.0033846153846153852,255.7733835611822,230.00057351647314,25.772810044709047
0.011692307692307693,0.003692307692307693,247.49467153928555,228.42022424668318,19.074447292602372
0.011692307692307693,0.004000000000000001,266.6980509170058,226.70648399833482,39.99156691867097
0.011692307692307693,0.004307692307692308,245.45598689634372,224.86035354747352,20.595633348870194
0.011692307692307693,0.004615384615384617,248.78085477519446,222.88291098229485,25.89794379289961
0.011692307692307693,0.004923076923076924,201.223007357314,220.7753110735713,-19.552303716257285
0.011692307692307693,0.0052307692307692315,214.2318542119832,218.5387846002987,-4.306930388315493
0.011692307692307693,0.00553846153846154,194.32292415697043,216.17463763095608,-21.851713473985654
0.011692307692307693,0.005846153846153847,196.4989717962527,213.6842507607982,-17.18527896454549
0.011692307692307693,0.006153846153846156,175.15298691536194,211.069078305627,-35.91609139026505
0.011692307692307693,0.006461538461538463,204.56554409322524,208.33064745251198,-3.7651033592867407
0.011692307692307693,0.0067692307692307704,215.51042478651834,205.47055736795613,10.03986741856221
0.011692307692307693,0.007076923076923079,241.18277772173718,202.49047826402764,38.69229945770954
0.011692307692307693,0.007384615384615386,221.11601303611886,199.39215042300293,21.723862613115926
0.011692307692307693,0.007692307692307694,209.52049890364492,196.1773831810911,13.343115722553819
0.011692307692307693,0.008000000000000002,215.4522384683561,192.84805387183232,22.604184596523766
0.011692307692307693,0.00830769230769231,210.54811353124643,189.40610672978804,21.142006801458393
0.011692307692307693,0.008615384615384617,198.0187206564346,185.8535517551626,12.165168901271983
0.011692307692307693,0.008923076923076924,199.91747277865403,182.19246354001993,17.7250092386341
0.011692307692307693,0.009230769230769233,200.41674310234814,178.4249800567799,21.991763045568234
0.011692307692307693,0.00953846153846154,196.01543837530085,174.55330140970307,21.46213696559778
0.011692307692307693,0.009846153846153848,189.96127132925832,170.5796885500913,19.38158277916702
0.011692307692307693,0.010153846153846156,189.11300030509804,166.5064619559561,22.606538349141942
0.011692307692307693,0.010461538461538463,183.43012310897876,162.3360002769249,21.09412283205387
0.011692307692307693,0.010769230769230772,178.86408523683258,158.07073894517637,20.793346291656206
0.011692307692307693,0.01107692307692308,161.87504160163934,153.71316875321685,8.16187284842249
0.011692307692307693,0.011384615384615387,135.1234088381596,149.26583439932764,-14.14242556116804
0.011692307692307693,0.011692307692307695,145.90066688359113,144.7313330015327,1.1693338820584245
0.011692307692307693,0.012000000000000002,156.70967634714432,140.1123125809551,16.597363766189233
0.011692307692307693,0.012307692307692311,152.3135089930684,135.41147051544695,16.90203847762146
0.011692307692307693,0.012615384615384619,146.33954123806703,130.6315519643971,15.707989273669938
0.011692307692307693,0.012923076923076926,142.81166625363633,125.77534826563493,17.0363179880014
0.011692307692307693,0.013230769230769233,141.206722457949,120.84569530536801,20.361027152581002
0.011692307692307693,0.013538461538461541,130.2207162395101,115.84547186210415,14.375244377405949
0.011692307692307693,0.013846153846153848,105.05399016450201,110.77759792552604,-5.723607761024027
0.011692307692307693,0.014153846153846157,99.50429139752487,105.6450329912993,-6.140741593774436
0.011692307692307693,0.014461538461538465,89.17286452682546,100.4507743328106,-11.277909805985132
0.011692307692307693,0.014769230769230772,103.3018139215342,95.19785525084404,8.103958670690162
0.011692307692307693,0.01507692307692308,102.34048684980465,89.88934330221934,12.451143547585303
0.011692307692307693,0.015384615384615387,89.93646326570544,84.5283385084248,5.408124757280646
0.011692307692307693,0.015692307692307696,84.81868648202236,79.11797154529192,5.700714936730435
0.011692307692307693,0.016000000000000004,73.60177024919615,73.6614019147692,-0.05963166557305044
0.011692307692307693,0.01630769230769231,78.65051445070597,68.16181609986175,10.488698350844217
0.011692307692307693,0.01661538461538462,71.44943406503201,62.62242570381511,8.827008361216897
0.011692307692307693,0.016923076923076926,61.31072028090481,57.04646557462903,4.2642547062757785
0.011692307692307693,0.017230769230769234,58.32940061043751,51.43719191599793,6.8922086944395815
0.011692307692307693,0.01753846153846154,50.950008455047794,45.797880385779,5.152128069268791
0.011692307692307693,0.01784615384615385,46.62868327478254,40.13182418310082,6.496859091681721
0.011692307692307693,0.01815384615384616,38.11383644490307,34.4423321252272,3.6715043196758685
0.011692307692307693,0.018461538461538467,31.084917698557295,28.732726715301975,2.352190983255319
0.011692307692307693,0.018769230769230774,24.422528044321623,23.006342202099635,1.4161858422219886
0.011692307692307693,0.01907692307692308,19.566103860163068,17.266522632918793,2.299581227244275
0.011692307692307693,0.01938461538461539,13.45333050153188,11.516619900752216,1.936710600779664
0.011692307692307693,0.019692307692307696,6.3843138889831925,5.759991786876113,0.6243221021070795
0.012307692307692308,0.00030769230769230776,258.58232752647996,246.8230698577761,11.759257668703867
0.012307692307692308,0.0006153846153846155,260.9666415863725,246.6068422252913,14.359799361081173
0.012307692307692308,0.0009230769230769233,271.41817007772033,246.24660314149074,25.171566936229596
0.012307692307692308,0.001230769230769231,260.3982249556197,245.74256297585492,14.655661979764773
0.012307692307692308,0.001538461538461539,236.54190517284712,245.09501607364663,-8.55311090079951
0.012307692307692308,0.0018461538461538465,251.5946899750536,244.3043405840216,7.290349391032009
0.012307692307692308,0.002153846153846154,239.24468832630407,243.37099823919996,-4.126309912895891
0.012307692307692308,0.002461538461538462,238.15463022619733,242.2955340848279,-4.1409038586305655
0.012307692307692308,0.00276923076923077,248.14476848983116,241.07857616168604,7.066192328145121
0.012307692307692308,0.003076923076923078,244.53571152624278,239.72083513893148,4.814876387311301
0.012307692307692308,0.0033846153846153852,234.9867220547352,238.22310389908705,-3.236381844351854
0.012307692307692308,0.003692307692307693,226.1306644578898,236.5862570750201,-10.455592617130293
0.012307692307692308,0.004000000000000001,260.82930427173466,234.8112505391816,26.018053732553057
0.012307692307692308,0.004307692307692308,237.6820950066726,232.8991208454037,4.782974161268896
0.012307692307692308,0.004615384615384617,231.2363144332296,230.85098462358116,0.38532980964845365
0.012307692307692308,0.004923076923076924,190.2634738288262,228.6680379275913,-38.40456409876512
0.012307692307692308,0.0052307692307692315,204.47538140740542,226.3515555368319,-21.876174129426488
0.012307692307692308,0.00553846153846154,189.6171146124624,223.90289021178617,-34.285775599323784
0.012307692307692308,0.005846153846153847,165.62414557010908,221.32347190404857,-55.699326333939496
0.012307692307692308,0.006153846153846156,162.59702073751654,218.61480692127338,-56.01778618375684
0.012307692307692308,0.006461538461538463,179.13545659240955,215.77847704753347,-36.64302045512392
0.012307692307692308,0.0067692307692307704,190.73434625702976,212.816138619603,-22.081792362573253
0.012307692307692308,0.007076923076923079,216.69159991509125,209.72952155970333,6.962078355387916
0.012307692307692308,0.007384615384615386,218.74561934853568,206.52042836527698,12.225190983258699
0.012307692307692308,0.007692307692307694,197.40989080819452,203.19073305638034,-5.78084224818582
0.012307692307692308,0.008000000000000002,188.68203831258944,199.7423800813082,-11.060341768718757
0.012307692307692308,0.00830769230769231,197.37566565566163,196.17738318109107,1.1982824745705614
0.012307692307692308,0.008615384615384617,173.21027236197781,192.49782421352708,-19.287551851549267
0.012307692307692308,0.008923076923076924,190.50196155862642,188.70585193743534,1.7961096211910785
0.012307692307692308,0.009230769230769233,203.00321134362866,184.80368075784176,18.199530585786903
0.012307692307692308,0.00953846153846154,197.1667335593736,180.79358943282858,16.373144126545014
0.012307692307692308,0.009846153846153848,189.70201137182505,176.67791974280388,13.024091629021171
0.012307692307692308,0.010153846153846156,173.04838121693749,172.4590751229678,0.5893060939696966
0.012307692307692308,0.010461538461538463,165.56453425497537,168.139519259774,-2.5749850047986342
0.012307692307692308,0.010769230769230772,167.27923367787585,163.72177465220625,3.5574590256696013
0.012307692307692308,0.01107692307692308,162.24356549252587,159.20842113870998,3.0351443538158946
0.012307692307692308,0.011384615384615387,140.37036590753627,154.60209439063928,-14.231728483103012
0.012307692307692308,0.011692307692307695,134.66888067731648,149.90548437309909,-15.236603695782605
0.012307692307692308,0.012000000000000002,142.06419186081732,145.1213337740813,-3.0571419132639903
0.012307692307692308,0.012307692307692311,109.78766535808603,140.25243640281218,-30.46477104472615
0.012307692307692308,0.012615384615384619,142.97114152698936,135.3016355582466,7.6695059687427545
0.012307692307692308,0.012923076923076926,138.3950857915033,130.27182236866128,8.12326342284203
0.012307692307692308,0.013230769230769233,137.92990062353297,125.16593410331745,12.763966520215519
0.012307692307692308,0.013538461538461541,132.52431973162047,119.98695245717828,12.53736727444219
0.012307692307692308,0.013846153846153848,88.15382758279482,114.73790180968304,-26.58407422688822
0.012307692307692308,0.014153846153846157,99.76616864893514,109.4218474585945,-9.655678809659364
0.012307692307692308,0.014461538461538465,88.68134588761565,104.04189382995163,-15.360547942335984
0.012307692307692308,0.014769230769230772,104.92460042373976,98.60118266517192,6.323417758567842
0.012307692307692308,0.01507692307692308,97.27294837329912,93.1028911863631,4.17005718693602
0.012307692307692308,0.015384615384615387,93.13764694609924,87.55023024091483,5.58741670518441
0.012307692307692308,0.015692307692307696,83.0666101490767,81.9464424264541,1.1201677226225968
0.012307692307692308,0.016000000000000004,77.47058982064796,76.29480019725975,1.1757896233882121
0.012307692307692308,0.01630769230769231,76.78382796941963,70.59860395324124,6.185224016178395
0.012307692307692308,0.01661538461538462,67.1132113180253,64.86118011259802,2.252031205427272
0.012307692307692308,0.016923076923076926,59.51335011708255,59.08587916928483,0.42747094779772254
0.012307692307692308,0.017230769230769234,57.47746364926382,53.27607373641801,4.201389912845805
0.012307692307692308,0.01753846153846154,50.23628846025604,47.435156576763866,2.8011318834921752
0.012307692307692308,0.01784615384615385,44.58800739561161,41.566538621461255,3.0214687741503568
0.012307692307692308,0.01815384615384616,36.98690186915625,35.67364697813332,1.313254891022929
0.012307692307692308,0.018461538461538467,30.709656204262377,29.759922929553984,0.9497332747083931
0.012307692307692308,0.018769230769230774,24.75543118419361,23.82881992403465,0.9266112601589604
0.012307692307692308,0.01907692307692308,18.85871584866206,17.883801558708498,0.9749142899535634
0.012307692307692308,0.01938461538461539,12.61298102735714,11.928339556886764,0.6846414704703765
0.012307692307692308,0.019692307692307696,6.35840252768673,5.965911740670503,0.39249078701622686
0.012923076923076924,0.00030769230769230776,252.1231112429868,254.76597073354142,-2.6428594905546277
0.012923076923076924,0.0006153846153846155,267.15505850664766,254.5427847780262,12.61227372862146
0.012923076923076924,0.0009230769230769233,257.2664489475519,254.17095300422363,3.095495943328274
0.012923076923076924,0.001230769230769231,261.09674573794393,253.65069255141873,7.446053186525205
0.012923076923076924,0.001538461538461539,217.98995035275485,252.98230723706519,-34.99235688431034
0.012923076923076924,0.0018461538461538465,255.36585584858952,252.16618737936463,3.199668469224889
0.012923076923076924,0.002153846153846154,240.3276505104693,251.2028095693317,-10.87515905886238
0.012923076923076924,0.002461538461538462,243.17783414391275,250.0927363924783,-6.914902248565539
0.012923076923076924,0.00276923076923077,250.21505572549464,248.83661610027966,1.3784396252149804
0.012923076923076924,0.003076923076923078,258.9712566247655,247.4351822316136,11.536074393151893
0.012923076923076924,0.0033846153846153852,286.59505750105916,245.88925318439453,40.705804316664626
0.012923076923076924,0.003692307692307693,264.2621554146451,244.19973173765203,20.06242367699309
0.012923076923076924,0.004000000000000001,244.24067451803822,242.36760452433342,1.873069993704803
0.012923076923076924,0.004307692307692308,257.63917724850546,240.3939414551379,17.245235793367556
0.012923076923076924,0.004615384615384617,252.64849418469456,238.27989509371872,14.368599090975835
0.012923076923076924,0.004923076923076924,169.5185264452213,236.02669998361864,-66.50817353839733
0.012923076923076924,0.0052307692307692315,187.76757981763146,233.63567192733106,-45.8680921096996
0.012923076923076924,0.00553846153846154,183.4985713882989,231.1082072179086,-47.609635829609715
0.012923076923076924,0.005846153846153847,166.193568443097,228.44578182356724,-62.25221338047024
0.012923076923076924,0.006153846153846156,170.92779714748474,225.64995052576225,-54.72215337827751
0.012923076923076924,0.006461538461538463,192.47521452151176,222.72234601123992,-30.24713148972816
0.012923076923076924,0.0067692307692307704,213.78692100248645,219.66467791859424,-5.877756916107785
0.012923076923076924,0.007076923076923079,219.789885442432,216.47873183988622,3.3111536025457724
0.012923076923076924,0.007384615384615386,212.02176336360927,213.16636827790833,-1.144604914299066
0.012923076923076924,0.007692307692307694,191.51034438036885,209.72952155970336,-18.21917717933451
0.012923076923076924,0.008000000000000002,200.86978935207173,206.17019870697177,-5.30040935490004
0.012923076923076924,0.00830769230769231,206.16502202671705,202.49047826402767,3.6745437626893818
0.012923076923076924,0.008615384615384617,210.2135195759527,198.6925090839874,11.521010491965285
0.012923076923076924,0.008923076923076924,196.72711012582351,194.7785090738998,1.9486010519237027
0.012923076923076924,0.009230769230769233,200.69039161661271,190.75076389955103,9.939627717061683
0.012923076923076924,0.00953846153846154,201.7346555073447,186.6116256507001,15.12302985664462
0.012923076923076924,0.009846153846153848,187.73394830970568,182.3635114675245,5.370436842181192
0.012923076923076924,0.010153846153846156,179.9512829105352,178.00890212907873,1.9423807814564782
0.012923076923076924,0.010461538461538463,168.41955082759995,173.550340604589,-5.130789776989047
0.012923076923076924,0.010769230769230772,164.9001541128563,168.99043056843072,-4.090276455574411
0.012923076923076924,0.01107692307692308,174.18956126162377,164.33183487965624,9.857726381967524
0.012923076923076924,0.011384615384615387,165.47504089816488,159.57727402695994,5.8977668712049365
0.012923076923076924,0.011692307692307695,174.4033406563709,154.7295245399895,19.673816116381374
0.012923076923076924,0.012000000000000002,155.53663558185548,149.79141736793085,5.74521821392463
0.012923076923076924,0.012307692307692311,155.0678443936297,144.7658362263134,10.302008167316302
0.012923076923076924,0.012615384615384619,150.22137716947782,139.65571591300164,10.565661256476176
0.012923076923076924,0.012923076923076926,137.37569140410702,134.46404059435557,2.9116508097514497
0.012923076923076924,0.013230769230769233,137.15129066364645,129.19384206256166,7.957448601084792
0.012923076923076924,0.013538461538461541,131.60520617195175,123.84819796515163,7.757008206800123
0.012923076923076924,0.013846153846153848,96.48683992782955,118.43023000774306,-21.943390079913513
0.012923076923076924,0.014153846153846157,89.96710454668587,112.9431021310509,-22.975997584365032
0.012923076923076924,0.014461538461538465,102.18147024923186,107.39001866323561,-5.208548414003744
0.012923076923076924,0.014769230769230772,105.80061081670831,101.7742224486653,4.0263883680430155
0.012923076923076924,0.01507692307692308,98.99498431759949,96.09899295418634,2.8959913634131453
0.012923076923076924,0.015384615384615387,92.79383662675909,90.36764435400694,2.4261922727521466
0.012923076923076924,0.015692307692307696,82.93472679390653,84.58352359431248,-1.6487968004059468
0.012923076923076924,0.016000000000000004,81.06316662186842,78.75000843874359,2.313158183124827
0.012923076923076924,0.01630769230769231,80.28241871574767,72.87050549587713,7.4119132198705415
0.012923076923076924,0.01661538461538462,70.47752567936176,66.94844822986269,3.52907744949907
0.012923076923076924,0.016923076923076926,65.14933714725652,60.98729495537607,4.162042191880445
0.012923076923076924,0.017230769230769234,52.79963299797806,54.99052681806134,-2.190893820083282
0.012923076923076924,0.01753846153846154,50.11162074757195,48.961645761639275,1.1499749859326727
0.012923076923076924,0.01784615384615385,46.483335484729395,42.904172482871296,3.579163001858099
0.012923076923076924,0.01815384615384616,37.84647599635037,36.82164437557121,1.0248316207791603
0.012923076923076924,0.018461538461538467,32.15040912569322,30.71761346486768,1.432795660825544
0.012923076923076924,0.018769230769230774,25.056260679051395,24.595644332920457,0.46061634613093716
0.012923076923076924,0.01907692307692308,19.498776510041683,18.4593120373057,1.0394644727359825
0.012923076923076924,0.01938461538461539,12.837469571987679,12.312200023282454,0.525269548705225
0.012923076923076924,0.019692307692307696,6.500226259284584,6.157898031161969,0.3423282281226143
0.01353846153846154,0.00030769230769230776,261.7487479252026,262.1138538799889,-0.36510595478625874
0.01353846153846154,0.0006153846153846155,249.2609496626258,261.8842308625837,-12.623281199957916
0.01353846153846154,0.0009230769230769233,246.8100530861108,261.5016748291158,-14.691621743005015
0.01353846153846154,0.001230769230769231,268.1840936286966,260.9664091815358,7.217684447160764
0.01353846153846154,0.001538461538461539,263.11391980865017,260.2787464999086,2.8351733087415596
0.01353846153846154,0.0018461538461538465,261.7620645183163,259.43908835987537,2.3229761584409516
0.01353846153846154,0.002153846153846154,247.73652132338358,258.4479250981448,-10.711403774761237
0.01353846153846154,0.002461538461538462,245.60296525360945,257.3058355261503,-11.70287027254085
0.01353846153846154,0.00276923076923077,259.6761562095326,256.0134865920401,3.6626696174924973
0.01353846153846154,0.003076923076923078,258.8662060702305,254.57163299119875,4.294573079031721
0.01353846153846154,0.0033846153846153852,242.9075996666602,252.98111672552596,-10.073517058865775
0.01353846153846154,0.003692307692307693,228.90444582010952,251.24286661173136,-22.338420791621843
0.01353846153846154,0.004000000000000001,252.0646789276713,249.35789773893157,2.7067811887397397
0.01353846153846154,0.004307692307692308,226.48501768382022,247.3273108758669,-20.842293192046697
0.01353846153846154,0.004615384615384617,240.31289772602298,245.15229182808326,-4.839394102060282
0.01353846153846154,0.004923076923076924,205.0275993114207,242.83411074545518,-37.80651143403449
0.01353846153846154,0.0052307692307692315,205.69742491582298,240.37412138045397,-34.67669646463099
0.01353846153846154,0.00553846153846154,196.52786560883797,237.77376029759463,-41.245894688756664
0.01353846153846154,0.005846153846153847,183.70850886435656,235.03454603452235,-51.32603717016579
0.01353846153846154,0.006153846153846156,173.94451630075756,232.15807821522944,-58.21356191447188
0.01353846153846154,0.006461538461538463,209.25180057364892,229.14603661591988,-19.89423604227096
0.01353846153846154,0.0067692307692307704,214.43241198776877,226.0001801840675,-11.567768196298715
0.01353846153846154,0.007076923076923079,208.4567277584174,222.72234601123992,-14.26561825282252
0.01353846153846154,0.007384615384615386,210.27905023988015,219.31444826028894,-9.035398020408792
0.01353846153846154,0.007692307692307694,178.61753691196756,215.7784770475335,-37.16094013556594
0.01353846153846154,0.008000000000000002,196.93515744740156,212.11649728058748,-15.181339833185916
0.01353846153846154,0.00830769230769231,202.6042346193154,208.33064745251198,-5.7264128331965765
0.01353846153846154,0.008615384615384617,182.1088893112495,204.42313839299572,-22.314249081746226
0.01353846153846154,0.008923076923076924,192.50091009300573,200.3962519772924,-7.895341884286665
0.01353846153846154,0.009230769230769233,197.83663788954655,196.25233979367007,1.584298095876477
0.01353846153846154,0.00953846153846154,200.98089224727667,191.99382177014994,8.987070477126736
0.01353846153846154,0.009846153846153848,204.90069391369067,187.62318476133612,17.277509152354554
0.01353846153846154,0.010153846153846156,192.31645379517178,183.14298109616297,9.173472699008812
0.01353846153846154,0.010461538461538463,188.55046309339915,178.5558270874067,9.994636005992447
0.01353846153846154,0.010769230769230772,164.88011315258845,173.8644015038324,-8.984288351243947
0.01353846153846154,0.01107692307692308,162.5300738445981,169.07144400586847,-6.541370161270379
0.01353846153846154,0.011384615384615387,164.17584542858873,164.17975354572226,-0.003908117133534006
0.01353846153846154,0.011692307692307695,148.2949653882745,159.19218673287054,-10.897221344596034
0.01353846153846154,0.012000000000000002,148.89237718921947,154.11165616588028,-5.219278976660803
0.01353846153846154,0.012307692307692311,140.7106396073133,148.9411287315328,-8.230489124219503
0.01353846153846154,0.012615384615384619,148.89264492675846,143.68362387224582,5.209021054512647
0.01353846153846154,0.012923076923076926,143.70200020225857,138.34221182280373,5.359788379454841
0.01353846153846154,0.013230769230769233,132.5241848143157,132.92001181742722,-0.3958270031115205
0.01353846153846154,0.013538461538461541,134.74807122702305,127.42019026822814,7.327880958794907
0.01353846153846154,0.013846153846153848,103.77132531210134,121.84595891611418,-18.074633604012845
0.01353846153846154,0.014153846153846157,118.2799202414492,116.2005729552224,2.079347286226806
0.01353846153846154,0.014461538461538465,102.62457177572858,110.4873291319778,-7.862757356249219
0.01353846153846154,0.014769230769230772,101.09282405573981,104.7095638198859,-3.6167397641460894
0.01353846153846154,0.01507692307692308,98.4544040722319,98.87065107118491,-0.41624699895301376
0.01353846153846154,0.015384615384615387,96.94243054164221,92.97400064649409,3.9684298951481196
0.01353846153846154,0.015692307692307696,89.15350462137523,87.02305602360941,2.1304485977658203
0.01353846153846154,0.016000000000000004,78.3754925998155,81.02129238660977,-2.645799786794271
0.01353846153846154,0.01630769230769231,75.7081468395896,74.97221459644723,0.735932243142372
0.01353846153846154,0.01661538461538462,70.53371438990361,68.87935514420693,1.654359245696682
0.01353846153846154,0.016923076923076926,61.412226693847686,62.74627208823155,-1.334045394383864
0.01353846153846154,0.017230769230769234,56.81885889339475,56.576546976315946,0.2423119170788013
0.01353846153846154,0.01753846153846154,49.85173336217372,50.37378275418352,-0.522049392009805
0.01353846153846154,0.01784615384615385,42.393103755039355,44.14160166146787,-1.7484979064285113
0.01353846153846154,0.01815384615384616,38.10947845312767,37.883643116426285,0.22583533670138678
0.01353846153846154,0.018461538461538467,31.79138531648369,31.60356159062289,0.18782372586080243
0.01353846153846154,0.018769230769230774,25.484957521154243,25.305024474819007,0.1799330463352362
0.01353846153846154,0.01907692307692308,19.379611976461018,18.99170993732114,0.38790203913987753
0.01353846153846154,0.01938461538461539,12.697318327165041,12.667304776033706,0.030013551131334637
0.01353846153846154,0.019692307692307696,6.443902507547502,6.335502265473313,0.10840024207418963
0.014153846153846154,0.00030769230769230776,279.53593093372984,268.8495579755633,10.686372958166544
0.014153846153846154,0.0006153846153846155,270.5293229806249,268.61403419146507,1.9152887891598311
0.014153846153846154,0.0009230769230769233,258.5117848253926,268.22164737567385,-9.70986255028123
0.014153846153846154,0.001230769230769231,274.5072951480802,267.6726266710404,6.83466847703977
0.014153846153846154,0.001538461538461539,249.49551300325376,266.96729269019545,-17.471779686941687
0.014153846153846154,0.0018461538461538465,258.18901550819754,266.1060573283215,-7.917041820123984
0.014153846153846154,0.002153846153846154,261.0980933373408,265.08942352261704,-3.99133018527624
0.014153846153846154,0.002461538461538462,252.36688657903505,263.91798495859587,-11.551098379560813
0.014153846153846154,0.00276923076923077,254.21052112626958,262.59242572339116,-8.381904597121576
0.014153846153846154,0.003076923076923078,244.73329732657007,261.11351990626804,-16.38022257969797
0.014153846153846154,0.0033846153846153852,244.5735512114899,259.48213114657716,-14.90857993508726
0.014153846153846154,0.003692307692307693,243.21825573649562,257.6992121294137,-14.480956392918074
0.014153846153846154,0.004000000000000001,258.70565812199993,255.7658040292758,2.9398540927241186
0.014153846153846154,0.004307692307692308,249.12413292536644,253.68303590204866,-4.558902976682219
0.014153846153846154,0.004615384615384617,259.0853322748456,251.45212402566688,7.633208249178722
0.014153846153846154,0.004923076923076924,210.15215364680577,249.07437118984296,-38.92221754303719
0.014153846153846154,0.0052307692307692315,209.86079436222226,246.55116593527458,-36.69037157305232
0.014153846153846154,0.00553846153846154,187.78860192807323,243.883981742776,-56.09537981470277
0.014153846153846154,0.005846153846153847,217.77038754920977,241.0743761728067,-23.303988623596922
0.014153846153846154,0.006153846153846156,185.1049207245591,238.12398995589993,-53.019069231340836
0.014153846153846154,0.006461538461538463,190.34578898797977,235.03454603452235,-44.68875704654258
0.014153846153846154,0.0067692307692307704,215.54781592796002,231.80784855692414,-16.260032628964126
0.014153846153846154,0.007076923076923079,215.73614493507816,228.44578182356722,-12.709636888489058
0.014153846153846154,0.007384615384615386,212.70783032148634,224.95030918674667,-12.242478865260324
0.014153846153846154,0.007692307692307694,222.54718793391615,221.3234719040486,1.2237160298675462
0.014153846153846154,0.008000000000000002,212.45210729066315,217.56738794631292,-5.115280655649769
0.014153846153846154,0.00830769230769231,195.47383761018347,213.68425076079822,-18.210413150614755
0.014153846153846154,0.008615384615384617,200.85804405888155,209.6763279902702,-8.818283931388663
0.014153846153846154,0.008923076923076924,191.18608884460144,205.54596014876216,-14.35987130416072
0.014153846153846154,0.009230769230769233,202.8855764439916,201.29555925478078,1.590017189210812
0.014153846153846154,0.00953846153846154,189.6292860984382,196.9276074227553,-7.298321324317101
0.014153846153846154,0.009846153846153848,183.69020610200099,192.4446554135523,-8.754449311551326
0.014153846153846154,0.010153846153846156,181.9650751598545,187.84932114490357,-5.884245985049063
0.014153846153846154,0.010461538461538463,180.6928636226989,183.14428816261562,-2.4514245399167294
0.014153846153846154,0.010769230769230772,173.14027832219668,178.3323040734545,-5.19202575125783
0.014153846153846154,0.01107692307692308,162.84165473587132,173.41617894062102,-10.574524204749707
0.014153846153846154,0.011384615384615387,141.38411464823986,168.39878364275273,-27.014668994512874
0.014153846153846154,0.011692307692307695,151.7362925301009,163.28304819741183,-11.546755667310919
0.014153846153846154,0.012000000000000002,155.76691571785727,158.07196005003726,-2.305044332179989
0.014153846153846154,0.012307692307692311,141.10483101413422,152.76856232936086,-11.663731315226642
0.014153846153846154,0.012615384615384619,147.63322483272117,147.37595207030583,0.25727276241534014
0.014153846153846154,0.012923076923076926,143.98153598095462,141.8972784054054,2.0842575755492305
0.014153846153846154,0.013230769230769233,140.78239660330553,136.3357407257984,4.4466558775071405
0.014153846153846154,0.013538461538461541,132.412003517443,130.69458681287452,1.7174167045684783
0.014153846153846154,0.013846153846153848,108.53280401487488,124.97711094166198,-16.444306926787092
0.014153846153846154,0.014153846153846157,118.17225514902283,119.18665195706315,-1.014396808040317
0.014153846153846154,0.014461538461538465,106.2527054339608,113.32659132406356,-7.073885890102758
0.014153846153846154,0.014769230769230772,102.95893673148919,107.40035115305122,-4.44141442156203
0.014153846153846154,0.01507692307692308,96.88582063824626,101.41139220140082,-4.525571563154557
0.014153846153846154,0.015384615384615387,93.59195738962426,95.3632118524888,-1.7712544628645475
0.014153846153846154,0.015692307692307696,83.53556289653625,89.25934207331974,-5.723779176783495
0.014153846153846154,0.016000000000000004,72.3523693851671,83.10334735195735,-10.75097796679026
0.014153846153846154,0.01630769230769231,70.28446633543477,76.89882261596378,-6.614356280529009
0.014153846153846154,0.01661538461538462,66.84331321506679,70.64939113306306,-3.8060779179962765
0.014153846153846154,0.016923076923076926,60.27460379904109,64.35870239525468,-4.084098596213593
0.014153846153846154,0.017230769230769234,59.99557420893237,58.030429987613445,1.9651442213189227
0.014153846153846154,0.01753846153846154,51.21114839815105,51.66826944301869,-0.45712104486763394
0.014153846153846154,0.01784615384615385,49.3771589325678,45.27593608406766,4.101222848500143
0.014153846153846154,0.01815384615384616,44.50108884295795,38.857162853431205,5.643925989526743
0.014153846153846154,0.018461538461538467,31.173169100140843,32.41569813392122,-1.2425290337803752
0.014153846153846154,0.018769230769230774,24.608170639740376,25.955303559539537,-1.3471329197991615
0.014153846153846154,0.01907692307692308,19.955651512638383,19.479751818790504,0.4758996938478788
0.014153846153846154,0.01938461538461539,13.455855284003864,12.992824451536572,0.4630308324672914
0.014153846153846154,0.019692307692307696,6.451798500619028,6.49830964068595,-0.04651114006692225
0.01476923076923077,0.00030769230769230776,265.02717739035745,274.95735147124833,-9.930174080890879
0.01476923076923077,0.0006153846153846155,275.79662174450385,274.71647699716783,1.0801447473360213
0.01476923076923077,0.0009230769230769233,259.2263870682849,274.315175836643,-15.088788768358086
0.01476923076923077,0.001230769230769231,249.67029412072662,273.75368233825077,-24.083388217524146
0.01476923076923077,0.001538461538461539,224.15002473035543,273.03232439838234,-48.88229966802692
0.01476923076923077,0.0018461538461538465,257.6842201632623,272.1515232697609,-14.467303106498605
0.01476923076923077,0.002153846153846154,250.13272151488113,271.11179331544184,-20.979071800560718
0.01476923076923077,0.002461538461538462,253.9054194924537,269.9137417084393,-16.00832221598563
0.01476923076923077,0.00276923076923077,253.7787782829827,268.5580680771542,-14.77928979417149
0.01476923076923077,0.003076923076923078,251.74641415420248,267.0455640968108,-15.299149942608295
0.01476923076923077,0.0033846153846153852,234.48964944202598,265.37711302714104,-30.887463585115057
0.01476923076923077,0.003692307692307693,226.23420911630564,263.55368919658537,-37.31948008027973
0.01476923076923077,0.004000000000000001,247.6379747818185,261.57635743331247,-13.938382651493953
0.01476923076923077,0.004307692307692308,243.26482107535963,259.4462724433897,-16.181451368030082
0.01476923076923077,0.004615384615384617,246.73878533195148,257.16467813646716,-10.425892804515684
0.01476923076923077,0.004923076923076924,182.13003981777584,254.73290689936954,-72.6028670815937
0.01476923076923077,0.0052307692307692315,188.11491409940626,252.1523788180196,-64.03746471861334
0.01476923076923077,0.00553846153846154,182.69151065401346,249.42460084814823,-66.73309019413477
0.01476923076923077,0.005846153846153847,172.52023714238493,246.5511659352746,-74.03092879288968
0.01476923076923077,0.006153846153846156,172.2261874663898,243.53375208447073,-71.30756461808093
0.01476923076923077,0.006461538461538463,187.9394809379839,240.37412138045397,-52.434640442470084
0.01476923076923077,0.0067692307692307704,192.36426865162056,237.07411895857908,-44.709850306958515
0.01476923076923077,0.007076923076923079,209.52552266451147,233.63567192733106,-24.11014926281959
0.01476923076923077,0.007384615384615386,200.2069842477235,230.06078824294815,-29.853803995224638
0.01476923076923077,0.007692307692307694,236.8435289355505,226.35155553683197,10.491973398718528
0.01476923076923077,0.008000000000000002,179.64291602643112,222.5101398964294,-42.86722386999827
0.01476923076923077,0.00830769230769231,175.75386490614508,218.53878460029873,-42.78491969415364
0.01476923076923077,0.008615384615384617,166.92219851743766,214.43980880809804,-47.51761029066037
0.01476923076923077,0.008923076923076924,175.7167503189805,210.21560620626119,-34.49885588728068
0.01476923076923077,0.009230769230769233,191.97233677039844,205.86864361015242,-13.896306839753976
0.01476923076923077,0.00953846153846154,169.08203217281886,201.40145952351583,-32.31942735069697
0.01476923076923077,0.009846153846153848,159.820652429679,196.81666265606032,-36.996010226381316
0.01476923076923077,0.010153846153846156,146.78744627017525,192.11693040004684,-45.32948412987159
0.01476923076923077,0.010461538461538463,148.4511089242744,187.30500726676664,-38.85389834249224
0.01476923076923077,0.010769230769230772,158.64586195820442,182.38370328382393,-23.737841325619513
0.01476923076923077,0.01107692307692308,179.46569293380824,177.35589235415895,2.1098005796492885
0.01476923076923077,0.011384615384615387,147.72446752048708,172.22451057776954,-24.500043057282454
0.01476923076923077,0.011692307692307695,154.7312627470839,166.99255453711137,-12.261291790027485
0.01476923076923077,0.012000000000000002,156.79638586969756,161.6630795471783,-4.866693677480754
0.01476923076923077,0.012307692307692311,122.93977457126371,156.2391978712844,-33.29942330002069
0.01476923076923077,0.012615384615384619,146.85564099862034,150.72407690358978,-3.868435904969431
0.01476923076923077,0.012923076923076926,140.0461298508504,145.12093731943165,-5.074807468581241
0.01476923076923077,0.013230769230769233,135.04215006219542,139.43305119454058,-4.390901132345164
0.01476923076923077,0.013538461538461541,126.88545170859727,133.6637400942404,-6.778288385643137
0.01476923076923077,0.013846153846153848,98.57422315599223,127.81637313374775,-29.242149977755517
0.01476923076923077,0.014153846153846157,113.95622581260999,121.89436501070332,-7.938139198093339
0.01476923076923077,0.014461538461538465,106.32081661533215,115.90117401108506,-9.580357395752912
0.01476923076923077,0.014769230769230772,104.87180160874038,109.84029998966606,-4.968498380925681
0.01476923076923077,0.01507692307692308,100.43124720003338,103.71528232619833,-3.2840351261649516
0.01476923076923077,0.015384615384615387,95.63144817276839,97.52969785851454,-1.8982496857461513
0.01476923076923077,0.015692307692307696,82.70673808141458,91.28715879375525,-8.580420712340668
0.01476923076923077,0.016000000000000004,81.27520346773065,84.99131059894202,-3.7161071312113734
0.01476923076923077,0.01630769230769231,73.67844709709256,78.64582987212714,-4.967382775034579
0.01476923076923077,0.01661538461538462,65.98163908564382,72.2544221953639,-6.272783109720081
0.01476923076923077,0.016923076923076926,57.14282172394134,65.82081997075092,-8.67799824680958
0.01476923076923077,0.017230769230769234,65.86448369112195,59.348780240814776,6.515703450307171
0.01476923076923077,0.01753846153846154,51.17541465353048,52.8420824945025,-1.6666678409720177
0.01476923076923077,0.01784615384615385,44.8728605534659,46.30452646006692,-1.431665906601019
0.01476923076923077,0.01815384615384616,40.9698802854593,39.73992988613182,1.2299503993274783
0.01476923076923077,0.018461538461538467,32.52551862206233,33.15212631223516,-0.6266076901728326
0.01476923076923077,0.018769230769230774,23.767944961605007,26.544962830148773,-2.7770178685437656
0.01476923076923077,0.01907692307692308,19.087223335520825,19.922297837286028,-0.8350745017652024
0.01476923076923077,0.01938461538461539,13.103843137431333,13.287998783505849,-0.1841556460745153
0.01476923076923077,0.019692307692307696,6.4206913018648,6.645939912631335,-0.2252486107665348
0.015384615384615385,0.00030769230769230776,276.2006222182907,280.42296933232797,-4.222347114037291
0.015384615384615385,0.0006153846153846155,280.3891488332869,280.17730674176045,0.21184209152647782
0.015384615384615385,0.0009230769230769233,265.1221845568207,279.76802849395676,-14.645843937136078
0.015384615384615385,0.001230769230769231,257.86556528946375,279.1953735958883,-21.32980830642458
0.015384615384615385,0.001538461538461539,260.5995380309106,278.45967646188933,-17.860138430978736
0.015384615384615385,0.0018461538461538465,260.038147302025,277.56136671836856,-17.52321941634358
0.015384615384615385,0.002153846153846154,246.68142333019168,276.50096895291944,-29.81954562272776
0.015384615384615385,0.002461538461538462,246.05116539663993,275.2791024079758,-29.227937011335882
0.015384615384615385,0.00276923076923077,248.09675361974922,273.8964806191917,-25.7997269994425
0.015384615384615385,0.003076923076923078,254.87089888781554,272.3539109987566,-17.483012110941047
0.015384615384615385,0.0033846153846153852,227.8754527629757,270.65229436388944,-42.77684160091374
0.015384615384615385,0.003692307692307693,240.32037337069653,268.79262441078686,-28.472251040090327
0.015384615384615385,0.004000000000000001,240.6838762618818,266.77598713433235,-26.092110872450547
0.015384615384615385,0.004307692307692308,252.61117298252995,264.6035601939062,-11.992387211376268
0.015384615384615385,0.004615384615384617,251.1832043756176,262.2766122256652,-11.093407850047583
0.015384615384615385,0.004923076923076924,187.5976858689646,259.796502101695,-72.19881623273042
0.015384615384615385,0.0052307692307692315,196.3265719393053,257.16467813646716,-60.83810619716186
0.015384615384615385,0.00553846153846154,176.46058825532842,254.38267724106421,-77.9220889857358
0.015384615384615385,0.005846153846153847,175.77722403481158,251.4521240256669,-75.67489999085532
0.015384615384615385,0.006153846153846156,166.67885029037816,248.3747298508274,-81.69587956044924
0.015384615384615385,0.006461538461538463,175.38654731255923,245.15229182808326,-69.76574451552403
0.015384615384615385,0.0067692307692307704,194.43557257206962,241.78669177049468,-47.35111919842507
0.015384615384615385,0.007076923076923079,208.58367989463486,238.27989509371872,-29.696215199083866
0.015384615384615385,0.007384615384615386,211.978172715145,234.6339496682618,-22.6557769531168
0.015384615384615385,0.007692307692307694,197.58660467479757,230.8509846235812,-33.26437994878364
0.015384615384615385,0.008000000000000002,195.48043194183592,226.93320910473324,-31.45277716289732
0.015384615384615385,0.00830769230769231,197.08366222732883,222.88291098229485,-25.799248754966015
0.015384615384615385,0.008615384615384617,189.9633537986132,218.70245551631166,-28.739101717698446
0.015384615384615385,0.008923076923076924,189.67327651183882,214.39428397505242,-24.721007463213596
0.015384615384615385,0.009230769230769233,182.38680474427258,209.9609122093775,-27.57410746510493
0.015384615384615385,0.00953846153846154,178.00669013562748,205.4049291835527,-27.398239047925216
0.015384615384615385,0.009846153846153848,182.6068726680279,200.72899546336674,-18.12212279533884
0.015384615384615385,0.010153846153846156,181.00368891912163,195.93584166243616,-14.932152743314532
0.015384615384615385,0.010461538461538463,181.83653055580132,191.02826684760365,-9.191736291802329
0.015384615384615385,0.010769230769230772,182.31804628126977,186.00913690436184,-3.691090623092066
0.015384615384615385,0.01107692307692308,171.31353722063943,180.88138286325696,-9.567845642617527
0.015384615384615385,0.011384615384615387,155.69179877201321,175.6479991882495,-19.9562004162363
0.015384615384615385,0.011692307692307695,164.44203217646134,170.31204202803156,-5.870009851570217
0.015384615384615385,0.012000000000000002,157.5365311655311,164.87662743132208,-7.340096265790976
0.015384615384615385,0.012307692307692311,141.47427746735062,159.3449295271821,-17.870652059831485
0.015384615384615385,0.012615384615384619,146.25200584419855,153.720178671413,-7.46817282721446
0.015384615384615385,0.012923076923076926,135.30790186394893,148.0056595601194,-12.69775769617047
0.015384615384615385,0.013230769230769233,126.6801211318896,142.20470931153915,-15.524588179649541
0.015384615384615385,0.013538461538461541,132.8910665406313,136.32071551726042,-3.4296489766291245
0.015384615384615385,0.013846153846153848,96.42405460242082,130.35711426396367,-33.93305966154284
0.015384615384615385,0.014153846153846157,91.13275387746347,124.31738812684331,-33.18463424937984
0.015384615384615385,0.014461538461538465,109.87876213132222,118.20506413588257,-8.326302004560347
0.015384615384615385,0.014769230769230772,97.0491215119466,112.02371171616664,-14.97459020422005
0.015384615384615385,0.01507692307692308,96.80129475091533,105.77694060343943,-8.975645852524096
0.015384615384615385,0.015384615384615387,88.13601570851775,99.46839873611934,-11.332383027601594
0.015384615384615385,0.015692307692307696,87.46524417356709,93.10177012500579,-5.636525951438699
0.015384615384615385,0.016000000000000004,83.31994048543172,86.68077270192101,-3.3608322164892996
0.015384615384615385,0.01630769230769231,71.29783481173602,80.20915614854232,-8.911321336806296
0.015384615384615385,0.01661538461538462,67.27949779102727,73.69069970669375,-6.4112019156664815
0.015384615384615385,0.016923076923076926,61.556888062765815,67.12920997137493,-5.572321908609119
0.015384615384615385,0.017230769230769234,61.04742589609208,60.528518667817366,0.5189072282747134
0.015384615384615385,0.01753846153846154,52.82421531446717,53.89248041386418,-1.06826509939701
0.015384615384615385,0.01784615384615385,45.46963838711864,47.22497046898239,-1.7553320818637488
0.015384615384615385,0.01815384615384616,30.18071945841129,40.52988247121994,-10.349163012808653
0.015384615384615385,0.018461538461538467,31.187025801789378,33.81112616343161,-2.624100361642231
0.015384615384615385,0.018769230769230774,26.538828177303127,27.072625110098134,-0.5337969327950063
0.015384615384615385,0.01907692307692308,18.655225585163308,20.31831440607599,-1.6630888209126837
0.015384615384615385,0.01938461538461539,13.041414868106493,13.552138378612215,-0.5107235105057217
0.015384615384615385,0.019692307692307696,6.593773307426797,6.778048283968838,-0.18427497654204128
0.016,0.00030769230769230776,285.08898605102405,285.23364635503634,-0.1446603040122909
0.016,0.0006153846153846155,273.21131012447427,284.9837694043449,-11.772459279870645
0.016,0.0009230769230769233,276.39362211274357,284.56746995757425,-8.173847844830675
0.016,0.001230769230769231,263.0804972587986,283.9849911218781,-20.90449386307955
0.016,0.001538461538461539,275.3207289924937,283.2366730484938,-7.915944056000114
0.016,0.0018461538461538465,257.3328706303771,282.3229527341032,-24.99008210372608
0.016,0.002153846153846154,252.9875112895727,281.24436376563915,-28.256852476066456
0.016,0.002461538461538462,261.1244900041119,280.0015360086858,-18.877046004573856
0.016,0.00276923076923077,260.0964421607272,278.59519523965463,-18.49875307892745
0.016,0.003076923076923078,259.88141908815896,277.0261627219518,-17.144743633792814
0.016,0.0033846153846153852,232.3859636975205,275.295354726383,-42.90939102886247
0.016,0.003692307692307693,253.89967104472444,273.4037819960774,-19.504110951352942
0.016,0.004000000000000001,258.94280715134573,271.35254915624205,-12.409742004896316
0.016,0.004307692307692308,249.32170808482732,269.1428540690921,-19.821145984264774
0.016,0.004615384615384617,246.62264849051857,266.7759871343323,-20.153338643813726
0.016,0.004923076923076924,209.90801811123413,264.2533305356009,-54.345312424366796
0.016,0.0052307692307692315,195.5937412314395,261.5763574333124,-65.9826162018729
0.016,0.00553846153846154,186.41269556157903,258.7466311043741,-72.33393554279507
0.016,0.005846153846153847,211.43151941633818,255.7658040292758,-44.33428461293764
0.016,0.006153846153846156,184.82494564000953,252.63561692708817,-67.81067128707863
0.016,0.006461538461538463,205.13822432451448,249.35789773893154,-44.21967341441706
0.016,0.0067692307692307704,212.88340542727727,245.93456056051005,-33.05115513323278
0.016,0.007076923076923079,224.30784427000452,242.3676045243334,-18.059760254328864
0.016,0.007384615384615386,226.46093522032263,238.65911263227974,-12.198177411957118
0.016,0.007692307692307694,195.55290858985856,234.8112505391816,-39.25834194932304
0.016,0.008000000000000002,214.0658177018914,230.826265288144,-16.76044758625258
0.016,0.00830769230769231,205.03529315546646,226.70648399833482,-21.671190842868356
0.016,0.008615384615384617,209.6598081609477,222.4543125060127,-12.794504345065008
0.016,0.008923076923076924,199.16944360409002,218.07223395958638,-18.902790355496364
0.016,0.009230769230769233,200.6492436613702,213.5628073695259,-12.913563708155692
0.016,0.00953846153846154,194.5851250087088,208.92866611397272,-14.343541105263938
0.016,0.009846153846153848,183.75523959387593,204.1725164009208,-20.417276807044885
0.016,0.010153846153846156,185.49958053022362,199.29713568786767,-13.797555157644041
0.016,0.010461538461538463,181.71149046355663,194.30537105985704,-12.593880596300409
0.016,0.010769230769230772,189.94175793191562,189.20013756686168,0.741620365053933
0.016,0.01107692307692308,175.50644556835914,183.9844165214762,-8.477970953117051
0.016,0.011384615384615387,150.21958645302865,178.66125375791432,-28.44166730488567
0.016,0.011692307692307695,153.19575882557385,173.2337578533277,-20.03799902775384
0.016,0.012000000000000002,157.80060992280391,167.7050983124842,-9.904488389680296
0.016,0.012307692307692311,155.07340753239075,162.0785037168665,-7.005096184475747
0.016,0.012615384615384619,152.40186025973452,156.35725983927136,-3.955399579536845
0.016,0.012923076923076926,141.30479566572666,150.54470772501085,-9.239912059284194
0.016,0.013230769230769233,128.8992138202463,144.64424174083607,-15.745027920589763
0.016,0.013538461538461541,127.94455941938506,138.65930759272226,-10.714748173337199
0.016,0.013846153846153848,98.23150625091289,132.59340031367395,-34.36189406276107
0.016,0.014153846153846157,101.32489129867066,126.45006222272373,-25.125170924053066
0.016,0.014461538461538465,113.03023879495598,120.23288085631806,-7.202642061362084
0.016,0.014769230769230772,94.38030854572295,113.94548687329656,-19.565178327573605
0.016,0.01507692307692308,99.5373017994165,107.59155193468995,-8.054250135273449
0.016,0.015384615384615387,90.306002111917,101.17478655957315,-10.868784447656154
0.016,0.015692307692307696,85.26413095816272,94.69893795822654,-9.434807000063813
0.016,0.016000000000000004,86.16778295591439,88.16778784387097,-2.000004887956578
0.016,0.01630769230769231,73.23196077914302,81.58515022425351,-8.353189445110488
0.016,0.01661538461538462,73.27120418039296,74.95486917437448,-1.6836649939815231
0.016,0.016923076923076926,63.55606235614802,68.28081659165557,-4.724754235507547
0.016,0.017230769230769234,57.992280294786866,61.56688993486135,-3.5746096400744847
0.016,0.01753846153846154,49.74187823452075,54.81700994809249,-5.075131713571743
0.016,0.01784615384615385,42.06095205085537,48.035118371182165,-5.974166320326795
0.016,0.01815384615384616,30.67634026629047,41.225175637830354,-10.548835371539884
0.016,0.018461538461538467,30.637919229825368,34.391158562823094,-3.753239332997726
0.016,0.018769230769230774,26.65995724273219,27.53705801968338,-0.8771007769511883
0.016,0.01907692307692308,18.315164737881243,20.66687661011441,-2.3517118722331674
0.016,0.01938461538461539,11.992377421203182,13.784626326592297,-1.7922489053891155
0.016,0.019692307692307696,6.284512849489211,6.894326209475912,-0.6098133599867008
0.016615384615384615,0.00030769230769230776,292.38533173025735,289.37814698028274,3.0071847499746127
0.016615384615384615,0.0006153846153846155,262.8032525897166,289.1246392686639,-26.321386678947306
0.016615384615384615,0.0009230769230769233,262.6535208432265,288.7022909095735,-26.048770066347004
0.016615384615384615,0.001230769230769231,254.90457193264703,288.1113485425599,-33.20677660991285
0.016615384615384615,0.001538461538461539,265.5426474796357,287.3521572613242,-21.80950978168846
0.016615384615384615,0.0018461538461538465,268.6762387806272,286.4251604121955,-17.748921631568294
0.016615384615384615,0.002153846153846154,256.54708721167606,285.33089933522916,-28.783812123553105
0.016615384615384615,0.002461538461538462,259.3062359583883,284.07001304807926,-24.76377708969096
0.016615384615384615,0.00276923076923077,256.60806861394906,282.6432378728305,-26.035169258881467
0.016615384615384615,0.003076923076923078,265.3145519097097,281.0514070060067,-15.736855096297006
0.016615384615384615,0.0033846153846153852,260.59878124373,279.2954500320074,-18.696668788277407
0.016615384615384615,0.003692307692307693,261.9166917640221,277.37639238025713,-15.459700616235011
0.016615384615384615,0.004000000000000001,260.6194302375852,275.29535472638304,-14.675924488797818
0.016615384615384615,0.004307692307692308,263.65332506534025,273.05355233777215,-9.400227272431891
0.016615384615384615,0.004615384615384617,243.48592758571434,270.65229436388944,-27.166366778175103
0.016615384615384615,0.004923076923076924,178.36211619843527,268.0929830717713,-89.73086687333603
0.016615384615384615,0.0052307692307692315,195.23547710895068,265.37711302714104,-70.14163591819036
0.016615384615384615,0.00553846153846154,193.31851814901356,262.5062702216249,-69.18775207261135
0.016615384615384615,0.005846153846153847,203.67592088554028,259.4821311465772,-55.80621026103694
0.016615384615384615,0.006153846153846156,178.93095786461845,256.3064618140569,-77.37550394943844
0.016615384615384615,0.006461538461538463,204.6318250091015,252.98111672552596,-48.34929171642446
0.016615384615384615,0.0067692307692307704,209.03827576172858,249.50803778887328,-40.4697620271447
0.016615384615384615,0.007076923076923079,220.2055883004234,245.88925318439453,-25.683664883971147
0.016615384615384615,0.007384615384615386,227.36379299444624,242.12687618039234,-14.763083185946101
0.016615384615384615,0.007692307692307694,235.60472983597492,238.2231038990871,-2.618374063112185
0.016615384615384615,0.008000000000000002,212.42886458836327,234.1802160335593,-21.751351445196036
0.016615384615384615,0.00830769230769231,215.88374547835727,230.00057351647317,-14.116828038115898
0.016615384615384615,0.008615384615384617,196.6206254515751,225.68661714135837,-29.06599168978326
0.016615384615384615,0.008923076923076924,212.3879906024113,221.24086613725524,-8.852875534843946
0.016615384615384615,0.009230769230769233,221.8093341611481,216.66591669755607,5.143417463592016
0.016615384615384615,0.00953846153846154,207.80427976190379,211.96444046390144,-4.160160701997654
0.016615384615384615,0.009846153846153848,204.80496091369614,207.13918296601628,-2.3342220523201433
0.016615384615384615,0.010153846153846156,203.83607751542377,202.1929620183983,1.6431154970254624
0.016615384615384615,0.010461538461538463,199.87816994006246,197.12866607479347,2.7495038652689914
0.016615384615384615,0.010769230769230772,200.34431579461207,191.94925254142024,8.395063253191836
0.016615384615384615,0.01107692307692308,190.95920680477826,186.65774604992782,4.301460754850439
0.016615384615384615,0.011384615384615387,170.39338211074622,181.25723669109647,-10.86385458035025
0.016615384615384615,0.011692307692307695,164.83973089111393,175.7508782103112,-10.911147319197283
0.016615384615384615,0.012000000000000002,157.48989631818995,170.14188616586372,-12.651989847673775
0.016615384615384615,0.012307692307692311,170.22541351218536,164.4335360511565,5.791877461028861
0.016615384615384615,0.012615384615384619,148.86449389589586,158.62916138190727,-9.764667486011405
0.016615384615384615,0.012923076923076926,147.39951131705644,152.7321517494694,-5.332640432412973
0.016615384615384615,0.013230769230769233,139.24268097407966,146.74595084140623,-7.503269867326566
0.016615384615384615,0.013538461538461541,125.68640302572035,140.6740544304742,-14.987651404753848
0.016615384615384615,0.013846153846153848,99.14487510665553,134.52000833319053,-35.375133226535
0.016615384615384615,0.014153846153846157,107.14211354072583,128.28740633917556,-21.14529279844973
0.016615384615384615,0.014461538461538465,113.38305817997245,121.97988811248143,-8.596829932508982
0.016615384615384615,0.014769230769230772,101.77981299799544,115.60113706613029,-13.821324068134857
0.016615384615384615,0.01507692307692308,102.32068478899076,109.15487821110516,-6.834193422114396
0.016615384615384615,0.015384615384615387,94.81370705903808,102.64487598104829,-7.831168922010207
0.016615384615384615,0.015692307692307696,87.9601671863244,96.07493203393777,-8.114764847613372
0.016615384615384615,0.016000000000000004,86.82665562780795,89.44888303202657,-2.62222740421862
0.016615384615384615,0.01630769230769231,77.5997810178706,82.77059840133975,-5.170817383469156
0.016615384615384615,0.01661538461538462,74.63642336786152,76.04397807203861,-1.4075547041770875
0.016615384615384615,0.016923076923076926,70.07411236830622,69.2729502009711,0.8011621673351215
0.016615384615384615,0.017230769230769234,57.788468426386835,62.46146887773929,-4.673000451352458
0.016615384615384615,0.01753846153846154,52.70533196414707,55.6135118156219,-2.908179851474827
0.016615384615384615,0.01784615384615385,43.095972130480504,48.73307802870219,-5.637105898221684
0.016615384615384615,0.01815384615384616,38.65673502006478,41.82418549655582,-3.167450476491041
0.016615384615384615,0.018461538461538467,32.00605750556985,34.890868817864856,-2.8848113122950068
0.016615384615384615,0.018769230769230774,25.74930561146691,27.937176854324534,-2.187871242857625
0.016615384615384615,0.01907692307692308,18.445110684082188,20.967170366223023,-2.522059682140835
0.016615384615384615,0.01938461538461539,12.739400049638393,13.984919641071187,-1.2455195914327941
0.016615384615384615,0.019692307692307696,6.311389040775424,6.994502116669762,-0.6831130758943376
0.01723076923076923,0.00030769230769230776,283.2218804952979,292.84679153481983,-9.624911039521919
0.01723076923076923,0.0006153846153846155,268.7804688104104,292.5902451412804,-23.809776330869965
0.01723076923076923,0.0009230769230769233,264.42634508155425,292.1628342840326,-27.736489202478367
0.01723076923076923,0.001230769230769231,261.21050097167006,291.56480855898116,-30.354307587311098
0.01723076923076923,0.001538461538461539,285.5690943398578,290.79651719630874,-5.227422856450914
0.01723076923076923,0.0018461538461538465,269.27468214438204,289.8584088565359,-20.58372671215386
0.01723076923076923,0.002153846153846154,246.5275301533934,288.7510313685155,-42.2235012151221
0.01723076923076923,0.002461538461538462,251.04325918235628,287.4750314095163,-36.431772227160025
0.01723076923076923,0.00276923076923077,250.61223495604648,286.03115412758183,-35.41891917153535
0.01723076923076923,0.003076923076923078,260.3469687921285,284.4202427063845,-24.073273914255992
0.01723076923076923,0.0033846153846153852,267.5612576842254,282.64323787283047,-15.081980188605087
0.01723076923076923,0.003692307692307693,275.99988760106436,280.7011773477014,-4.7012897466370305
0.01723076923076923,0.004000000000000001,234.0866543609951,278.5951952396547,-44.50854087865957
0.01723076923076923,0.004307692307692308,243.86355314494287,276.3265213829363,-32.46296823799341
0.01723076923076923,0.004615384615384617,232.8028199464028,273.89648061919166,-41.09366067278887
0.01723076923076923,0.004923076923076924,207.207780906463,271.3064920237961,-64.09871111733312
0.01723076923076923,0.0052307692307692315,197.13091638134873,268.55806807715413,-71.4271516958054
0.01723076923076923,0.00553846153846154,196.87547335247163,265.6528137814539,-68.77734042898228
0.01723076923076923,0.005846153846153847,189.27644840959235,262.59242572339116,-73.31597731379881
0.01723076923076923,0.006153846153846156,179.1873379746554,259.37869108341,-80.19135310875458
0.01723076923076923,0.006461538461538463,208.4523558749279,256.01348659204007,-47.56113071711218
0.01723076923076923,0.0067692307692307704,212.88085376659384,252.49877743393904,-39.617923667345195
0.01723076923076923,0.007076923076923079,219.96284539978518,248.83661610027963,-28.873770700494447
0.01723076923076923,0.007384615384615386,232.50606167078993,245.02914119015276,-12.523079519362824
0.01723076923076923,0.007692307692307694,231.15808573458193,241.07857616168607,-9.920490427104141
0.01723076923076923,0.008000000000000002,214.7644244851332,236.98722803360664,-22.22280354847345
0.01723076923076923,0.00830769230769231,227.9112254494163,232.7574860380074,-4.846260588591122
0.01723076923076923,0.008615384615384617,213.26400708740263,228.39182022510263,-15.127813137700002
0.01723076923076923,0.008923076923076924,217.5745994768721,223.8927800207882,-6.3181805439161
0.01723076923076923,0.009230769230769233,218.98922843513355,219.26299273784866,-0.273764302715108
0.01723076923076923,0.00953846153846154,219.28076815329058,214.50516204168076,4.775606111609818
0.01723076923076923,0.009846153846153848,223.488388360634,209.62206637142864,13.866321989205346
0.01723076923076923,0.010153846153846156,212.77994368412996,204.61655731745392,8.163386366676036
0.01723076923076923,0.010461538461538463,205.294275325527,199.49155795608704,5.802717369439961
0.01723076923076923,0.010769230769230772,192.01045220644428,194.25006114263303,-2.239608936188745
0.01723076923076923,0.01107692307692308,175.72591599787575,188.8951277636284,-13.169211765752664
0.01723076923076923,0.011384615384615387,187.4967654306778,183.42988494936955,4.06688048130826
0.01723076923076923,0.011692307692307695,146.83960461679578,177.8575242477566,-31.01791963096082
0.01723076923076923,0.012000000000000002,145.99453141417658,172.1812997605195,-26.186768346342916
0.01723076923076923,0.012307692307692311,151.11693780768684,166.40452624291407,-15.287588435227235
0.01723076923076923,0.012615384615384619,132.38260407852,160.53057716799847,-28.147973089478484
0.01723076923076923,0.012923076923076926,139.4635720536386,154.56288275661979,-15.0993107029812
0.01723076923076923,0.013230769230769233,136.21923103832478,148.50492797426168,-12.285696935936897
0.01723076923076923,0.013538461538461541,130.1538522917361,142.36025049592266,-12.20639820418657
0.01723076923076923,0.013846153846153848,88.8150852558865,136.13243864021365,-47.31735338432715
0.01723076923076923,0.014153846153846157,98.56885613626258,129.82512927388072,-31.256273137618138
0.01723076923076923,0.014461538461538465,112.00440302023614,123.44200568797764,-11.437602667741501
0.01723076923076923,0.014769230769230772,111.34337597040899,116.98679544692725,-5.643419476518261
0.01723076923076923,0.01507692307692308,106.88401131859446,110.46326821172916,-3.5792568931346977
0.01723076923076923,0.015384615384615387,100.40641524553723,103.87523353858374,-3.4688182930465103
0.01723076923076923,0.015692307692307696,91.96698824487216,97.2265386542184,-5.259550409346247
0.01723076923076923,0.016000000000000004,85.05784699944427,90.52106620921583,-5.463219209771566
0.01723076923076923,0.01630769230769231,76.8183442204438,83.76273201065526,-6.944387790211451
0.01723076923076923,0.01661538461538462,73.24115506557837,76.95548273539139,-3.7143276698130165
0.01723076923076923,0.016923076923076926,68.32788811094288,70.10329362530605,-1.7754055143631717
0.01723076923076923,0.017230769230769234,57.063504596809175,63.21016616587943,-6.146661569070254
0.01723076923076923,0.01753846153846154,50.508346284556396,56.28012574943454,-5.7717794648781435
0.01723076923076923,0.01784615384615385,39.649685264236574,49.3172193244221,-9.667534060185524
0.01723076923076923,0.01815384615384616,36.05451229772013,42.325513032115936,-6.271000734395805
0.01723076923076923,0.018461538461538467,31.86271442885357,35.30908983210198,-3.4463754032484104
0.01723076923076923,0.018769230769230774,25.984793480022084,28.272047117943625,-2.287253637921541
0.01723076923076923,0.01907692307692308,20.524162601001436,21.218494324420202,-0.6943317234187667
0.01723076923076923,0.01938461538461539,13.19901371853315,14.152550527732249,-0.9535368091990986
0.01723076923076923,0.019692307692307696,6.560484250654275,7.0783420400774455,-0.5178577894231706
0.01784615384615385,0.00030769230769230776,265.2579807813882,295.6314788385697,-30.373498057181507
0.01784615384615385,0.0006153846153846155,266.16837859912397,295.37249293909895,-29.20411433997498
0.01784615384615385,0.0009230769230769233,249.01449239586225,294.94101782155514,-45.92652542569289
0.01784615384615385,0.001230769230769231,252.04983982945257,294.3373054552564,-42.28746562580383
0.01784615384615385,0.001538461538461539,276.89232840025807,293.56170839122393,-16.669379990965865
0.01784615384615385,0.0018461538461538465,272.46029408111264,292.614679556302,-20.154385475189372
0.01784615384615385,0.002153846153846154,251.97803879707854,291.4967719886615,-39.51873319158298
0.01784615384615385,0.002461538461538462,254.43896187358848,290.2086385148412,-35.769676641252715
0.01784615384615385,0.00276923076923077,255.722715484092,288.7510313685155,-33.028315884423506
0.01784615384615385,0.003076923076923078,261.43963349874826,287.12480175121107,-25.6851682524628
0.01784615384615385,0.0033846153846153852,225.977145185223,285.33089933522916,-59.353754150006154
0.01784615384615385,0.003692307692307693,248.22712607667776,283.3703717090637,-35.14324563238594
0.01784615384615385,0.004000000000000001,251.9693243098515,281.24436376563915,-29.275039455787663
0.01784615384615385,0.004307692307692308,235.28338560922396,278.95411703372537,-43.67073142450141
0.01784615384615385,0.004615384615384617,246.51954763200698,276.50096895291944,-29.98142132091246
0.01784615384615385,0.004923076923076924,204.84805121943802,273.886352092619,-69.03830087318099
0.01784615384615385,0.0052307692307692315,201.68954587306064,271.11179331544184,-69.4222474423812
0.01784615384615385,0.00553846153846154,196.7066208753549,268.1789128855812,-71.47229201022631
0.01784615384615385,0.005846153846153847,196.76639503483713,265.0894235226171,-68.32302848777996
0.01784615384615385,0.006153846153846156,169.7418891445116,261.8451294013362,-92.10324025682459
0.01784615384615385,0.006461538461538463,193.33964532223644,258.4479250981448,-65.10827977590839
0.01784615384615385,0.0067692307692307704,208.2439961456808,254.89979448468947,-46.65579833900867
0.01784615384615385,0.007076923076923079,213.89275718596264,251.20280956933166,-37.310052383369026
0.01784615384615385,0.007384615384615386,212.38515743741738,247.3591292871534,-34.97397184973602
0.01784615384615385,0.007692307692307694,212.58547867565863,243.37099823920002,-30.785519563541385
0.01784615384615385,0.008000000000000002,213.2412982018428,239.24074538169614,-25.999447179853348
0.01784615384615385,0.00830769230769231,215.3422026941667,234.97078266600107,-19.62857997183437
0.01784615384615385,0.008615384615384617,199.750984883813,230.56360363009702,-30.812618746284016
0.01784615384615385,0.008923076923076924,201.49391626156049,226.02178194243302,-24.527865680872537
0.01784615384615385,0.009230769230769233,192.03558242567,221.3479698989752,-29.312387473305222
0.01784615384615385,0.00953846153846154,192.4802625833576,216.54489687434074,-24.06463429098315
0.01784615384615385,0.009846153846153848,197.9412482366634,211.61536772791945,-13.67411949125605
0.01784615384615385,0.010153846153846156,197.4596114011077,206.5622611659155,-9.10264976480778
0.01784615384615385,0.010461538461538463,196.00178671316425,201.38852806026367,-5.3867413470994165
0.01784615384615385,0.010769230769230772,184.6324746540472,196.09718972540327,-11.464715071356068
0.01784615384615385,0.01107692307692308,168.28757577466072,190.6913361539158,-22.40376037925509
0.01784615384615385,0.011384615384615387,174.19097231667473,185.17412421205609,-10.983151895381354
0.01784615384615385,0.011692307692307695,165.9475230730646,179.54877579623133,-13.601252723166738
0.01784615384615385,0.012000000000000002,162.27525877334685,173.81857595150439,-11.543317178157537
0.01784615384615385,0.012307692307692311,152.75354905794023,167.9868709532199,-15.233321895279659
0.01784615384615385,0.012615384615384619,138.76824698769903,162.0570663528739,-23.288819365174874
0.01784615384615385,0.012923076923076926,139.7482886299413,156.03262498936732,-16.28433635942602
0.01784615384615385,0.013230769230769233,131.4651379125326,149.91706496680595,-18.45192705427334
0.01784615384615385,0.013538461538461541,132.82880892541186,143.7139576000263,-10.885148674614442
0.01784615384615385,0.013846153846153848,104.20421337407309,137.42692532904883,-33.222711954975736
0.01784615384615385,0.014153846153846157,105.63715443408798,131.05963960367438,-25.42248516958641
0.01784615384615385,0.014461538461538465,107.83630028335509,124.61581873946146,-16.779518456106373
0.01784615384615385,0.014769230769230772,110.81001103374908,118.0992257463342,-7.289214712585121
0.01784615384615385,0.01507692307692308,98.05141955614008,111.51366613109084,-13.462246574950768
0.01784615384615385,0.015384615384615387,94.06934725034752,104.86298567509488,-10.793638424747357
0.01784615384615385,0.015692307692307696,94.76117452797885,98.15106818844674,-3.389893660467891
0.01784615384615385,0.016000000000000004,83.96716354925753,91.3818332419485,-7.414669692690964
0.01784615384615385,0.01630769230769231,74.84262274058739,84.55923387818466,-9.716611137597269
0.01784615384615385,0.01661538461538462,69.30845557656588,77.68725430305669,-8.378798726490814
0.01784615384615385,0.016923076923076926,60.98363137332875,70.7699075591187,-9.786276185789959
0.01784615384615385,0.017230769230769234,50.6903453016692,63.8112331820742,-13.120887880405
0.01784615384615385,0.01753846153846154,48.99836314499816,56.81529484180024,-7.816931696802079
0.01784615384615385,0.01784615384615385,40.77941933720891,49.78617796927936,-9.00675863207045
0.01784615384615385,0.01815384615384616,32.67966839916417,42.72798737082222,-10.048318971658048
0.01784615384615385,0.018461538461538467,31.03304600650656,35.64484483097732,-4.61179882447076
0.01784615384615385,0.018769230769230774,25.72926640365924,28.540886705523654,-2.8116203018644157
0.01784615384615385,0.01907692307692308,18.2835210586642,21.42026150595641,-3.136740447292212
0.01784615384615385,0.01938461538461539,12.459956023379984,14.287127476872458,-1.8271714534924737
0.01784615384615385,0.019692307692307696,6.299925469883548,7.1456501676730975,-0.8457246977895494
0.018461538461538463,0.00030769230769230776,272.53510473667967,297.72570512530496,-25.190600388625285
0.018461538461538463,0.0006153846153846155,266.2265912160759,297.4648845934713,-31.238293377395394
0.018461538461538463,0.0009230769230769233,255.13722729926712,297.030352945761,-41.8931256464939
0.018461538461538463,0.001230769230769231,263.7868231678263,296.4223639364198,-32.6355407685935
0.018461538461538463,0.001538461538461539,295.3150196139674,295.6412726139078,-0.3262529999403796
0.018461538461538463,0.0018461538461538465,286.6619990727226,294.6875351135617,-8.025536040839086
0.018461538461538463,0.002153846153846154,249.6432803415885,293.56170839122393,-43.91842804963542
0.018461538461538463,0.002461538461538462,243.40452948951443,292.2644498979967,-48.85992040848228
0.018461538461538463,0.00276923076923077,249.66814837495693,290.7965171963088,-41.12836882135187
0.018461538461538463,0.003076923076923078,256.9277015491749,289.15876751752035,-32.23106596834543
0.018461538461538463,0.0033846153846153852,252.73028161604898,287.3521572613242,-34.621875645275196
0.018461538461538463,0.003692307692307693,268.1029697303285,285.37774143723504,-17.274771706906563
0.018461538461538463,0.004000000000000001,261.78869991646195,283.23667304849386,-21.447973132031905
0.018461538461538463,0.004307692307692308,268.35586465631866,280.93020241874643,-12.574337762427774
0.018461538461538463,0.004615384615384617,232.96545986296846,278.45967646188933,-45.49421659892087
0.018461538461538463,0.004923076923076924,165.80017072405047,275.82653789551046,-110.02636717145998
0.018461538461538463,0.0052307692307692315,191.6957883442198,273.03232439838234,-81.33653605416254
0.018461538461538463,0.00553846153846154,184.00119716875827,270.0786677125012,-86.07747054374295
0.018461538461538463,0.005846153846153847,173.88309142017374,266.9672926901955,-93.08420127002177
0.018461538461538463,0.006153846153846156,173.89753128725425,263.7000162868607,-89.80248499960646
0.018461538461538463,0.006461538461538463,188.2381734702269,260.2787464999086,-72.0405730296817
0.018461538461538463,0.0067692307692307704,212.11117493214348,256.7054812545505,-44.59430632240699
0.018461538461538463,0.007076923076923079,196.85909752797835,252.9823072370652,-56.123209709086865
0.018461538461538463,0.007384615384615386,222.2063285874189,249.11139867623282,-26.905070088813915
0.018461538461538463,0.007692307692307694,225.735571415813,245.0950160736467,-19.359444657833677
0.018461538461538463,0.008000000000000002,214.1823487756218,240.93550488364374,-26.753156108021955
0.018461538461538463,0.00830769230769231,214.50269823789858,236.63529414362557,-22.132595905726987
0.018461538461538463,0.008615384615384617,201.17606843057854,232.19689505556875,-31.020826624990207
0.018461538461538463,0.008923076923076924,197.0570183758317,227.62289951955364,-30.565881143721953
0.018461538461538463,0.009230769230769233,191.5337520686966,222.91597862016775,-31.38222655147115
0.018461538461538463,0.00953846153846154,218.49931425310146,218.07888106666775,0.4204331864337121
0.018461538461538463,0.009846153846153848,210.8007268863485,213.1144315878102,-2.3137047014616883
0.018461538461538463,0.010153846153846156,206.03819094810098,208.02552928229005,-1.9873383341890758
0.018461538461538463,0.010461538461538463,195.95853775549915,202.81514592574823,-6.856608170249075
0.018461538461538463,0.010769230769230772,185.9338483175197,197.48632423533854,-11.552475917818839
0.018461538461538463,0.01107692307692308,168.99412101282323,192.04217609286653,-23.048055080043298
0.018461538461538463,0.011384615384615387,157.30381575496241,186.4858807275381,-29.182064972575688
0.018461538461538463,0.011692307692307695,139.70033378411367,180.8206828593791,-41.12034907526544
0.018461538461538463,0.012000000000000002,152.2308665054592,175.0498908044105,-22.81902429895129
0.018461538461538463,0.012307692307692311,149.48118323980282,169.17687454268454,-19.695691302881727
0.018461538461538463,0.012615384615384619,135.77235437479996,163.20506375031178,-27.43270937551182
0.018461538461538463,0.012923076923076926,143.21954559920647,157.1379457966264,-13.918400197419942
0.018461538461538463,0.013230769230769233,130.98868106793526,150.97906370766103,-19.990382639725766
0.018461538461538463,0.013538461538461541,130.74526878428762,144.73201409711902,-13.986745312831403
0.018461538461538463,0.013846153846153848,106.61282406531812,138.40044506605375,-31.787621000735626
0.018461538461538463,0.014153846153846157,106.23251169977442,131.98805407247977,-25.75554237270535
0.018461538461538463,0.014461538461538465,110.84994666442708,125.49858577216207,-14.648639107734994
0.018461538461538463,0.014769230769230772,108.22924618564487,118.93582983184199,-10.706583646197117
0.018461538461538463,0.01507692307692308,97.15644364824814,112.30361871617896,-15.147175067930817
0.018461538461538463,0.015384615384615387,96.8808080606548,105.605825449699,-8.725017389044197
0.018461538461538463,0.015692307692307696,91.97984317379957,98.84636135505716,-6.8665181812575895
0.018461538461538463,0.016000000000000004,79.9154875961725,92.02917376893564,-12.113686172763138
0.018461538461538463,0.01630769230769231,74.79966468901034,85.15824373691011,-10.358579047899767
0.018461538461538463,0.01661538461538462,71.45125843287803,78.23758368863132,-6.786325255753283
0.018461538461538463,0.016923076923076926,63.98740761047133,71.27123509467883,-7.2838274842074995
0.018461538461538463,0.017230769230769234,58.66904875253132,64.2632661064566,-5.594217353925281
0.018461538461538463,0.01753846153846154,51.872725603667675,57.21776918050652,-5.345043576838847
0.018461538461538463,0.01784615384615385,44.02151706143242,50.13885868862954,-6.117341627197121
0.018461538461538463,0.01815384615384616,33.70887864143779,43.03066851520783,-9.321789873770037
0.018461538461538463,0.018461538461538467,31.087302678514583,35.89734964313365,-4.810046964619069
0.018461538461538463,0.018769230769230774,27.106393734839507,28.743067729751047,-1.6366739949115399
0.018461538461538463,0.01907692307692308,18.281763575439673,21.57200067423021,-3.290237098790538
0.018461538461538463,0.01938461538461539,12.257107426068373,14.388336177791423,-2.13122875172305
0.018461538461538463,0.019692307692307696,6.52220919414945,7.196269298205968,-0.674060104056518
0.019076923076923078,0.00030769230769230776,277.5065962035601,299.1245792324963,-21.61798302893618
0.019076923076923078,0.0006153846153846155,281.9923996443747,298.86253322673707,-16.87013358236237
0.019076923076923078,0.0009230769230769233,256.36258603042126,298.4259599176577,-42.06337388723642
0.019076923076923078,0.001230769230769231,264.4386968228437,297.81511425177655,-33.376417428932825
0.019076923076923078,0.001538461538461539,278.8294961901155,297.03035294576097,-18.200856755645475
0.019076923076923078,0.0018461538461538465,263.7147585544167,296.0721342781145,-32.35737572369783
0.019076923076923078,0.002153846153846154,253.2116649569143,294.94101782155514,-41.729352864640845
0.019076923076923078,0.002461538461538462,252.67483893401743,293.6376641162408,-40.962825182223355
0.019076923076923078,0.00276923076923077,255.1938241659169,292.1628342840326,-36.969010118115705
0.019076923076923078,0.003076923076923078,257.6813213024016,290.51738958402063,-32.83606828161902
0.019076923076923078,0.0033846153846153852,265.7266477466116,288.7022909095735,-22.975643162961887
0.019076923076923078,0.003692307692307693,260.82328420745495,286.718598227203,-25.89531401974807
0.019076923076923078,0.004000000000000001,240.76993417112212,284.56746995757425,-43.79753578645213
0.019076923076923078,0.004307692307692308,245.55791503946259,282.2501622990201,-36.69224725955749
0.019076923076923078,0.004615384615384617,242.78050305037894,279.76802849395676,-36.98752544357782
0.019076923076923078,0.004923076923076924,194.69023252902704,277.12251803862864,-82.4322855096016
0.019076923076923078,0.0052307692307692315,201.31869105566548,274.31517583664294,-72.99648478097745
0.019076923076923078,0.00553846153846154,190.94930036401377,271.3476412967899,-80.39834093277614
0.019076923076923078,0.005846153846153847,165.8457521909374,268.22164737567385,-102.37589518473646
0.019076923076923078,0.006153846153846156,172.28438650925006,264.9390195657155,-92.65463305646546
0.019076923076923078,0.006461538461538463,201.81729113682056,261.5016748291158,-59.684383692295256
0.019076923076923078,0.0067692307692307704,211.23171729038003,257.911620478404,-46.679903188023985
0.019076923076923078,0.007076923076923079,203.7627964002785,254.1709530042236,-50.408156603945116
0.019076923076923078,0.007384615384615386,203.70978279747214,250.28185685104083,-46.572074053568684
0.019076923076923078,0.007692307692307694,197.67254510231405,246.24660314149077,-48.57405803917672
0.019076923076923078,0.008000000000000002,212.60595142678451,242.0675483501054,-29.461596923320883
0.019076923076923078,0.00830769230769231,210.50828276751238,237.74713292719917,-27.23885015968679
0.019076923076923078,0.008615384615384617,196.23119047265146,233.2878798737145,-37.05668940106304
0.019076923076923078,0.008923076923076924,203.67314934551402,228.6923932678603,-25.019243922346277
0.019076923076923078,0.009230769230769233,195.3974129619638,223.96335674440368,-28.565943782439888
0.019076923076923078,0.00953846153846154,190.96319041851064,219.10353192750296,-28.14034150899232
0.019076923076923078,0.009846153846153848,194.81517775374041,214.11575681799653,-19.300579064256112
0.019076923076923078,0.010153846153846156,190.21269504904092,209.00294413609075,-18.79024908704983
0.019076923076923078,0.010461538461538463,189.75514428940954,203.7680796204131,-14.012935331003547
0.019076923076923078,0.010769230769230772,185.80093974219596,198.41422028442483,-12.613280542228864
0.019076923076923078,0.01107692307692308,183.3161028260996,192.94449263121152,-9.628389805111908
0.019076923076923078,0.011384615384615387,169.58348222180388,187.36209082769295,-17.778608605889076
0.019076923076923078,0.011692307692307695,166.55475763632637,181.67027483931977,-15.115517202993402
0.019076923076923078,0.012000000000000002,159.67541740910315,175.8723685263455,-16.19695111724235
0.019076923076923078,0.012307692307692311,166.16027432788604,169.9717577027856,-3.8114833748995522
0.019076923076923078,0.012615384615384619,159.1107344283638,163.97188815919756,-4.861153730833763
0.019076923076923078,0.012923076923076926,144.71069631636726,157.87626365043621,-13.165567334068953
0.019076923076923078,0.013230769230769233,134.61977259234098,151.68844384955958,-17.068671257218597
0.019076923076923078,0.013538461538461541,121.67967645715494,145.41204226907985,-23.732365811924907
0.019076923076923078,0.013846153846153848,107.89246861263531,139.05072415077427,-31.15825553813896
0.019076923076923078,0.014153846153846157,100.03255349265862,132.60820432528664,-32.575650832628014
0.019076923076923078,0.014461538461538465,110.99667550563386,126.0882450427713,-15.091569537137445
0.019076923076923078,0.014769230769230772,99.48317811691474,119.49465377584457,-20.011475658929825
0.019076923076923078,0.01507692307692308,100.35080343409943,112.83128099612831,-12.48047756202888
0.019076923076923078,0.015384615384615387,94.84349113291361,106.1020179256828,-11.258526792769189
0.019076923076923078,0.015692307692307696,90.40421708546458,99.31079426464241,-8.90657717917783
0.019076923076923078,0.016000000000000004,85.34950425072178,92.46157589638175,-7.112071645659967
0.019076923076923078,0.01630769230769231,86.26674267733272,85.55836257155126,0.7083801057814583
0.019076923076923078,0.01661538461538462,72.97319329542866,78.60518557233557,-5.631992276906914
0.019076923076923078,0.016923076923076926,66.67081632301712,71.60610535829791,-4.935289035280789
0.019076923076923078,0.017230769230769234,60.283762752194804,64.56520919518665,-4.28144644299185
0.019076923076923078,0.01753846153846154,51.39285655934847,57.48660876808655,-6.093752208738074
0.019076923076923078,0.01784615384615385,46.158478217440035,50.37443778031102,-4.215959562870985
0.019076923076923078,0.01815384615384616,40.12923357051508,43.232849539435215,-3.1036159689201313
0.019076923076923078,0.018461538461538467,33.00148802128093,36.0660145318823,-3.0645265106013753
0.019076923076923078,0.018769230769230774,27.787400486267497,28.878117987475594,-1.090717501208097
0.019076923076923078,0.01907692307692308,19.686120877904354,21.67335743538321,-1.9872365574788553
0.019076923076923078,0.01938461538461539,12.818392285402833,14.455940252878607,-1.6375479674757738
0.019076923076923078,0.019692307692307696,6.412603974469942,7.230081208351246,-0.8174772338813039
0.019692307692307693,0.00030769230769230776,269.1133329881858,299.82483402484894,-30.71150103666315
0.019692307692307693,0.0006153846153846155,277.9749702914433,299.5621745657526,-21.58720427430933
0.019692307692307693,0.0009230769230769233,251.28754887493525,299.1245792324963,-47.83703035756102
0.019692307692307693,0.001230769230769231,254.34363398351027,298.5123035684317,-44.168669584921446
0.019692307692307693,0.001538461538461539,263.72852614340786,297.72570512530496,-33.99717898189709
0.019692307692307693,0.0018461538461538465,248.07914262298132,296.7652432544557,-48.686100631474375
0.019692307692307693,0.002153846153846154,230.61916945247026,295.63147883856965,-65.01230938609939
0.019692307692307693,0.002461538461538462,236.2774836659139,294.3250739641384,-58.04759029822452
0.019692307692307693,0.00276923076923077,239.32296619961744,292.84679153481983,-53.52382533520239
0.019692307692307693,0.003076923076923078,246.58310243187321,291.1974948259235,-44.6143923940503
0.019692307692307693,0.0033846153846153852,249.07265943067748,289.37814698028274,-40.30548754960526
0.019692307692307693,0.003692307692307693,261.4530052381329,287.3898104458057,-25.93680520767282
0.019692307692307693,0.004000000000000001,228.68103095894767,285.23364635503634,-56.55261539608867
0.019692307692307693,0.004307692307692308,245.20661845047138,282.9109138470853,-37.7042953966139
0.019692307692307693,0.004615384615384617,255.21467308908703,280.4229693323279,-25.20829624324088
0.019692307692307693,0.004923076923076924,196.95286340157003,277.7712657002996,-80.81840229872955
0.019692307692307693,0.0052307692307692315,181.46905816996636,274.9573514712483,-93.48829330128191
0.019692307692307693,0.00553846153846154,183.75193016470024,271.9828698918429,-88.23093972714264
0.019692307692307693,0.005846153846153847,179.54606855094312,268.8495579755633,-89.30348942462018
0.019692307692307693,0.006153846153846156,159.6020239295625,265.55924548833326,-105.95722155877075
0.019692307692307693,0.006461538461538463,189.01568717206507,262.1138538799888,-73.09816670792375
0.019692307692307693,0.0067692307692307704,206.36470322615043,258.51539516220583,-52.15069193605541
0.019692307692307693,0.007076923076923079,183.2523329616972,254.7659707335414,-71.5136377718442
0.019692307692307693,0.007384615384615386,186.00117152581097,250.8677701522766,-64.86659862646562
0.019692307692307693,0.007692307692307694,172.63514618183862,246.82306985777612,-74.1879236759375
0.019692307692307693,0.008000000000000002,175.73670232883472,242.63423184111159,-66.89752951227686
0.019692307692307693,0.00830769230769231,183.34066865415738,238.30370226572546,-54.96303361156808
0.019692307692307693,0.008615384615384617,189.5332487469054,233.8340100389404,-44.30076129203499
0.019692307692307693,0.008923076923076924,185.51929031666552,229.22776533514855,-43.70847501848303
0.019692307692307693,0.009230769230769233,186.77311183370676,224.48765807154325,-37.71454623783649
0.019692307692307693,0.00953846153846154,174.42553716738442,219.61645633728332,-45.190919169898905
0.019692307692307693,0.009846153846153848,168.40605817869556,214.61700477700657,-46.21094659831101
0.019692307692307693,0.010153846153846156,171.73982567783253,209.4922229296377,-37.75239725180518
0.019692307692307693,0.010461538461538463,174.73779198005386,204.24510352345982,-29.50731154340596
0.019692307692307693,0.010769230769230772,171.92730405480938,198.87871072844516,-26.951406673635773
0.019692307692307693,0.01107692307692308,180.37146652623838,193.3961783668663,-13.02471184062793
0.019692307692307693,0.011384615384615387,176.67763264394102,187.80070808323225,-11.123075439291227
0.019692307692307693,0.011692307692307695,158.90858401324434,182.095567474618,-23.18698346137367
0.019692307692307693,0.012000000000000002,158.08946043032867,176.28408818248005,-18.194627752151376
0.019692307692307693,0.012307692307692311,138.83521710526608,170.36966394707142,-31.534446841805334
0.019692307692307693,0.012615384615384619,151.37170640507674,164.35574862559324,-12.9840422205165
0.019692307692307693,0.012923076923076926,140.02088499254586,158.24585417523903,-18.224969182693172
0.019692307692307693,0.013230769230769233,135.9258292690631,152.0435486023108,-16.11771933324772
0.019692307692307693,0.013538461538461541,125.81865499018993,145.7524538786038,-19.933798888413875
0.019692307692307693,0.013846153846153848,96.38741917909913,139.37624382627712,-42.98882464717799
0.019692307692307693,0.014153846153846157,96.97061671002592,132.91864197244465,-35.948025262418724
0.019692307692307693,0.014461538461538465,107.0667460275347,126.38341937474057,-19.316673347205864
0.019692307692307693,0.014769230769230772,93.83583316132352,119.77439241912745,-25.93855925780393
0.019692307692307693,0.01507692307692308,92.46283741765681,113.09542059123467,-20.632583173577856
0.019692307692307693,0.015384615384615387,93.69138275964217,106.35040422252737,-12.659021462885207
0.019692307692307693,0.015692307692307696,90.02434697241956,99.54328221262249,-9.518935240202921
0.019692307692307693,0.016000000000000004,82.4893366197265,92.67802972908265,-10.188693109356151
0.019692307692307693,0.01630769230769231,77.0527250557628,85.75865588603014,-8.705930830267334
0.019692307692307693,0.01661538461538462,70.55260267910833,78.7892014029371,-8.236598723828763
0.019692307692307693,0.016923076923076926,59.59340612569554,71.77373624495897,-12.18033011926343
0.019692307692307693,0.017230769230769234,54.83562200285797,64.71635724618999,-9.880735243332019
0.019692307692307693,0.01753846153846154,47.09311348197325,57.62118571722675,-10.528072235253504
0.019692307692307693,0.01784615384615385,44.86417654583015,50.49236503843954,-5.6281884926093895
0.019692307692307693,0.01815384615384616,38.85253404041739,43.33405824035418,-4.481524199936793
0.019692307692307693,0.018461538461538467,31.828381722888963,36.15044557256045,-4.322063849671487
0.019692307692307693,0.018769230769230774,26.368969851080557,28.945722062562776,-2.5767522114822192
0.019692307692307693,0.01907692307692308,19.900259093380217,21.724095066003336,-1.8238359726231188
0.019692307692307693,0.01938461538461539,13.321630750093085,14.489781809684189,-1.1681510595911035
0.019692307692307693,0.019692307692307696,6.413848018386595,7.247006928826098,-0.8331589104395025
0.020307692307692308,0.00030769230769230776,277.3196568966599,299.82483402484894,-22.50517712818902
0.020307692307692308,0.0006153846153846155,281.6342394808049,299.5621745657526,-17.927935084947705
0.020307692307692308,0.0009230769230769233,268.3506844322312,299.1245792324963,-30.773894800265055
0.020307692307692308,0.001230769230769231,261.584332280134,298.5123035684317,-36.92797128829773
0.020307692307692308,0.001538461538461539,253.12039423066588,297.72570512530496,-44.605310894639075
0.020307692307692308,0.0018461538461538465,260.11208778341364,296.7652432544557,-36.653155471042055
0.020307692307692308,0.002153846153846154,235.1279710032962,295.63147883856965,-60.50350783527344
0.020307692307692308,0.002461538461538462,236.8480420764865,294.3250739641384,-57.47703188765192
0.020307692307692308,0.00276923076923077,235.23891751753675,292.84679153481983,-57.60787401728308
0.020307692307692308,0.003076923076923078,242.95033581323378,291.1974948259235,-48.247159012689735
0.020307692307692308,0.0033846153846153852,237.26587571966277,289.37814698028274,-52.11227126061996
0.020307692307692308,0.003692307692307693,242.55707173790913,287.3898104458057,-44.832738707896596
0.020307692307692308,0.004000000000000001,219.0718340126574,285.23364635503634,-66.16181234237894
0.020307692307692308,0.004307692307692308,224.65085194435403,282.9109138470853,-58.26006190273125
0.020307692307692308,0.004615384615384617,230.64778212937492,280.4229693323279,-49.77518720295299
0.020307692307692308,0.004923076923076924,187.9481941063648,277.7712657002996,-89.82307159393477
0.020307692307692308,0.0052307692307692315,174.39098759903203,274.9573514712483,-100.56636387221624
0.020307692307692308,0.00553846153846154,184.90699795579494,271.9828698918429,-87.07587193604795
0.020307692307692308,0.005846153846153847,179.6653962506042,268.8495579755633,-89.1841617249591
0.020307692307692308,0.006153846153846156,154.90991395919926,265.55924548833326,-110.649331529134
0.020307692307692308,0.006461538461538463,173.41707195172316,262.1138538799888,-88.69678192826566
0.020307692307692308,0.0067692307692307704,202.17856936871053,258.51539516220583,-56.33682579349531
0.020307692307692308,0.007076923076923079,192.3174063259168,254.7659707335414,-62.44856440762459
0.020307692307692308,0.007384615384615386,175.30336537883898,250.8677701522766,-75.56440477343762
0.020307692307692308,0.007692307692307694,188.52830362436993,246.82306985777612,-58.29476623340619
0.020307692307692308,0.008000000000000002,172.91537892230522,242.63423184111159,-69.71885291880636
0.020307692307692308,0.00830769230769231,177.7302183681738,238.30370226572546,-60.573483897551654
0.020307692307692308,0.008615384615384617,182.96525906089775,233.8340100389404,-50.86875097804264
0.020307692307692308,0.008923076923076924,182.93987850420052,229.22776533514855,-46.287886830948025
0.020307692307692308,0.009230769230769233,182.02460436046758,224.48765807154325,-42.46305371107567
0.020307692307692308,0.00953846153846154,181.80338280272377,219.61645633728332,-37.81307353455955
0.020307692307692308,0.009846153846153848,177.04047576713796,214.61700477700657,-37.57652900986861
0.020307692307692308,0.010153846153846156,175.68665257549728,209.4922229296377,-33.80557035414043
0.020307692307692308,0.010461538461538463,176.7432912647211,204.24510352345982,-27.50181225873871
0.020307692307692308,0.010769230769230772,170.49935474452153,198.87871072844516,-28.37935598392363
0.020307692307692308,0.01107692307692308,178.01448460974356,193.3961783668663,-15.381693757122747
0.020307692307692308,0.011384615384615387,154.00791049685876,187.80070808323225,-33.792797586373496
0.020307692307692308,0.011692307692307695,155.60726286350575,182.095567474618,-26.488304611112255
0.020307692307692308,0.012000000000000002,155.08853441831872,176.28408818248005,-21.195553764161332
0.020307692307692308,0.012307692307692311,134.5401910430046,170.36966394707142,-35.82947290406682
0.020307692307692308,0.012615384615384619,159.28839611370577,164.35574862559324,-5.067352511887464
0.020307692307692308,0.012923076923076926,140.52648143354256,158.24585417523903,-17.719372741696475
0.020307692307692308,0.013230769230769233,136.1401858162054,152.0435486023108,-15.903362786105419
0.020307692307692308,0.013538461538461541,126.55446022670026,145.7524538786038,-19.197993651903545
0.020307692307692308,0.013846153846153848,108.15381105553787,139.37624382627712,-31.222432770739246
0.020307692307692308,0.014153846153846157,103.81838363856438,132.91864197244465,-29.100258333880262
0.020307692307692308,0.014461538461538465,116.90631298312415,126.38341937474057,-9.477106391616417
0.020307692307692308,0.014769230769230772,102.04177885965123,119.77439241912745,-17.73261355947622
0.020307692307692308,0.01507692307692308,97.13859757563642,113.09542059123467,-15.956823015598246
0.020307692307692308,0.015384615384615387,98.24493033079767,106.35040422252737,-8.105473891729702
0.020307692307692308,0.015692307692307696,95.19319186627143,99.54328221262249,-4.3500903463510525
0.020307692307692308,0.016000000000000004,81.1350735917596,92.67802972908265,-11.542956137323046
0.020307692307692308,0.01630769230769231,77.1041685048477,85.75865588603014,-8.654487381182435
0.020307692307692308,0.01661538461538462,72.97354367234759,78.7892014029371,-5.815657730589507
0.020307692307692308,0.016923076923076926,63.96708438823924,71.77373624495897,-7.806651856719725
0.020307692307692308,0.017230769230769234,56.635874577293144,64.71635724618999,-8.080482668896842
0.020307692307692308,0.01753846153846154,48.90523974417517,57.62118571722675,-8.715945973051582
0.020307692307692308,0.01784615384615385,41.62491727192179,50.49236503843954,-8.86744776651775
0.020307692307692308,0.01815384615384616,34.74774350548885,43.33405824035418,-8.586314734865333
0.020307692307692308,0.018461538461538467,32.709437754599485,36.15044557256045,-3.4410078179609656
0.020307692307692308,0.018769230769230774,27.111175380140192,28.945722062562776,-1.8345466824225838
0.020307692307692308,0.01907692307692308,19.069422841064462,21.724095066003336,-2.6546722249388743
0.020307692307692308,0.01938461538461539,13.381843269574697,14.489781809684189,-1.107938540109492
0.020307692307692308,0.019692307692307696,6.397437296687776,7.247006928826098,-0.8495696321383219
0.020923076923076923,0.00030769230769230776,279.11941241935796,299.1245792324963,-20.005166813138317
0.020923076923076923,0.0006153846153846155,282.50563025379125,298.86253322673707,-16.356902972945818
0.020923076923076923,0.0009230769230769233,275.1514030162792,298.4259599176577,-23.274556901378503
0.020923076923076923,0.001230769230769231,269.28582284210756,297.81511425177655,-28.529291409668986
0.020923076923076923,0.001538461538461539,257.3586598756348,297.03035294576097,-39.67169307012614
0.020923076923076923,0.0018461538461538465,271.03201453625553,296.0721342781145,-25.040119741858973
0.020923076923076923,0.002153846153846154,242.82795514281528,294.94101782155514,-52.11306267873985
0.020923076923076923,0.002461538461538462,240.0095697001015,293.6376641162408,-53.62809441613928
0.020923076923076923,0.00276923076923077,244.38915448199631,292.1628342840326,-47.7736798020363
0.020923076923076923,0.003076923076923078,251.5052534989016,290.51738958402063,-39.01213608511904
0.020923076923076923,0.0033846153846153852,237.37072909068615,288.7022909095735,-51.33156181888734
0.020923076923076923,0.003692307692307693,254.26447408673704,286.718598227203,-32.45412414046598
0.020923076923076923,0.004000000000000001,221.1896505438962,284.56746995757425,-63.377819413678054
0.020923076923076923,0.004307692307692308,237.8919503690924,282.2501622990201,-44.35821192992768
0.020923076923076923,0.004615384615384617,251.16941087417828,279.76802849395676,-28.59861761977848
0.020923076923076923,0.004923076923076924,198.24482474940888,277.12251803862864,-78.87769328921976
0.020923076923076923,0.0052307692307692315,192.4470164871832,274.31517583664294,-81.86815934945975
0.020923076923076923,0.00553846153846154,190.53568814659818,271.3476412967899,-80.81195315019173
0.020923076923076923,0.005846153846153847,189.77105028129003,268.22164737567385,-78.45059709438382
0.020923076923076923,0.006153846153846156,165.12309733992802,264.9390195657155,-99.81592222578749
0.020923076923076923,0.006461538461538463,168.6087157728058,261.5016748291158,-92.89295905631002
0.020923076923076923,0.0067692307692307704,211.15303588804284,257.911620478404,-46.75858459036118
0.020923076923076923,0.007076923076923079,205.39976848798526,254.1709530042236,-48.77118451623835
0.020923076923076923,0.007384615384615386,189.38363945975442,250.28185685104083,-60.89821739128641
0.020923076923076923,0.007692307692307694,160.78056398863984,246.24660314149077,-85.46603915285093
0.020923076923076923,0.008000000000000002,188.67997546266437,242.0675483501054,-53.387572887441024
0.020923076923076923,0.00830769230769231,188.97204144653224,237.74713292719917,-48.77509148066693
0.020923076923076923,0.008615384615384617,191.85086715625644,233.2878798737145,-41.43701271745806
0.020923076923076923,0.008923076923076924,195.27703004799352,228.6923932678603,-33.41536321986678
0.020923076923076923,0.009230769230769233,190.528511446664,223.96335674440368,-33.434845297739685
0.020923076923076923,0.00953846153846154,180.06047165397956,219.10353192750296,-39.043060273523395
0.020923076923076923,0.009846153846153848,188.03898677648843,214.11575681799653,-26.076770041508098
0.020923076923076923,0.010153846153846156,190.64766110909318,209.00294413609075,-18.35528302699757
0.020923076923076923,0.010461538461538463,183.053532340343,203.7680796204131,-20.714547280070093
0.020923076923076923,0.010769230769230772,180.04389423044012,198.41422028442483,-18.370326053984712
0.020923076923076923,0.01107692307692308,176.829290995423,192.94449263121152,-16.11520163578851
0.020923076923076923,0.011384615384615387,155.0565961313104,187.36209082769295,-32.30549469638254
0.020923076923076923,0.011692307692307695,152.12964313690472,181.67027483931977,-29.540631702415055
0.020923076923076923,0.012000000000000002,162.74671649862523,175.8723685263455,-13.125652027720264
0.020923076923076923,0.012307692307692311,159.56677664757314,169.9717577027856,-10.40498105521246
0.020923076923076923,0.012615384615384619,154.0874536653935,163.97188815919756,-9.884434493804065
0.020923076923076923,0.012923076923076926,143.18412086753975,157.87626365043621,-14.692142782896468
0.020923076923076923,0.013230769230769233,137.9470184286842,151.68844384955958,-13.741425420875373
0.020923076923076923,0.013538461538461541,131.78658186131017,145.41204226907985,-13.62546040776968
0.020923076923076923,0.013846153846153848,83.07495747617222,139.05072415077427,-55.975766674602056
0.020923076923076923,0.014153846153846157,98.91206041067349,132.60820432528664,-33.696143914613145
0.020923076923076923,0.014461538461538465,113.93353517258335,126.0882450427713,-12.154709870187958
0.020923076923076923,0.014769230769230772,102.52921780757323,119.49465377584457,-16.965435968271336
0.020923076923076923,0.01507692307692308,100.52657776716649,112.83128099612831,-12.304703228961827
0.020923076923076923,0.015384615384615387,93.11270931341488,106.1020179256828,-12.98930861226792
0.020923076923076923,0.015692307692307696,92.95787299794372,99.31079426464241,-6.3529212666986865
0.020923076923076923,0.016000000000000004,85.40570695985073,92.46157589638175,-7.055868936531013
0.020923076923076923,0.01630769230769231,84.5737466770731,85.55836257155126,-0.9846158944781536
0.020923076923076923,0.01661538461538462,73.93459093281396,78.60518557233557,-4.67059463952161
0.020923076923076923,0.016923076923076926,61.071983172006696,71.60610535829791,-10.534122186291214
0.020923076923076923,0.017230769230769234,62.239593231757596,64.56520919518665,-2.3256159634290583
0.020923076923076923,0.01753846153846154,52.01624865299909,57.48660876808655,-5.470360115087459
0.020923076923076923,0.01784615384615385,46.04012669095702,50.37443778031102,-4.334311089354003
0.020923076923076923,0.01815384615384616,39.12199304624664,43.232849539435215,-4.110856493188578
0.020923076923076923,0.018461538461538467,34.01952755182262,36.0660145318823,-2.046486980059683
0.020923076923076923,0.018769230769230774,27.068747604530387,28.878117987475594,-1.8093703829452075
0.020923076923076923,0.01907692307692308,19.91051713049118,21.67335743538321,-1.7628403048920305
0.020923076923076923,0.01938461538461539,12.857748084056228,14.455940252878607,-1.5981921688223792
0.020923076923076923,0.019692307692307696,6.223993784927519,7.230081208351246,-1.0060874234237271
0.021538461538461538,0.00030769230769230776,273.77610229534787,297.72570512530496,-23.949602829957087
0.021538461538461538,0.0006153846153846155,276.5440937141533,297.4648845934713,-20.92079087931802
0.021538461538461538,0.0009230769230769233,275.5538226274916,297.030352945761,-21.476530318269397
0.021538461538461538,0.001230769230769231,271.72203431053356,296.4223639364198,-24.70032962588624
0.021538461538461538,0.001538461538461539,264.3252979119967,295.6412726139078,-31.315974701911102
0.021538461538461538,0.0018461538461538465,257.73028119102537,294.6875351135617,-36.957253922536324
0.021538461538461538,0.002153846153846154,250.97693804865398,293.56170839122393,-42.58477034256995
0.021538461538461538,0.002461538461538462,251.50251775480547,292.2644498979967,-40.761932143191245
0.021538461538461538,0.00276923076923077,249.67582579797264,290.7965171963088,-41.12069139833616
0.021538461538461538,0.003076923076923078,269.38378944009656,289.15876751752035,-19.774978077423782
0.021538461538461538,0.0033846153846153852,253.25225668041463,287.3521572613242,-34.09990058090955
0.021538461538461538,0.003692307692307693,264.12464031622477,285.37774143723504,-21.253101121010275
0.021538461538461538,0.004000000000000001,240.2863778208256,283.23667304849386,-42.95029522766825
0.021538461538461538,0.004307692307692308,253.5476073408581,280.93020241874643,-27.38259507788834
0.021538461538461538,0.004615384615384617,256.6277606373391,278.45967646188933,-21.831915824550208
0.021538461538461538,0.004923076923076924,197.10752332744096,275.82653789551046,-78.7190145680695
0.021538461538461538,0.0052307692307692315,195.2469107124948,273.03232439838234,-77.78541368588753
0.021538461538461538,0.00553846153846154,193.31208403361762,270.0786677125012,-76.76658367888359
0.021538461538461538,0.005846153846153847,165.9596758594542,266.9672926901955,-101.00761683074131
0.021538461538461538,0.006153846153846156,171.95597195171868,263.7000162868607,-91.74404433514204
0.021538461538461538,0.006461538461538463,186.94697918581323,260.2787464999086,-73.33176731409537
0.021538461538461538,0.0067692307692307704,201.48251824095288,256.7054812545505,-55.22296301359759
0.021538461538461538,0.007076923076923079,203.1067221722286,252.9823072370652,-49.87558506483663
0.021538461538461538,0.007384615384615386,202.14534559807927,249.11139867623282,-46.96605307815355
0.021538461538461538,0.007692307692307694,188.26011053501682,245.0950160736467,-56.83490553862987
0.021538461538461538,0.008000000000000002,194.00351828115768,240.93550488364374,-46.93198660248606
0.021538461538461538,0.00830769230769231,203.83396256653194,236.63529414362557,-32.801331577093634
0.021538461538461538,0.008615384615384617,196.25708058327623,232.19689505556875,-35.93981447229251
0.021538461538461538,0.008923076923076924,200.48553334326016,227.62289951955364,-27.137366176293483
0.021538461538461538,0.009230769230769233,197.4457592602757,222.91597862016775,-25.47021935989204
0.021538461538461538,0.00953846153846154,196.34645471522134,218.07888106666775,-21.732426351446406
0.021538461538461538,0.009846153846153848,189.92329266798276,213.1144315878102,-23.191138919827438
0.021538461538461538,0.010153846153846156,185.39317612022208,208.02552928229005,-22.63235316206797
0.021538461538461538,0.010461538461538463,183.57941375402095,202.81514592574823,-19.23573217172728
0.021538461538461538,0.010769230769230772,178.3300317160334,197.48632423533854,-19.15629251930514
0.021538461538461538,0.01107692307692308,176.90956603679956,192.04217609286653,-15.132610056066966
0.021538461538461538,0.011384615384615387,160.5346706604592,186.4858807275381,-25.951210067078904
0.021538461538461538,0.011692307692307695,151.23034624959178,180.8206828593791,-29.59033660978733
0.021538461538461538,0.012000000000000002,157.73560768239167,175.0498908044105,-17.31428312201882
0.021538461538461538,0.012307692307692311,148.20671927408517,169.17687454268454,-20.97015526859937
0.021538461538461538,0.012615384615384619,142.07964909190864,163.20506375031178,-21.125414658403145
0.021538461538461538,0.012923076923076926,135.68472310989938,157.1379457966264,-21.45322268672703
0.021538461538461538,0.013230769230769233,137.40848263812487,150.97906370766103,-13.57058106953616
0.021538461538461538,0.013538461538461541,136.7653814373835,144.73201409711902,-7.966632659735524
0.021538461538461538,0.013846153846153848,105.46046126363021,138.40044506605375,-32.93998380242354
0.021538461538461538,0.014153846153846157,105.83575745611346,131.98805407247977,-26.152296616366314
0.021538461538461538,0.014461538461538465,112.89878457993116,125.49858577216207,-12.599801192230913
0.021538461538461538,0.014769230769230772,105.25436499476909,118.93582983184199,-13.681464837072895
0.021538461538461538,0.01507692307692308,96.88965194101921,112.30361871617896,-15.41396677515975
0.021538461538461538,0.015384615384615387,93.77900837622889,105.605825449699,-11.82681707347011
0.021538461538461538,0.015692307692307696,93.49837072840383,98.84636135505716,-5.347990626653328
0.021538461538461538,0.016000000000000004,82.13132454546867,92.02917376893564,-9.897849223466963
0.021538461538461538,0.01630769230769231,76.08144793884055,85.15824373691011,-9.076795798069554
0.021538461538461538,0.01661538461538462,71.10787180554833,78.23758368863132,-7.12971188308299
0.021538461538461538,0.016923076923076926,63.43863450015678,71.27123509467883,-7.832600594522049
0.021538461538461538,0.017230769230769234,59.08644235714276,64.2632661064566,-5.17682374931384
0.021538461538461538,0.01753846153846154,50.541360595207564,57.21776918050652,-6.676408585298958
0.021538461538461538,0.01784615384615385,47.07616852083514,50.13885868862954,-3.0626901677944005
0.021538461538461538,0.01815384615384616,36.26664691164572,43.03066851520783,-6.764021603562107
0.021538461538461538,0.018461538461538467,32.91431636257552,35.89734964313365,-2.983033280558132
0.021538461538461538,0.018769230769230774,25.049202337801642,28.743067729751047,-3.693865391949405
0.021538461538461538,0.01907692307692308,18.320354448101156,21.57200067423021,-3.251646226129054
0.021538461538461538,0.01938461538461539,12.470118735896058,14.388336177791423,-1.918217441895365
0.021538461538461538,0.019692307692307696,6.434354778320481,7.196269298205968,-0.7619145198854875
0.022153846153846156,0.00030769230769230776,280.26623247208477,295.6314788385697,-15.36524636648494
0.022153846153846156,0.0006153846153846155,285.79005965068194,295.37249293909895,-9.582433288417008
0.022153846153846156,0.0009230769230769233,269.1814323749629,294.94101782155514,-25.75958544659221
0.022153846153846156,0.001230769230769231,273.723306139209,294.3373054552564,-20.613999316047398
0.022153846153846156,0.001538461538461539,271.15516967813085,293.56170839122393,-22.406538713093084
0.022153846153846156,0.0018461538461538465,274.36399379943225,292.614679556302,-18.250685756869757
0.022153846153846156,0.002153846153846154,243.4544635933696,291.4967719886615,-48.04230839529191
0.022153846153846156,0.002461538461538462,248.07096338880893,290.2086385148412,-42.13767512603226
0.022153846153846156,0.00276923076923077,251.0589982364493,288.7510313685155,-37.6920331320662
0.022153846153846156,0.003076923076923078,255.28825863923137,287.12480175121107,-31.836543111979694
0.022153846153846156,0.0033846153846153852,251.13479859163124,285.33089933522916,-34.196100743597924
0.022153846153846156,0.003692307692307693,252.0645336666363,283.3703717090637,-31.30583804242741
0.022153846153846156,0.004000000000000001,240.61459838970885,281.24436376563915,-40.629765375930305
0.022153846153846156,0.004307692307692308,267.0162632198612,278.95411703372537,-11.937853813864194
0.022153846153846156,0.004615384615384617,233.94798996998534,276.50096895291944,-42.55297898293409
0.022153846153846156,0.004923076923076924,196.36987585268184,273.886352092619,-77.51647623993716
0.022153846153846156,0.0052307692307692315,208.1556067880751,271.11179331544184,-62.956186527366754
0.022153846153846156,0.00553846153846154,186.37669587297802,268.1789128855812,-81.8022170126032
0.022153846153846156,0.005846153846153847,160.91947142600705,265.0894235226171,-104.16995209661005
0.022153846153846156,0.006153846153846156,172.9671921138121,261.8451294013362,-88.87793728752408
0.022153846153846156,0.006461538461538463,186.56325302594163,258.4479250981448,-71.88467207220319
0.022153846153846156,0.0067692307692307704,215.78848100408308,254.89979448468947,-39.111313480606384
0.022153846153846156,0.007076923076923079,212.51475267943377,251.20280956933166,-38.688056889897894
0.022153846153846156,0.007384615384615386,205.79354934400328,247.3591292871534,-41.56557994315011
0.022153846153846156,0.007692307692307694,205.40722174877033,243.37099823920002,-37.963776490429694
0.022153846153846156,0.008000000000000002,189.16341775438957,239.24074538169614,-50.07732762730657
0.022153846153846156,0.00830769230769231,210.26101166599213,234.97078266600107,-24.709771000008942
0.022153846153846156,0.008615384615384617,209.01232567113192,230.56360363009702,-21.551277958965102
0.022153846153846156,0.008923076923076924,203.74746353931698,226.02178194243302,-22.27431840311604
0.022153846153846156,0.009230769230769233,199.99990630261195,221.3479698989752,-21.34806359636326
0.022153846153846156,0.00953846153846154,205.5067128155366,216.54489687434074,-11.038184058804148
0.022153846153846156,0.009846153846153848,199.03013655477707,211.61536772791945,-12.585231173142375
0.022153846153846156,0.010153846153846156,198.02709656771194,206.5622611659155,-8.53516459820355
0.022153846153846156,0.010461538461538463,187.97833042153732,201.38852806026367,-13.410197638726345
0.022153846153846156,0.010769230769230772,182.3510773874018,196.09718972540327,-13.746112338001467
0.022153846153846156,0.01107692307692308,189.3390601230407,190.6913361539158,-1.3522760308751174
0.022153846153846156,0.011384615384615387,166.86932544263414,185.17412421205609,-18.30479876942195
0.022153846153846156,0.011692307692307695,175.56656871709149,179.54877579623133,-3.9822070791398403
0.022153846153846156,0.012000000000000002,171.61871032142457,173.81857595150439,-2.199865630079813
0.022153846153846156,0.012307692307692311,170.31698475907413,167.9868709532199,2.330113805854239
0.022153846153846156,0.012615384615384619,134.03933841262713,162.0570663528739,-28.017727940246772
0.022153846153846156,0.012923076923076926,138.18597077553642,156.03262498936732,-17.846654213830902
0.022153846153846156,0.013230769230769233,135.14895821688268,149.91706496680595,-14.768106749923277
0.022153846153846156,0.013538461538461541,132.13056494134656,143.7139576000263,-11.583392658679742
0.022153846153846156,0.013846153846153848,86.55299934264907,137.42692532904883,-50.873925986399755
0.022153846153846156,0.014153846153846157,118.74708475687271,131.05963960367438,-12.312554846801675
0.022153846153846156,0.014461538461538465,117.54524536640596,124.61581873946146,-7.070573373055495
0.022153846153846156,0.014769230769230772,102.78879708652474,118.0992257463342,-15.31042865980946
0.022153846153846156,0.01507692307692308,103.89776488205494,111.51366613109084,-7.6159012490359
0.022153846153846156,0.015384615384615387,96.21157705666509,104.86298567509488,-8.651408618429784
0.022153846153846156,0.015692307692307696,87.44461737079202,98.15106818844674,-10.706450817654726
0.022153846153846156,0.016000000000000004,84.06401946304881,91.3818332419485,-7.317813778899691
0.022153846153846156,0.01630769230769231,75.18837672755596,84.55923387818466,-9.370857150628694
0.022153846153846156,0.01661538461538462,70.19107309284543,77.68725430305669,-7.496181210211262
0.022153846153846156,0.016923076923076926,66.64384033790225,70.7699075591187,-4.126067221216459
0.022153846153846156,0.017230769230769234,56.432054048436946,63.8112331820742,-7.379179133637251
0.022153846153846156,0.01753846153846154,51.27077377001387,56.81529484180024,-5.54452107178637
0.022153846153846156,0.01784615384615385,45.656133147394605,49.78617796927936,-4.130044821884752
0.022153846153846156,0.01815384615384616,36.75576534669633,42.72798737082222,-5.972222024125891
0.022153846153846156,0.018461538461538467,32.34832743439235,35.64484483097732,-3.2965173965849672
0.022153846153846156,0.018769230769230774,25.09625702418134,28.540886705523654,-3.444629681342313
0.022153846153846156,0.01907692307692308,18.82265733902916,21.42026150595641,-2.597604166927251
0.022153846153846156,0.01938461538461539,12.219115787977488,14.287127476872458,-2.06801168889497
0.022153846153846156,0.019692307692307696,6.313534776948013,7.1456501676730975,-0.8321153907250842
0.02276923076923077,0.00030769230769230776,288.1098427978994,292.84679153481983,-4.7369487369204535
0.02276923076923077,0.0006153846153846155,273.2448825491053,292.5902451412804,-19.345362592175093
0.02276923076923077,0.0009230769230769233,284.68984828127105,292.1628342840326,-7.472986002761559
0.02276923076923077,0.001230769230769231,278.51815528185443,291.56480855898116,-13.046653277126723
0.02276923076923077,0.001538461538461539,268.68834610411636,290.79651719630874,-22.10817109219238
0.02276923076923077,0.0018461538461538465,270.1655609637524,289.8584088565359,-19.692847892783504
0.02276923076923077,0.002153846153846154,248.40735544747594,288.7510313685155,-40.34367592103956
0.02276923076923077,0.002461538461538462,251.933033424948,287.4750314095163,-35.5419979845683
0.02276923076923077,0.00276923076923077,256.74008894048313,286.03115412758183,-29.291065187098695
0.02276923076923077,0.003076923076923078,258.8735599128159,284.4202427063845,-25.546682793568607
0.02276923076923077,0.0033846153846153852,282.405885006667,282.64323787283047,-0.2373528661634623
0.02276923076923077,0.003692307692307693,267.59661718487797,280.7011773477014,-13.104560162823418
0.02276923076923077,0.004000000000000001,239.23534623644034,278.5951952396547,-39.35984900321435
0.02276923076923077,0.004307692307692308,260.8849340156021,276.3265213829363,-15.441587367334193
0.02276923076923077,0.004615384615384617,236.30572066214475,273.89648061919166,-37.59075995704691
0.02276923076923077,0.004923076923076924,213.3747717789285,271.3064920237961,-57.93172024486762
0.02276923076923077,0.0052307692307692315,219.53779629584128,268.55806807715413,-49.02027178131286
0.02276923076923077,0.00553846153846154,190.91463518283686,265.6528137814539,-74.73817859861705
0.02276923076923077,0.005846153846153847,149.8352114044699,262.59242572339116,-112.75721431892126
0.02276923076923077,0.006153846153846156,164.24514634739174,259.37869108341,-95.13354473601825
0.02276923076923077,0.006461538461538463,187.4611883165974,256.01348659204007,-68.55229827544267
0.02276923076923077,0.0067692307692307704,205.9960516624093,252.49877743393904,-46.502725771529754
0.02276923076923077,0.007076923076923079,213.70343305565007,248.83661610027963,-35.13318304462956
0.02276923076923077,0.007384615384615386,220.31145116841228,245.02914119015276,-24.71769002174048
0.02276923076923077,0.007692307692307694,218.94266089871164,241.07857616168607,-22.135915262974436
0.02276923076923077,0.008000000000000002,206.23385893856857,236.98722803360664,-30.753369095038067
0.02276923076923077,0.00830769230769231,206.99478207468826,232.7574860380074,-25.762703963319154
0.02276923076923077,0.008615384615384617,195.17738709361268,228.39182022510263,-33.214433131489955
0.02276923076923077,0.008923076923076924,205.1972342573976,223.8927800207882,-18.695545763390584
0.02276923076923077,0.009230769230769233,210.1198837187202,219.26299273784866,-9.143109019128474
0.02276923076923077,0.00953846153846154,197.14275124278976,214.50516204168076,-17.362410798891005
0.02276923076923077,0.009846153846153848,198.12025797618043,209.62206637142864,-11.501808395248219
0.02276923076923077,0.010153846153846156,196.00336498918506,204.61655731745392,-8.613192328268866
0.02276923076923077,0.010461538461538463,188.64133336383446,199.49155795608704,-10.850224592252573
0.02276923076923077,0.010769230769230772,189.98937767075643,194.25006114263303,-4.260683471876604
0.02276923076923077,0.01107692307692308,180.11140550337353,188.8951277636284,-8.783722260254876
0.02276923076923077,0.011384615384615387,169.57884782869573,183.42988494936955,-13.851037120673823
0.02276923076923077,0.011692307692307695,159.34370374028654,177.8575242477566,-18.513820507470058
0.02276923076923077,0.012000000000000002,158.11396957530954,172.1812997605195,-14.067330185209954
0.02276923076923077,0.012307692307692311,141.8813273441512,166.40452624291407,-24.52319889876287
0.02276923076923077,0.012615384615384619,133.4295399504744,160.53057716799847,-27.101037217524066
0.02276923076923077,0.012923076923076926,140.231866783399,154.56288275661979,-14.331015973220786
0.02276923076923077,0.013230769230769233,139.8818062354411,148.50492797426168,-8.623121738820572
0.02276923076923077,0.013538461538461541,136.82593586796622,142.36025049592266,-5.534314627956434
0.02276923076923077,0.013846153846153848,99.14116472572884,136.13243864021365,-36.99127391448481
0.02276923076923077,0.014153846153846157,105.37803716888557,129.82512927388072,-24.44709210499515
0.02276923076923077,0.014461538461538465,108.74783762694629,123.44200568797764,-14.694168061031348
0.02276923076923077,0.014769230769230772,105.42048464185159,116.98679544692725,-11.56631080507566
0.02276923076923077,0.01507692307692308,104.65725376377189,110.46326821172916,-5.806014447957267
0.02276923076923077,0.015384615384615387,98.35838355375016,103.87523353858374,-5.516849984833584
0.02276923076923077,0.015692307692307696,93.06070692075389,97.2265386542184,-4.165831733464515
0.02276923076923077,0.016000000000000004,92.20215280821397,90.52106620921583,1.6810865989981352
0.02276923076923077,0.01630769230769231,79.5674705502549,83.76273201065526,-4.19526146040036
0.02276923076923077,0.01661538461538462,76.61420752649285,76.95548273539139,-0.34127520889853713
0.02276923076923077,0.016923076923076926,62.093707597969136,70.10329362530605,-8.009586027336915
0.02276923076923077,0.017230769230769234,59.67124949310191,63.21016616587943,-3.5389166727775176
0.02276923076923077,0.01753846153846154,50.797977084133734,56.28012574943454,-5.482148665300805
0.02276923076923077,0.01784615384615385,47.028757114670746,49.3172193244221,-2.2884622097513514
0.02276923076923077,0.01815384615384616,45.715408350584696,42.325513032115936,3.38989531846876
0.02276923076923077,0.018461538461538467,34.03972635032612,35.30908983210198,-1.2693634817758621
0.02276923076923077,0.018769230769230774,28.040949286495454,28.272047117943625,-0.23109783144817087
0.02276923076923077,0.01907692307692308,19.369360229986995,21.218494324420202,-1.8491340944332073
0.02276923076923077,0.01938461538461539,13.48283625481165,14.152550527732249,-0.6697142729205989
0.02276923076923077,0.019692307692307696,6.61655975445423,7.0783420400774455,-0.4617822856232152
0.023384615384615386,0.00030769230769230776,276.71503689908053,289.37814698028274,-12.663110081202205
0.023384615384615386,0.0006153846153846155,263.0126312063596,289.1246392686639,-26.112008062304312
0.023384615384615386,0.0009230769230769233,276.8530489387551,288.7022909095735,-11.849241970818412
0.023384615384615386,0.001230769230769231,264.0180127908121,288.1113485425599,-24.09333575174776
0.023384615384615386,0.001538461538461539,262.6346774627811,287.3521572613242,-24.71747979854308
0.023384615384615386,0.0018461538461538465,266.93595615166373,286.4251604121955,-19.48920426053178
0.023384615384615386,0.002153846153846154,249.69773156719617,285.33089933522916,-35.63316776803299
0.023384615384615386,0.002461538461538462,258.2186909049533,284.07001304807926,-25.85132214312597
0.023384615384615386,0.00276923076923077,258.1874630370094,282.6432378728305,-24.455774835821103
0.023384615384615386,0.003076923076923078,258.50400219165414,281.0514070060067,-22.547404814352547
0.023384615384615386,0.0033846153846153852,254.16326634906784,279.2954500320074,-25.13218368293957
0.023384615384615386,0.003692307692307693,260.78892439456894,277.37639238025713,-16.587467985688193
0.023384615384615386,0.004000000000000001,241.61632692600722,275.29535472638304,-33.67902780037582
0.023384615384615386,0.004307692307692308,260.1569687674988,273.05355233777215,-12.896583570273322
0.023384615384615386,0.004615384615384617,235.69335784034635,270.65229436388944,-34.95893652354309
0.023384615384615386,0.004923076923076924,203.28476256695748,268.0929830717713,-64.80822050481382
0.023384615384615386,0.0052307692307692315,199.31972341262468,265.37711302714104,-66.05738961451635
0.023384615384615386,0.00553846153846154,189.52194232397719,262.5062702216249,-72.98432789764772
0.023384615384615386,0.005846153846153847,189.0870870871967,259.4821311465772,-70.39504405938052
0.023384615384615386,0.006153846153846156,166.50165463057587,256.3064618140569,-89.80480718348102
0.023384615384615386,0.006461538461538463,194.01349871110853,252.98111672552596,-58.96761801441744
0.023384615384615386,0.0067692307692307704,201.12024971885896,249.50803778887328,-48.387788070014324
0.023384615384615386,0.007076923076923079,227.20096365736038,245.88925318439453,-18.688289527034158
0.023384615384615386,0.007384615384615386,216.3514862690965,242.12687618039234,-25.775389911295832
0.023384615384615386,0.007692307692307694,204.53655838054308,238.2231038990871,-33.68654551854402
0.023384615384615386,0.008000000000000002,191.89230752293673,234.1802160335593,-42.28790851062257
0.023384615384615386,0.00830769230769231,207.6059908919602,230.00057351647317,-22.394582624512964
0.023384615384615386,0.008615384615384617,205.6212748017546,225.68661714135837,-20.065342339603774
0.023384615384615386,0.008923076923076924,203.0050137045315,221.24086613725524,-18.235852432723732
0.023384615384615386,0.009230769230769233,208.85492052980828,216.66591669755607,-7.810996167747788
0.023384615384615386,0.00953846153846154,198.69461735677777,211.96444046390144,-13.26982310712367
0.023384615384615386,0.009846153846153848,200.28168212504434,207.13918296601628,-6.857500840971937
0.023384615384615386,0.010153846153846156,202.1076409394104,202.1929620183983,-0.08532107898790287
0.023384615384615386,0.010461538461538463,191.3428277518123,197.12866607479347,-5.785838322981164
0.023384615384615386,0.010769230769230772,190.77192913502742,191.94925254142024,-1.1773234063928157
0.023384615384615386,0.01107692307692308,186.20829703223478,186.65774604992782,-0.44944901769304124
0.023384615384615386,0.011384615384615387,164.60402147119146,181.25723669109647,-16.653215219905007
0.023384615384615386,0.011692307692307695,171.99570312899502,175.7508782103112,-3.755175081316196
0.023384615384615386,0.012000000000000002,158.48143905826188,170.14188616586372,-11.66044710760184
0.023384615384615386,0.012307692307692311,172.75745555620193,164.4335360511565,8.323919505045438
0.023384615384615386,0.012615384615384619,135.6417558954475,158.62916138190727,-22.987405486459778
0.023384615384615386,0.012923076923076926,137.07241815605678,152.7321517494694,-15.659733593412625
0.023384615384615386,0.013230769230769233,143.55724765294593,146.74595084140623,-3.1887031884602948
0.023384615384615386,0.013538461538461541,134.25642029090287,140.6740544304742,-6.417634139571334
0.023384615384615386,0.013846153846153848,99.79349377080784,134.52000833319053,-34.72651456238269
0.023384615384615386,0.014153846153846157,106.13055290005036,128.28740633917556,-22.1568534391252
0.023384615384615386,0.014461538461538465,107.07844783333275,121.97988811248143,-14.901440279148687
0.023384615384615386,0.014769230769230772,103.1095578763112,115.60113706613029,-12.491579189819092
0.023384615384615386,0.01507692307692308,108.32607725286152,109.15487821110516,-0.8288009582436331
0.023384615384615386,0.015384615384615387,97.66928678867393,102.64487598104829,-4.975589192374358
0.023384615384615386,0.015692307692307696,88.2442373299612,96.07493203393777,-7.830694703976576
0.023384615384615386,0.016000000000000004,86.95696480816994,89.44888303202657,-2.4919182238566293
0.023384615384615386,0.01630769230769231,78.15046004651911,82.77059840133975,-4.620138354820639
0.023384615384615386,0.01661538461538462,73.22080564570383,76.04397807203861,-2.8231724263347786
0.023384615384615386,0.016923076923076926,67.54424526366772,69.2729502009711,-1.7287049373033767
0.023384615384615386,0.017230769230769234,54.54773833952896,62.46146887773929,-7.913730538210331
0.023384615384615386,0.01753846153846154,51.48119088990379,55.6135118156219,-4.132320925718105
0.023384615384615386,0.01784615384615385,42.99470916582978,48.73307802870219,-5.738368862872406
0.023384615384615386,0.01815384615384616,44.622483837583076,41.82418549655582,2.7982983410272553
0.023384615384615386,0.018461538461538467,34.232179696792166,34.890868817864856,-0.6586891210726904
0.023384615384615386,0.018769230769230774,28.134020651874625,27.937176854324534,0.19684379755009118
0.023384615384615386,0.01907692307692308,19.920397702872243,20.967170366223023,-1.0467726633507795
0.023384615384615386,0.01938461538461539,12.440954826916206,13.984919641071187,-1.5439648141549807
0.023384615384615386,0.019692307692307696,6.207645188433024,6.994502116669762,-0.7868569282367375
0.024,0.00030769230769230776,277.1251130380345,285.2336463550364,-8.1085333170019
0.024,0.0006153846153846155,279.5495590422514,284.98376940434497,-5.434210362093552
0.024,0.0009230769230769233,276.5560460338939,284.5674699575743,-8.011423923680411
0.024,0.001230769230769231,264.2413443839908,283.9849911218782,-19.74364673788739
0.024,0.001538461538461539,284.721620003162,283.23667304849386,1.4849469546681462
0.024,0.0018461538461538465,269.2545500610137,282.32295273410324,-13.068402673089565
0.024,0.002153846153846154,267.8910535499115,281.2443637656392,-13.353310215727731
0.024,0.002461538461538462,267.15430212467595,280.00153600868583,-12.847233884009881
0.024,0.00276923076923077,255.6366366545995,278.5951952396547,-22.958558585055187
0.024,0.003076923076923078,271.6461863392844,277.02616272195183,-5.379976382667451
0.024,0.0033846153846153852,244.12837704219757,275.29535472638304,-31.16697768418547
0.024,0.003692307692307693,258.98981769958294,273.40378199607744,-14.413964296494498
0.024,0.004000000000000001,249.25727087275322,271.3525491562421,-22.09527828348888
0.024,0.004307692307692308,252.28357146110952,269.1428540690921,-16.85928260798258
0.024,0.004615384615384617,247.35809439417406,266.77598713433235,-19.417892740158294
0.024,0.004923076923076924,176.7207547439623,264.2533305356009,-87.53257579163864
0.024,0.0052307692307692315,203.9891744453252,261.57635743331247,-57.58718298798726
0.024,0.00553846153846154,186.81294794196805,258.74663110437416,-71.93368316240611
0.024,0.005846153846153847,193.84430062281533,255.76580402927584,-61.921503406460516
0.024,0.006153846153846156,173.2623760425154,252.6356169270882,-79.3732408845728
0.024,0.006461538461538463,187.80116504214686,249.3578977389316,-61.556732696784735
0.024,0.0067692307692307704,215.9699060419414,245.93456056051008,-29.964654518568665
0.024,0.007076923076923079,226.63258033215277,242.36760452433342,-15.735024192180646
0.024,0.007384615384615386,226.5131288647616,238.6591126322798,-12.145983767518203
0.024,0.007692307692307694,185.81365980574338,234.81125053918166,-48.99759073343827
0.024,0.008000000000000002,199.12281895252775,230.82626528814404,-31.70344633561629
0.024,0.00830769230769231,200.59856061544343,226.70648399833485,-26.107923382891414
0.024,0.008615384615384617,200.4434013099187,222.45431250601277,-22.01091119609407
0.024,0.008923076923076924,203.98767784982516,218.07223395958644,-14.08455610976128
0.024,0.009230769230769233,213.41746291204547,213.56280736952593,-0.1453444574804621
0.024,0.00953846153846154,201.16489227039227,208.92866611397275,-7.763773843580481
0.024,0.009846153846153848,196.0460273535639,204.17251640092087,-8.126489047356984
0.024,0.010153846153846156,192.80049293705602,199.2971356878677,-6.496642750811674
0.024,0.010461538461538463,189.95725877224086,194.3053710598571,-4.348112287616232
0.024,0.010769230769230772,184.67892418979986,189.20013756686174,-4.521213377061883
0.024,0.01107692307692308,182.67135302380734,183.98441652147622,-1.3130634976688782
0.024,0.011384615384615387,153.16277153795008,178.66125375791438,-25.498482219964302
0.024,0.011692307692307695,149.04778961756304,173.23375785332772,-24.185968235764676
0.024,0.012000000000000002,155.0987568777633,167.70509831248424,-12.606341434720946
0.024,0.012307692307692311,155.7479177623942,162.07850371686652,-6.330585954472326
0.024,0.012615384615384619,144.98445497262227,156.3572598392714,-11.372804866649119
0.024,0.012923076923076926,137.62511592358896,150.54470772501088,-12.919591801421916
0.024,0.013230769230769233,134.45807278293216,144.6442417408361,-10.18616895790393
0.024,0.013538461538461541,137.33363495380846,138.65930759272229,-1.3256726389138294
0.024,0.013846153846153848,101.71255825000672,132.59340031367398,-30.88084206366726
0.024,0.014153846153846157,97.69925619125546,126.45006222272376,-28.7508060314683
0.024,0.014461538461538465,106.9761562887401,120.23288085631808,-13.256724567577976
0.024,0.014769230769230772,103.90171745279001,113.94548687329659,-10.043769420506578
0.024,0.01507692307692308,102.70320057846278,107.59155193468996,-4.888351356227176
0.024,0.015384615384615387,89.63234950124877,101.17478655957316,-11.542437058324396
0.024,0.015692307692307696,89.0032898441541,94.69893795822657,-5.695648114072469
0.024,0.016000000000000004,87.75008820549559,88.16778784387098,-0.4176996383753959
0.024,0.01630769230769231,78.18424567295249,81.58515022425352,-3.400904551301039
0.024,0.01661538461538462,72.35633311506598,74.9548691743745,-2.5985360593085147
0.024,0.016923076923076926,68.22586052562865,68.28081659165558,-0.05495606602693215
0.024,0.017230769230769234,56.871585365701065,61.56688993486136,-4.695304569160292
0.024,0.01753846153846154,51.89779512228652,54.817009948092505,-2.9192148258059873
0.024,0.01784615384615385,45.659090255485786,48.03511837118217,-2.3760281156963856
0.024,0.01815384615384616,40.12106082232287,41.22517563783036,-1.1041148155074936
0.024,0.018461538461538467,33.78273735862679,34.3911585628231,-0.6084212041963113
0.024,0.018769230769230774,28.05852473134412,27.537058019683386,0.5214667116607359
0.024,0.01907692307692308,18.375864424781962,20.666876610114414,-2.291012185332452
0.024,0.01938461538461539,12.254545665454554,13.7846263265923,-1.5300806611377453
0.024,0.019692307692307696,6.394976999760124,6.8943262094759135,-0.4993492097157892
0.024615384615384615,0.00030769230769230776,276.6041071171268,280.42296933232797,-3.818862215201193
0.024615384615384615,0.0006153846153846155,284.7643916696412,280.17730674176045,4.587084927880767
0.024615384615384615,0.0009230769230769233,278.0329133492574,279.76802849395676,-1.735115144699364
0.024615384615384615,0.001230769230769231,268.51236407942577,279.1953735958883,-10.683009516462562
0.024615384615384615,0.001538461538461539,290.2657306690864,278.45967646188933,11.806054207197064
0.024615384615384615,0.0018461538461538465,268.4817454758293,277.56136671836856,-9.079621242539247
0.024615384615384615,0.002153846153846154,261.4749859352716,276.50096895291944,-15.025983017647832
0.024615384615384615,0.002461538461538462,258.4816948552496,275.2791024079758,-16.797407552726213
0.024615384615384615,0.00276923076923077,251.29859911735812,273.8964806191917,-22.597881501833598
0.024615384615384615,0.003076923076923078,256.3253491583957,272.3539109987566,-16.028561840360908
0.024615384615384615,0.0033846153846153852,227.69710682259188,270.65229436388944,-42.95518754129756
0.024615384615384615,0.003692307692307693,241.12090485114297,268.79262441078686,-27.67171955964389
0.024615384615384615,0.004000000000000001,243.57026003641909,266.77598713433235,-23.205727097913268
0.024615384615384615,0.004307692307692308,238.06884174046766,264.6035601939062,-26.534718453438558
0.024615384615384615,0.004615384615384617,256.2122667516173,262.2766122256652,-6.0643454740479115
0.024615384615384615,0.004923076923076924,215.8681304544413,259.796502101695,-43.9283716472537
0.024615384615384615,0.0052307692307692315,192.25785421944263,257.16467813646716,-64.90682391702452
0.024615384615384615,0.00553846153846154,188.80171563661017,254.38267724106421,-65.58096160445405
0.024615384615384615,0.005846153846153847,195.63261097100207,251.4521240256669,-55.81951305466484
0.024615384615384615,0.006153846153846156,173.79870106308243,248.3747298508274,-74.57602878774497
0.024615384615384615,0.006461538461538463,175.70746958118932,245.15229182808326,-69.44482224689395
0.024615384615384615,0.0067692307692307704,180.75518325404965,241.78669177049468,-61.03150851644503
0.024615384615384615,0.007076923076923079,208.96188316104457,238.27989509371872,-29.318011932674153
0.024615384615384615,0.007384615384615386,210.5375471533631,234.6339496682618,-24.0964025148987
0.024615384615384615,0.007692307692307694,199.79332626075785,230.8509846235812,-31.05765836282336
0.024615384615384615,0.008000000000000002,204.90832006102832,226.93320910473324,-22.024889043704917
0.024615384615384615,0.00830769230769231,205.6858734674008,222.88291098229485,-17.19703751489405
0.024615384615384615,0.008615384615384617,214.66434430785105,218.70245551631166,-4.038111208460606
0.024615384615384615,0.008923076923076924,200.64886538317202,214.39428397505242,-13.745418591880394
0.024615384615384615,0.009230769230769233,194.34261129709031,209.9609122093775,-15.618300912287197
0.024615384615384615,0.00953846153846154,202.96150186143308,205.4049291835527,-2.443427322119618
0.024615384615384615,0.009846153846153848,196.3379325764527,200.72899546336674,-4.391062886914057
0.024615384615384615,0.010153846153846156,186.9413647588045,195.93584166243616,-8.994476903631664
0.024615384615384615,0.010461538461538463,180.85486398544455,191.02826684760365,-10.173402862159094
0.024615384615384615,0.010769230769230772,191.17135060500618,186.00913690436184,5.162213700644344
0.024615384615384615,0.01107692307692308,181.35053572208227,180.88138286325696,0.46915285882531066
0.024615384615384615,0.011384615384615387,151.69025981804631,175.6479991882495,-23.9577393702032
0.024615384615384615,0.011692307692307695,151.0982005182118,170.31204202803156,-19.21384150981976
0.024615384615384615,0.012000000000000002,155.0267981245416,164.87662743132208,-9.849829306780464
0.024615384615384615,0.012307692307692311,151.47225807228753,159.3449295271821,-7.872671454894572
0.024615384615384615,0.012615384615384619,146.35259501332897,153.720178671413,-7.367583658084044
0.024615384615384615,0.012923076923076926,137.64638954479517,148.0056595601194,-10.359270015324228
0.024615384615384615,0.013230769230769233,132.66693742050185,142.20470931153915,-9.537771891037295
0.024615384615384615,0.013538461538461541,128.350407050629,136.32071551726042,-7.970308466631423
0.024615384615384615,0.013846153846153848,107.17890637005885,130.35711426396367,-23.178207893904812
0.024615384615384615,0.014153846153846157,94.87440145912863,124.31738812684331,-29.442986667714678
0.024615384615384615,0.014461538461538465,108.62750982327763,118.20506413588257,-9.577554312604931
0.024615384615384615,0.014769230769230772,99.64394223370113,112.02371171616664,-12.37976948246552
0.024615384615384615,0.01507692307692308,99.22771193410362,105.77694060343943,-6.549228669335804
0.024615384615384615,0.015384615384615387,91.32130465985436,99.46839873611934,-8.147094076264978
0.024615384615384615,0.015692307692307696,95.68367043425822,93.10177012500579,2.5819003092524326
0.024615384615384615,0.016000000000000004,88.27889304190381,86.68077270192101,1.598120339982799
0.024615384615384615,0.01630769230769231,78.60713396224565,80.20915614854232,-1.602022186296665
0.024615384615384615,0.01661538461538462,74.13590450235485,73.69069970669375,0.4452047956610983
0.024615384615384615,0.016923076923076926,69.43851305450842,67.12920997137493,2.3093030831334858
0.024615384615384615,0.017230769230769234,61.23401256183508,60.528518667817366,0.7054938940177138
0.024615384615384615,0.01753846153846154,52.8336633010246,53.89248041386418,-1.0588171128395771
0.024615384615384615,0.01784615384615385,43.90089783553972,47.22497046898239,-3.3240726334426682
0.024615384615384615,0.01815384615384616,39.630365621643996,40.52988247121994,-0.8995168495759458
0.024615384615384615,0.018461538461538467,32.97664252746265,33.81112616343161,-0.834483635968958
0.024615384615384615,0.018769230769230774,27.03533634806527,27.072625110098134,-0.03728876203286191
0.024615384615384615,0.01907692307692308,19.152967370295634,20.31831440607599,-1.165347035780357
0.024615384615384615,0.01938461538461539,12.656584471863068,13.552138378612215,-0.8955539067491465
0.024615384615384615,0.019692307692307696,6.322984498907167,6.778048283968838,-0.4550637850616708
0.02523076923076923,0.00030769230769230776,278.03774003432113,274.95735147124833,3.080388563072802
0.02523076923076923,0.0006153846153846155,261.12621334755806,274.71647699716783,-13.590263649609767
0.02523076923076923,0.0009230769230769233,264.7051741150604,274.315175836643,-9.610001721582591
0.02523076923076923,0.001230769230769231,270.14110310140387,273.75368233825077,-3.612579236846898
0.02523076923076923,0.001538461538461539,246.24730921645414,273.03232439838234,-26.785015181928202
0.02523076923076923,0.0018461538461538465,263.68873118038715,272.1515232697609,-8.46279208937375
0.02523076923076923,0.002153846153846154,246.00501048531336,271.11179331544184,-25.10678283012848
0.02523076923076923,0.002461538461538462,245.8025908885236,269.9137417084393,-24.111150819915707
0.02523076923076923,0.00276923076923077,252.9629796501062,268.5580680771542,-15.595088427047983
0.02523076923076923,0.003076923076923078,243.82405067028685,267.0455640968108,-23.221513426523927
0.02523076923076923,0.0033846153846153852,232.1920583278755,265.37711302714104,-33.18505469926555
0.02523076923076923,0.003692307692307693,230.3395802928498,263.55368919658537,-33.214108903735564
0.02523076923076923,0.004000000000000001,255.49114919473092,261.57635743331247,-6.085208238581544
0.02523076923076923,0.004307692307692308,233.95689306857565,259.4462724433897,-25.489379374814064
0.02523076923076923,0.004615384615384617,248.8816452228732,257.16467813646716,-8.283032913593956
0.02523076923076923,0.004923076923076924,206.27126399537818,254.73290689936954,-48.46164290399136
0.02523076923076923,0.0052307692307692315,205.42098798894233,252.1523788180196,-46.73139082907727
0.02523076923076923,0.00553846153846154,190.03191192873248,249.42460084814823,-59.39268891941575
0.02523076923076923,0.005846153846153847,183.02586364390555,246.5511659352746,-63.52530229136906
0.02523076923076923,0.006153846153846156,177.53767665219257,243.53375208447073,-65.99607543227816
0.02523076923076923,0.006461538461538463,204.82378065531668,240.37412138045397,-35.55034072513729
0.02523076923076923,0.0067692307692307704,191.23552359353695,237.07411895857908,-45.838595365042124
0.02523076923076923,0.007076923076923079,200.90571207766226,233.63567192733106,-32.7299598496688
0.02523076923076923,0.007384615384615386,201.14923677616886,230.06078824294815,-28.911551466779287
0.02523076923076923,0.007692307692307694,165.86609056294267,226.35155553683197,-60.48546497388929
0.02523076923076923,0.008000000000000002,175.94601878809442,222.5101398964294,-46.56412110833497
0.02523076923076923,0.00830769230769231,185.33902214202266,218.53878460029873,-33.19976245827607
0.02523076923076923,0.008615384615384617,199.19011820286846,214.43980880809804,-15.249690605229574
0.02523076923076923,0.008923076923076924,193.02280450687243,210.21560620626119,-17.192801699388752
0.02523076923076923,0.009230769230769233,195.25635877944163,205.86864361015242,-10.612284830710792
0.02523076923076923,0.00953846153846154,185.90921396717405,201.40145952351583,-15.492245556341771
0.02523076923076923,0.009846153846153848,182.37014706164445,196.81666265606032,-14.446515594415871
0.02523076923076923,0.010153846153846156,171.29997721734546,192.11693040004684,-20.816953182701383
0.02523076923076923,0.010461538461538463,170.08794474522747,187.30500726676664,-17.217062521539162
0.02523076923076923,0.010769230769230772,163.56636718698266,182.38370328382393,-18.817336096841274
0.02523076923076923,0.01107692307692308,170.17523429295153,177.35589235415895,-7.180658061207424
0.02523076923076923,0.011384615384615387,148.10830020120696,172.22451057776954,-24.116210376562577
0.02523076923076923,0.011692307692307695,148.466544803667,166.99255453711137,-18.52600973344437
0.02523076923076923,0.012000000000000002,154.63696048820321,161.6630795471783,-7.026119058975098
0.02523076923076923,0.012307692307692311,131.32986739158875,156.2391978712844,-24.909330479695655
0.02523076923076923,0.012615384615384619,129.0544659697761,150.72407690358978,-21.669610933813686
0.02523076923076923,0.012923076923076926,143.41570195221232,145.12093731943165,-1.7052353672193306
0.02523076923076923,0.013230769230769233,141.74102779840445,139.43305119454058,2.307976603863864
0.02523076923076923,0.013538461538461541,129.11714511344258,133.6637400942404,-4.546594980797835
0.02523076923076923,0.013846153846153848,105.10745495953012,127.81637313374775,-22.70891817421763
0.02523076923076923,0.014153846153846157,90.2590822996954,121.89436501070332,-31.63528271100793
0.02523076923076923,0.014461538461538465,93.02428597068956,115.90117401108506,-22.8768880403955
0.02523076923076923,0.014769230769230772,95.66392959335523,109.84029998966606,-14.17637039631083
0.02523076923076923,0.01507692307692308,96.79338454252597,103.71528232619833,-6.921897783672364
0.02523076923076923,0.015384615384615387,93.18388475863371,97.52969785851454,-4.345813099880829
0.02523076923076923,0.015692307692307696,96.94643417952454,91.28715879375525,5.659275385769291
0.02523076923076923,0.016000000000000004,80.23102583519379,84.99131059894202,-4.760284763748231
0.02523076923076923,0.01630769230769231,77.75896075155737,78.64582987212714,-0.8868691205697701
0.02523076923076923,0.01661538461538462,68.94249977993722,72.2544221953639,-3.311922415426679
0.02523076923076923,0.016923076923076926,59.60600307619988,65.82081997075092,-6.214816894551035
0.02523076923076923,0.017230769230769234,61.16298686866252,59.348780240814776,1.8142066278477458
0.02523076923076923,0.01753846153846154,50.98415714491139,52.8420824945025,-1.8579253495911061
0.02523076923076923,0.01784615384615385,44.10492474058491,46.30452646006692,-2.199601719482004
0.02523076923076923,0.01815384615384616,35.050658560783205,39.73992988613182,-4.689271325348614
0.02523076923076923,0.018461538461538467,29.600174824744425,33.15212631223516,-3.5519514874907365
0.02523076923076923,0.018769230769230774,23.4796835981291,26.544962830148773,-3.065279232019673
0.02523076923076923,0.01907692307692308,19.9703658675919,19.922297837286028,0.04806803030587403
0.02523076923076923,0.01938461538461539,12.606863480907887,13.287998783505849,-0.6811353025979621
0.02523076923076923,0.019692307692307696,6.36556673119382,6.645939912631335,-0.2803731814375148
0.02584615384615385,0.00030769230769230776,272.05137845353556,268.84955797556324,3.201820477972319
0.02584615384615385,0.0006153846153846155,269.5923749898763,268.614034191465,0.9783407984112955
0.02584615384615385,0.0009230769230769233,269.67519302655967,268.2216473756738,1.4535456508858715
0.02584615384615385,0.001230769230769231,276.1978300869857,267.67262667104035,8.525203415945327
0.02584615384615385,0.001538461538461539,257.4176570693632,266.9672926901954,-9.549635620832191
0.02584615384615385,0.0018461538461538465,262.590703907558,266.10605732832147,-3.5153534207634607
0.02584615384615385,0.002153846153846154,241.3853526472275,265.089423522617,-23.704070875389476
0.02584615384615385,0.002461538461538462,244.16830144328145,263.9179849585958,-19.74968351531436
0.02584615384615385,0.00276923076923077,245.69248963804048,262.5924257233911,-16.899936085350618
0.02584615384615385,0.003076923076923078,238.5222805308022,261.113519906268,-22.59123937546579
0.02584615384615385,0.0033846153846153852,253.17729970593675,259.48213114657716,-6.304831440640413
0.02584615384615385,0.003692307692307693,232.58461834150262,257.69921212941364,-25.11459378791102
0.02584615384615385,0.004000000000000001,257.575983416012,255.76580402927576,1.8101793867362233
0.02584615384615385,0.004307692307692308,252.2300629118266,253.6830359020486,-1.4529729902220083
0.02584615384615385,0.004615384615384617,263.8503916739213,251.45212402566682,12.398267648254489
0.02584615384615385,0.004923076923076924,189.97270877643862,249.0743711898429,-59.101662413404284
0.02584615384615385,0.0052307692307692315,209.03458646901694,246.55116593527453,-37.51657946625758
0.02584615384615385,0.00553846153846154,187.776349591185,243.88398174277594,-56.107632151590934
0.02584615384615385,0.005846153846153847,214.53235066011166,241.07437617280664,-26.542025512694977
0.02584615384615385,0.006153846153846156,176.22872855233155,238.12398995589987,-61.89526140356833
0.02584615384615385,0.006461538461538463,198.60150234990573,235.0345460345223,-36.433043684616564
0.02584615384615385,0.0067692307692307704,204.51874867249978,231.8078485569241,-27.28909988442433
0.02584615384615385,0.007076923076923079,206.3592512044206,228.44578182356716,-22.086530619146572
0.02584615384615385,0.007384615384615386,198.41379464714322,224.9503091867466,-26.536514539603388
0.02584615384615385,0.007692307692307694,177.13181601116034,221.32347190404855,-44.19165589288821
0.02584615384615385,0.008000000000000002,208.1539608042128,217.5673879463129,-9.41342714210009
0.02584615384615385,0.00830769230769231,198.62273547431366,213.68425076079816,-15.061515286484507
0.02584615384615385,0.008615384615384617,204.61932844187805,209.67632799027015,-5.056999548392099
0.02584615384615385,0.008923076923076924,203.4208092896993,205.54596014876213,-2.125150859062842
0.02584615384615385,0.009230769230769233,199.18405562199482,201.29555925478076,-2.11150363278594
0.02584615384615385,0.00953846153846154,195.42832763630892,196.92760742275524,-1.4992797864463228
0.02584615384615385,0.009846153846153848,181.82984707373893,192.44465541355228,-10.61480833981335
0.02584615384615385,0.010153846153846156,179.32267247060116,187.84932114490354,-8.526648674302379
0.02584615384615385,0.010461538461538463,177.27377019918055,183.1442881626156,-5.870517963435049
0.02584615384615385,0.010769230769230772,174.46345180837778,178.33230407345448,-3.868852265076697
0.02584615384615385,0.01107692307692308,168.64101664362573,173.416178940621,-4.775162296995262
0.02584615384615385,0.011384615384615387,142.51714645785606,168.3987836427527,-25.881637184896647
0.02584615384615385,0.011692307692307695,164.5975906162948,163.28304819741177,1.3145424188830361
0.02584615384615385,0.012000000000000002,160.27413463161034,158.07196005003723,2.2021745815731038
0.02584615384615385,0.012307692307692311,147.50281784861704,152.76856232936083,-5.265744480743791
0.02584615384615385,0.012615384615384619,148.07711785877416,147.3759520703058,0.7011657884683586
0.02584615384615385,0.012923076923076926,143.7740529880013,141.89727840540536,1.8767745825959423
0.02584615384615385,0.013230769230769233,145.19136599030838,136.33574072579836,8.855625264510024
0.02584615384615385,0.013538461538461541,131.23863298614933,130.6945868128745,0.5440461732748361
0.02584615384615385,0.013846153846153848,83.0738301819437,124.97711094166195,-41.90328075971824
0.02584615384615385,0.014153846153846157,96.57052711505621,119.18665195706312,-22.61612484200691
0.02584615384615385,0.014461538461538465,97.56146102096267,113.32659132406353,-15.765130303100861
0.02584615384615385,0.014769230769230772,105.22927351173382,107.40035115305119,-2.1710776413173676
0.02584615384615385,0.01507692307692308,91.20376111578898,101.4113922014008,-10.207631085611823
0.02584615384615385,0.015384615384615387,94.70050803769662,95.36321185248879,-0.6627038147921667
0.02584615384615385,0.015692307692307696,87.68315378879143,89.25934207331971,-1.5761882845282855
0.02584615384615385,0.016000000000000004,84.5033043498318,83.10334735195734,1.3999569978744546
0.02584615384615385,0.01630769230769231,77.18735157125953,76.89882261596377,0.28852895529576017
0.02584615384615385,0.01661538461538462,69.6423981484437,70.64939113306305,-1.0069929846193446
0.02584615384615385,0.016923076923076926,68.59159806436585,64.35870239525467,4.232895669111187
0.02584615384615385,0.017230769230769234,61.953972193566806,58.03042998761343,3.9235422059533747
0.02584615384615385,0.01753846153846154,51.4122890461341,51.66826944301867,-0.2559803968845742
0.02584615384615385,0.01784615384615385,44.4392882259616,45.27593608406765,-0.8366478581060548
0.02584615384615385,0.01815384615384616,33.016047336901025,38.8571628534312,-5.841115516530174
0.02584615384615385,0.018461538461538467,29.3920055670204,32.41569813392121,-3.0236925669008095
0.02584615384615385,0.018769230769230774,23.453962334544087,25.955303559539534,-2.5013412249954463
0.02584615384615385,0.01907692307692308,19.124299518221225,19.4797518187905,-0.3554523005692758
0.02584615384615385,0.01938461538461539,13.115180835723585,12.99282445153657,0.12235638418701456
0.02584615384615385,0.019692307692307696,6.5149039301031895,6.498309640685949,0.016594289417240837
0.026461538461538463,0.00030769230769230776,271.20309493120124,262.1138538799889,9.089241051212355
0.026461538461538463,0.0006153846153846155,275.7474279168125,261.8842308625837,13.863197054228806
0.026461538461538463,0.0009230769230769233,261.8540820086728,261.5016748291158,0.35240717955696255
0.026461538461538463,0.001230769230769231,263.8933273593515,260.9664091815358,2.926918177815651
0.026461538461538463,0.001538461538461539,258.7226345900987,260.2787464999086,-1.5561119098098857
0.026461538461538463,0.0018461538461538465,250.59226950169415,259.43908835987537,-8.846818858181223
0.026461538461538463,0.002153846153846154,246.15582080690365,258.4479250981448,-12.292104291241174
0.026461538461538463,0.002461538461538462,239.02903906535715,257.3058355261503,-18.27679646079315
0.026461538461538463,0.00276923076923077,249.46027394352774,256.0134865920401,-6.553212648512385
0.026461538461538463,0.003076923076923078,255.62872624129506,254.57163299119875,1.057093250096301
0.026461538461538463,0.0033846153846153852,242.20101313440105,252.98111672552596,-10.780103591124913
0.026461538461538463,0.003692307692307693,238.48232149629743,251.24286661173136,-12.760545115433928
0.026461538461538463,0.004000000000000001,247.09578044801563,249.35789773893157,-2.2621172909159384
0.026461538461538463,0.004307692307692308,239.81014251524186,247.3273108758669,-7.51716836062505
0.026461538461538463,0.004615384615384617,235.36791377851068,245.15229182808326,-9.784378049572581
0.026461538461538463,0.004923076923076924,173.71325510711213,242.83411074545518,-69.12085563834304
0.026461538461538463,0.0052307692307692315,191.5947803887991,240.37412138045397,-48.77934099165486
0.026461538461538463,0.00553846153846154,193.91141127788862,237.77376029759463,-43.862349019706016
0.026461538461538463,0.005846153846153847,163.16635727578475,235.03454603452235,-71.8681887587376
0.026461538461538463,0.006153846153846156,161.12724412384426,232.15807821522944,-71.03083409138517
0.026461538461538463,0.006461538461538463,187.45491741270612,229.14603661591988,-41.69111920321376
0.026461538461538463,0.0067692307692307704,203.45654696779377,226.0001801840675,-22.54363321627372
0.026461538461538463,0.007076923076923079,200.1382296429368,222.72234601123992,-22.584116368303114
0.026461538461538463,0.007384615384615386,197.50753082298434,219.31444826028894,-21.806917437304605
0.026461538461538463,0.007692307692307694,194.11183863476535,215.7784770475335,-21.66663841276815
0.026461538461538463,0.008000000000000002,192.10755892051154,212.11649728058748,-20.008938360075945
0.026461538461538463,0.00830769230769231,198.13864305779637,208.33064745251198,-10.19200439471561
0.026461538461538463,0.008615384615384617,188.25966746684736,204.42313839299572,-16.163470926148364
0.026461538461538463,0.008923076923076924,191.63660916518003,200.3962519772924,-8.75964281211236
0.026461538461538463,0.009230769230769233,181.75108352637912,196.25233979367007,-14.501256267290955
0.026461538461538463,0.00953846153846154,183.64971280226365,191.99382177014994,-8.344108967886285
0.026461538461538463,0.009846153846153848,182.2965559863278,187.62318476133612,-5.3266287750083166
0.026461538461538463,0.010153846153846156,174.88050588123068,183.14298109616297,-8.262475214932294
0.026461538461538463,0.010461538461538463,173.14271955969153,178.5558270874067,-5.4131075277151695
0.026461538461538463,0.010769230769230772,163.61015143782163,173.8644015038324,-10.25425006601077
0.026461538461538463,0.01107692307692308,173.87838430504937,169.07144400586847,4.806940299180894
0.026461538461538463,0.011384615384615387,166.1315662059539,164.17975354572226,1.9518126602316386
0.026461538461538463,0.011692307692307695,158.65629638933436,159.19218673287054,-0.535890343536181
0.026461538461538463,0.012000000000000002,154.9013144442487,154.11165616588028,0.789658278368421
0.026461538461538463,0.012307692307692311,149.9608022183737,148.9411287315328,1.0196734868408726
0.026461538461538463,0.012615384615384619,158.10799980931913,143.68362387224582,14.424375937073307
0.026461538461538463,0.012923076923076926,147.80451884576527,138.34221182280373,9.46230702296154
0.026461538461538463,0.013230769230769233,131.59801787629968,132.92001181742722,-1.3219939411275448
0.026461538461538463,0.013538461538461541,134.0868780978156,127.42019026822814,6.66668782958746
0.026461538461538463,0.013846153846153848,104.70878787688105,121.84595891611418,-17.137171039233138
0.026461538461538463,0.014153846153846157,102.73044637305615,116.2005729552224,-13.470126582166245
0.026461538461538463,0.014461538461538465,95.6800996837444,110.4873291319778,-14.8072294482334
0.026461538461538463,0.014769230769230772,109.35035688094924,104.7095638198859,4.640793061063334
0.026461538461538463,0.01507692307692308,98.78888339460528,98.87065107118491,-0.08176767657963069
0.026461538461538463,0.015384615384615387,97.40472195893106,92.97400064649409,4.430721312436972
0.026461538461538463,0.015692307692307696,75.61442786916645,87.02305602360941,-11.408628154442965
0.026461538461538463,0.016000000000000004,84.52338877517616,81.02129238660977,3.502096388566386
0.026461538461538463,0.01630769230769231,79.70238215634379,74.97221459644723,4.730167559896557
0.026461538461538463,0.01661538461538462,67.2040935267694,68.87935514420693,-1.6752616174375277
0.026461538461538463,0.016923076923076926,62.29792280416776,62.74627208823155,-0.44834928406378793
0.026461538461538463,0.017230769230769234,58.02936953059497,56.576546976315946,1.4528225542790238
0.026461538461538463,0.01753846153846154,49.255746208740845,50.37378275418352,-1.1180365454426777
0.026461538461538463,0.01784615384615385,42.42696210674412,44.14160166146787,-1.714639554723746
0.026461538461538463,0.01815384615384616,28.766651214835285,37.883643116426285,-9.116991901591
0.026461538461538463,0.018461538461538467,29.224483912292545,31.60356159062289,-2.3790776783303436
0.026461538461538463,0.018769230769230774,24.43974535730901,25.305024474819007,-0.8652791175099956
0.026461538461538463,0.01907692307692308,18.294035479113845,18.99170993732114,-0.6976744582072953
0.026461538461538463,0.01938461538461539,12.078388057910024,12.667304776033706,-0.5889167181236825
0.026461538461538463,0.019692307692307696,5.982801351210985,6.335502265473313,-0.35270091426232764
0.02707692307692308,0.00030769230769230776,271.57098034828607,254.76597073354137,16.805009614744705
0.02707692307692308,0.0006153846153846155,283.49699321174666,254.54278477802615,28.95420843372051
0.02707692307692308,0.0009230769230769233,268.4013071709791,254.17095300422358,14.230354166755546
0.02707692307692308,0.001230769230769231,257.9456411387763,253.65069255141867,4.294948587357624
0.02707692307692308,0.001538461538461539,252.88639403078574,252.98230723706513,-0.09591320627939126
0.02707692307692308,0.0018461538461538465,252.29070413299576,252.16618737936457,0.12451675363118397
0.02707692307692308,0.002153846153846154,234.87929388994314,251.20280956933163,-16.323515679388493
0.02707692307692308,0.002461538461538462,229.50211503207666,250.09273639247823,-20.59062136040157
0.02707692307692308,0.00276923076923077,240.55684718552286,248.8366161002796,-8.279768914756744
0.02707692307692308,0.003076923076923078,247.28423611853756,247.43518223161354,-0.1509461130759746
0.02707692307692308,0.0033846153846153852,236.6771387808857,245.88925318439448,-9.212114403508764
0.02707692307692308,0.003692307692307693,244.24308421253303,244.19973173765197,0.0433524748810612
0.02707692307692308,0.004000000000000001,238.2624617585163,242.36760452433336,-4.10514276581705
0.02707692307692308,0.004307692307692308,238.73863216970375,240.39394145513785,-1.6553092854341003
0.02707692307692308,0.004615384615384617,241.51124388238506,238.27989509371866,3.231348788666395
0.02707692307692308,0.004923076923076924,165.31946309365324,236.02669998361858,-70.70723688996534
0.02707692307692308,0.0052307692307692315,201.0927028433112,233.635671927331,-32.5429690840198
0.02707692307692308,0.00553846153846154,192.4613360982666,231.10820721790856,-38.64687111964196
0.02707692307692308,0.005846153846153847,181.1108092930894,228.4457818235672,-47.334972530477785
0.02707692307692308,0.006153846153846156,167.50242677034475,225.6499505257622,-58.14752375541744
0.02707692307692308,0.006461538461538463,196.67742536034197,222.72234601123986,-26.044920650897893
0.02707692307692308,0.0067692307692307704,215.61673355616992,219.66467791859418,-4.047944362424261
0.02707692307692308,0.007076923076923079,218.0678928289699,216.4787318398862,1.5891609890836946
0.02707692307692308,0.007384615384615386,205.55399419538085,213.16636827790828,-7.612374082527424
0.02707692307692308,0.007692307692307694,195.39163646434048,209.72952155970333,-14.33788509536285
0.02707692307692308,0.008000000000000002,184.59398225332123,206.17019870697172,-21.57621645365049
0.02707692307692308,0.00830769230769231,193.8823744862228,202.49047826402762,-8.608103777804814
0.02707692307692308,0.008615384615384617,191.72483244273954,198.69250908398737,-6.967676641247834
0.02707692307692308,0.008923076923076924,193.81766585336032,194.77850907389978,-0.9608432205394593
0.02707692307692308,0.009230769230769233,196.50592927722982,190.750763899551,5.755165377678821
0.02707692307692308,0.00953846153846154,185.21044289207416,186.61162565070003,-1.401182758625879
0.02707692307692308,0.009846153846153848,189.7408576061323,182.36351146752446,7.377346138607834
0.02707692307692308,0.010153846153846156,178.24429546029194,178.0089021290787,0.23539333121323125
0.02707692307692308,0.010461538461538463,177.41638787517127,173.55034060458897,3.8660472705822997
0.02707692307692308,0.010769230769230772,164.83512896237647,168.9904305684307,-4.155301606054223
0.02707692307692308,0.01107692307692308,166.27724209771296,164.3318348796562,1.9454072180567437
0.02707692307692308,0.011384615384615387,193.5646369082658,159.5772740269599,33.9873628813059
0.02707692307692308,0.011692307692307695,169.00198953518665,154.72952453998946,14.272464995197197
0.02707692307692308,0.012000000000000002,158.3343809085317,149.79141736793082,8.54296354060088
0.02707692307692308,0.012307692307692311,147.1302655262874,144.76583622631338,2.364429299974006
0.02707692307692308,0.012615384615384619,167.76589176405918,139.65571591300161,28.110175851057562
0.02707692307692308,0.012923076923076926,146.71904933936838,134.46404059435554,12.255008745012844
0.02707692307692308,0.013230769230769233,135.74492697380919,129.19384206256163,6.551084911247557
0.02707692307692308,0.013538461538461541,131.02182607987754,123.8481979651516,7.173628114725943
0.02707692307692308,0.013846153846153848,85.48559919406682,118.43023000774303,-32.94463081367621
0.02707692307692308,0.014153846153846157,88.16581507427752,112.94310213105088,-24.77728705677336
0.02707692307692308,0.014461538461538465,94.18851936768046,107.39001866323558,-13.201499295555124
0.02707692307692308,0.014769230769230772,99.20865585741832,101.77422244866527,-2.5655665912469487
0.02707692307692308,0.01507692307692308,96.04481096734533,96.09899295418633,-0.05418198684100162
0.02707692307692308,0.015384615384615387,97.80441259320132,90.36764435400691,7.436768239194407
0.02707692307692308,0.015692307692307696,94.87118949958197,84.58352359431245,10.28766590526952
0.02707692307692308,0.016000000000000004,82.00730501290168,78.75000843874358,3.2572965741581044
0.02707692307692308,0.01630769230769231,77.96364840086535,72.87050549587711,5.093142904988241
0.02707692307692308,0.01661538461538462,67.76801621405825,66.94844822986268,0.8195679841955723
0.02707692307692308,0.016923076923076926,58.15413932698084,60.98729495537606,-2.833155628395218
0.02707692307692308,0.017230769230769234,59.2751658116921,54.99052681806133,4.2846389936307645
0.02707692307692308,0.01753846153846154,53.61223885358555,48.96164576163926,4.650593091946291
0.02707692307692308,0.01784615384615385,44.35663725973599,42.90417248287129,1.4524647768647014
0.02707692307692308,0.01815384615384616,30.45048062069881,36.8216443755712,-6.371163754872395
0.02707692307692308,0.018461538461538467,28.858266397239788,30.71761346486767,-1.8593470676278834
0.02707692307692308,0.018769230769230774,24.97452742908681,24.59564433292045,0.3788830961663585
0.02707692307692308,0.01907692307692308,18.448242686987573,18.459312037305697,-0.011069350318123838
0.02707692307692308,0.01938461538461539,12.773347256235674,12.31220002328245,0.46114723295322335
0.02707692307692308,0.019692307692307696,6.2705230462782096,6.1578980311619675,0.11262501511624201
0.027692307692307693,0.00030769230769230776,269.3657593225659,246.82306985777612,22.542689464789788
0.027692307692307693,0.0006153846153846155,279.40989290398073,246.60684222529133,32.8030506786894
0.027692307692307693,0.0009230769230769233,280.24018509350356,246.24660314149077,33.99358195201279
0.027692307692307693,0.001230769230769231,277.2239587432682,245.74256297585495,31.48139576741326
0.027692307692307693,0.001538461538461539,270.7308522915081,245.09501607364666,25.635836217861424
0.027692307692307693,0.0018461538461538465,255.84619498989412,244.30434058402162,11.541854405872499
0.027692307692307693,0.002153846153846154,242.53479703264895,243.3709982392,-0.8362012065510385
0.027692307692307693,0.002461538461538462,235.72521623677943,242.29553408482792,-6.570317848048489
0.027692307692307693,0.00276923076923077,242.6022809511772,241.07857616168607,1.52370478949112
0.027692307692307693,0.003076923076923078,244.44194348695612,239.7208351389315,4.7211083480246145
0.027692307692307693,0.0033846153846153852,233.48671120402668,238.22310389908708,-4.7363926950604025
0.027692307692307693,0.003692307692307693,238.11892036233743,236.58625707502011,1.5326632873173196
0.027692307692307693,0.004000000000000001,266.43239324390186,234.8112505391816,31.621142704720256
0.027692307692307693,0.004307692307692308,261.96120138094795,232.8991208454037,29.062080535544254
0.027692307692307693,0.004615384615384617,246.28851623334492,230.85098462358118,15.437531609763738
0.027692307692307693,0.004923076923076924,197.56696233654824,228.66803792759134,-31.1010755910431
0.027692307692307693,0.0052307692307692315,204.63534293488948,226.35155553683194,-21.71621260194246
0.027692307692307693,0.00553846153846154,211.6508922065233,223.9028902117862,-12.251998005262891
0.027692307692307693,0.005846153846153847,200.4060104469754,221.3234719040486,-20.917461457073216
0.027692307692307693,0.006153846153846156,180.9855987315538,218.61480692127338,-37.62920818971958
0.027692307692307693,0.006461538461538463,205.45489961373488,215.7784770475335,-10.323577433798619
0.027692307692307693,0.0067692307692307704,217.79730268152912,212.81613861960304,4.98116406192608
0.027692307692307693,0.007076923076923079,218.6205458025178,209.72952155970336,8.891024242814439
0.027692307692307693,0.007384615384615386,205.52127311455652,206.520428365277,-0.9991552507204915
0.027692307692307693,0.007692307692307694,228.51755359968425,203.19073305638037,25.32682054330388
0.027692307692307693,0.008000000000000002,219.1323791674665,199.74238008130823,19.38999908615827
0.027692307692307693,0.00830769230769231,221.74732480022917,196.1773831810911,25.569941619138064
0.027692307692307693,0.008615384615384617,225.91410646271328,192.49782421352708,33.416282249186196
0.027692307692307693,0.008923076923076924,220.26920083153092,188.70585193743537,31.563348894095554
0.027692307692307693,0.009230769230769233,227.88457638276287,184.80368075784176,43.08089562492111
0.027692307692307693,0.00953846153846154,211.6007533284051,180.7935894328286,30.80716389557648
0.027692307692307693,0.009846153846153848,205.82500881907953,176.6779197428039,29.14708907627562
0.027692307692307693,0.010153846153846156,191.311685066951,172.45907512296782,18.85260994398317
0.027692307692307693,0.010461538461538463,186.07788838920825,168.13951925977403,17.93836912943422
0.027692307692307693,0.010769230769230772,173.45852020765625,163.72177465220628,9.736745555449971
0.027692307692307693,0.01107692307692308,159.97701787463112,159.20842113870998,0.7685967359211361
0.027692307692307693,0.011384615384615387,183.81236024341388,154.6020943906393,29.21026585277457
0.027692307692307693,0.011692307692307695,177.8801597499501,149.90548437309909,27.974675376851025
0.027692307692307693,0.012000000000000002,157.72854204682238,145.1213337740813,12.607208272741076
0.027692307692307693,0.012307692307692311,140.57573964185096,140.2524364028122,0.3233032390387507
0.027692307692307693,0.012615384615384619,161.50043364325987,135.30163555824663,26.198798085013237
0.027692307692307693,0.012923076923076926,147.30493323928707,130.27182236866128,17.03311087062579
0.027692307692307693,0.013230769230769233,145.88415489447516,125.16593410331747,20.71822079115769
0.027692307692307693,0.013538461538461541,127.6535594400927,119.98695245717829,7.666606982914416
0.027692307692307693,0.013846153846153848,123.42734817129697,114.73790180968305,8.689446361613918
0.027692307692307693,0.014153846153846157,124.08498481485783,109.42184745859451,14.66313735626332
0.027692307692307693,0.014461538461538465,102.70425886788557,104.04189382995165,-1.3376349620660761
0.027692307692307693,0.014769230769230772,104.83644932787982,98.60118266517193,6.235266662707886
0.027692307692307693,0.01507692307692308,98.52902609648291,93.1028911863631,5.4261349101198135
0.027692307692307693,0.015384615384615387,91.78179267211229,87.55023024091484,4.231562431197446
0.027692307692307693,0.015692307692307696,82.40513273481183,81.94644242645411,0.45869030835771696
0.027692307692307693,0.016000000000000004,82.22468713801005,76.29480019725976,5.929886940750293
0.027692307692307693,0.01630769230769231,75.6739420522704,70.59860395324124,5.075338099029167
0.027692307692307693,0.01661538461538462,68.63416225806684,64.86118011259802,3.7729821454688164
0.027692307692307693,0.016923076923076926,69.84833974879481,59.08587916928484,10.762460579509977
0.027692307692307693,0.017230769230769234,60.68215427168194,53.27607373641801,7.406080535263925
0.027692307692307693,0.01753846153846154,52.15474967698204,47.43515657676387,4.7195931002181695
0.027692307692307693,0.01784615384615385,45.46414034582612,41.56653862146126,3.897601724364854
0.027692307692307693,0.01815384615384616,38.7310795327432,35.67364697813333,3.057432554609875
0.027692307692307693,0.018461538461538467,30.29795250200784,29.759922929553987,0.5380295724538513
0.027692307692307693,0.018769230769230774,23.54798623969504,23.828819924034654,-0.28083368433961553
0.027692307692307693,0.01907692307692308,20.18619265149946,17.8838015587085,2.302391092790959
0.027692307692307693,0.01938461538461539,13.091464833147052,11.928339556886765,1.1631252762602866
0.027692307692307693,0.019692307692307696,6.381804697236516,5.965911740670504,0.41589295656601255
0.028307692307692308,0.00030769230769230776,254.93047868732145,238.30370226572546,16.62677642159599
0.028307692307692308,0.0006153846153846155,250.73176908848012,238.0949379659257,12.636831122554412
0.028307692307692308,0.0009230769230769233,270.1811407136674,237.74713292719917,32.434007786468214
0.028307692307692308,0.001230769230769231,267.0261998706223,237.26049025789416,29.76570961272813
0.028307692307692308,0.001538461538461539,271.3142910580436,236.63529414362554,34.678996914418036
0.028307692307692308,0.0018461538461538465,248.18749876641658,235.87190968131824,12.315589085098338
0.028307692307692308,0.002153846153846154,246.3518614239464,234.97078266600104,11.381078757945346
0.028307692307692308,0.002461538461538462,241.1451696254437,233.93243933047484,7.212730294968878
0.028307692307692308,0.00276923076923077,246.65296400195174,232.7574860380074,13.89547796394433
0.028307692307692308,0.003076923076923078,239.3789623062957,231.44660892823438,7.932353378061322
0.028307692307692308,0.0033846153846153852,250.4612989516153,230.00057351647314,20.460725435142166
0.028307692307692308,0.003692307692307693,251.994659053127,228.42022424668318,23.574434806443833
0.028307692307692308,0.004000000000000001,284.0422717633041,226.70648399833482,57.33578776496927
0.028307692307692308,0.004307692307692308,251.51166031245728,224.86035354747352,26.651306764983758
0.028307692307692308,0.004615384615384617,247.67219445177128,222.88291098229485,24.78928346947643
0.028307692307692308,0.004923076923076924,182.6185907916739,220.7753110735713,-38.15672028189738
0.028307692307692308,0.0052307692307692315,193.3228539202601,218.5387846002987,-25.21593068003861
0.028307692307692308,0.00553846153846154,179.3169761985519,216.17463763095608,-36.85766143240417
0.028307692307692308,0.005846153846153847,158.7019584120656,213.6842507607982,-54.982292348732585
0.028307692307692308,0.006153846153846156,172.07647413446065,211.069078305627,-38.992604171166334
0.028307692307692308,0.006461538461538463,197.7632693629553,208.33064745251198,-10.567378089556684
0.028307692307692308,0.0067692307692307704,199.61909276906465,205.47055736795613,-5.851464598891482
0.028307692307692308,0.007076923076923079,225.02195855610188,202.49047826402764,22.531480292074235
0.028307692307692308,0.007384615384615386,210.11436538891772,199.39215042300293,10.722214965914787
0.028307692307692308,0.007692307692307694,202.65322518512326,196.1773831810911,6.47584200403216
0.028307692307692308,0.008000000000000002,197.86377269948076,192.84805387183232,5.015718827648442
0.028307692307692308,0.00830769230769231,207.4625729905289,189.40610672978804,18.056466260740876
0.028307692307692308,0.008615384615384617,188.8190984716362,185.8535517551626,2.9655467164735967
0.028307692307692308,0.008923076923076924,207.1084002338325,182.19246354001993,24.91593669381257
0.028307692307692308,0.009230769230769233,201.74423984377384,178.4249800567799,23.31925978699394
0.028307692307692308,0.00953846153846154,196.62161443643578,174.55330140970307,22.06831302673271
0.028307692307692308,0.009846153846153848,186.71018984161546,170.5796885500913,16.130501291524155
0.028307692307692308,0.010153846153846156,184.3949005924882,166.5064619559561,17.8884386365321
0.028307692307692308,0.010461538461538463,179.8645012586998,162.3360002769249,17.528500981774897
0.028307692307692308,0.010769230769230772,176.6375662891643,158.07073894517637,18.56682734398794
0.028307692307692308,0.01107692307692308,163.10120214891455,153.71316875321685,9.388033395697704
0.028307692307692308,0.011384615384615387,166.88750386217833,149.26583439932764,17.62166946285069
0.028307692307692308,0.011692307692307695,155.08584724628355,144.7313330015327,10.354514244750845
0.028307692307692308,0.012000000000000002,148.59454900614207,140.1123125809551,8.482236425186983
0.028307692307692308,0.012307692307692311,149.77808047107445,135.41147051544695,14.366609955627496
0.028307692307692308,0.012615384615384619,140.92185223851078,130.6315519643971,10.29030027411369
0.028307692307692308,0.012923076923076926,143.25356073148407,125.77534826563493,17.47821246584914
0.028307692307692308,0.013230769230769233,143.87361677480868,120.84569530536801,23.02792146944067
0.028307692307692308,0.013538461538461541,129.00447921853043,115.84547186210415,13.159007356426287
0.028307692307692308,0.013846153846153848,114.03652557277935,110.77759792552604,3.2589276472533157
0.028307692307692308,0.014153846153846157,103.48386883458868,105.6450329912993,-2.161164156710626
0.028307692307692308,0.014461538461538465,102.3415976718785,100.4507743328106,1.8908233390679072
0.028307692307692308,0.014769230769230772,110.58886086010257,95.19785525084404,15.391005609258528
0.028307692307692308,0.01507692307692308,96.73922305015103,89.88934330221934,6.849879747931681
0.028307692307692308,0.015384615384615387,93.4534881611357,84.5283385084248,8.9251496527109
0.028307692307692308,0.015692307692307696,86.84534148793772,79.11797154529192,7.727369942645794
0.028307692307692308,0.016000000000000004,77.87504638371763,73.6614019147692,4.213644468948431
0.028307692307692308,0.01630769230769231,72.89229653812923,68.16181609986175,4.730480438267477
0.028307692307692308,0.01661538461538462,66.77748370695699,62.62242570381511,4.155058003141875
0.028307692307692308,0.016923076923076926,62.20997386794736,57.04646557462903,5.16350829331833
0.028307692307692308,0.017230769230769234,54.78829239288919,51.43719191599793,3.3511004768912613
0.028307692307692308,0.01753846153846154,52.361772782072286,45.797880385779,6.563892396293284
0.028307692307692308,0.01784615384615385,45.20205111274355,40.13182418310082,5.070226929642729
0.028307692307692308,0.01815384615384616,38.04891374212099,34.4423321252272,3.6065816168937843
0.028307692307692308,0.018461538461538467,29.8934546503347,28.732726715301975,1.1607279350327246
0.028307692307692308,0.018769230769230774,24.911430281162023,23.006342202099635,1.9050880790623879
0.028307692307692308,0.01907692307692308,19.84357930584201,17.266522632918793,2.5770566729232165
0.028307692307692308,0.01938461538461539,12.60362307707629,11.516619900752216,1.0870031763240728
0.028307692307692308,0.019692307692307696,6.201939585030869,5.759991786876113,0.4419477981547564
0.028923076923076923,0.00030769230769230776,247.8789701080784,229.22776533514858,18.651204772929816
0.028923076923076923,0.0006153846153846155,236.5260992085788,229.02695194672924,7.499147261849572
0.028923076923076923,0.0009230769230769233,270.37205760309007,228.69239326786033,41.679664335229745
0.028923076923076923,0.001230769230769231,271.95616020224065,228.22428467138906,43.731875530851596
0.028923076923076923,0.001538461538461539,274.85683729178794,227.62289951955364,47.2339377722343
0.028923076923076923,0.0018461538461538465,263.4526275265177,226.8885890043475,36.56403852217019
0.028923076923076923,0.002153846153846154,253.81517749384633,226.02178194243305,27.793395551413283
0.028923076923076923,0.002461538461538462,252.54907082170098,225.0229845247248,27.52608629697619
0.028923076923076923,0.00276923076923077,258.64483904562405,223.89278002078822,34.75205902483583
0.028923076923076923,0.003076923076923078,249.20464353131234,222.6318284382266,26.57281509308575
0.028923076923076923,0.0033846153846153852,264.6620183807151,221.24086613725524,43.42115224345986
0.028923076923076923,0.003692307692307693,246.4687380963379,219.7207054006879,26.748032695649982
0.028923076923076923,0.004000000000000001,264.427321246143,218.0722339595864,46.35508728655657
0.028923076923076923,0.004307692307692308,252.56778613647853,216.29641447485085,36.27137166162768
0.028923076923076923,0.004615384615384617,253.65182007812174,214.39428397505242,39.25753610306933
0.028923076923076923,0.004923076923076924,194.06046260498383,212.36695325083838,-18.306490645854552
0.028923076923076923,0.0052307692307692315,209.19696881420677,210.21560620626119,-1.0186373920544156
0.028923076923076923,0.00553846153846154,197.25148284817277,207.94149916741213,-10.690016319239362
0.028923076923076923,0.005846153846153847,196.65588968989297,205.5459601487622,-8.890070458869218
0.028923076923076923,0.006153846153846156,169.8559542011513,203.03038807763892,-33.174433876487626
0.028923076923076923,0.006461538461538463,214.477724422703,200.3962519772924,14.081472445410611
0.028923076923076923,0.0067692307692307704,217.86217941753296,197.64509010902694,20.21708930850602
0.028923076923076923,0.007076923076923079,229.86710849218088,194.77850907389984,35.088599418281035
0.028923076923076923,0.007384615384615386,221.67024458286986,191.79818287451153,29.87206170835833
0.028923076923076923,0.007692307692307694,229.46746281274258,188.7058519374354,40.761610875307184
0.028923076923076923,0.008000000000000002,228.17468248606613,185.50332209685737,42.67136038920876
0.028923076923076923,0.00830769230769231,201.71272246277707,182.19246354001996,19.520258922757108
0.028923076923076923,0.008615384615384617,210.4332839615305,178.77520971508525,31.65807424644524
0.028923076923076923,0.008923076923076924,193.510798496236,175.25355620205585,18.257242294180145
0.028923076923076923,0.009230769230769233,200.70518054160493,171.62955954741219,29.075620994192747
0.028923076923076923,0.00953846153846154,198.3625904975655,167.9053360631475,30.45725443441799
0.028923076923076923,0.009846153846153848,195.65034063204277,164.08306059090097,31.5672800411418
0.028923076923076923,0.010153846153846156,179.55002618107974,160.16496523191168,19.385060949168064
0.028923076923076923,0.010461538461538463,173.05344781318033,156.1533380435342,16.90010976964612
0.028923076923076923,0.010769230769230772,169.48561324906737,152.05052170307755,17.43509154598982
0.028923076923076923,0.01107692307692308,159.84889615425496,147.85891213974767,11.989984014507286
0.028923076923076923,0.011384615384615387,129.6528451342317,143.5809571354922,-13.928112001260502
0.028923076923076923,0.011692307692307695,152.81673903273355,139.21915489556477,13.59758413716878
0.028923076923076923,0.012000000000000002,146.02127114761504,134.77605258964348,11.245218557971555
0.028923076923076923,0.012307692307692311,157.28989465783224,130.25424486435546,27.03564979347678
0.028923076923076923,0.012615384615384619,137.38002467903058,125.65637232807649,11.723652350954097
0.028923076923076923,0.012923076923076926,140.90085392843875,120.98512000888985,19.9157339195489
0.028923076923076923,0.013230769230769233,133.48133772340876,116.24321578660572,17.23812193680304
0.028923076923076923,0.013538461538461541,132.44559486560428,111.43342879975597,21.012166065848305
0.028923076923076923,0.013846153846153848,114.71422388682267,106.5585678284956,8.155656058327068
0.028923076923076923,0.014153846153846157,95.84235771993055,101.62147965435372,-5.7791219344231735
0.028923076923076923,0.014461538461538465,100.4644231872575,96.62504739779384,3.8393757894636593
0.028923076923076923,0.014769230769230772,105.87225403379992,91.57218883455222,14.300065199247697
0.028923076923076923,0.01507692307692308,101.42583493448167,86.4658546917394,14.959980242742276
0.028923076923076923,0.015384615384615387,99.45585694968621,81.30902692469849,18.14683002498772
0.028923076923076923,0.015692307692307696,95.5901188376619,76.10471697562708,19.48540186203482
0.028923076923076923,0.016000000000000004,80.33053882729182,70.85596401498012,9.474574812311701
0.028923076923076923,0.01630769230769231,64.99429739841167,65.56583316667968,-0.5715357682680064
0.028923076923076923,0.01661538461538462,68.26009551796427,60.237413718169144,8.02268179979513
0.028923076923076923,0.016923076923076926,63.013475060132635,54.87381731635594,8.139657743776695
0.028923076923076923,0.017230769230769234,54.73573463106825,49.478176150497916,5.2575584805703315
0.028923076923076923,0.01753846153846154,50.45102006693514,44.0536411230925,6.3973789438426465
0.028923076923076923,0.01784615384615385,43.06504514012642,38.60338000983876,4.461665130287663
0.028923076923076923,0.01815384615384616,35.50678993678387,33.130575609745215,2.376214327038653
0.028923076923076923,0.018461538461538467,30.22261581472428,27.638423886465525,2.584191928258754
0.028923076923076923,0.018769230769230774,23.938685480891184,22.13013210194477,1.8085533789464137
0.028923076923076923,0.01907692307692308,18.73820272142526,16.60891694346959,2.129285777955669
0.028923076923076923,0.01938461538461539,12.407835229311925,11.078002645212887,1.3298325840990373
0.028923076923076923,0.019692307692307696,6.144409196353241,5.540619105372258,0.6037900909809828
0.02953846153846154,0.00030769230769230776,249.11487210086528,219.6164563372833,29.49841576358199
0.02953846153846154,0.0006153846153846155,261.39326603659055,219.42406286921778,41.96920316737277
0.02953846153846154,0.0009230769230769233,258.60032864358345,219.1035319275029,39.49679671608055
0.02953846153846154,0.001230769230769231,251.94091903529124,218.65505069318237,33.28586834210887
0.02953846153846154,0.001538461538461539,241.52525683182736,218.07888106666766,23.4463757651597
0.02953846153846154,0.0018461538461538465,244.43975989850907,217.3753595147955,27.064400383713576
0.02953846153846154,0.002153846153846154,228.64274511196126,216.54489687434065,12.09784823762061
0.02953846153846154,0.002461538461538462,229.95201097259212,215.58797811209908,14.36403286049304
0.02953846153846154,0.00276923076923077,238.79388474787677,214.50516204168073,24.28872270619604
0.02953846153846154,0.003076923076923078,236.80576116310775,213.29708099717814,23.508680165929604
0.02953846153846154,0.0033846153846153852,249.03195036514714,211.96444046390135,37.067509901245785
0.02953846153846154,0.003692307692307693,225.79801993059573,210.5080186663941,15.290001264201635
0.02953846153846154,0.004000000000000001,244.49291338586514,208.9286661139727,35.56424727189244
0.02953846153846154,0.004307692307692308,230.3859004863027,207.22730510405262,23.15859538225007
0.02953846153846154,0.004615384615384617,239.74936085663384,205.40492918355264,34.3444316730812
0.02953846153846154,0.004923076923076924,189.44541248513903,203.46260256869158,-14.01719008355255
0.02953846153846154,0.0052307692307692315,199.3405829866351,201.40145952351577,-2.06087653688067
0.02953846153846154,0.00553846153846154,184.06414316807812,199.22270369752107,-15.158560529442951
0.02953846153846154,0.005846153846153847,185.23486095562492,196.92760742275524,-11.69274646713032
0.02953846153846154,0.006153846153846156,162.62610046034445,194.51751097081194,-31.891410510467495
0.02953846153846154,0.006461538461538463,187.72579738542817,191.99382177014988,-4.268024384721713
0.02953846153846154,0.0067692307692307704,198.00001325227882,189.35801358419414,8.64199966808468
0.02953846153846154,0.007076923076923079,207.40683311895026,186.61162565070003,20.795207468250226
0.02953846153846154,0.007384615384615386,202.26094027890588,183.75626178288127,18.50467849602461
0.02953846153846154,0.007692307692307694,125.7226571331731,180.79358943282858,-55.07093229965548
0.02953846153846154,0.008000000000000002,171.58862122842646,177.72533871776432,-6.136717489337855
0.02953846153846154,0.00830769230769231,170.02266249058226,174.55330140970304,-4.530638919120776
0.02953846153846154,0.008615384615384617,191.39795153638914,171.27932988910686,20.118621647282282
0.02953846153846154,0.008923076923076924,176.83953524687084,167.90533606314744,8.934199183723393
0.02953846153846154,0.009230769230769233,175.2482332712344,164.43329024920618,10.814943022028217
0.02953846153846154,0.00953846153846154,174.76376207931463,160.86522002426435,13.898542055050285
0.02953846153846154,0.009846153846153848,164.51094910665742,157.20320904085497,7.307740065802449
0.02953846153846154,0.010153846153846156,154.56584437156465,153.4493958102688,1.1164485612958401
0.02953846153846154,0.010461538461538463,156.54289351617143,149.60597245372364,6.936921062447794
0.02953846153846154,0.010769230769230772,167.6740470155339,145.67518342222743,21.998863593306453
0.02953846153846154,0.01107692307692308,146.84288679279447,141.659324185882,5.18356260691246
0.02953846153846154,0.011384615384615387,141.96547759363634,137.5607398933933,4.404737700243032
0.02953846153846154,0.011692307692307695,154.1384357641118,133.38182400257034,20.75661176154145
0.02953846153846154,0.012000000000000002,149.57482993430816,129.12501688261355,20.449813051694605
0.02953846153846154,0.012307692307692311,142.54475718683943,124.79280438900757,17.751952797831862
0.02953846153846154,0.012615384615384619,143.07580083241157,120.38771641185198,22.68808442055959
0.02953846153846154,0.012923076923076926,136.54800100317945,115.91232539847643,20.635675604703025
0.02953846153846154,0.013230769230769233,130.73512258302583,111.369244851204,19.365877731821826
0.02953846153846154,0.013538461538461541,124.01013999877266,106.76112780113934,17.24901219763332
0.02953846153846154,0.013846153846153848,124.4829311321783,102.09066525887343,22.392265873304865
0.02953846153846154,0.014153846153846157,108.35450966589532,97.36058464300882,10.9939250228865
0.02953846153846154,0.014461538461538465,100.06439832586676,92.57364818742438,7.49075013844238
0.02953846153846154,0.014769230769230772,93.57393075928464,87.73265132820809,5.8412794310765435
0.02953846153846154,0.01507692307692308,96.17256228795888,82.84042107120146,13.332141216757421
0.02953846153846154,0.015384615384615387,88.05200806716356,77.89981434110751,10.15219372605604
0.02953846153846154,0.015692307692307696,85.52810832415904,72.91371631312717,12.614392011031867
0.02953846153846154,0.016000000000000004,80.29337093882309,67.88503872809832,12.408332210724765
0.02953846153846154,0.01630769230769231,75.35706283904656,62.816718192121165,12.540344646925398
0.02953846153846154,0.01661538461538462,66.89409509045146,57.7117144616629,9.182380628788557
0.02953846153846154,0.016923076923076926,62.51742836078745,52.573008715143104,9.944419645644345
0.02953846153846154,0.017230769230769234,49.708089123250446,47.40360181200994,2.304487311240507
0.02953846153846154,0.01753846153846154,48.27659017805354,42.20651254032223,6.070077637731309
0.02953846153846154,0.01784615384615385,45.581061941613406,36.9847758538627,8.596286087750705
0.02953846153846154,0.01815384615384616,35.84194869365609,31.74144109980994,4.100507593846153
0.02953846153846154,0.018461538461538467,28.260733827541646,26.47957023800626,1.7811635895353852
0.02953846153846154,0.018769230769230774,22.35497375290778,21.202236052858456,1.1527377000493253
0.02953846153846154,0.01907692307692308,17.64493374756504,15.91252035891898,1.7324133886460604
0.02953846153846154,0.01938461538461539,12.347054526676185,10.613512201192563,1.7335423254836222
0.02953846153846154,0.019692307692307696,6.137588177576706,5.308306051221295,0.8292821263554115
0.030153846153846156,0.00030769230769230776,156.66923729902342,209.49222292963773,-52.82298563061431
0.030153846153846156,0.0006153846153846155,149.6140221468512,209.30869872578532,-59.69467657893412
0.030153846153846156,0.0009230769230769233,121.81500565007575,209.00294413609078,-87.18793848601503
0.030153846153846156,0.001230769230769231,118.33523643261917,208.5751377126243,-90.23990128000513
0.030153846153846156,0.001538461538461539,142.60274774043768,208.02552928229002,-65.42278154185234
0.030153846153846156,0.0018461538461538465,102.20815361565884,207.3544398009341,-105.14628618527526
0.030153846153846156,0.002153846153846154,120.81682753340603,206.5622611659155,-85.74543363250946
0.030153846153846156,0.002461538461538462,123.04691340160458,205.64945598724896,-82.60254258564437
0.030153846153846156,0.00276923076923077,120.78098768943741,204.61655731745392,-83.83556962801651
0.030153846153846156,0.003076923076923078,126.12591055612505,203.46416834026672,-77.33825778414167
0.030153846153846156,0.0033846153846153852,124.83865355866493,202.1929620183983,-77.35430845973337
0.030153846153846156,0.003692307692307693,129.03672094354383,200.80368070054297,-71.76695975699914
0.030153846153846156,0.004000000000000001,138.77485460336945,199.29713568786767,-60.52228108449822
0.030153846153846156,0.004307692307692308,111.29564739682156,197.67420676023494,-86.37855936341337
0.030153846153846156,0.004615384615384617,121.5477002141332,195.93584166243616,-74.38814144830296
0.030153846153846156,0.004923076923076924,192.71202112477494,194.08305555073545,-1.3710344259605165
0.030153846153846156,0.0052307692307692315,155.8260576792092,192.1169304000468,-36.2908727208376
0.030153846153846156,0.00553846153846154,161.65703657089236,190.03861437209147,-28.381577801199114
0.030153846153846156,0.005846153846153847,162.89613107872196,187.84932114490357,-24.953190066181605
0.030153846153846156,0.006153846153846156,162.70415647916136,185.55032920407643,-22.84617272491508
0.030153846153846156,0.006461538461538463,140.07160071713275,183.14298109616297,-43.07138037903022
0.030153846153846156,0.0067692307692307704,133.9325919204214,180.62868264466638,-46.69609072424498
0.030153846153846156,0.007076923076923079,107.36197519162656,178.00890212907873,-70.64692693745218
0.030153846153846156,0.007384615384615386,118.96056047766598,175.28516942744707,-56.324608949781094
0.030153846153846156,0.007692307692307694,86.90159497540004,172.45907512296782,-85.55748014756777
0.030153846153846156,0.008000000000000002,102.41765555682797,169.53226957513084,-67.11461401830287
0.030153846153846156,0.00830769230769231,102.34185341234473,166.50646195595613,-64.1646085436114
0.030153846153846156,0.008615384615384617,107.40455929060604,163.38341925188539,-55.97885996127934
0.030153846153846156,0.008923076923076924,95.0223314087095,160.16496523191168,-65.14263382320217
0.030153846153846156,0.009230769230769233,98.65247267068143,156.85297938254973,-58.2005067118683
0.030153846153846156,0.00953846153846154,94.58602535419084,153.44939581026884,-58.863370456078
0.030153846153846156,0.009846153846153848,91.51795467572268,149.95620211202896,-58.438247436306284
0.030153846153846156,0.010153846153846156,88.90906596283598,146.37543821458016,-57.466372251744176
0.030153846153846156,0.010461538461538463,96.16296200794993,142.7091951832029,-46.546233175252965
0.030153846153846156,0.010769230769230772,105.59583198965478,138.95961400058462,-33.36378201092984
0.030153846153846156,0.01107692307692308,77.2170534146558,135.1288843165464,-57.911830901890596
0.030153846153846156,0.011384615384615387,74.8373927444779,131.21924316934883,-56.38185042487093
0.030153846153846156,0.011692307692307695,79.92348168729704,127.2329736793249,-47.30949199202786
0.030153846153846156,0.012000000000000002,96.45094893940947,123.17240371560189,-26.721454776192417
0.030153846153846156,0.012307692307692311,88.06801017080447,119.03990453669135,-30.971894365886882
0.030153846153846156,0.012615384615384619,88.06656421006632,114.83788940574108,-26.771325195674763
0.030153846153846156,0.012923076923076926,64.2141112057661,110.56881218125713,-46.35470097549103
0.030153846153846156,0.013230769230769233,62.965743120868,106.23516588411977,-43.26942276325177
0.030153846153846156,0.013538461538461541,63.88038504841597,101.83948124172932,-37.95909619331335
0.030153846153846156,0.013846153846153848,73.56283851093902,97.38432521013283,-23.821486699193812
0.030153846153846156,0.014153846153846157,84.67814224527957,92.87229947499378,-8.194157229714207
0.030153846153846156,0.014461538461538465,76.4994599546981,88.30603893228115,-11.806578977583058
0.030153846153846156,0.014769230769230772,53.91511855261263,83.68821014956417,-29.773091596951538
0.030153846153846156,0.01507692307692308,58.97845513426899,79.02150980881214,-20.04305467454315
0.030153846153846156,0.015384615384615387,56.96522576747981,74.30866313160803,-17.34343736412822
0.030153846153846156,0.015692307692307696,43.34879828195225,69.55242228769565,-26.2036240057434
0.030153846153846156,0.016000000000000004,43.972214966305195,64.75556478779029,-20.783349821485096
0.030153846153846156,0.01630769230769231,36.07847302204292,59.92089186159057,-23.842418839547648
0.030153846153846156,0.01661538461538462,41.721438050759005,55.05122682193917,-13.329788771180162
0.030153846153846156,0.016923076923076926,35.788254222578104,50.149413416087484,-14.36115919350938
0.030153846153846156,0.017230769230769234,27.82352617231621,45.2183141650277,-17.39478799271149
0.030153846153846156,0.01753846153846154,26.61949282546511,40.260808691860674,-13.641315866395566
0.030153846153846156,0.01784615384615385,27.96393413187013,35.279792040177554,-7.315857908307425
0.030153846153846156,0.01815384615384616,21.661469678757072,30.278172983435393,-8.616703304678321
0.030153846153846156,0.018461538461538467,15.910341312911832,25.258872326316077,-9.348531013404244
0.030153846153846156,0.018769230769230774,13.058647411430163,20.224821199057743,-7.16617378762758
0.030153846153846156,0.01907692307692308,9.83382160646166,15.178959345757974,-5.345137739296314
0.030153846153846156,0.01938461538461539,6.615233745377965,10.124233407645589,-3.508999662267624
0.030153846153846156,0.019692307692307696,2.9999445606370356,5.063595202325505,-2.0636506416884695
0.03076923076923077,0.00030769230769230776,139.40579435725286,198.87871072844516,-59.4729163711923
0.03076923076923077,0.0006153846153846155,123.4708622502381,198.70448441808762,-75.23362216784952
0.03076923076923077,0.0009230769230769233,107.99462073164834,198.41422028442486,-90.41959955277652
0.03076923076923077,0.001230769230769231,120.88265379058932,198.008087833537,-77.12543404294767
0.03076923076923077,0.001538461538461539,135.0247722935133,197.48632423533854,-62.461551941825235
0.03076923076923077,0.0018461538461538465,118.13549774939277,196.84923418507776,-78.713736435685
0.03076923076923077,0.002153846153846154,138.41019620656425,196.0971897254033,-57.686993518839046
0.03076923076923077,0.002461538461538462,133.6953361552177,195.23063002910172,-61.53529387388403
0.03076923076923077,0.00276923076923077,127.20443498843697,194.25006114263303,-67.04562615419606
0.03076923076923077,0.003076923076923078,136.66446735864406,193.15605569061375,-56.491588331969695
0.03076923076923077,0.0033846153846153852,113.70436151136418,191.9492525414202,-78.24489103005602
0.03076923076923077,0.003692307692307693,127.36883321021844,190.63035643410754,-63.2615232238891
0.03076923076923077,0.004000000000000001,128.0779611162204,189.2001375668617,-61.12217645064132
0.03076923076923077,0.004307692307692308,115.98612124261923,187.65943114722577,-71.67330990460654
0.03076923076923077,0.004615384615384617,120.68824589578331,186.00913690436184,-65.32089100857853
0.03076923076923077,0.004923076923076924,141.1725111911854,184.25021856363486,-43.07770737244945
0.03076923076923077,0.0052307692307692315,144.80964163510697,182.38370328382393,-37.57406164871696
0.03076923076923077,0.00553846153846154,160.04957189742498,180.41068105729076,-20.361109159865777
0.03076923076923077,0.005846153846153847,144.82657123894919,178.3323040734545,-33.505732834505324
0.03076923076923077,0.006153846153846156,164.13488227546728,176.1497860459459,-12.014903770478611
0.03076923076923077,0.006461538461538463,135.90297655070736,173.86440150383237,-37.961424953125004
0.03076923076923077,0.0067692307692307704,132.8862114996226,171.47748504732928,-38.59127354770669
0.03076923076923077,0.007076923076923079,115.8927702826633,168.99043056843072,-53.09766028576742
0.03076923076923077,0.007384615384615386,123.01240804452603,166.40469043691593,-43.3922823923899
0.03076923076923077,0.007692307692307694,132.9329854560139,163.72177465220628,-30.78878919619237
0.03076923076923077,0.008000000000000002,118.74509281038048,160.94324996156809,-42.1981571511876
0.03076923076923077,0.00830769230769231,115.92431474025001,158.07073894517637,-42.14642420492636
0.03076923076923077,0.008615384615384617,101.78630660739847,155.1059190685737,-53.31961246117524
0.03076923076923077,0.008923076923076924,102.11853036042363,152.05052170307752,-49.93199134265389
0.03076923076923077,0.009230769230769233,79.16212356347806,148.9063311147081,-69.74420755123005
0.03076923076923077,0.00953846153846154,100.9655409484464,145.67518342222746,-44.70964247378106
0.03076923076923077,0.009846153846153848,104.47980017450776,142.35896552489763,-37.87916535038987
0.03076923076923077,0.010153846153846156,109.14949609547648,138.95961400058462,-29.810117905108143
0.03076923076923077,0.010461538461538463,103.72384755314897,135.47911397485169,-31.755266421702714
0.03076923076923077,0.010769230769230772,103.93755285258163,131.91949796170155,-27.98194510911992
0.03076923076923077,0.01107692307692308,77.24854583207524,128.28284467664574,-51.0342988445705
0.03076923076923077,0.011384615384615387,61.61858705257262,124.5712778227932,-62.952690770220585
0.03076923076923077,0.011692307692307695,73.31619761585353,120.78696485066742,-47.47076723481389
0.03076923076923077,0.012000000000000002,97.46214759893302,116.93211569247637,-19.469968093543358
0.03076923076923077,0.012307692307692311,94.41305908146748,113.00898147157442,-18.595922390106935
0.03076923076923077,0.012615384615384619,86.30428091389798,109.01985318786961,-22.71557227397163
0.03076923076923077,0.012923076923076926,64.21216293762582,104.96706037994423,-40.75489744231841
0.03076923076923077,0.013230769230769233,65.58594068352697,100.85296976466991,-35.26702908114294
0.03076923076923077,0.013538461538461541,63.20814479727065,96.67998385511153,-33.47183905784088
0.03076923076923077,0.013846153846153848,102.99808136992603,92.45053955752748,10.54754181239855
0.03076923076923077,0.014153846153846157,71.7355244067592,88.16710674828465,-16.431582341525456
0.03076923076923077,0.014461538461538465,77.01743242326944,83.83218683152063,-6.81475440825119
0.03076923076923077,0.014769230769230772,50.41101986304857,79.44831127839369,-29.037291415345116
0.03076923076923077,0.01507692307692308,55.71523873893158,75.01804014877527,-19.30280140984369
0.03076923076923077,0.015384615384615387,45.69741979092273,70.54396059624698,-24.846540805324246
0.03076923076923077,0.015692307692307696,42.66922395349697,66.02868535727559,-23.359461403778624
0.03076923076923077,0.016000000000000004,44.89431033687512,61.47485122544881,-16.580540888573687
0.03076923076923077,0.01630769230769231,39.9570446752167,56.8851175116619,-16.928072836445203
0.03076923076923077,0.01661538461538462,35.453996802853375,52.2621644911551,-16.808167688301722
0.03076923076923077,0.016923076923076926,30.0200374764009,47.608691838308125,-17.588654361907224
0.03076923076923077,0.017230769230769234,27.487000707808885,42.92741705010677,-15.440416342297883
0.03076923076923077,0.01753846153846154,24.774853703666846,38.221073859200736,-13.44622015553389
0.03076923076923077,0.01784615384615385,25.413134547953835,33.492410637481164,-8.07927608952733
0.03076923076923077,0.01815384615384616,22.67363630530343,28.74418879110838,-6.070552485804953
0.03076923076923077,0.018461538461538467,17.364614860485123,23.97918114792917,-6.614566287444049
0.03076923076923077,0.018769230769230774,13.450086008827173,19.200170338222524,-5.750084329395351
0.03076923076923077,0.01907692307692308,8.374144384421331,14.409947169722601,-6.03580278530127
0.03076923076923077,0.01938461538461539,5.98138041854073,9.611308997865192,-3.6299285793244627
0.03076923076923077,0.019692307692307696,2.988741215745448,4.807058092211244,-1.8183168764657958
0.031384615384615386,0.00030769230769230776,126.14570838951337,187.80070808323222,-61.65499969371885
0.031384615384615386,0.0006153846153846155,121.6766856115126,187.6361865799902,-65.95950096847761
0.031384615384615386,0.0009230769230769233,105.58099508057107,187.3620908276929,-81.78109574712182
0.031384615384615386,0.001230769230769231,112.91032707192889,186.978580890541,-74.0682538186121
0.031384615384615386,0.001538461538461539,146.9105286031057,186.48588072753802,-39.57535212443233
0.031384615384615386,0.0018461538461538465,134.69278071082218,185.88427806170455,-51.19149735088237
0.031384615384615386,0.002153846153846154,139.47860247699828,185.17412421205603,-45.69552173505775
0.031384615384615386,0.002461538461538462,140.87048942876353,184.35583388844248,-43.48534445967894
0.031384615384615386,0.00276923076923077,138.23674870552946,183.42988494936952,-45.19313624384006
0.031384615384615386,0.003076923076923078,137.35406364889047,182.39681812294245,-45.042754474051975
0.031384615384615386,0.0033846153846153852,141.0007475154917,181.2572366910964,-40.25648917560471
0.031384615384615386,0.003692307692307693,137.36305401514127,180.01180613729647,-42.6487521221552
0.031384615384615386,0.004000000000000001,143.9712925519058,178.6612537579143,-34.68996120600849
0.031384615384615386,0.004307692307692308,133.54988177632222,177.20636823750738,-43.65648646118515
0.031384615384615386,0.004615384615384617,118.17752328428918,175.64799918824946,-57.47047590396028
0.031384615384615386,0.004923076923076924,144.71892765297127,173.98705665378105,-29.26812900080978
0.031384615384615386,0.0052307692307692315,147.43702995229083,172.22451057776948,-24.78748062547865
0.031384615384615386,0.00553846153846154,162.97012173040224,170.36139023748916,-7.39126850708692
0.031384615384615386,0.005846153846153847,161.87489314954257,168.3987836427527,-6.523890493210132
0.031384615384615386,0.006153846153846156,169.22822404686295,166.33783690054358,2.8903871463193695
0.031384615384615386,0.006461538461538463,146.9282657994659,164.1797535457222,-17.251487746256316
0.031384615384615386,0.0067692307692307704,125.75163030925576,161.92579383819537,-36.174163528939616
0.031384615384615386,0.007076923076923079,113.37252094108369,159.57727402695988,-46.20475308587619
0.031384615384615386,0.007384615384615386,119.4424103657135,157.13556558145027,-37.693155215736766
0.031384615384615386,0.007692307692307694,109.28657655849095,154.60209439063925,-45.3155178321483
0.031384615384615386,0.008000000000000002,120.31259515698208,151.97833993035874,-31.66574477337666
0.031384615384615386,0.00830769230769231,113.77008192192459,149.26583439932762,-35.49575247740303
0.031384615384615386,0.008615384615384617,102.56116192791461,146.46616182439078,-43.90499989647617
0.031384615384615386,0.008923076923076924,100.71071434185053,143.58095713549216,-42.87024279364162
0.031384615384615386,0.009230769230769233,120.90415119696974,140.61190521092152,-19.707754013951785
0.031384615384615386,0.00953846153846154,103.30739131855164,137.56073989339328,-34.25334857484164
0.031384615384615386,0.009846153846153848,102.14973645017734,134.4292429775308,-32.27950652735346
0.031384615384615386,0.010153846153846156,94.08333761100835,131.2192431693488,-37.135905558340454
0.031384615384615386,0.010461538461538463,94.69783038908066,127.93261501834044,-33.23478462925978
0.031384615384615386,0.010769230769230772,103.93988191999918,124.57127782279316,-20.631395902793983
0.031384615384615386,0.01107692307692308,93.98583507968642,121.13719450897266,-27.15135942928623
0.031384615384615386,0.011384615384615387,77.39043705183786,117.63237048482905,-40.24193343299119
0.031384615384615386,0.011692307692307695,86.51685341345495,114.05885246889524,-27.541999055440286
0.031384615384615386,0.012000000000000002,88.92906049689853,110.41872729506092,-21.48966679816239
0.031384615384615386,0.012307692307692311,98.29649031212347,106.71412069392022,-8.417630381796755
0.031384615384615386,0.012615384615384619,79.45021587616466,102.94719605140513,-23.496980175240466
0.031384615384615386,0.012923076923076926,74.06879634655104,99.12015314542879,-25.051356798877748
0.031384615384615386,0.013230769230769233,68.2966523615841,95.2352268612773,-26.938574499693203
0.031384615384615386,0.013538461538461541,57.60287960124841,91.29468588649952,-33.69180628525111
0.031384615384615386,0.013846153846153848,88.57178462672348,87.30083138605767,1.2709532406658184
0.031384615384615386,0.014153846153846157,68.14652769658204,83.25599565851142,-15.109467961929383
0.031384615384615386,0.014461538461538465,76.87531758136535,79.16254077402161,-2.2872231926562563
0.031384615384615386,0.014769230769230772,65.9985974401113,75.02285719496743,-9.024259754856132
0.031384615384615386,0.01507692307692308,50.57938471135522,70.83936237998401,-20.259977668628792
0.031384615384615386,0.015384615384615387,54.82095571111827,66.61449937223449,-11.793543661116217
0.031384615384615386,0.015692307692307696,43.63407586090745,62.35073537274156,-18.71665951183411
0.031384615384615386,0.016000000000000004,50.10046314457729,58.05056029961172,-7.9500971550344275
0.031384615384615386,0.01630769230769231,37.23520036726279,53.716485333993084,-16.481284966730293
0.031384615384615386,0.01661538461538462,38.45530322397563,49.3510414536164,-10.89573822964077
0.031384615384615386,0.016923076923076926,39.56445219353966,44.956777954775134,-5.392325761235476
0.031384615384615386,0.017230769230769234,31.848091495350555,40.53626096360854,-8.688169468257986
0.031384615384615386,0.01753846153846154,26.131775551806328,36.092071937555914,-9.960296385749587
0.031384615384615386,0.01784615384615385,20.087662143013045,31.62680615785846,-11.539144014845416
0.031384615384615386,0.01815384615384616,22.133722560016338,27.14307121398777,-5.009348653971433
0.031384615384615386,0.018461538461538467,18.141920038311827,22.64348548088759,-4.501565442575764
0.031384615384615386,0.018769230769230774,14.171689558252124,18.130676589915826,-3.9589870316637015
0.031384615384615386,0.01907692307692308,8.863659957785961,13.607279894382437,-4.743619936596476
0.031384615384615386,0.01938461538461539,5.61487772428579,9.075936930576942,-3.461059206291152
0.031384615384615386,0.019692307692307696,3.121492802694741,4.539293875185917,-1.4178010724911765
0.032,0.00030769230769230776,140.73073908523085,176.28408818248008,-35.553349097249225
0.032,0.0006153846153846155,142.2350059229208,176.12965573394757,-33.89464981102677
0.032,0.0009230769230769233,120.10719834342179,175.87236852634553,-55.76517018292374
0.032,0.001230769230769231,130.44506993900012,175.51237680815788,-45.06730686915776
0.032,0.001538461538461539,120.76082203714083,175.0498908044105,-54.28906876726967
0.032,0.0018461538461538465,124.81810736276935,174.48518059390585,-49.6670732311365
0.032,0.002153846153846154,129.77134083460368,173.81857595150439,-44.04723511690071
0.032,0.002461538461538462,145.83986516260467,173.05046615554542,-27.210600992940755
0.032,0.00276923076923077,137.88620018137848,172.18129976051952,-34.29509957914104
0.032,0.003076923076923078,135.29075100615432,171.21158433512534,-35.920833328971014
0.032,0.0033846153846153852,146.05597757230723,170.14188616586372,-24.085908593556496
0.032,0.003692307692307693,134.8920283421797,168.97282992634243,-34.080801584162714
0.032,0.004000000000000001,148.93890731793968,167.70509831248424,-18.76619099454456
0.032,0.004307692307692308,124.20948159353999,166.3394316438519,-42.129950050311905
0.032,0.004615384615384617,114.31800767824663,164.87662743132208,-50.55861975307545
0.032,0.004923076923076924,180.00057697136856,163.31753991136185,16.68303706000671
0.032,0.0052307692307692315,162.59860673777845,161.66307954717834,0.9355271906001121
0.032,0.00553846153846154,174.34409492520018,159.91421249703396,14.429882428166223
0.032,0.005846153846153847,188.63324514286106,158.0719600500373,30.561285092823766
0.032,0.006153846153846156,174.6152428981859,156.1373980297388,18.477844868447107
0.032,0.006461538461538463,152.64692115147324,154.11165616588028,-1.4647350144070401
0.032,0.0067692307692307704,133.00192716763365,151.99591743466465,-18.993990267030995
0.032,0.007076923076923079,107.4605216901718,149.79141736793085,-42.330895677759045
0.032,0.007384615384615386,113.29999843679902,147.4994433316383,-34.19944489483929
0.032,0.007692307692307694,105.3031872419499,145.12133377408134,-39.818146532131436
0.032,0.008000000000000002,113.26820923186578,142.65847744427307,-29.390268212407292
0.032,0.00830769230769231,113.36248961944221,140.11231258095512,-26.749822961512905
0.032,0.008615384615384617,115.14445591229808,137.4843260727067,-22.33987016040861
0.032,0.008923076923076924,106.78363478651637,134.77605258964348,-27.99241780312711
0.032,0.009230769230769233,106.79208946189806,131.98907368721356,-25.196984225315504
0.032,0.00953846153846154,96.01425340380497,129.12501688261358,-33.11076347880861
0.032,0.009846153846153848,98.61580506014019,126.18555470436446,-27.569749644224274
0.032,0.010153846153846156,98.96417386564151,123.1724037156019,-24.20822984996039
0.032,0.010461538461538463,101.72298219811663,120.08732351165186,-18.364341313535235
0.032,0.010769230769230772,103.93525262079262,116.93211569247639,-12.996863071683762
0.032,0.01107692307692308,91.3159916736538,113.70862281059001,-22.392631136936217
0.032,0.011384615384615387,97.83445393020112,110.41872729506098,-12.584273364859854
0.032,0.011692307692307695,92.95426816770876,107.06435035222556,-14.110082184516799
0.032,0.012000000000000002,97.7266372921068,103.64745084375791,-5.920813551651108
0.032,0.012307692307692311,75.07948797341858,100.17002414274968,-25.090536169331102
0.032,0.012615384615384619,84.39379016651614,96.63410096846864,-12.240310801952504
0.032,0.012923076923076926,74.45541744693315,93.0417462004756,-18.586328753542446
0.032,0.013230769230769233,70.7975087642647,89.39505767279297,-18.597548908528267
0.032,0.013538461538461541,61.15043629707418,85.69616494882874,-24.54572865175456
0.032,0.013846153846153848,113.71928837910929,81.9472280777715,31.77206030133779
0.032,0.014153846153846157,89.77717772834835,78.15043633318237,11.626741395165979
0.032,0.014461538461538465,77.07346602560845,74.30800693452115,2.7654590910873083
0.032,0.014769230769230772,65.41035358374319,70.42218375235228,-5.0118301686090945
0.032,0.01507692307692308,50.77129817412737,66.4952359979879,-15.723937823860538
0.032,0.015384615384615387,51.00974945640909,62.529456898332256,-11.519707441923167
0.032,0.015692307692307696,44.19684694542419,58.52716235670159,-14.330315411277397
0.032,0.016000000000000004,45.417620570999524,54.49068960040208,-9.073069029402554
0.032,0.01630769230769231,38.70744496084191,50.422395815854784,-11.714950855012873
0.032,0.01661538461538462,38.26073363539738,46.324656772065204,-8.063923136667825
0.032,0.016923076923076926,33.67730860984959,42.1998654332409,-8.522556823391312
0.032,0.017230769230769234,26.597904967046055,38.050430561368124,-11.452525594322069
0.032,0.01753846153846154,25.055104569150423,33.87877530956228,-8.823670740411856
0.032,0.01784615384615385,23.350118653742264,29.687335807015074,-6.33721715327281
0.032,0.01815384615384616,20.13168859686877,25.47855973636329,-5.346871139494521
0.032,0.018461538461538467,18.236901891267156,21.254904904311662,-3.018003013044506
0.032,0.018769230769230774,14.276363710817789,17.018837806342205,-2.7424740955244165
0.032,0.01907692307692308,10.426433542487674,12.772832186350918,-2.3463986438632443
0.032,0.01938461538461539,6.475149508524934,8.519367592050651,-2.044218083525717
0.032,0.019692307692307696,3.3160740494645524,4.260927926985342,-0.94485387752079
0.032615384615384616,0.00030769230769230776,191.81321324809886,164.3557486255933,27.45746462250557
0.032615384615384616,0.0006153846153846155,170.32560597624243,164.21176591590955,6.113840060332876
0.032615384615384616,0.0009230769230769233,134.88842826110474,163.97188815919762,-29.083459898092883
0.032615384615384616,0.001230769230769231,123.80186362430065,163.63625543731234,-39.83439181301169
0.032615384615384616,0.001538461538461539,112.45251667646905,163.2050637503118,-50.75254707384276
0.032615384615384616,0.0018461538461538465,112.1963186499274,162.67856490199867,-50.48224625207126
0.032615384615384616,0.002153846153846154,127.9229369589569,162.05706635287393,-34.134129393917036
0.032615384615384616,0.002461538461538462,145.37596788789244,161.34093104058863,-15.964963152696185
0.032615384615384616,0.00276923076923077,138.55688770379348,160.53057716799853,-21.97368946420505
0.032615384615384616,0.003076923076923078,136.0922714277267,159.62647795894532,-23.534206531218615
0.032615384615384616,0.0033846153846153852,151.4818818929533,158.6291613819073,-7.147279488953984
0.032615384615384616,0.003692307692307693,134.36303007691154,157.53920984168064,-23.176179764769103
0.032615384615384616,0.004000000000000001,130.1518260085591,156.3572598392714,-26.20543383071228
0.032615384615384616,0.004307692307692308,114.00838152299569,155.08400160019684,-41.07562007720115
0.032615384615384616,0.004615384615384617,121.23649915791026,153.72017867141304,-32.48367951350278
0.032615384615384616,0.004923076923076924,197.25807532982193,152.26658748710474,44.99148784271719
0.032615384615384616,0.0052307692307692315,168.18073429005156,150.7240769035898,17.456657386461757
0.032615384615384616,0.00553846153846154,162.2254595119868,149.09354770361136,13.131911808375435
0.032615384615384616,0.005846153846153847,157.97769167592736,147.37595207030586,10.601739605621503
0.032615384615384616,0.006153846153846156,173.4651821180166,145.57229303115497,27.89288908686163
0.032615384615384616,0.006461538461538463,147.2517098329264,143.68362387224585,3.5680859606805484
0.032615384615384616,0.0067692307692307704,125.33927652953807,141.71104752318163,-16.371770993643565
0.032615384615384616,0.007076923076923079,110.87255106749498,139.65571591300167,-28.78316484550669
0.032615384615384616,0.007384615384615386,122.1400202216023,137.51882929748737,-15.378809075885073
0.032615384615384616,0.007692307692307694,85.21504421137108,135.30163555824666,-50.08659134687558
0.032615384615384616,0.008000000000000002,90.66201733014888,133.00542947398617,-42.343412143837284
0.032615384615384616,0.00830769230769231,110.31134818181714,130.63155196439712,-20.32020378257998
0.032615384615384616,0.008615384615384617,98.72312012117516,128.1813893070958,-29.458269185920642
0.032615384615384616,0.008923076923076924,101.16484118501015,125.6563723280765,-24.491531143066354
0.032615384615384616,0.009230769230769233,79.86148915006879,123.05797556614952,-43.19648641608073
0.032615384615384616,0.00953846153846154,92.2731597590733,120.38771641185204,-28.114556652778745
0.032615384615384616,0.009846153846153848,99.84135230281481,117.64715422133457,-17.805801918519762
0.032615384615384616,0.010153846153846156,96.91612982057616,114.83788940574111,-17.92175958516495
0.032615384615384616,0.010461538461538463,99.81742021666638,111.96156249661398,-12.144142279947602
0.032615384615384616,0.010769230769230772,102.46808652002338,109.01985318786963,-6.551766667846252
0.032615384615384616,0.01107692307692308,91.52100231358772,106.01447935490472,-14.493477041317007
0.032615384615384616,0.011384615384615387,91.32713656028497,102.94719605140519,-11.620059491120216
0.032615384615384616,0.011692307692307695,78.82430687740691,99.8197944844444,-20.99548760703749
0.032615384615384616,0.012000000000000002,87.50612728372657,96.63410096846866,-9.127973684742088
0.032615384615384616,0.012307692307692311,84.9192612354743,93.39197585878087,-8.472714623306572
0.032615384615384616,0.012615384615384619,84.25500510837065,90.09531246514565,-5.840307356775
0.032615384615384616,0.012923076923076926,69.90312049168327,86.74603594614958,-16.842915454466308
0.032615384615384616,0.013230769230769233,68.07490466737018,83.3461021849628,-15.271197517592626
0.032615384615384616,0.013538461538461541,69.70283646751444,79.89749664715838,-10.194660179643932
0.032615384615384616,0.013846153846153848,78.95884996854369,76.4022332212564,2.5566167472872934
0.032615384615384616,0.014153846153846157,83.20356911447715,72.86235304266955,10.341216071807594
0.032615384615384616,0.014461538461538465,60.322990071611486,69.27992330173778,-8.956933230126296
0.032615384615384616,0.014769230769230772,55.411299920617566,65.65703603654715,-10.245736115929589
0.032615384615384616,0.01507692307692308,53.69690510026406,61.99580691123865,-8.298901810974591
0.032615384615384616,0.015384615384615387,52.29984980491235,58.29837398051988,-5.998524175607528
0.032615384615384616,0.015692307692307696,40.56002430859744,54.56689644110115,-14.006872132503709
0.032615384615384616,0.016000000000000004,39.348575147441004,50.80355337078568,-11.454978223344675
0.032615384615384616,0.01630769230769231,38.472450876058154,47.010542455949334,-8.53809157989118
0.032615384615384616,0.01661538461538462,40.55847587995371,43.190078708153784,-2.631602828200073
0.032615384615384616,0.016923076923076926,31.253887536287493,39.34439317064191,-8.090505634354415
0.032615384615384616,0.017230769230769234,30.819210897537356,35.475731615471716,-4.6565207179343595
0.032615384615384616,0.01753846153846154,25.30316356472506,31.586353232048342,-6.283189667323281
0.032615384615384616,0.01784615384615385,26.169959331151784,27.678529307821385,-1.5085699766696017
0.032615384615384616,0.01815384615384616,14.814000029095979,23.75454190191662,-8.940541872820642
0.032615384615384616,0.018461538461538467,16.937735449004627,19.816682512478312,-2.878947063473685
0.032615384615384616,0.018769230769230774,12.882260186211571,15.86725073849811,-2.984990552286538
0.032615384615384616,0.01907692307692308,9.703542808466313,11.908552936914562,-2.205010128448249
0.032615384615384616,0.01938461538461539,6.963031930603874,7.942900875765268,-0.9798689451613942
0.032615384615384616,0.019692307692307696,3.3303178677293057,3.9726103841797165,-0.6422925164504107
0.03323076923076923,0.00030769230769230776,150.5989073224427,152.0435486023109,-1.4446412798681934
0.03323076923076923,0.0006153846153846155,139.88290416382063,151.91035190976586,-12.027447745945238
0.03323076923076923,0.0009230769230769233,132.7905158585106,151.68844384955966,-18.897927991049073
0.03323076923076923,0.001230769230769231,123.4557297136427,151.3779540097504,-27.9222242961077
0.03323076923076923,0.001538461538461539,140.1373558935655,150.97906370766108,-10.841707814095571
0.03323076923076923,0.0018461538461538465,131.96622776752343,150.4920058839952,-18.52577811647177
0.03323076923076923,0.002153846153846154,137.45704076532562,149.917064966806,-12.460024201480394
0.03323076923076923,0.002461538461538462,140.12086803214066,149.25457670539862,-9.133708673257956
0.03323076923076923,0.00276923076923077,135.10689595680412,148.50492797426176,-13.398032017457638
0.03323076923076923,0.003076923076923078,141.8381516378743,147.668556547144,-5.830404909269703
0.03323076923076923,0.0033846153846153852,140.73626203196952,146.74595084140628,-6.009688809436767
0.03323076923076923,0.003692307692307693,129.7130690258429,145.73764963279976,-16.024580606956846
0.03323076923076923,0.004000000000000001,126.90310928331022,144.64424174083615,-17.741132457525936
0.03323076923076923,0.004307692307692308,120.1371719369499,143.46636568493358,-23.32919374798368
0.03323076923076923,0.004615384615384617,112.87046671787918,142.2047093115392,-29.334242593660022
0.03323076923076923,0.004923076923076924,140.12792019504585,140.86000939244641,-0.732089197400569
0.03323076923076923,0.0052307692307692315,162.16957566439126,139.43305119454064,22.73652446985062
0.03323076923076923,0.00553846153846154,147.7913788493875,137.92466802122578,9.866710828161729
0.03323076923076923,0.005846153846153847,147.91176940620315,136.33574072579844,11.576028680404704
0.03323076923076923,0.006153846153846156,164.69313142125483,134.6671971970543,30.02593422420054
0.03323076923076923,0.006461538461538463,143.05234218699658,132.92001181742728,10.132330369569303
0.03323076923076923,0.0067692307692307704,125.98370954511186,131.09520489397775,-5.111495348865887
0.03323076923076923,0.007076923076923079,112.63292528058098,129.1938420625617,-16.560916781980737
0.03323076923076923,0.007384615384615386,111.07848391467394,127.21703366552957,-16.13854975085563
0.03323076923076923,0.007692307692307694,94.98489201530305,125.16593410331754,-30.181042088014493
0.03323076923076923,0.008000000000000002,119.4701699446199,123.04174116031015,-3.5715712156902555
0.03323076923076923,0.00830769230769231,115.74618441611693,120.84569530536807,-5.099510889251135
0.03323076923076923,0.008615384615384617,102.75325780224995,118.5790789674291,-15.82582116517915
0.03323076923076923,0.008923076923076924,100.23476581552141,116.24321578660576,-16.008449971084346
0.03323076923076923,0.009230769230769233,104.81160984640769,113.83946984121683,-9.027859994809134
0.03323076923076923,0.00953846153846154,98.53883961426112,111.36924485120407,-12.830405236942951
0.03323076923076923,0.009846153846153848,100.01052036219872,108.83398335839911,-8.82346299620039
0.03323076923076923,0.010153846153846156,105.40500821223878,106.23516588411981,-0.8301576718810253
0.03323076923076923,0.010461538461538463,94.34528300267498,103.57431006458748,-9.229027061912504
0.03323076923076923,0.010769230769230772,95.17848607982698,100.85296976466995,-5.6744836848429685
0.03323076923076923,0.01107692307692308,90.51372763229644,98.07273417046841,-7.559006538171971
0.03323076923076923,0.011384615384615387,63.93718479397476,95.23522686127737,-31.29804206730261
0.03323076923076923,0.011692307692307695,84.32028287348108,92.34210486146007,-8.021821987978996
0.03323076923076923,0.012000000000000002,88.4775524479633,89.395057672793,-0.9175052248296964
0.03323076923076923,0.012307692307692311,82.14809021292916,86.39580628784432,-4.247716074915161
0.03323076923076923,0.012615384615384619,90.9604716347741,83.34610218496282,7.614369449811278
0.03323076923076923,0.012923076923076926,68.49541283414399,80.24772630546369,-11.752313471319695
0.03323076923076923,0.013230769230769233,61.582720083655865,77.10248801360913,-15.519767929953268
0.03323076923076923,0.013538461538461541,66.16601732690846,73.9122240399904,-7.746206713081946
0.03323076923076923,0.013846153846153848,79.59200627036147,70.67879740892913,8.913208861432338
0.03323076923076923,0.014153846153846157,76.55670200081121,67.4040963505232,9.15260565028801
0.03323076923076923,0.014461538461538465,59.408222791563,64.09003319797398,-4.681810406410982
0.03323076923076923,0.014769230769230772,52.82142367249775,60.73854327083717,-7.9171195983394185
0.03323076923076923,0.01507692307692308,57.988393256776554,57.35158374485102,0.6368095119255344
0.03323076923076923,0.015384615384615387,47.850967693297065,53.93113250900063,-6.080164815703569
0.03323076923076923,0.015692307692307696,41.57708148291857,50.47918701048646,-8.90210552756789
0.03323076923076923,0.016000000000000004,35.80516603699426,46.997763088271554,-11.192597051277296
0.03323076923076923,0.01630769230769231,39.62724977632629,43.48889379588825,-3.8616440195619646
0.03323076923076923,0.01661538461538462,35.610004358281195,39.95462821419221,-4.344623855911017
0.03323076923076923,0.016923076923076926,31.39221611930964,36.39703025475679,-5.004814135447152
0.03323076923076923,0.017230769230769234,30.74350507168383,32.81817745460706,-2.0746723829232288
0.03323076923076923,0.01753846153846154,27.86154381137255,29.22015976299634,-1.35861595162379
0.03323076923076923,0.01784615384615385,27.85002855686779,25.605078320935036,2.2449502359327553
0.03323076923076923,0.01815384615384616,14.196352677435906,21.9750442341831,-7.778691556747193
0.03323076923076923,0.018461538461538467,17.323359541066754,18.33217734042422,-1.008817799357466
0.03323076923076923,0.018769230769230774,12.772512638445264,14.678604971339693,-1.9060923328944295
0.03323076923076923,0.01907692307692308,8.35441965354131,11.016460710307117,-2.6620410567658066
0.03323076923076923,0.01938461538461539,5.584657926824862,7.347883146447472,-1.7632252196226101
0.03323076923076923,0.019692307692307696,3.108453130550435,3.675014625749561,-0.5665614951991262
0.033846153846153845,0.00030769230769230776,101.03044763011233,139.37624382627715,-38.34579619616481
0.033846153846153845,0.0006153846153846155,103.44825280040276,139.25414423791798,-35.80589143751523
0.033846153846153845,0.0009230769230769233,123.81155792459293,139.0507241507743,-15.239166226181368
0.033846153846153845,0.001230769230769231,112.5114474352111,138.7661023564486,-26.254654921237517
0.033846153846153845,0.001538461538461539,140.669801429409,138.40044506605375,2.269356363355257
0.033846153846153845,0.0018461538461538465,124.75623746630606,137.9539658131503,-13.19772834684423
0.033846153846153845,0.002153846153846154,137.887091308328,137.42692532904883,0.4601659792791679
0.033846153846153845,0.002461538461538462,129.12650005309825,136.81963139055048,-7.693131337452229
0.033846153846153845,0.00276923076923077,126.7411595391551,136.13243864021368,-9.391279101058572
0.033846153846153845,0.003076923076923078,136.44483348762495,135.36574837925298,1.0790851083719701
0.033846153846153845,0.0033846153846153852,138.482564538239,134.52000833319053,3.9625562050484575
0.033846153846153845,0.003692307692307693,136.9258852402503,133.59571239039684,3.3301728498534544
0.033846153846153845,0.004000000000000001,126.9372261560811,132.59340031367398,-5.656174157592886
0.033846153846153845,0.004307692307692308,126.14627826716502,131.51365742504927,-5.367379157884258
0.033846153846153845,0.004615384615384617,113.56426783084393,130.35711426396367,-16.792846433119735
0.033846153846153845,0.004923076923076924,169.76606342862416,129.12444621905456,40.6416172095696
0.033846153846153845,0.0052307692307692315,148.66820255712594,127.81637313374776,20.851829423378177
0.033846153846153845,0.00553846153846154,170.65400605512997,126.43365888588923,44.22034716924074
0.033846153846153845,0.005846153846153847,170.40564298975585,124.97711094166199,45.42853204809386
0.033846153846153845,0.006153846153846156,178.3523797495179,123.4475798840485,54.9047998654694
0.033846153846153845,0.006461538461538463,137.8071140862049,121.8459589161142,15.961155170090706
0.033846153846153845,0.0067692307692307704,122.66284221206094,120.17318333940213,2.489658872658808
0.033846153846153845,0.007076923076923079,104.03568393640879,118.43023000774308,-14.39454607133429
0.033846153846153845,0.007384615384615386,119.95389898813887,116.61811675680046,3.3357822313384133
0.033846153846153845,0.007692307692307694,120.81430054086331,114.73790180968307,6.076398731180248
0.033846153846153845,0.008000000000000002,112.47628715646427,112.7906831589724,-0.3143960025081327
0.033846153846153845,0.00830769230769231,104.02818740770394,110.77759792552607,-6.7494105178221275
0.033846153846153845,0.008615384615384617,97.05850194606501,108.69982169443115,-11.641319748366143
0.033846153846153845,0.008923076923076924,98.53990006973731,106.5585678284956,-8.018667758758284
0.033846153846153845,0.009230769230769233,99.81027312644521,104.35508675967858,-4.544813633233375
0.033846153846153845,0.00953846153846154,101.84295666889622,102.09066525887347,-0.24770858997725043
0.033846153846153845,0.009846153846153848,96.40293328344248,99.76662568446969,-3.3636924010272082
0.033846153846153845,0.010153846153846156,90.21889713570798,97.38432521013284,-7.165428074424867
0.033846153846153845,0.010461538461538463,89.8635956504411,94.94515503225348,-5.081559381812383
0.033846153846153845,0.010769230769230772,97.76714869252082,92.45053955752749,5.316609134993328
0.033846153846153845,0.01107692307692308,94.58516675850052,89.90193557114277,4.683231187357748
0.033846153846153845,0.011384615384615387,98.57767347974219,87.30083138605771,11.276842093684479
0.033846153846153845,0.011692307692307695,84.3534199662395,84.64874597386829,-0.2953260076287876
0.033846153846153845,0.012000000000000002,82.329421389015,81.9472280777715,0.38219331124349765
0.033846153846153845,0.012307692307692311,96.12591899372133,79.19785530814283,16.928063685578493
0.033846153846153845,0.012615384615384619,81.7681733621502,76.4022332212564,5.365940140893798
0.033846153846153845,0.012923076923076926,75.07932237181817,73.56199438168511,1.5173279901330545
0.033846153846153845,0.013230769230769233,69.74368346427947,70.6787974089291,-0.935113944649629
0.033846153846153845,0.013538461538461541,57.97150960968465,67.75432600882846,-9.782816399143805
0.033846153846153845,0.013846153846153848,79.096839748593,64.79028799032666,14.306551758266338
0.033846153846153845,0.014153846153846157,68.9623593433966,61.788414268158,7.173945075238599
0.033846153846153845,0.014461538461538465,58.606785639290976,58.750457852042345,-0.143672212751369
0.033846153846153845,0.014769230769230772,57.77982320734427,55.67819282297665,2.101630384367624
0.033846153846153845,0.01507692307692308,45.85490301195858,52.57341329722172,-6.718510285263143
0.033846153846153845,0.015384615384615387,38.81513694713564,49.437932378588854,-10.622795431453213
0.033846153846153845,0.015692307692307696,38.94537258547344,46.27358109963812,-7.328208514164679
0.033846153846153845,0.016000000000000004,50.83338389939573,43.0822073524071,7.751176546988624
0.033846153846153845,0.01630769230769231,48.44236150176295,39.865674809293864,8.576686692469089
0.033846153846153845,0.01661538461538462,40.69017112948406,36.625861834724816,4.064309294759241
0.033846153846153845,0.016923076923076926,39.51029715164109,33.364660388242655,6.145636763398436
0.033846153846153845,0.017230769230769234,30.580974787229483,30.083974919655514,0.49699986757396886
0.033846153846153845,0.01753846153846154,27.465684627533452,26.785721256891602,0.6799633706418504
0.033846153846153845,0.01784615384615385,21.827027443826992,23.471825487209944,-1.644798043382952
0.033846153846153845,0.01815384615384616,14.274645941257255,20.14422283241933,-5.869576891162076
0.033846153846153845,0.018461538461538467,16.977667838210905,16.804856518763764,0.1728113194471419
0.033846153846153845,0.018769230769230774,16.476688143906905,13.455676642132453,3.0210115017744528
0.033846153846153845,0.01907692307692308,9.093824371561798,10.098639029259214,-1.0048146576974162
0.033846153846153845,0.01938461538461539,5.877383512725405,6.73570409557443,-0.858320582849025
0.033846153846153845,0.019692307692307696,3.235698788315191,3.3688357003778884,-0.1331369120626973
0.03446153846153846,0.00030769230769230776,139.8240261096808,126.38341937474053,13.440606734940275
0.03446153846153846,0.0006153846153846155,131.06530970136353,126.27270205981335,4.792607641550177
0.03446153846153846,0.0009230769230769233,115.61644456603483,126.08824504277126,-10.471800476736433
0.03446153846153846,0.001230769230769231,121.73183447027465,125.83015604131782,-4.098321571043172
0.03446153846153846,0.001538461538461539,136.0649474232208,125.49858577216202,10.56636165105877
0.03446153846153846,0.0018461538461538465,117.99381032179139,125.09372786300389,-7.0999175412125055
0.03446153846153846,0.002153846153846154,134.98163515665232,124.61581873946142,10.3658164171909
0.03446153846153846,0.002461538461538462,136.40673834994843,124.06513748700463,12.341600862943793
0.03446153846153846,0.00276923076923077,128.41720081804687,123.4420056879776,4.975195130069267
0.03446153846153846,0.003076923076923078,137.75629815250832,122.7467872338033,15.009510918705018
0.03446153846153846,0.0033846153846153852,132.379059366286,121.97988811248138,10.39917125380461
0.03446153846153846,0.003692307692307693,129.1736135853158,121.14175617150248,8.031857413813313
0.03446153846153846,0.004000000000000001,132.96303295749,120.23288085631802,12.730152101171967
0.03446153846153846,0.004307692307692308,117.85378014122055,119.25379292451782,-1.4000127832972709
0.03446153846153846,0.004615384615384617,123.49120378901367,118.20506413588251,5.286139653131158
0.03446153846153846,0.004923076923076924,188.29885792153914,117.08730691849209,71.21155100304705
0.03446153846153846,0.0052307692307692315,182.52158053997817,115.901174011085,66.62040652889317
0.03446153846153846,0.00553846153846154,174.15977233525703,114.64735808187724,59.51241425337979
0.03446153846153846,0.005846153846153847,184.50444407495326,113.32659132406351,71.17785275088974
0.03446153846153846,0.006153846153846156,187.4382834020575,111.93964502823708,75.49863837382041
0.03446153846153846,0.006461538461538463,158.29351273306614,110.48732913197775,47.80618360108839
0.03446153846153846,0.0067692307692307704,109.63646521111524,108.97049174687118,0.6659734642440611
0.03446153846153846,0.007076923076923079,101.30429124648636,107.39001866323555,-6.085727416749194
0.03446153846153846,0.007384615384615386,117.42121797918496,105.74683283284496,11.67438514634
0.03446153846153846,0.007692307692307694,126.4559740343912,104.0418938299516,22.4140802044396
0.03446153846153846,0.008000000000000002,113.42585534235103,102.27619729092144,11.149658051429583
0.03446153846153846,0.00830769230769231,109.94165932582271,100.45077433281055,9.490884993012159
0.03446153846153846,0.008615384615384617,111.19713698228935,98.56669095122191,12.630446031067436
0.03446153846153846,0.008923076923076924,101.28164149546892,96.6250473977938,4.656594097675125
0.03446153846153846,0.009230769230769233,82.59873774363874,94.62697753768397,-12.028239794045234
0.03446153846153846,0.00953846153846154,93.26904406338964,92.57364818742437,0.695395875965275
0.03446153846153846,0.009846153846153848,96.62846818949147,90.46625843353296,6.162209755958514
0.03446153846153846,0.010153846153846156,97.01977400744835,88.30603893228111,8.713735075167236
0.03446153846153846,0.010461538461538463,101.52748494808964,86.09425119102497,15.43323375706467
0.03446153846153846,0.010769230769230772,101.74706552777033,83.83218683152059,17.914878696249744
0.03446153846153846,0.01107692307692308,80.14082807733844,81.52116683565335,-1.380338758314906
0.03446153846153846,0.011384615384615387,116.65905246088867,79.16254077402161,37.496511686867066
0.03446153846153846,0.011692307692307695,89.14324594111899,76.75768601782552,12.38555992329347
0.03446153846153846,0.012000000000000002,82.5035497053671,74.3080069345211,8.195542770846004
0.03446153846153846,0.012307692307692311,80.20966591650222,71.81493406770906,8.394731848793157
0.03446153846153846,0.012615384615384619,72.75907804096893,69.27992330173774,3.4791547392311912
0.03446153846153846,0.012923076923076926,68.89634281311264,66.70445501150759,2.1918878016050485
0.03446153846153846,0.013230769230769233,68.29198480707934,64.09003319797392,4.201951609105421
0.03446153846153846,0.013538461538461541,57.530956438290175,61.43818460985269,-3.9072281715625152
0.03446153846153846,0.013846153846153848,66.55146524635346,58.75045785204232,7.801007394311142
0.03446153846153846,0.014153846153846157,64.12929062800808,56.02842248128189,8.100868146726185
0.03446153846153846,0.014461538461538465,60.09814327288235,53.27366808957443,6.824475183307925
0.03446153846153846,0.014769230769230772,53.91830400190933,50.48780337590968,3.430500625999649
0.03446153846153846,0.01507692307692308,52.35736822404554,47.67245520682942,4.684913017216118
0.03446153846153846,0.015384615384615387,43.362796918959596,44.82926766638314,-1.4664707474235428
0.03446153846153846,0.015692307692307696,39.916063836998674,41.95990109602914,-2.043837259030468
0.03446153846153846,0.016000000000000004,43.190922060046695,39.06603112504207,4.124890935004622
0.03446153846153846,0.01630769230769231,40.533897210410764,36.149347691992496,4.384549518418268
0.03446153846153846,0.01661538461538462,39.14092835455954,33.21155405787041,5.929374296689133
0.03446153846153846,0.016923076923076926,34.611640238829395,30.254365811428663,4.357274427400732
0.03446153846153846,0.017230769230769234,30.20746819280868,27.279509867327697,2.927958325480983
0.03446153846153846,0.01753846153846154,26.372081191088608,24.28872345766571,2.083357733422897
0.03446153846153846,0.01784615384615385,20.196586860190372,21.2837531174843,-1.0871662572939265
0.03446153846153846,0.01815384615384616,14.72385845576197,18.266353664840896,-3.5424952090789255
0.03446153846153846,0.018461538461538467,17.032175688609204,15.238287176044874,1.7938885125643296
0.03446153846153846,0.018769230769230774,16.134937479738063,12.201321956654066,3.933615523083997
0.03446153846153846,0.01907692307692308,10.682645584753088,9.157231508834533,1.5254140759185546
0.03446153846153846,0.01938461538461539,6.463709346819536,6.107793495684988,0.35591585113454816
0.03446153846153846,0.019692307692307696,3.2424966504500525,3.0547887031318117,0.1877079473182408
0.035076923076923075,0.00030769230769230776,145.48056901590894,113.09542059123477,32.38514842467417
0.035076923076923075,0.0006153846153846155,128.23005660284127,112.99634413515874,15.233712467682537
0.035076923076923075,0.0009230769230769233,111.62289923403726,112.83128099612841,-1.2083817620911503
0.035076923076923075,0.001230769230769231,108.74377141559928,112.60032756636876,-3.856556150769478
0.035076923076923075,0.001538461538461539,137.87473911244945,112.30361871617905,25.571120396270402
0.035076923076923075,0.0018461538461538465,117.17402782870408,111.94132771517232,5.232700113531763
0.035076923076923075,0.002153846153846154,137.25892277010237,111.51366613109093,25.745256639011444
0.035076923076923075,0.002461538461538462,138.9797430093013,111.02088370625685,27.95885930304445
0.035076923076923075,0.00276923076923077,133.46929040505808,110.46326821172926,23.006022193328818
0.035076923076923075,0.003076923076923078,111.06834447002335,109.84114527925426,1.2271991907690847
0.035076923076923075,0.0033846153846153852,109.47394267192095,109.15487821110523,0.31906446081572426
0.035076923076923075,0.003692307692307693,123.08937268720621,108.40486776792442,14.684504919281792
0.035076923076923075,0.004000000000000001,123.3896132618375,107.59155193469003,15.798061327147465
0.035076923076923075,0.004307692307692308,118.2259811913771,106.71540566494544,11.510575526431666
0.035076923076923075,0.004615384615384617,113.22248468799206,105.7769406034395,7.445544084552566
0.035076923076923075,0.004923076923076924,168.42874451005636,104.77670478734065,63.65203972271571
0.035076923076923075,0.0052307692307692315,161.6044872716165,103.7152823261984,57.8892049454181
0.035076923076923075,0.00553846153846154,164.27938681619233,102.59329306084005,61.686093755352275
0.035076923076923075,0.005846153846153847,165.11852176559887,101.4113922014009,63.70712956419797
0.035076923076923075,0.006153846153846156,180.84662752011897,100.17026994470007,80.6763575754189
0.035076923076923075,0.006461538461538463,146.8099961632483,98.87065107118498,47.939345092063306
0.035076923076923075,0.0067692307692307704,121.16955632198525,97.51329452168002,23.65626180030523
0.035076923076923075,0.007076923076923079,122.52566420859432,96.09899295418641,26.426671254407907
0.035076923076923075,0.007384615384615386,118.51279386647501,94.62857228099229,23.88422158548272
0.035076923076923075,0.007692307692307694,132.59110994489862,93.10289118636318,39.48821875853544
0.035076923076923075,0.008000000000000002,102.44677841856478,91.52284062509457,10.923937793470202
0.035076923076923075,0.00830769230769231,101.40558405813735,89.88934330221942,11.516240755917934
0.035076923076923075,0.008615384615384617,91.83946541238547,88.20335313417439,3.6361122782110726
0.035076923076923075,0.008923076923076924,95.53737060504857,86.46585469173945,9.071515913309113
0.035076923076923075,0.009230769230769233,93.7529648742864,84.67786262507637,9.075102249210033
0.035076923076923075,0.00953846153846154,92.56696948680725,82.84042107120155,9.726548415605706
0.035076923076923075,0.009846153846153848,95.09060744307554,80.95460304423936,14.136004398836178
0.035076923076923075,0.010153846153846156,97.87568024202935,79.02150980881221,18.854170433217135
0.035076923076923075,0.010461538461538463,90.58329146823057,77.04227023693292,13.541021231297648
0.035076923076923075,0.010769230769230772,70.78374886923581,75.01804014877533,-4.234291279539519
0.035076923076923075,0.01107692307692308,58.71915276984353,72.95000163770781,-14.230848867864282
0.035076923076923075,0.011384615384615387,106.65471694267198,70.83936237998408,35.8153545626879
0.035076923076923075,0.011692307692307695,69.72141251466479,68.68735492949422,1.0340575851705722
0.035076923076923075,0.012000000000000002,55.4914612896132,66.49523599798795,-11.003774708374749
0.035076923076923075,0.012307692307692311,63.88807768938,64.26428572119036,-0.3762080318103642
0.035076923076923075,0.012615384615384619,53.60363817972165,61.99580691123869,-8.392168731517039
0.035076923076923075,0.012923076923076926,58.91921228693412,59.691124295876705,-0.7719120089425857
0.035076923076923075,0.013230769230769233,66.78946674290728,57.351583744851034,9.437882998056246
0.035076923076923075,0.013538461538461541,57.15541334623585,54.978551483961084,2.1768618622747624
0.035076923076923075,0.013846153846153848,75.8600745519291,52.573413297221755,23.286661254707347
0.035076923076923075,0.014153846153846157,73.08739992891147,50.13757371760443,22.949826211307034
0.035076923076923075,0.014461538461538465,58.52459151724395,47.672455206829476,10.852136310414473
0.035076923076923075,0.014769230769230772,57.599568961862275,45.17949732468845,12.420071637173827
0.035076923076923075,0.01507692307692308,46.648338361867296,42.66015588838188,3.9881824734854163
0.035076923076923075,0.015384615384615387,44.579026217232034,40.11590212236297,4.463124094869066
0.035076923076923075,0.015692307692307696,43.558229772886705,37.54822179918387,6.010007973702834
0.035076923076923075,0.016000000000000004,37.84926727176716,34.95861437184646,2.8906528999207026
0.035076923076923075,0.01630769230769231,34.04552901234081,32.34859209816396,1.6969369141768453
0.035076923076923075,0.01661538461538462,23.48570329971513,29.719679157645004,-6.233975857929874
0.035076923076923075,0.016923076923076926,25.341802150659785,27.07341076141558,-1.7316086107557958
0.035076923076923075,0.017230769230769234,21.440442783842222,24.411332255699218,-2.970889471856996
0.035076923076923075,0.01753846153846154,23.085173587018527,21.734998219378042,1.3501753676404853
0.035076923076923075,0.01784615384615385,21.253659316571692,19.04597155616271,2.2076877604089837
0.035076923076923075,0.01815384615384616,22.620280517343158,16.34582258190041,6.274457935442747
0.035076923076923075,0.018461538461538467,14.184331843101408,13.636128107555031,0.5482037355463767
0.035076923076923075,0.018769230769230774,10.941035634972495,10.918470518393445,0.02256511657905058
0.035076923076923075,0.01907692307692308,8.628963896138265,8.194436849917484,0.4345270462207811
0.035076923076923075,0.01938461538461539,5.664368311308961,5.465617861079651,0.19875045022931026
0.035076923076923075,0.019692307692307696,2.8035900525623223,2.7336071053248805,0.0699829472374418
0.0356923076923077,0.00030769230769230776,80.95608264937744,99.54328221262237,-18.587199563244937
0.0356923076923077,0.0006153846153846155,98.05930587384891,99.45607801305138,-1.3967721392024686
0.0356923076923077,0.0009230769230769233,101.72399171853121,99.3107942646423,2.4131974538889125
0.0356923076923077,0.001230769230769231,123.98857395096174,99.10751580901295,24.881058141948785
0.0356923076923077,0.001538461538461539,92.04427524960506,98.84636135505703,-6.802086105451963
0.0356923076923077,0.0018461538461538465,115.87240627004073,98.52748340962145,17.344922860419274
0.0356923076923077,0.002153846153846154,139.26113336581915,98.15106818844662,41.11006517737253
0.0356923076923077,0.002461538461538462,146.74217531627437,97.71733550742168,49.02483980885269
0.0356923076923077,0.00276923076923077,135.17859699166704,97.22653865421829,37.95205833744875
0.0356923076923077,0.003076923076923078,127.69514044236378,96.67896424037768,31.0161762019861
0.0356923076923077,0.0033846153846153852,117.2106160247826,96.07493203393764,21.135683990844953
0.0356923076923077,0.003692307692307693,112.55813736068166,95.41479477269695,17.143342587984705
0.0356923076923077,0.004000000000000001,104.05654233102169,94.69893795822644,9.357604372795251
0.0356923076923077,0.004307692307692308,116.6549826962243,93.92777963074698,22.727203065477312
0.0356923076923077,0.004615384615384617,126.58156591880653,93.10177012500567,33.47979579380086
0.0356923076923077,0.004923076923076924,126.49103012837497,92.22139180729314,34.26963832108183
0.0356923076923077,0.0052307692307692315,151.11142492274942,91.28715879375514,59.82426612899428
0.0356923076923077,0.00553846153846154,179.4526166732043,90.2996166501632,89.15300002304109
0.0356923076923077,0.005846153846153847,162.70400040562288,89.25934207331963,73.44465833230325
0.0356923076923077,0.006153846153846156,174.67409924253337,88.16694255428276,86.50715668825062
0.0356923076923077,0.006461538461538463,160.62372377133852,87.0230560236093,73.60066774772922
0.0356923076923077,0.0067692307692307704,125.52514343299441,85.82835047882091,39.6967929541735
0.0356923076923077,0.007076923076923079,127.45517550900826,84.58352359431237,42.87165191469589
0.0356923076923077,0.007384615384615386,106.75082075730643,83.2893023139294,23.46151844337703
0.0356923076923077,0.007692307692307694,131.78296394209977,81.94644242645401,49.83652151564576
0.0356923076923077,0.008000000000000002,134.1491810233601,80.55572812424501,53.59345289911508
0.0356923076923077,0.00830769230769231,111.6005221408321,79.11797154529182,32.482550595540275
0.0356923076923077,0.008615384615384617,126.54857493870153,77.63401229894883,48.9145626397527
0.0356923076923077,0.008923076923076924,105.17844763828504,76.10471697562699,29.07373066265805
0.0356923076923077,0.009230769230769233,102.84926515721334,74.53097864072956,28.31828651648378
0.0356923076923077,0.00953846153846154,102.47958631527351,72.9137163131271,29.56587000214641
0.0356923076923077,0.009846153846153848,92.69605172086901,71.25387442847614,21.44217729239287
0.0356923076923077,0.010153846153846156,85.91303329205158,69.55242228769556,16.360611004356016
0.0356923076923077,0.010461538461538463,90.30411029936647,67.81035349092203,22.493756808444445
0.0356923076923077,0.010769230769230772,67.42141359615398,66.0286853572755,1.392728238878476
0.0356923076923077,0.01107692307692308,78.83988315469523,64.20845833077361,14.63142482392162
0.0356923076923077,0.011384615384615387,102.9246414238005,62.350735372741504,40.57390605105899
0.0356923076923077,0.011692307692307695,71.69075008918352,60.456601341072485,11.23414874811104
0.0356923076923077,0.012000000000000002,60.29689007241478,58.52716235670151,1.7697277157132731
0.0356923076923077,0.012307692307692311,62.742035449865604,56.56354515766169,6.178490292203911
0.0356923076923077,0.012615384615384619,55.67510787381962,54.566896441101065,1.108211432718555
0.0356923076923077,0.012923076923076926,59.60131115110188,52.538382193643706,7.062928957458176
0.0356923076923077,0.013230769230769233,66.17616497507139,50.479187010486385,15.696977964585002
0.0356923076923077,0.013538461538461541,56.76308852771625,48.390513403628304,8.372575124087945
0.0356923076923077,0.013846153846153848,82.45307868339967,46.273581099638065,36.1794975837616
0.0356923076923077,0.014153846153846157,64.35672444846342,44.12962632736752,20.227098121095906
0.0356923076923077,0.014461538461538465,57.915753385551916,41.959901096029114,15.955852289522802
0.0356923076923077,0.014769230769230772,60.99515002671523,39.765672464057616,21.229477562657614
0.0356923076923077,0.01507692307692308,49.810076992539706,37.54822179918379,12.261855193355913
0.0356923076923077,0.015384615384615387,50.2019345017548,35.30884403015168,14.893090471603116
0.0356923076923077,0.015692307692307696,44.99178463049246,33.04884689051662,11.94293773997584
0.0356923076923077,0.016000000000000004,39.58893694882687,30.76955015496578,8.819386793861089
0.0356923076923077,0.01630769230769231,31.654763066902493,28.472284868606845,3.182478198295648
0.0356923076923077,0.01661538461538462,29.944024180716674,26.1583925696752,3.785631611041474
0.0356923076923077,0.016923076923076926,32.42971564045828,23.829224506113267,8.60049113434501
0.0356923076923077,0.017230769230769234,27.589302968413065,21.486140846479948,6.103162121933117
0.0356923076923077,0.01753846153846154,22.50192179293378,19.13050988565028,3.3714119072834983
0.0356923076923077,0.01784615384615385,20.923528305336244,16.763707245769954,4.159821059566291
0.0356923076923077,0.01815384615384616,23.77535869381486,14.3871150729305,9.388243620884358
0.0356923076923077,0.018461538461538467,14.59266505167177,12.002121230035232,2.590543821636537
0.0356923076923077,0.018769230769230774,9.53446083413339,9.610118486325968,-0.0756576521925787
0.0356923076923077,0.01907692307692308,8.881257699035709,7.212503704045357,1.668753994990352
0.0356923076923077,0.01938461538461539,5.828503421664257,4.810677022708449,1.0178263989558074
0.0356923076923077,0.019692307692307696,2.916471840032458,2.406041041460823,0.510430798571635
0.03630769230769231,0.00030769230769230776,49.5939564732944,85.75865588603016,-36.16469941273576
0.03630769230769231,0.0006153846153846155,67.69060920692507,85.68352761241295,-17.99291840548787
0.03630769230769231,0.0009230769230769233,99.68420043352731,85.55836257155129,14.125837861976024
0.03630769230769231,0.001230769230769231,118.80707002757161,85.38323385630433,33.42383617126728
0.03630769230769231,0.001538461538461539,90.64202884336204,85.15824373691012,5.4837851064519185
0.03630769230769231,0.0018461538461538465,110.65289834841515,84.88352360126258,25.76937474715257
0.03630769230769231,0.002153846153846154,137.24094457775158,84.55923387818467,52.681710699566906
0.03630769230769231,0.002461538461538462,130.5215993478416,84.18556394374257,46.336035404099036
0.03630769230769231,0.00276923076923077,127.32201159838883,83.76273201065528,43.55927958773354
0.03630769230769231,0.003076923076923078,109.17278871795787,83.29098500086462,25.88180371709325
0.03630769230769231,0.0033846153846153852,103.01042786753955,82.77059840133977,20.23982946619978
0.03630769230769231,0.003692307692307693,101.60935372791627,82.2018761032005,19.407477624715767
0.03630769230769231,0.004000000000000001,97.70530140911876,81.58515022425354,16.12015118486522
0.03630769230769231,0.004307692307692308,95.26308278043568,80.92078091504493,14.342301865390752
0.03630769230769231,0.004615384615384617,122.77292636037583,80.20915614854233,42.5637702118335
0.03630769230769231,0.004923076923076924,180.06207253031582,79.4506914935698,100.61138103674601
0.03630769230769231,0.0052307692307692315,145.57633577000564,78.64582987212714,66.9305058978785
0.03630769230769231,0.00553846153846154,146.8276549017825,77.79504130073609,69.0326136010464
0.03630769230769231,0.005846153846153847,144.51269100753507,76.8988226159638,67.61386839157127
0.03630769230769231,0.006153846153846156,162.71360578646926,75.9576971842843,86.75590860218496
0.03630769230769231,0.006461538461538463,127.16550484396049,74.97221459644724,52.19329024751325
0.03630769230769231,0.0067692307692307704,121.87518338408304,73.94295034653237,47.932233037550674
0.03630769230769231,0.007076923076923079,119.45306552268492,72.87050549587714,46.58256002680778
0.03630769230769231,0.007384615384615386,118.05963025883877,71.75550632207387,46.304123936764896
0.03630769230769231,0.007692307692307694,130.8716105864681,70.59860395324127,60.27300663322684
0.03630769230769231,0.008000000000000002,114.99081365978084,69.40047398778388,45.59033967199696
0.03630769230769231,0.00830769230769231,113.63052465718448,68.16181609986178,45.4687085573227
0.03630769230769231,0.008615384615384617,96.44362671646925,66.88335363080041,29.56027308566884
0.03630769230769231,0.008923076923076924,99.21001071834327,65.5658331666797,33.644177551663574
0.03630769230769231,0.009230769230769233,83.16199119273872,64.2100241023488,18.951967090389928
0.03630769230769231,0.00953846153846154,77.08014345759487,62.8167181921212,14.263425265473671
0.03630769230769231,0.009846153846153848,76.90047035260886,61.38672908741242,15.513741265196444
0.03630769230769231,0.010153846153846156,79.84261100842687,59.920891861590576,19.921719146836296
0.03630769230769231,0.010461538461538463,81.13189635038302,58.42006252231701,22.711833828066005
0.03630769230769231,0.010769230769230772,74.67703557866845,56.88511751166191,17.79191806700654
0.03630769230769231,0.01107692307692308,63.9031369434199,55.31695319428687,8.586183749133035
0.03630769230769231,0.011384615384615387,59.18102056240649,53.71648533399311,5.464535228413375
0.03630769230769231,0.011692307692307695,60.19712745333421,52.08464855894126,8.11247889439295
0.03630769230769231,0.012000000000000002,64.8569559112352,50.42239581585479,14.434560095380412
0.03630769230769231,0.012307692307692311,45.61022515858709,48.73069781352598,-3.1204726549388866
0.03630769230769231,0.012615384615384619,44.40011933879119,47.010542455949334,-2.610423117158142
0.03630769230769231,0.012923076923076926,63.119884475976924,45.262934265413435,17.85695021056349
0.03630769230769231,0.013230769230769233,45.59715164371879,43.48889379588824,2.1082578478305507
0.03630769230769231,0.013538461538461541,61.21978703537827,41.68945703705026,19.530329998328007
0.03630769230769231,0.013846153846153848,69.05747551868508,39.865674809293864,29.191800709391217
0.03630769230769231,0.014153846153846157,67.01885604022883,38.018612150081616,29.00024389014721
0.03630769230769231,0.014461538461538465,56.16185055848996,36.14934769199252,20.012502866497442
0.03630769230769231,0.014769230769230772,44.16885995909398,34.258973032830866,9.909886926263113
0.03630769230769231,0.01507692307692308,42.49968286348089,32.34859209816394,10.151090765316951
0.03630769230769231,0.015384615384615387,43.535375809895505,30.419320496660546,13.116055313234959
0.03630769230769231,0.015692307692307696,37.031193018509676,28.472284868606888,8.558908149902788
0.03630769230769231,0.016000000000000004,37.141758747027765,26.508622227980492,10.633136519047273
0.03630769230769231,0.01630769230769231,32.903925957795124,24.529479298465986,8.374446659329138
0.03630769230769231,0.01661538461538462,25.739384807684605,22.536011843800807,3.2033729638837976
0.03630769230769231,0.016923076923076926,20.985541296804815,20.52938399284161,0.45615730396320586
0.03630769230769231,0.017230769230769234,22.86684095743813,18.510767559745993,4.3560733976921355
0.03630769230769231,0.01753846153846154,18.64741489782954,16.481341359665826,2.1660735381637153
0.03630769230769231,0.01784615384615385,18.945783446903807,14.442290520352563,4.503492926551244
0.03630769230769231,0.01815384615384616,23.743690221196722,12.394805790075834,11.348884431120888
0.03630769230769231,0.018461538461538467,14.12023667352464,10.340082842260271,3.7801538312643697
0.03630769230769231,0.018769230769230774,10.880931014301382,8.279321577245533,2.601609437055849
0.03630769230769231,0.01907692307692308,9.038532036427888,6.213725421578592,2.8248066148492965
0.03630769230769231,0.01938461538461539,5.813906541622215,4.144500625246337,1.6694059163758777
0.03630769230769231,0.019692307692307696,2.7143676689103255,2.072855557259694,0.6415121116506315
0.036923076923076927,0.00030769230769230776,87.40651899424043,71.77373624495893,15.632782749281503
0.036923076923076927,0.0006153846153846155,100.48540098849787,71.71085936285962,28.77454162563825
0.036923076923076927,0.0009230769230769233,126.30291237806065,71.60610535829787,54.69680701976279
0.036923076923076927,0.001230769230769231,117.7884744560353,71.45953540466243,46.32893905137287
0.036923076923076927,0.001538461538461539,110.73817026722456,71.27123509467877,39.46693517254579
0.036923076923076927,0.0018461538461538465,123.04484224725265,71.04131439042531,52.00352785682733
0.036923076923076927,0.002153846153846154,136.89865012772646,70.76990755911866,66.12874256860779
0.036923076923076927,0.002461538461538462,120.92345153846557,70.4571730947054,50.466278443760174
0.036923076923076927,0.00276923076923077,119.70204168485698,70.10329362530602,49.59874805955096
0.036923076923076927,0.003076923076923078,112.22142513090893,69.70847580656526,42.512949324343666
0.036923076923076927,0.0033846153846153852,106.16990865387739,69.27295020097104,36.89695845290635
0.036923076923076927,0.003692307692307693,116.31894335619556,68.79697114321247,47.52197221298309
0.036923076923076927,0.004000000000000001,107.70934554503128,68.28081659165552,39.42852895337576
0.036923076923076927,0.004307692307692308,119.65862577827806,67.72478796602321,51.93383781225485
0.036923076923076927,0.004615384615384617,108.76458598546883,67.12920997137489,41.635376014093936
0.036923076923076927,0.004923076923076924,166.8410036477544,66.49443040848774,100.34657323926666
0.036923076923076927,0.0052307692307692315,150.43544677302887,65.82081997075088,84.614626802278
0.036923076923076927,0.00553846153846154,151.8182920621756,65.10877202769076,86.70952003448484
0.036923076923076927,0.005846153846153847,149.62472130940074,64.35870239525465,85.26601891414609
0.036923076923076927,0.006153846153846156,170.33289555021756,63.57104909298559,106.76184645723197
0.036923076923076927,0.006461538461538463,141.74769399378022,62.74627208823151,79.00142190554871
0.036923076923076927,0.0067692307692307704,132.4838227981497,61.88485302753713,70.59896977061257
0.036923076923076927,0.007076923076923079,121.66659307166279,60.98729495537603,60.67929811628676
0.036923076923076927,0.007384615384615386,110.92068676901988,60.054122020386735,50.866564748633145
0.036923076923076927,0.007692307692307694,129.3195193870786,59.0858791692848,70.2336402177938
0.036923076923076927,0.008000000000000002,117.51777778535495,58.083131828629156,59.434645956725795
0.036923076923076927,0.00830769230769231,103.90691671195182,57.046465574629,46.86045113732282
0.036923076923076927,0.008615384615384617,104.12524467259689,55.97648579118376,48.14875888141313
0.036923076923076927,0.008923076923076924,92.30570208913682,54.873817316355904,37.43188477278091
0.036923076923076927,0.009230769230769233,75.78949125289394,53.739104077483155,22.050387175410783
0.036923076923076927,0.00953846153846154,79.43922203425927,52.57300871514308,26.86621331911619
0.036923076923076927,0.009846153846153848,69.74901605075024,51.37621219618958,18.372803854560665
0.036923076923076927,0.010153846153846156,68.11739639010253,50.149413416087455,17.967982974015072
0.036923076923076927,0.010461538461538463,59.895037670830845,48.89332879077718,11.001708880053663
0.036923076923076927,0.010769230769230772,63.97875494900074,47.6086918383081,16.37006311069264
0.036923076923076927,0.01107692307692308,73.04342635920696,46.29625275048458,26.747173608722385
0.036923076923076927,0.011384615384615387,57.01509085368962,44.95677795477512,12.058312898914501
0.036923076923076927,0.011692307692307695,83.83704124433888,43.59104966674029,40.24599157759859
0.036923076923076927,0.012000000000000002,65.29232667157488,42.199865433240866,23.092461238334018
0.036923076923076927,0.012307692307692311,50.052338707765166,40.78403766669292,9.268301041072249
0.036923076923076927,0.012615384615384619,55.17176421743988,39.34439317064187,15.827371046798007
0.036923076923076927,0.012923076923076926,56.563150093800516,37.88177265693247,18.681377436868047
0.036923076923076927,0.013230769230769233,51.30349810001265,36.39703025475676,14.906467845255897
0.036923076923076927,0.013538461538461541,65.08616512989892,34.891033011866675,30.19513211803224
0.036923076923076927,0.013846153846153848,97.34058480413536,33.36466038824263,63.97592441589273
0.036923076923076927,0.014153846153846157,87.37602431231548,31.818803742513555,55.55722056980193
0.036923076923076927,0.014461538461538465,58.68208843366409,30.254365811428656,28.427722622235436
0.036923076923076927,0.014769230769230772,50.59714005393526,28.67226018268449,21.924879871250774
0.036923076923076927,0.01507692307692308,48.25483247301903,27.073410761415545,21.181421711603484
0.036923076923076927,0.015384615384615387,42.44988924547269,25.45875123065964,16.99113801481305
0.036923076923076927,0.015692307692307696,45.682724882180196,23.82922450611328,21.853500376066915
0.036923076923076927,0.016000000000000004,36.32654319840964,22.18578218549551,14.14076101291413
0.036923076923076927,0.01630769230769231,35.35762051667434,20.529383992841595,14.828236523832743
0.036923076923076927,0.01661538461538462,29.662342220504563,18.860997218051253,10.80134500245331
0.036923076923076927,0.016923076923076926,23.585676542519668,17.181596152018514,6.404080390501154
0.036923076923076927,0.017230769230769234,21.122305899939565,15.49216151767339,5.630144382266176
0.036923076923076927,0.01753846153846154,21.982870305376228,13.793679897267179,8.189190408109049
0.036923076923076927,0.01784615384615385,24.979747834449036,12.087143156236325,12.892604678212711
0.036923076923076927,0.01815384615384616,22.780269774071662,10.3735478639808,12.406721910090862
0.036923076923076927,0.018461538461538467,14.20988799502168,8.65389471189587,5.55599328312581
0.036923076923076927,0.018769230769230774,12.224135894019902,6.92918792899619,5.294947965023712
0.036923076923076927,0.01907692307692308,8.588539925051604,5.2004346954745975,3.3881052295770067
0.036923076923076927,0.01938461538461539,5.937328688725501,3.468644554537082,2.4686841341884187
0.036923076923076927,0.019692307692307696,2.8288207597390276,1.7348288228581008,1.0939919368809268
0.03753846153846154,0.00030769230769230776,111.43182870959116,57.621185717226766,53.81064299236439
0.03753846153846154,0.0006153846153846155,103.99080943191188,57.57070707851693,46.42010235339495
0.03753846153846154,0.0009230769230769233,134.97447683001204,57.48660876808656,77.48786806192547
0.03753846153846154,0.001230769230769231,107.37433537466535,57.36893989698072,50.00539547768463
0.03753846153846154,0.001538461538461539,120.69897048159766,57.21776918050653,63.481201301091126
0.03753846153846154,0.0018461538461538465,120.42240404807778,57.03318489810539,63.38921914997239
0.03753846153846154,0.002153846153846154,135.84426329511774,56.81529484180025,79.02896845331749
0.03753846153846154,0.002461538461538462,115.31167396752983,56.56422625324813,58.7474477142817
0.03753846153846154,0.00276923076923077,118.37382426972174,56.28012574943455,62.093698520287184
0.03753846153846154,0.003076923076923078,115.301561340162,55.96315923705337,59.33840210310863
0.03753846153846154,0.0033846153846153852,109.40425308542339,55.613511815621905,53.79074126980149
0.03753846153846154,0.003692307692307693,125.3413891910223,55.23138766938808,70.11000152163422
0.03753846153846154,0.004000000000000001,105.59706437770727,54.81700994809251,50.78005442961476
0.03753846153846154,0.004307692307692308,124.976352091134,54.37062063665543,70.60573145447857
0.03753846153846154,0.004615384615384617,107.74176339067208,53.892480413864185,53.84928297680789
0.03753846153846154,0.004923076923076924,159.55488530987913,53.382868500144305,106.17201680973483
0.03753846153846154,0.0052307692307692315,146.1117365969351,52.842082494502506,93.26965410243258
0.03753846153846154,0.00553846153846154,150.92826225887111,52.27043820073736,98.65782405813376
0.03753846153846154,0.005846153846153847,157.70591244296324,51.6682694430187,106.03764299994454
0.03753846153846154,0.006153846153846156,181.08808627900416,51.03592787094372,130.05215840806045
0.03753846153846154,0.006461538461538463,162.69199695283095,50.37378275418353,112.31821419864741
0.03753846153846154,0.0067692307692307704,131.38081256697996,49.68222076684007,81.6985918001399
0.03753846153846154,0.007076923076923079,123.9070596280921,48.96164576163928,74.94541386645281
0.03753846153846154,0.007384615384615386,109.64585864007425,48.21247853409253,61.43338010598172
0.03753846153846154,0.007692307692307694,124.58341936373367,47.43515657676389,77.14826278696978
0.03753846153846154,0.008000000000000002,113.40666427529229,46.630133823786714,66.77653045150558
0.03753846153846154,0.00830769230769231,109.816077532269,45.79788038577902,64.01819714649
0.03753846153846154,0.008615384615384617,103.35024267434734,44.93888227531202,58.411360399035324
0.03753846153846154,0.008923076923076924,103.65026240728906,44.053641123092504,59.59662128419656
0.03753846153846154,0.009230769230769233,89.85912705274643,43.14267388502463,46.7164531677218
0.03753846153846154,0.00953846153846154,97.36923255440695,42.20651254032225,55.1627200140847
0.03753846153846154,0.009846153846153848,103.05856381423459,41.24570378084801,61.81286003338658
0.03753846153846154,0.010153846153846156,101.86568532107903,40.26080869186069,61.60487662921834
0.03753846153846154,0.010461538461538463,93.90605201525368,39.25240242435723,54.65364959089645
0.03753846153846154,0.010769230769230772,73.05268951997735,38.22107385920075,34.8316156607766
0.03753846153846154,0.01107692307692308,90.07062040586865,37.16742526323068,52.90319514263797
0.03753846153846154,0.011384615384615387,96.35242095529803,36.092071937555936,60.260349017742094
0.03753846153846154,0.011692307692307695,69.77375151665525,34.99564185823632,34.778109658418934
0.03753846153846154,0.012000000000000002,54.143844951463684,33.878775309562286,20.2650696419014
0.03753846153846154,0.012307692307692311,61.824658688111505,32.742124510146844,29.08253417796466
0.03753846153846154,0.012615384615384619,59.734449543486754,31.586353232048342,28.14809631143841
0.03753846153846154,0.012923076923076926,62.48567022426681,30.412136413146225,32.07353381112058
0.03753846153846154,0.013230769230769233,66.7360989447796,29.220159762996335,37.51593918178327
0.03753846153846154,0.013538461538461541,54.29287777556635,28.011119362395817,26.281758413170536
0.03753846153846154,0.013846153846153848,61.01613874762685,26.785721256891605,34.23041749073524
0.03753846153846154,0.014153846153846157,65.01769056590977,25.54468104446961,39.47300952144016
0.03753846153846154,0.014461538461538465,53.48854789157075,24.288723457665725,29.19982443390502
0.03753846153846154,0.014769230769230772,50.71355523025979,23.018581940342383,27.69497328991741
0.03753846153846154,0.01507692307692308,46.27548594896375,21.73499821937803,24.540487729585717
0.03753846153846154,0.015384615384615387,40.158457322295135,20.438721871519512,19.719735450775623
0.03753846153846154,0.015692307692307696,40.78170778867925,19.13050988565031,21.65119790302894
0.03753846153846154,0.016000000000000004,25.92885250765546,17.811126220730426,8.117726286925034
0.03753846153846154,0.01630769230769231,34.097818010971416,16.481341359665826,17.61647665130559
0.03753846153846154,0.01661538461538462,28.90152586014781,15.14193185936813,13.75959400077968
0.03753846153846154,0.016923076923076926,30.062006417750876,13.793679897267191,16.268326520483683
0.03753846153846154,0.017230769230769234,21.62655215785424,12.437372814541611,9.189179343312627
0.03753846153846154,0.01753846153846154,25.710334111031838,11.073802656333546,14.636531454698291
0.03753846153846154,0.01784615384615385,19.78426290205773,9.70376570921675,10.08049719284098
0.03753846153846154,0.01815384615384616,17.505736326077287,8.328062036187521,9.177674289889765
0.03753846153846154,0.018461538461538467,13.0587037027234,6.947495009450637,6.111208693272764
0.03753846153846154,0.018769230769230774,10.267891334089105,5.562870841272363,4.705020492816742
0.03753846153846154,0.01907692307692308,8.570945760811464,4.174998113175387,4.395947647636077
0.03753846153846154,0.01938461538461539,5.776833250124921,2.784687303749863,2.9921459463750577
0.03753846153846154,0.019692307692307696,2.7185271833921094,1.3927503153568306,1.3257768680352788
0.038153846153846156,0.00030769230769230776,83.73979122038862,43.33405824035427,40.40573298003436
0.038153846153846156,0.0006153846153846155,101.05230452413792,43.296095740233554,57.75620878390437
0.038153846153846156,0.0009230769230769233,127.27096974718458,43.2328495394353,84.03812020774927
0.038153846153846156,0.001230769230769231,121.07996997808867,43.14435657195975,77.93561340612892
0.038153846153846156,0.001538461538461539,102.93397530926455,43.03066851520791,59.90330679405665
0.038153846153846156,0.0018461538461538465,108.1227823494505,42.891851759803416,65.23093058964709
0.038153846153846156,0.002153846153846154,133.879470826225,42.7279873708223,91.15148345540271
0.038153846153846156,0.002461538461538462,129.61335355215803,42.539171040453226,87.0741825117048
0.038153846153846156,0.00276923076923077,121.31032828412664,42.325513032116014,78.98481525201063
0.038153846153846156,0.003076923076923078,118.91446380242408,42.087138116070825,76.82732568635325
0.038153846153846156,0.0033846153846153852,118.80411231170793,41.8241854965559,76.97992681515203
0.038153846153846156,0.003692307692307693,105.2777639340283,41.53680873049619,63.74095520353211
0.038153846153846156,0.004000000000000001,101.44544463392022,41.22517563783044,60.22026899608978
0.038153846153846156,0.004307692307692308,116.81973789274491,40.889468203509054,75.93026968923586
0.038153846153846156,0.004615384615384617,112.86950260270328,40.52988247122001,72.33962013148326
0.038153846153846156,0.004923076923076924,168.79803059296052,40.14662842890492,128.65140216405558
0.038153846153846156,0.0052307692307692315,154.07991752998998,39.7399298861319,114.33998764385808
0.038153846153846156,0.00553846153846154,166.0038223286658,39.31002434339713,126.69379798526866
0.038153846153846156,0.005846153846153847,168.35822656246464,38.85716285343128,129.50106370903336
0.038153846153846156,0.006153846153846156,170.0958475929289,38.381609874591724,131.71423771833716
0.038153846153846156,0.006461538461538463,155.64784514462193,37.883643116426356,117.76420202819557
0.038153846153846156,0.0067692307692307704,128.67106584123968,37.363553377499,91.30751246374068
0.038153846153846156,0.007076923076923079,117.60194741853778,36.82164437557128,80.7803030429665
0.038153846153846156,0.007384615384615386,103.4293164957475,36.25823257023993,67.17108392550756
0.038153846153846156,0.007692307692307694,121.68622077377127,35.6736469781334,86.01257379563788
0.038153846153846156,0.008000000000000002,133.50080690343788,35.06822898077529,98.43257792266259
0.038153846153846156,0.00830769230769231,108.49528113470048,34.44233212522727,74.05294900947321
0.038153846153846156,0.008615384615384617,117.77826382820076,33.79632191762749,83.98194191057328
0.038153846153846156,0.008923076923076924,102.34181812893911,33.13057560974528,69.21124251919383
0.038153846153846156,0.009230769230769233,97.17242322050042,32.44548197867677,64.72694124182365
0.038153846153846156,0.00953846153846154,82.47355534435577,31.741441099810007,50.73211424454577
0.038153846153846156,0.009846153846153848,72.53963904687856,31.01886411319219,41.52077493368637
0.038153846153846156,0.010153846153846156,67.94997740283475,30.27817298343545,37.671804419399294
0.038153846153846156,0.010461538461538463,71.3973894658008,29.519800253301423,41.87758921249937
0.038153846153846156,0.010769230769230772,60.29442607610745,28.744188791108435,31.550237284999014
0.038153846153846156,0.01107692307692308,84.3550074762842,27.95179153210889,56.403215944175315
0.038153846153846156,0.011384615384615387,84.76506603083797,27.14307121398783,57.62199481685014
0.038153846153846156,0.011692307692307695,80.91058200715676,26.31850010663716,54.5920819005196
0.038153846153846156,0.012000000000000002,53.87712236345188,25.478559736363337,28.398562627088545
0.038153846153846156,0.012307692307692311,60.91735623946367,24.623740604689548,36.29361563477413
0.038153846153846156,0.012615384615384619,58.26032755181669,23.75454190191666,34.50578564990003
0.038153846153846156,0.012923076923076926,54.22400828404995,22.871471215610125,31.352537068439826
0.038153846153846156,0.013230769230769233,61.50321410301565,21.97504423418313,39.52816986883252
0.038153846153846156,0.013538461538461541,57.1995740782129,21.06578444574909,36.1337896324638
0.038153846153846156,0.013846153846153848,84.45229854224873,20.144222832419366,64.30807570982935
0.038153846153846156,0.014153846153846157,67.11591365126057,19.210897560224588,47.90501609103598
0.038153846153846156,0.014461538461538465,52.8250961527626,18.26635366484094,34.55874248792166
0.038153846153846156,0.014769230769230772,50.02980253261951,17.311142733304578,32.718659799314935
0.038153846153846156,0.01507692307692308,47.34843728795355,16.34582258190043,31.002614706053123
0.038153846153846156,0.015384615384615387,38.327961906044166,15.370956930413133,22.957004975631033
0.038153846153846156,0.015692307692307696,34.87992186908843,14.387115072930545,20.492806796157883
0.038153846153846156,0.016000000000000004,26.082350524302885,13.394871545392078,12.687478978910807
0.038153846153846156,0.01630769230769231,34.490996904617475,12.394805790075855,22.096191114541618
0.038153846153846156,0.01661538461538462,28.104925083156573,11.387501817220752,16.71742326593582
0.038153846153846156,0.016923076923076926,26.497010990196895,10.373547863980827,16.123463126216066
0.038153846153846156,0.017230769230769234,25.40549736749139,9.353536050911458,16.05196131657993
0.038153846153846156,0.01753846153846154,24.640579437278163,8.328062036187534,16.31251740109063
0.038153846153846156,0.01784615384615385,19.702297081386575,7.297724667755926,12.40457241363065
0.038153846153846156,0.01815384615384616,18.128562483151406,6.263125633625063,11.865436849526343
0.038153846153846156,0.018461538461538467,13.259467138707922,5.224869110496226,8.034598028211697
0.038153846153846156,0.018769230769230774,9.32583051943321,4.183561410941182,5.142269108492028
0.038153846153846156,0.01907692307692308,8.732635600932243,3.1398106293328603,5.5928249715993825
0.038153846153846156,0.01938461538461539,5.818639407558321,2.094226286735278,3.7244131208230433
0.038153846153846156,0.019692307692307696,2.9378286456352996,1.0474189749604723,1.8904096706748272
0.03876923076923077,0.00030769230769230776,66.79284210940727,28.945722062562798,37.84712004684448
0.03876923076923077,0.0006153846153846155,85.09046293227476,28.920364364209245,56.17009856806551
0.03876923076923077,0.0009230769230769233,124.69947388967731,28.878117987475612,95.8213559022017
0.03876923076923077,0.001230769230769231,128.45944729296068,28.819007603056242,99.64043968990444
0.03876923076923077,0.001538461538461539,81.09144412415246,28.74306772975106,52.3483763944014
0.03876923076923077,0.0018461538461538465,119.7908005840804,28.65034271430759,91.1404578697728
0.03876923076923077,0.002153846153846154,137.3930999226959,28.540886705523672,108.85221321717223
0.03876923076923077,0.002461538461538462,133.72062081002412,28.414763622626108,105.305857187398
0.03876923076923077,0.00276923076923077,132.71622693551754,28.272047117943643,104.4441798175739
0.03876923076923077,0.003076923076923078,108.19042556120604,28.112820533896052,80.07760502730999
0.03876923076923077,0.0033846153846153852,121.28184488378908,27.937176854324548,93.34466802946453
0.03876923076923077,0.003692307692307693,103.3279839067069,27.745218650191795,75.5827652565151
0.03876923076923077,0.004000000000000001,93.43261686763181,27.537058019683396,65.89555884794841
0.03876923076923077,0.004307692307692308,95.32144223248001,27.31281652274569,68.00862570973432
0.03876923076923077,0.004615384615384617,125.44091637248825,27.072625110098144,98.3682912623901
0.03876923076923077,0.004923076923076924,165.22673545147498,26.81662404676188,138.4101114047131
0.03876923076923077,0.0052307692307692315,154.02482472409352,26.544962830148787,127.47986189394473
0.03876923076923077,0.00553846153846154,168.91620014566058,26.25780010275928,142.6584000429013
0.03876923076923077,0.005846153846153847,171.57869125273035,25.95530355953955,145.6233876931908
0.03876923076923077,0.006153846153846156,158.91428340676475,25.637649849952417,133.27663355681233
0.03876923076923077,0.006461538461538463,134.99039052542017,25.30502447481902,109.68536605060115
0.03876923076923077,0.0067692307692307704,133.5240971208634,24.95762167799159,108.56647544287179
0.03876923076923077,0.007076923076923079,118.44316695572229,24.59564433292047,93.84752262280182
0.03876923076923077,0.007384615384615386,109.49844508770647,24.219303824181758,85.2791412635247
0.03876923076923077,0.007692307692307694,105.13375458106773,23.82881992403467,81.30493465703307
0.03876923076923077,0.008000000000000002,109.41192610067914,23.424420664080706,85.98750543659844
0.03876923076923077,0.00830769230769231,109.40588253979605,23.00634220209965,86.39954033769641
0.03876923076923077,0.008615384615384617,96.38979841623673,22.57482868414004,73.81496973209669
0.03876923076923077,0.008923076923076924,96.48539676806917,22.130132101944785,74.35526466612438
0.03876923076923077,0.009230769230769233,77.69011101535037,21.672512145795046,56.01759886955532
0.03876923076923077,0.00953846153846154,75.92437829398051,21.202236052858474,54.722142241122036
0.03876923076923077,0.009846153846153848,71.4234572520925,20.719578451130182,50.70387880096232
0.03876923076923077,0.010153846153846156,76.29630231061776,20.224821199057754,56.071481111560004
0.03876923076923077,0.010461538461538463,73.16249435228117,19.71825322094385,53.44424113133732
0.03876923076923077,0.010769230769230772,62.79528156227522,19.200170338222534,43.59511122405269
0.03876923076923077,0.01107692307692308,65.28226428314461,18.6708750967079,46.61138918643671
0.03876923076923077,0.011384615384615387,83.37264243852567,18.13067658991584,65.24196584860984
0.03876923076923077,0.011692307692307695,60.667347534424856,17.579890278562118,43.08745725586274
0.03876923076923077,0.012000000000000002,46.29478069028275,17.018837806342212,29.275942883940537
0.03876923076923077,0.012307692307692311,42.33999039570559,16.447846812100437,25.892143583605154
0.03876923076923077,0.012615384615384619,44.014964173204795,15.867250738498115,28.14771343470668
0.03876923076923077,0.012923076923076926,65.64707735877445,15.277388637292413,50.36968872148204
0.03876923076923077,0.013230769230769233,45.923567938734536,14.678604971339697,31.24496296739484
0.03876923076923077,0.013538461538461541,59.87006558091967,14.071249413438892,45.79881616748078
0.03876923076923077,0.013846153846153848,71.72996019461833,13.45567664213246,58.27428355248587
0.03876923076923077,0.014153846153846157,61.18671655871559,12.832246134584063,48.35447042413153
0.03876923076923077,0.014461538461538465,53.12871867738368,12.201321956654079,40.927396720729604
0.03876923076923077,0.014769230769230772,44.549770043116965,11.563272550295338,32.98649749282163
0.03876923076923077,0.01507692307692308,42.93355058663287,10.918470518393443,32.01508006823943
0.03876923076923077,0.015384615384615387,45.89921718807791,10.267292407177154,35.63192478090076
0.03876923076923077,0.015692307692307696,44.607804697796105,9.610118486325986,34.99768621147012
0.03876923076923077,0.016000000000000004,28.265103570876857,8.947332526903448,19.31777104397341
0.03876923076923077,0.01630769230769231,24.497660353615302,8.279321577245536,16.218338776369766
0.03876923076923077,0.01661538461538462,21.25308855444198,7.60647573693541,13.64661281750657
0.03876923076923077,0.016923076923076926,18.79265330142897,6.929187928996198,11.863465372432772
0.03876923076923077,0.017230769230769234,24.5268588687389,6.247853670435066,18.27900519830383
0.03876923076923077,0.01753846153846154,20.262385116867858,5.562870841272365,14.699514275595494
0.03876923076923077,0.01784615384615385,11.548783051969716,4.874639452190955,6.674143599778761
0.03876923076923077,0.01815384615384616,20.735612490346522,4.183561410941176,16.552051079405345
0.03876923076923077,0.018461538461538467,14.622593031457923,3.4900402876381302,11.132552743819792
0.03876923076923077,0.018769230769230774,9.758485084083697,2.794481079087979,6.964004004995718
0.03876923076923077,0.01907692307692308,9.754336392767533,2.097289972281312,7.657046420486221
0.03876923076923077,0.01938461538461539,5.9786844558076275,1.3988741071913215,4.579810348616306
0.03876923076923077,0.019692307692307696,2.9234355993121945,0.6996413390155722,2.2237942602966223
0.039384615384615386,0.00030769230769230776,72.70616671569735,14.489781809684274,58.216384906013076
0.039384615384615386,0.0006153846153846155,86.91073889592906,14.477088137177345,72.43365075875171
0.039384615384615386,0.0009230769230769233,101.72270373454076,14.455940252878692,87.26676348166207
0.039384615384615386,0.001230769230769231,113.07072483129214,14.426350506557213,98.64437432473493
0.039384615384615386,0.001538461538461539,98.78703640279035,14.388336177791505,84.39870022499885
0.039384615384615386,0.0018461538461538465,120.03557868699383,14.341919465879066,105.69365922111476
0.039384615384615386,0.002153846153846154,130.74220966539974,14.28712747687254,116.4550821885272
0.039384615384615386,0.002461538461538462,128.57582269301244,14.223992207750543,114.3518304852619
0.039384615384615386,0.00276923076923077,125.217103360467,14.152550527732332,111.06455283273466
0.039384615384615386,0.003076923076923078,112.56863153046652,14.072844156747207,98.49578737371931
0.039384615384615386,0.0033846153846153852,132.03748228276868,13.984919641071267,118.0525626416974
0.039384615384615386,0.003692307692307693,120.62267607169952,13.888828326145674,106.73384774555385
0.039384615384615386,0.004000000000000001,104.15386613484038,13.784626326592377,90.36923980824801
0.039384615384615386,0.004307692307692308,107.95616321174714,13.672374493444751,94.28378871830239
0.039384615384615386,0.004615384615384617,115.81233759552883,13.552138378612293,102.26019921691653
0.039384615384615386,0.004923076923076924,144.76839553793602,13.423988196600172,131.34440734133585
0.039384615384615386,0.0052307692307692315,153.30422377748306,13.287998783505925,140.01622499397715
0.039384615384615386,0.00553846153846154,147.71374614568765,13.144249553317284,134.56949659237037
0.039384615384615386,0.005846153846153847,163.08877179000936,12.992824451536647,150.0959473384727
0.039384615384615386,0.006153846153846156,153.36425601084304,12.833811906159264,140.53044410468377
0.039384615384615386,0.006461538461538463,131.00903478889816,12.667304776033777,118.34173001286439
0.039384615384615386,0.0067692307692307704,124.80859390615623,12.493400296635281,112.31519360952095
0.039384615384615386,0.007076923076923079,112.69952937548692,12.312200023282523,100.38732935220439
0.039384615384615386,0.007384615384615386,88.36637430738382,12.123809771832471,76.24256453555135
0.039384615384615386,0.007692307692307694,121.47545198974163,11.928339556886835,109.54711243285479
0.039384615384615386,0.008000000000000002,90.53441319740469,11.725903527546619,78.80850966985807
0.039384615384615386,0.00830769230769231,90.7417192635615,11.516619900752284,79.22509936280922
0.039384615384615386,0.008615384615384617,84.25736357249913,11.300610892248372,72.95675268025076
0.039384615384615386,0.008923076923076924,79.52863136537417,11.078002645212951,68.45062872016122
0.039384615384615386,0.009230769230769233,81.46375331153537,10.848925156593554,70.61482815494182
0.039384615384615386,0.00953846153846154,86.06712392810263,10.613512201192627,75.45361172691
0.039384615384615386,0.009846153846153848,70.75069117338853,10.371901253546802,60.37878991984173
0.039384615384615386,0.010153846153846156,71.93204696802795,10.124233407645647,61.8078135603823
0.039384615384615386,0.010461538461538463,56.99566360475501,9.87065329453675,47.12501031021826
0.039384615384615386,0.010769230769230772,53.633653923639486,9.611308997865248,44.022344925774235
0.039384615384615386,0.01107692307692308,47.46126130638019,9.346351967397164,38.114909338983026
0.039384615384615386,0.011384615384615387,76.0761396922781,9.075936930576997,67.0002027617011
0.039384615384615386,0.011692307692307695,76.3624097077978,8.80022180217126,67.56218790562653
0.039384615384615386,0.012000000000000002,56.880543517591654,8.519367592050699,48.361175925540955
0.039384615384615386,0.012307692307692311,45.80301518382877,8.233538311165056,37.569476872663714
0.039384615384615386,0.012615384615384619,39.07394537398229,7.942900875765312,31.13104449821698
0.039384615384615386,0.012923076923076926,60.022590673155996,7.647625009929275,52.37496566322672
0.039384615384615386,0.013230769230769233,53.53629607919339,7.347883146447511,46.18841293274588
0.039384615384615386,0.013538461538461541,62.74702433216228,7.043850326127446,55.703174006034835
0.039384615384615386,0.013846153846153848,70.83664944424886,6.7357040955744685,64.1009453486744
0.039384615384615386,0.014153846153846157,52.18165095792402,6.4236244035097,45.75802655441432
0.039384615384615386,0.014461538461538465,52.897393280109895,6.107793495685026,46.789599784424865
0.039384615384615386,0.014769230769230772,55.73820069435515,5.788395808456691,49.94980488589846
0.039384615384615386,0.01507692307692308,37.560256049411336,5.465617861079679,32.09463818833166
0.039384615384615386,0.015384615384615387,29.885338629905874,5.139648146785706,24.745690483120168
0.039384615384615386,0.015692307692307696,36.430541022078955,4.810677022708483,31.619863999370473
0.039384615384615386,0.016000000000000004,29.932653009104527,4.478896598720519,25.45375641038401
0.039384615384615386,0.01630769230769231,25.379392152016255,4.14450062524636,21.234891526769893
0.039384615384615386,0.01661538461538462,28.57857760342905,3.8076843801177978,24.77089322331125
0.039384615384615386,0.016923076923076926,25.019633021927316,3.468644554537104,21.550988467390212
0.039384615384615386,0.017230769230769234,21.452737861667956,3.1275791382149336,18.325158723453022
0.039384615384615386,0.01753846153846154,18.68003757050326,2.7846873037498785,15.89535026675338
0.039384615384615386,0.01784615384615385,16.70030111763988,2.440169290317305,14.260131827322576
0.039384615384615386,0.01815384615384616,18.43711543086288,2.094226286735286,16.342889144127597
0.039384615384615386,0.018461538461538467,14.441332087828433,1.7470603139760437,12.694271773852389
0.039384615384615386,0.018769230769230774,10.027278740886144,1.3988741071913287,8.628404633694815
0.039384615384615386,0.01907692307692308,8.250944938554928,1.0498709973208518,7.2010739412340765
0.039384615384615386,0.01938461538461539,5.874913330603366,0.700254792352709,5.174658538250657
0.039384615384615386,0.019692307692307696,2.9870530518195046,0.3502296583052805,2.636823393514224
