x_m,y_m,phi_V,phi_exact_V,signed_error_V
0.0006153846153846154,0.00030769230769230776,14.489817709459418,14.489781809684196,3.589977522189258e-05
0.0006153846153846154,0.0006153846153846155,14.477160436064343,14.477088137177267,7.229888707627197e-05
0.0006153846153846154,0.0009230769230769233,14.456048210010668,14.455940252878614,0.00010795713205347113
0.0006153846153846154,0.001230769230769231,14.42649316583049,14.426350506557137,0.00014265927335266326
0.0006153846153846154,0.001538461538461539,14.388512158147924,14.388336177791427,0.00017598035649690758
0.0006153846153846154,0.0018461538461538465,14.342127400368863,14.341919465878988,0.0002079344898753277
0.0006153846153846154,0.002153846153846154,14.28736586152533,14.287127476872463,0.00023838465286729615
0.0006153846153846154,0.002461538461538462,14.224259531234836,14.223992207750467,0.00026732348436908637
0.0006153846153846154,0.00276923076923077,14.152845293989278,14.152550527732256,0.00029476625702251624
0.0006153846153846154,0.003076923076923078,14.073164846366154,14.07284415674713,0.00032068961902353976
0.0006153846153846154,0.0033846153846153852,13.985264787375694,13.98491964107119,0.00034514630450388495
0.0006153846153846154,0.003692307692307693,13.889196421982929,13.8888283261456,0.00036809583732910767
0.0006153846153846154,0.004000000000000001,13.785015931138613,13.784626326592303,0.0003896045463100961
0.0006153846153846154,0.004307692307692308,13.672784119576367,13.672374493444677,0.000409626131689933
0.0006153846153846154,0.004615384615384617,13.552566612516895,13.55213837861222,0.0004282339046746131
0.0006153846153846154,0.004923076923076924,13.4244335868422,13.4239881966001,0.00044539024210088485
0.0006153846153846154,0.0052307692307692315,13.28845994026807,13.287998783505854,0.0004611567622152535
0.0006153846153846154,0.00553846153846154,13.144725050645967,13.144249553317213,0.0004754973287539599
0.0006153846153846154,0.005846153846153847,12.99331293026655,12.992824451536578,0.0004884787299719306
0.0006153846153846154,0.006153846153846156,12.834311986168547,12.833811906159195,0.0005000800093526436
0.0006153846153846154,0.006461538461538463,12.667815127118505,12.66730477603371,0.0005103510847952464
0.0006153846153846154,0.0067692307692307704,12.493919572417985,12.493400296635214,0.0005192757827714445
0.0006153846153846154,0.007076923076923079,12.312726932817128,12.312200023282458,0.0005269095346704944
0.0006153846153846154,0.007384615384615386,12.124343019783556,12.123809771832407,0.0005332479511483967
0.0006153846153846154,0.007692307692307694,11.9288778881126,11.928339556886769,0.0005383312258313566
0.0006153846153846154,0.008000000000000002,11.72644568755815,11.725903527546555,0.0005421600115962377
0.0006153846153846154,0.00830769230769231,11.51716468057168,11.516619900752222,0.0005447798194584408
0.0006153846153846154,0.008615384615384617,11.30115709166933,11.300610892248312,0.0005461994210183008
0.0006153846153846154,0.008923076923076924,11.078549096662144,11.07800264521289,0.000546451449253027
0.0006153846153846154,0.009230769230769233,10.84947070660734,10.848925156593495,0.000545550013844931
0.0006153846153846154,0.00953846153846154,10.614055733794245,10.61351220119257,0.0005435326016751674
0.0006153846153846154,0.009846153846153848,10.372441671109183,10.371901253546746,0.0005404175624370566
0.0006153846153846154,0.010153846153846156,10.1247696412026,10.124233407645594,0.0005362335570051613
0.0006153846153846154,0.010461538461538463,9.871184298083914,9.870653294536696,0.000531003547218134
0.0006153846153846154,0.010769230769230772,9.611833756776202,9.611308997865196,0.0005247589110055628
0.0006153846153846154,0.01107692307692308,9.346869491333146,9.346351967397112,0.0005175239360344364
0.0006153846153846154,0.011384615384615387,9.076446255576444,9.075936930576948,0.0005093249994967408
0.0006153846153846154,0.011692307692307695,8.800721992263657,8.800221802171214,0.0005001900924437308
0.0006153846153846154,0.012000000000000002,8.519857739887195,8.519367592050653,0.0004901478365422207
0.0006153846153846154,0.012307692307692311,8.234017536005975,8.233538311165011,0.00047922484096396545
0.0006153846153846154,0.012615384615384619,7.9433683241121065,7.942900875765269,0.0004674483468374291
0.0006153846153846154,0.012923076923076926,7.648079854626927,7.647625009929233,0.00045484469769352387
0.0006153846153846154,0.013230769230769233,7.348324588526983,7.347883146447472,0.00044144207951024583
0.0006153846153846154,0.013538461538461541,7.044277590212628,7.043850326127408,0.0004272640852205356
0.0006153846153846154,0.013846153846153848,6.736116437743104,6.735704095574432,0.00041234216867191975
0.0006153846153846154,0.014153846153846157,6.424021100818019,6.423624403509665,0.0003966973083535663
0.0006153846153846154,0.014461538461538465,6.1081738611458505,6.1077934956849935,0.0003803654608569573
0.0006153846153846154,0.014769230769230772,5.78875917231299,5.78839580845666,0.00036336385633006785
0.0006153846153846154,0.01507692307692308,5.465963593988533,5.465617861079648,0.0003457329088849548
0.0006153846153846154,0.015384615384615387,5.139975634607802,5.139648146785678,0.0003274878221235511
0.0006153846153846154,0.015692307692307696,4.810985699429041,4.810677022708457,0.0003086767205839891
0.0006153846153846154,0.016000000000000004,4.479185907661097,4.478896598720495,0.00028930894060152923
0.0006153846153846154,0.01630769230769231,4.1447700531098794,4.144500625246338,0.0002694278635413383
0.0006153846153846154,0.01661538461538462,3.8079334156853744,3.8076843801177773,0.0002490355675970335
0.0006153846153846154,0.016923076923076926,3.468872733555605,3.4686445545370854,0.00022817901851945877
0.0006153846153846154,0.017230769230769234,3.1277859918979933,3.1275791382149167,0.00020685368307660212
0.0006153846153846154,0.01753846153846154,2.7848724114137013,2.7846873037498634,0.00018510766383794675
0.0006153846153846154,0.01784615384615385,2.440332235022212,2.440169290317292,0.00016294470492006496
0.0006153846153846154,0.01815384615384616,2.0943667139591136,2.094226286735275,0.00014042722383855732
0.0006153846153846154,0.018461538461538467,1.747177884171566,1.7470603139760341,0.00011757019553182424
0.0006153846153846154,0.018769230769230774,1.398968543823611,1.398874107191321,9.443663228991817e-05
0.0006153846153846154,0.01907692307692308,1.0499420550741354,1.0498709973208462,7.105775328919428e-05
0.0006153846153846154,0.01938461538461539,0.7003022858730094,0.7002547923527053,4.7493520304087156e-05
0.0006153846153846154,0.019692307692307696,0.3502534479880075,0.35022965830527863,2.378968272886972e-05
0.0012307692307692308,0.00030769230769230776,28.945811276133895,28.945722062562808,8.921357108704342e-05
0.0012307692307692308,0.0006153846153846155,28.920538515784518,28.920364364209256,0.00017415157526201597
0.0012307692307692308,0.0009230769230769233,28.878372409034323,28.878117987475623,0.0002544215587008125
0.0012307692307692308,0.001230769230769231,28.819338340585553,28.819007603056253,0.00033073752929979605
0.0012307692307692308,0.001538461538461539,28.743470641696316,28.743067729751072,0.000402911945244
0.0012307692307692308,0.0018461538461538465,28.65081407470225,28.6503427143076,0.0004713603946484568
0.0012307692307692308,0.002153846153846154,28.541422732393023,28.540886705523683,0.0005360268693408443
0.0012307692307692308,0.002461538461538462,28.415360676520937,28.41476362262612,0.0005970538948183446
0.0012307692307692308,0.00276923076923077,28.272701669853664,28.272047117943654,0.0006545519100100705
0.0012307692307692308,0.003076923076923078,28.113529091396597,28.112820533896063,0.0007085575005341127
0.0012307692307692308,0.0033846153846153852,27.937936067483683,27.93717685432456,0.0007592131591245277
0.0012307692307692308,0.003692307692307693,27.746025143610918,27.745218650191806,0.0008064934191125417
0.0012307692307692308,0.004000000000000001,27.537908574117363,27.537058019683407,0.0008505544339563187
0.0012307692307692308,0.004307692307692308,27.313707868167285,27.3128165227457,0.0008913454215857541
0.0012307692307692308,0.004615384615384617,27.073554141318045,27.072625110098155,0.0009290312198899642
0.0012307692307692308,0.004923076923076924,26.817587616086218,26.81662404676189,0.0009635693243268406
0.0012307692307692308,0.0052307692307692315,26.545957928662773,26.544962830148794,0.0009950985139788315
0.0012307692307692308,0.00553846153846154,26.25882367527009,26.25780010275929,0.001023572510799653
0.0012307692307692308,0.005846153846153847,25.956352697562423,25.955303559539562,0.0010491380228607738
0.0012307692307692308,0.006153846153846156,25.638721623506594,25.637649849952428,0.0010717735541661
0.0012307692307692308,0.006461538461538463,25.306116064968474,25.30502447481903,0.0010915901494428226
0.0012307692307692308,0.0067692307692307704,24.9587302495046,24.957621677991597,0.0011085715130043639
0.0012307692307692308,0.007076923076923079,24.596767170750127,24.59564433292048,0.001122837829647949
0.0012307692307692308,0.007384615384615386,24.220438217010578,24.219303824181768,0.0011343928288098937
0.0012307692307692308,0.007692307692307694,23.829963248860082,23.82881992403468,0.0011433248254029138
0.0012307692307692308,0.008000000000000002,23.425570309113144,23.424420664080717,0.0011496450324273155
0.0012307692307692308,0.00830769230769231,23.007495653433278,23.006342202099656,0.0011534513336215468
0.0012307692307692308,0.008615384615384617,22.575983453389792,22.57482868414005,0.0011547692497408946
0.0012307692307692308,0.008923076923076924,22.131285772111056,22.130132101944792,0.0011536701662642201
0.0012307692307692308,0.009230769230769233,21.67366233462939,21.672512145795054,0.0011501888343374844
0.0012307692307692308,0.00953846153846154,21.20338045859099,21.202236052858485,0.0011444057325036283
0.0012307692307692308,0.009846153846153848,20.720714814153215,20.71957845113019,0.001136363023025666
0.0012307692307692308,0.010153846153846156,20.22594732215471,20.224821199057764,0.001126123096945264
0.0012307692307692308,0.010461538461538463,19.719366957583933,19.718253220943858,0.0011137366400753024
0.0012307692307692308,0.010769230769230772,19.20126960947044,19.20017033822254,0.0010992712478987698
0.0012307692307692308,0.01107692307692308,18.67195787660422,18.670875096707906,0.0010827798963148894
0.0012307692307692308,0.011384615384615387,18.131740909994924,18.130676589915847,0.0010643200790774188
0.0012307692307692308,0.011692307692307695,17.580934230631303,17.579890278562125,0.0010439520691782889
0.0012307692307692308,0.012000000000000002,17.019859544086422,17.01883780634222,0.0010217377442032216
0.0012307692307692308,0.012307692307692311,16.448844547116913,16.447846812100444,0.000997735016468937
0.0012307692307692308,0.012615384615384619,15.868222741764338,15.86725073849812,0.0009720032662183797
0.0012307692307692308,0.012923076923076926,15.278333238344722,15.277388637292418,0.0009446010523035397
0.0012307692307692308,0.013230769230769233,14.679520561341151,14.678604971339702,0.0009155900014494733
0.0012307692307692308,0.013538461538461541,14.072134437983571,14.071249413438897,0.0008850245446740956
0.0012307692307692308,0.013846153846153848,13.456529614728726,13.455676642132463,0.0008529725962631574
0.0012307692307692308,0.014153846153846157,12.833065618947607,12.832246134584068,0.0008194843635394022
0.0012307692307692308,0.014461538461538465,12.202106592787466,12.201321956654084,0.0007846361333818663
0.0012307692307692308,0.014769230769230772,11.564021021926187,11.563272550295343,0.0007484716308443495
0.0012307692307692308,0.01507692307692308,10.919181592961383,10.918470518393447,0.0007110745679366204
0.0012307692307692308,0.015384615384615387,10.267964891629656,10.267292407177157,0.0006724844524992335
0.0012307692307692308,0.015692307692307696,9.610751287060687,9.61011848632599,0.000632800734697625
0.0012307692307692308,0.016000000000000004,8.947924583785358,8.94733252690345,0.0005920568819082206
0.0012307692307692308,0.01630769230769231,8.279871929475362,8.279321577245538,0.000550352229824469
0.0012307692307692308,0.01661538461538462,7.6069834550026725,7.606475736935413,0.0005077180672596882
0.0012307692307692308,0.016923076923076926,6.929652201681954,6.929187928996201,0.00046427268575310876
0.0012307692307692308,0.017230769230769234,6.248273711260796,6.2478536704350685,0.00042004082572777435
0.0012307692307692308,0.01753846153846154,5.563245982337718,5.562870841272367,0.0003751410653514142
0.0012307692307692308,0.01784615384615385,4.874969053668133,4.874639452190957,0.00032960147717631116
0.0012307692307692308,0.01815384615384616,4.183844960292687,4.183561410941178,0.0002835493515087606
0.0012307692307692308,0.018461538461538467,3.4902772994941484,3.4900402876381316,0.0002370118560168777
0.0012307692307692308,0.018769230769230774,2.794671177600734,2.79448107908798,0.0001900985127538668
0.0012307692307692308,0.01907692307692308,2.0974328251189513,2.0972899722813128,0.00014285283763859624
0.0012307692307692308,0.01938461538461539,1.3989694794539853,1.398874107191322,9.5372262663318e-05
0.0012307692307692308,0.019692307692307696,0.6996890626947818,0.6996413390155725,4.772367920935494e-05
0.0018461538461538463,0.00030769230769230776,43.334195930187704,43.33405824035425,0.00013768983345130437
0.0018461538461538463,0.0006153846153846155,43.29636407505456,43.29609574023354,0.00026833482102261996
0.0018461538461538463,0.0009230769230769233,43.23324100290139,43.232849539435286,0.00039146346610152705
0.0018461538461538463,0.001230769230769231,43.14486459443752,43.14435657195973,0.0005080224777884723
0.0018461538461538463,0.001538461538461539,43.03128644880051,43.03066851520789,0.000617933592614861
0.0018461538461538463,0.0018461538461538465,42.89257368855005,42.8918517598034,0.0007219287466497804
0.0018461538461538463,0.002153846153846154,42.728807327968084,42.727987370822284,0.0008199571458007426
0.0018461538461538463,0.002461538461538462,42.540083428237686,42.53917104045321,0.0009123877844743333
0.0018461538461538463,0.00276923076923077,42.32651234585789,42.325513032116,0.0009993137418931042
0.0018461538461538463,0.003076923076923078,42.08821905251468,42.08713811607081,0.0010809364438699731
0.0018461538461538463,0.0033846153846153852,41.82534286323916,41.824185496555884,0.0011573666832731533
0.0018461538461538463,0.003692307692307693,41.538037419130944,41.536808730496176,0.0012286886347681047
0.0018461538461538463,0.004000000000000001,41.22647068090434,41.225175637830425,0.0012950430739167018
0.0018461538461538463,0.004307692307692308,40.890824655394546,40.88946820350904,0.0013564518855062602
0.0018461538461538463,0.004615384615384617,40.53129555801652,40.52988247122,0.0014130867965178595
0.0018461538461538463,0.004923076923076924,40.148093386711594,40.14662842890491,0.001464957806682321
0.0018461538461538463,0.0052307692307692315,39.74144210541487,39.73992988613188,0.0015122192829863934
0.0018461538461538463,0.00553846153846154,39.311579201573416,39.31002434339712,0.0015548581762985236
0.0018461538461538463,0.005846153846153847,38.85875590865974,38.85716285343127,0.0015930552284686428
0.0018461538461538463,0.006153846153846156,38.383236693538876,38.38160987459171,0.0016268189471659866
0.0018461538461538463,0.006461538461538463,37.88529940644472,37.88364311642634,0.0016562900183814122
0.0018461538461538463,0.0067692307692307704,37.36523485182189,37.363553377498995,0.0016814743228934503
0.0018461538461538463,0.007076923076923079,36.823346909613626,36.82164437557127,0.00170253404235865
0.0018461538461538463,0.007384615384615386,36.25995206629272,36.258232570239926,0.0017194960527930903
0.0018461538461538463,0.007692307692307694,35.6753794600281,35.673646978133384,0.0017324818947130893
0.0018461538461538463,0.008000000000000002,35.06997050432094,35.068228980775274,0.0017415235456681444
0.0018461538461538463,0.00830769230769231,34.44407888638804,34.44233212522726,0.0017467611607813183
0.0018461538461538463,0.008615384615384617,33.798070160676914,33.79632191762748,0.0017482430494339951
0.0018461538461538463,0.008923076923076924,33.132321683192885,33.130575609745264,0.0017460734476202333
0.0018461538461538463,0.009230769230769233,32.447222289585454,32.44548197867675,0.0017403109087013036
0.0018461538461538463,0.00953846153846154,31.74317217554517,31.741441099809997,0.0017310757351722827
0.0018461538461538463,0.009846153846153848,31.020582548056435,31.01886411319218,0.0017184348642551583
0.0018461538461538463,0.010153846153846156,30.279875466826333,30.27817298343544,0.0017024833908934056
0.0018461538461538463,0.010461538461538463,29.521483552565662,29.519800253301415,0.0016832992642470401
0.0018461538461538463,0.010769230769230772,28.745849777756675,28.744188791108424,0.0016609866482504287
0.0018461538461538463,0.01107692307692308,27.953427158065452,27.95179153210888,0.0016356259565704079
0.0018461538461538463,0.011384615384615387,27.144678521081257,27.14307121398782,0.001607307093436816
0.0018461538461538463,0.011692307692307695,26.320076227969068,26.318500106637153,0.0015761213319152034
0.0018461538461538463,0.012000000000000002,25.480101901433525,25.47855973636333,0.0015421650701945566
0.0018461538461538463,0.012307692307692311,24.62524613180853,24.623740604689537,0.0015055271189936548
0.0018461538461538463,0.012615384615384619,23.756008200883873,23.754541901916653,0.0014662989672196147
0.0018461538461538463,0.012923076923076926,22.872895788629716,22.871471215610114,0.0014245730196016382
0.0018461538461538463,0.013230769230769233,21.976424675190678,21.975044234183123,0.0013804410075550777
0.0018461538461538463,0.013538461538461541,21.06711843859906,21.065784445749085,0.001333992849975374
0.0018461538461538463,0.013846153846153848,20.14550815683686,20.14422283241936,0.001285324417501954
0.0018461538461538463,0.014153846153846157,19.212132083903942,19.21089756022458,0.0012345236793613878
0.0018461538461538463,0.014461538461538465,18.26753535699191,18.26635366484093,0.0011816921509790745
0.0018461538461538463,0.014769230769230772,17.31226964700418,17.31114273330457,0.0011269136996077123
0.0018461538461538463,0.01507692307692308,16.346892876764418,16.345822581900425,0.0010702948639931265
0.0018461538461538463,0.015384615384615387,15.371968848104252,15.370956930413127,0.0010119176911249639
0.0018461538461538463,0.015692307692307696,14.38806698021994,14.387115072930541,0.0009519072893979796
0.0018461538461538463,0.016000000000000004,13.395761889956876,13.394871545392073,0.0008903445648034136
0.0018461538461538463,0.01630769230769231,12.395633147359803,12.39480579007585,0.0008273572839527787
0.0018461538461538463,0.01661538461538462,11.388264847475199,11.387501817220748,0.0007630302544505696
0.0018461538461538463,0.016923076923076926,10.374245380798076,10.373547863980823,0.0006975168172527191
0.0018461538461538463,0.017230769230769234,9.354166937787266,9.353536050911456,0.0006308868758093666
0.0018461538461538463,0.01753846153846154,8.328625323548408,8.328062036187532,0.0005632873608760747
0.0018461538461538463,0.01784615384615385,7.298219453515536,7.297724667755924,0.0004947857596118155
0.0018461538461538463,0.01815384615384616,6.263551174537468,6.263125633625061,0.0004255409124063192
0.0018461538461538463,0.018461538461538467,5.225224729185581,5.2248691104962255,0.0003556186893556301
0.0018461538461538463,0.018769230769230774,4.183846570458565,4.183561410941181,0.0002851595173840593
0.0018461538461538463,0.01907692307692308,3.140024877190507,3.1398106293328594,0.0002142478576474538
0.0018461538461538463,0.01938461538461539,2.0943693010720965,2.094226286735277,0.00014301433681929154
0.0018461538461538463,0.019692307692307696,1.047490535350385,1.0474189749604719,7.156038991307234e-05
0.0024615384615384616,0.00030769230769230776,57.62136762220483,57.6211857172267,0.00018190497812753392
0.0024615384615384616,0.0006153846153846155,57.571062000892304,57.57070707851687,0.0003549223754362174
0.0024615384615384616,0.0009230769230769233,57.48712770251821,57.4866087680865,0.0005189344317102496
0.0024615384615384616,0.001230769230769231,57.3696148684915,57.368939896980656,0.0006749715108469445
0.0024615384615384616,0.001538461538461539,57.21859191541259,57.217769180506465,0.0008227349061229461
0.0024615384615384616,0.0018461538461538465,57.03414785803446,57.033184898105326,0.0009629599291329782
0.0024615384615384616,0.002153846153846154,56.81639017695421,56.81529484180019,0.0010953351540194944
0.0024615384615384616,0.002461538461538462,56.56544653601541,56.564226253248066,0.0012202827673419847
0.0024615384615384616,0.00276923076923077,56.28146349549907,56.2801257494345,0.0013377460645713768
0.0024615384615384616,0.003076923076923078,55.96460726693579,55.963159237053304,0.0014480298824892657
0.0024615384615384616,0.0033846153846153852,55.61506298118169,55.61351181562184,0.0015511655598459129
0.0024615384615384616,0.003692307692307693,55.2330350117439,55.23138766938801,0.0016473423558878153
0.0024615384615384616,0.004000000000000001,54.81874662500391,54.817009948092455,0.0017366769114559588
0.0024615384615384616,0.004307692307692308,54.37243991687801,54.37062063665537,0.0018192802226408844
0.0024615384615384616,0.004615384615384617,53.89437574755807,53.89248041386413,0.0018953336939446785
0.0024615384615384616,0.004923076923076924,53.38483341886092,53.38286850014425,0.0019649187166734805
0.0024615384615384616,0.0052307692307692315,52.84411070599881,52.84208249450245,0.0020282114963592335
0.0024615384615384616,0.00553846153846154,52.272523449874306,52.2704382007373,0.0020852491370035864
0.0024615384615384616,0.005846153846153847,51.67040569320382,51.668269443018644,0.002136250185174049
0.0024615384615384616,0.006153846153846156,51.03810913623286,51.03592787094367,0.0021812652891952666
0.0024615384615384616,0.006461538461538463,50.37600322234668,50.37378275418347,0.0022204681632089773
0.0024615384615384616,0.0067692307692307704,49.68447466301815,49.68222076684001,0.002253896178139314
0.0024615384615384616,0.007076923076923079,48.963927516691214,48.96164576163923,0.002281755051981804
0.0024615384615384616,0.007384615384615386,48.214782635234585,48.21247853409248,0.0023041011421014446
0.0024615384615384616,0.007692307692307694,47.43747766779071,47.43515657676383,0.002321091026878719
0.0024615384615384616,0.008000000000000002,46.6324666060724,46.630133823786664,0.0023327822857339697
0.0024615384615384616,0.00830769230769231,45.80021974433425,45.79788038577897,0.0023393585552824447
0.0024615384615384616,0.008615384615384617,44.941223169615654,44.93888227531197,0.002340894303685559
0.0024615384615384616,0.008923076923076924,44.05597865137181,44.053641123092454,0.0023375282793551833
0.0024615384615384616,0.009230769230769233,43.14500323050984,43.14267388502458,0.0023293454852648665
0.0024615384615384616,0.00953846153846154,42.20882904793705,42.20651254032221,0.002316507614843033
0.0024615384615384616,0.009846153846153848,41.24800288928142,41.24570378084796,0.002299108433462038
0.0024615384615384616,0.010153846153846156,40.26308596944772,40.26080869186064,0.002277277587083404
0.0024615384615384616,0.010461538461538463,39.25465354634756,39.252402424357186,0.002251121990376248
0.0024615384615384616,0.010769230769230772,38.2232946433878,38.22107385920071,0.0022207841870951484
0.0024615384615384616,0.01107692307692308,37.16961163685507,37.16742526323064,0.002186373624432747
0.0024615384615384616,0.011384615384615387,36.09421995230011,36.09207193755589,0.002148014744214777
0.0024615384615384616,0.011692307692307695,34.99774768966648,34.99564185823628,0.0021058314301996006
0.0024615384615384616,0.012000000000000002,33.88083526620837,33.87877530956224,0.002059956646128569
0.0024615384615384616,0.012307692307692311,32.744135022678314,32.74212451014681,0.002010512531505526
0.0024615384615384616,0.012615384615384619,31.588310857488185,31.586353232048307,0.001957625439878541
0.0024615384615384616,0.012923076923076926,30.414037838198016,30.412136413146193,0.0019014250518232245
0.0024615384615384616,0.013230769230769233,29.22200179898763,29.220159762996303,0.0018420359913271511
0.0024615384615384616,0.013538461538461541,28.012898951901857,28.01111936239579,0.0017795895060679356
0.0024615384615384616,0.013846153846153848,26.787435470382952,26.785721256891577,0.0017142134913754603
0.0024615384615384616,0.014153846153846157,25.54632708621062,25.54468104446958,0.0016460417410399941
0.0024615384615384616,0.014461538461538465,24.29029866205342,24.2887234576657,0.001575204387719964
0.0024615384615384616,0.014769230769230772,23.020083774416435,23.018581940342358,0.001501834074076669
0.0024615384615384616,0.01507692307692308,21.736424281827013,21.734998219378006,0.0014260624490063378
0.0024615384615384616,0.015384615384615387,20.440069892773085,20.438721871519487,0.0013480212535981195
0.0024615384615384616,0.015692307692307696,19.13177774370518,19.130509885650287,0.0012678580548914908
0.0024615384615384616,0.016000000000000004,17.81231191973186,17.811126220730404,0.0011856990014571522
0.0024615384615384616,0.01630769230769231,16.48244304328296,16.48134135966581,0.0011016836171506839
0.0024615384615384616,0.01661538461538462,15.142947794709883,15.141931859368114,0.0010159353417691364
0.0024615384615384616,0.016923076923076926,13.794608520652703,13.793679897267175,0.0009286233855281267
0.0024615384615384616,0.017230769230769234,12.438212672387614,12.437372814541597,0.0008398578460173667
0.0024615384615384616,0.01753846153846154,11.074552465184233,11.073802656333534,0.0007498088506991962
0.0024615384615384616,0.01784615384615385,9.704424296749647,9.70376570921674,0.0006585875329072621
0.0024615384615384616,0.01815384615384616,8.328628417914048,8.328062036187513,0.0005663817265357807
0.0024615384615384616,0.018461538461538467,6.94796830706416,6.94749500945063,0.00047329761353065436
0.0024615384615384616,0.018769230769230774,5.563250344101656,5.562870841272357,0.0003795028292987723
0.0024615384615384616,0.01907692307692308,4.175283234654671,4.174998113175382,0.0002851214792887191
0.0024615384615384616,0.01938461538461539,2.7848776216868503,2.78468730374986,0.0001903179369904251
0.0024615384615384616,0.019692307692307696,1.3928455428875206,1.392750315356829,9.52275306915773e-05
0.003076923076923077,0.00030769230769230776,71.77395115213534,71.77373624495894,0.00021490717639949253
0.003076923076923077,0.0006153846153846155,71.71128403717003,71.71085936285964,0.0004246743103948347
0.003076923076923077,0.0009230769230769233,71.60673187476586,71.60610535829788,0.0006265164679746249
0.003076923076923077,0.001230769230769231,71.46035564564744,71.45953540466245,0.0008202409849928927
0.003076923076923077,0.001538461538461539,71.27223968357546,71.27123509467879,0.0010045888966772054
0.003076923076923077,0.0018461538461538465,71.04249440057464,71.04131439042533,0.0011800101493122384
0.003076923076923077,0.002153846153846154,70.77125336905273,70.76990755911868,0.0013458099340510898
0.003076923076923077,0.002461538461538462,70.45867551817483,70.45717309470541,0.0015024234694180905
0.003076923076923077,0.00276923076923077,70.1049432662335,70.10329362530604,0.001649640927467999
0.003076923076923077,0.003076923076923078,69.71026367026583,69.70847580656527,0.0017878637005566134
0.003076923076923077,0.0033846153846153852,69.2748672568776,69.27295020097105,0.0019170559065457837
0.003076923076923077,0.003692307692307693,68.79900865182772,68.79697114321249,0.0020375086152313315
0.003076923076923077,0.004000000000000001,68.28296591592417,68.28081659165554,0.002149324268629016
0.003076923076923077,0.004307692307692308,67.72704067399697,67.72478796602321,0.0022527079737528766
0.003076923076923077,0.004615384615384617,67.13155781438903,67.1292099713749,0.002347843014121054
0.003076923076923077,0.004923076923076924,66.49686529055418,66.49443040848776,0.002434882066424393
0.003076923076923077,0.0052307692307692315,65.82333399067844,65.82081997075089,0.002514019927545519
0.003076923076923077,0.00553846153846154,65.11135738001938,65.10877202769078,0.002585352328608792
0.003076923076923077,0.005846153846153847,64.36135151606514,64.35870239525467,0.0026491208104744146
0.003076923076923077,0.006153846153846156,63.57375451386343,63.571049092985604,0.002705420877823883
0.003076923076923077,0.006461538461538463,62.749026540500104,62.746272088231514,0.0027544522685900574
0.003076923076923077,0.0067692307692307704,61.88764931798135,61.88485302753714,0.0027962904442091485
0.003076923076923077,0.007076923076923079,60.99012612761131,60.98729495537604,0.0028311722352682978
0.003076923076923077,0.007384615384615386,60.05698120586783,60.05412202038675,0.002859185481078441
0.003076923076923077,0.007692307692307694,59.08875968503306,59.085879169284816,0.002880515748245216
0.003076923076923077,0.008000000000000002,58.086027077557496,58.08313182862917,0.0028952489283256
0.003076923076923077,0.00830769230769231,57.049369178811084,57.04646557462901,0.0029036041820731384
0.003076923076923077,0.008615384615384617,55.979391473128665,55.97648579118377,0.0029056819448953775
0.003076923076923077,0.008923076923076924,54.876718967715306,54.87381731635591,0.0029016513593944637
0.003076923076923077,0.009230769230769233,53.741995700810385,53.73910407748317,0.0028916233272155978
0.003076923076923077,0.00953846153846154,52.575884511781204,52.5730087151431,0.002875796638107886
0.003076923076923077,0.009846153846153848,51.37906648626875,51.376212196189584,0.0028542900791634906
0.003076923076923077,0.010153846153846156,50.1522406813954,50.14941341608746,0.0028272653079355337
0.003076923076923077,0.010461538461538463,48.8961236468839,48.89332879077719,0.002794856106710597
0.003076923076923077,0.010769230769230772,47.61144907937643,47.608691838308104,0.002757241068323424
0.003076923076923077,0.01107692307692308,46.298967306744544,46.296252750484584,0.002714556259959977
0.003076923076923077,0.011384615384615387,44.95944491390538,44.95677795477513,0.0026669591302521667
0.003076923076923077,0.011692307692307695,43.59366427036459,43.5910496667403,0.0026146036242948867
0.003076923076923077,0.012000000000000002,42.20242309073949,42.19986543324087,0.0025576574986132528
0.003076923076923077,0.012307692307692311,40.786533940759,40.78403766669293,0.002496274066068338
0.003076923076923077,0.012615384615384619,39.34682378432028,39.34439317064188,0.0024306136783991406
0.003076923076923077,0.012923076923076926,37.88413349841963,37.881772656932476,0.002360841487153209
0.003076923076923077,0.013230769230769233,36.39931736746338,36.397030254756764,0.0022871127066181884
0.003076923076923077,0.013538461538461541,34.89324261086553,34.89103301186668,0.002209598998845763
0.003076923076923077,0.013846153846153848,33.36678884582616,33.36466038824264,0.002128457583516763
0.003076923076923077,0.014153846153846157,31.820847610237582,31.818803742513563,0.0020438677240193215
0.003076923076923077,0.014461538461538465,30.25632179245837,30.254365811428663,0.0019559810297060665
0.003076923076923077,0.014769230769230772,28.674125162656484,28.672260182684493,0.0018649799719909765
0.003076923076923077,0.01507692307692308,27.075181776278004,27.07341076141555,0.0017710148624558997
0.003076923076923077,0.015384615384615387,25.460425499614153,25.458751230659647,0.001674268954506175
0.003076923076923077,0.015692307692307696,23.83079940825449,23.829224506113285,0.0015749021412041486
0.003076923076923077,0.016000000000000004,22.187255275592108,22.185782185495512,0.0014730900965957971
0.003076923076923077,0.01630769230769231,20.530752974334256,20.5293839928416,0.0013689814926571842
0.003076923076923077,0.01661538461538462,18.862259955698036,18.860997218051256,0.0012627376467797546
0.003076923076923077,0.016923076923076926,17.18275067845134,17.181596152018518,0.001154526432824099
0.003076923076923077,0.017230769230769234,15.493206000375041,15.492161517673393,0.0010444827016478087
0.003076923076923077,0.01753846153846154,13.794612672381701,13.79367989726718,0.000932775114520723
0.003076923076923077,0.01784615384615385,12.087962701426001,12.087143156236328,0.0008195451896728656
0.003076923076923077,0.01815384615384616,10.374252860519844,10.373547863980802,0.000704996539042213
0.003076923076923077,0.018461538461538467,8.65448399442227,8.65389471189587,0.0005892825264002255
0.003076923076923077,0.018769230769230774,6.929660533892496,6.929187928996191,0.00047260489630485125
0.003076923076923077,0.01907692307692308,5.200789836643189,5.200434695474599,0.00035514116858959
0.003076923076923077,0.01938461538461539,3.468881649355516,3.4686445545370828,0.00023709481843336988
0.003076923076923077,0.019692307692307696,1.7349474744024793,1.7348288228581012,0.0001186515443780678
0.0036923076923076927,0.00030769230769230776,85.75893285528153,85.75865588603016,0.00027696925137377093
0.0036923076923076927,0.0006153846153846155,85.68406701819458,85.68352761241295,0.0005394057816374698
0.0036923076923076927,0.0009230769230769233,85.55915002145292,85.55836257155129,0.0007874499016367054
0.0036923076923076927,0.001230769230769231,85.38425669617645,85.38323385630433,0.0010228398721210397
0.0036923076923076927,0.001538461538461539,85.1594890357052,85.15824373691012,0.0012452987950837269
0.0036923076923076927,0.0018461538461538465,84.88497965655576,84.88352360126258,0.0014560552931754955
0.0036923076923076927,0.002153846153846154,84.56088861676098,84.55923387818467,0.0016547385763061584
0.0036923076923076927,0.002461538461538462,84.18740608631039,84.18556394374257,0.0018421425678241121
0.0036923076923076927,0.00276923076923077,83.76475016017287,83.76273201065528,0.0020181495175819464
0.0036923076923076927,0.003076923076923078,83.29316834663653,83.29098500086462,0.0021833457719111493
0.0036923076923076927,0.0033846153846153852,82.77293609732003,82.77059840133977,0.0023376959802590136
0.0036923076923076927,0.003692307692307693,82.20435769914516,82.2018761032005,0.0024815959446584657
0.0036923076923076927,0.004000000000000001,81.58776536172677,81.58515022425354,0.0026151374732279464
0.0036923076923076927,0.004307692307692308,80.92351951638791,80.92078091504493,0.0027386013429833156
0.0036923076923076927,0.004615384615384617,80.21200830519075,80.20915614854233,0.002852156648415871
0.0036923076923076927,0.004923076923076924,79.45364750235849,79.4506914935698,0.002956008788686404
0.0036923076923076927,0.0052307692307692315,78.6488802264335,78.64582987212714,0.0030503543063673533
0.0036923076923076927,0.00553846153846154,77.79817663608837,77.79504130073609,0.003135335352283164
0.0036923076923076927,0.005846153846153847,76.90203381875673,76.8988226159638,0.003211202792940071
0.0036923076923076927,0.006153846153846156,75.96097527446004,75.9576971842843,0.0032780901757405445
0.0036923076923076927,0.006461538461538463,74.97555081155643,74.97221459644724,0.003336215109186469
0.0036923076923076927,0.0067692307692307704,73.9463360355166,73.94295034653237,0.003385688984224089
0.0036923076923076927,0.007076923076923079,72.87393227101273,72.87050549587714,0.0034267751355940845
0.0036923076923076927,0.007384615384615386,71.75896591527297,71.75550632207387,0.003459593199096389
0.0036923076923076927,0.007692307692307694,70.60208830982847,70.59860395324127,0.003484356587208026
0.0036923076923076927,0.008000000000000002,69.40397516935485,69.40047398778388,0.003501181570968015
0.0036923076923076927,0.00830769230769231,68.1653264232042,68.16181609986178,0.003510323342425181
0.0036923076923076927,0.008615384615384617,66.88686554179453,66.88335363080041,0.003511910994120626
0.0036923076923076927,0.008923076923076924,65.56933931271787,65.5658331666797,0.003506146038176894
0.0036923076923076927,0.009230769230769233,64.21351727060214,64.2100241023488,0.00349316825334256
0.0036923076923076927,0.00953846153846154,62.82019140782888,62.8167181921212,0.0034732157076788894
0.0036923076923076927,0.009846153846153848,61.39017552240992,61.38672908741242,0.0034464349974996367
0.0036923076923076927,0.010153846153846156,59.9243048837787,59.920891861590576,0.0034130221881270018
0.0036923076923076927,0.010461538461538463,58.423435662870936,58.42006252231701,0.00337314055392568
0.0036923076923076927,0.010769230769230772,56.88844451850728,56.88511751166191,0.003327006845367464
0.0036923076923076927,0.01107692307692308,55.320227980346026,55.31695319428687,0.00327478605915843
0.0036923076923076927,0.011384615384615387,53.71970200438792,53.71648533399311,0.0032166703948064423
0.0036923076923076927,0.011692307692307695,52.0878014043227,52.08464855894126,0.003152845381436009
0.0036923076923076927,0.012000000000000002,50.425479330237145,50.42239581585479,0.003083514382353769
0.0036923076923076927,0.012307692307692311,48.73370667594782,48.73069781352598,0.0030088624218436166
0.0036923076923076927,0.012615384615384619,47.013471539848965,47.010542455949334,0.0029290838996303137
0.0036923076923076927,0.012923076923076926,45.26577864339627,45.262934265413435,0.0028443779828322135
0.0036923076923076927,0.013230769230769233,43.491648725255466,43.48889379588824,0.0027549293672279873
0.0036923076923076927,0.013538461538461541,41.6921179846662,41.68945703705026,0.002660947615936493
0.0036923076923076927,0.013846153846153848,39.86823742843289,39.865674809293864,0.0025626191390273334
0.0036923076923076927,0.014153846153846157,38.02107231610966,38.018612150081616,0.0024601660280438864
0.0036923076923076927,0.014461538461538465,36.151701454717305,36.14934769199252,0.0023537627247876003
0.0036923076923076927,0.014769230769230772,34.26121667310806,34.258973032830866,0.0022436402771930375
0.0036923076923076927,0.01507692307692308,32.350722069461206,32.34859209816394,0.0021299712972648877
0.0036923076923076927,0.015384615384615387,30.421333487154094,30.419320496660546,0.0020129904935473064
0.0036923076923076927,0.015692307692307696,28.47417774510073,28.472284868606888,0.0018928764938408449
0.0036923076923076927,0.016000000000000004,26.510392089487805,26.508622227980492,0.001769861507312953
0.0036923076923076927,0.01630769230769231,24.53112341820292,24.529479298465986,0.0016441197369339022
0.0036923076923076927,0.01661538461538462,22.537527717564004,22.536011843800807,0.0015158737631963959
0.0036923076923076927,0.016923076923076926,20.53076932203656,20.52938399284161,0.0013853291949494917
0.0036923076923076927,0.017230769230769234,18.512020252792144,18.510767559745993,0.0012526930461511654
0.0036923076923076927,0.01753846153846154,16.482459541559713,16.481341359665826,0.0011181818938865717
0.0036923076923076927,0.01784615384615385,14.443272521893801,14.442290520352563,0.0009820015412387306
0.0036923076923076927,0.01815384615384616,12.395650178364615,12.394805790075834,0.0008443882887814169
0.0036923076923076927,0.018461538461538467,10.34078837751493,10.340082842260271,0.0007055352546583293
0.0036923076923076927,0.018769230769230774,8.279887235844585,8.279321577245533,0.0005656585990525542
0.0036923076923076927,0.01907692307692308,6.2141503789206185,6.213725421578592,0.00042495734202674385
0.0036923076923076927,0.01938461538461539,4.144784269067123,4.144500625246337,0.00028364382078560624
0.0036923076923076927,0.019692307692307696,2.0729974798405495,2.072855557259694,0.00014192258085543585
0.0043076923076923075,0.00030769230769230776,99.54360268472695,99.54328221262246,0.000320472104490932
0.0043076923076923075,0.0006153846153846155,99.45670348588474,99.45607801305147,0.0006254728332777404
0.0043076923076923075,0.0009230769230769233,99.3117085971532,99.31079426464238,0.000914332510816962
0.0043076923076923075,0.001230769230769231,99.10870409620662,99.10751580901304,0.0011882871935853245
0.0043076923076923075,0.001538461538461539,98.84780856877596,98.84636135505711,0.0014472137188477063
0.0043076923076923075,0.0018461538461538465,98.52917564474272,98.52748340962154,0.0016922351211832165
0.0043076923076923075,0.002153846153846154,98.15299142170981,98.1510681884467,0.0019232332631133886
0.0043076923076923075,0.002461538461538462,97.71947649316387,97.71733550742175,0.002140985742116186
0.0043076923076923075,0.00276923076923077,97.22888419968893,97.22653865421837,0.0023455454705612055
0.0043076923076923075,0.003076923076923078,96.68150174977886,96.67896424037777,0.0025375094010939847
0.0043076923076923075,0.0033846153846153852,96.07764895220731,96.07493203393773,0.002716918269584312
0.0043076923076923075,0.003692307692307693,95.4176789645985,95.41479477269704,0.0028841919014581663
0.0043076923076923075,0.004000000000000001,94.70197741493342,94.69893795822652,0.003039456706900978
0.0043076923076923075,0.004307692307692308,93.93096266728284,93.92777963074705,0.0031830365357876644
0.0043076923076923075,0.004615384615384617,93.10508522958517,93.10177012500574,0.0033151045794284073
0.0043076923076923075,0.004923076923076924,92.2248277163241,92.22139180729323,0.003435909030869766
0.0043076923076923075,0.0052307692307692315,91.29070444541982,91.28715879375521,0.003545651664609295
0.0043076923076923075,0.00553846153846154,90.30326117244462,90.29961665016327,0.0036445222813483724
0.0043076923076923075,0.005846153846153847,89.26307484938944,89.2593420733197,0.0037327760697394297
0.0043076923076923075,0.006153846153846156,88.17075314312738,88.16694255428283,0.003810588844558538
0.0043076923076923075,0.006461538461538463,87.02693421317275,87.02305602360937,0.0038781895633803742
0.0043076923076923075,0.0067692307692307704,85.83228620933575,85.82835047882098,0.00393573051476892
0.0043076923076923075,0.007076923076923079,84.58750708901829,84.58352359431244,0.003983494705849466
0.0043076923076923075,0.007384615384615386,83.29332395118952,83.28930231392947,0.004021637260052557
0.0043076923076923075,0.007692307692307694,81.9504928208441,81.94644242645408,0.004050394390020529
0.0043076923076923075,0.008000000000000002,80.55979803954669,80.55572812424508,0.0040699153016134915
0.0043076923076923075,0.00830769230769231,79.12205203249769,79.1179715452919,0.004080487205797567
0.0043076923076923075,0.008615384615384617,77.63809456797284,77.6340122989489,0.004082269023939489
0.0043076923076923075,0.008923076923076924,76.10879246758914,76.10471697562706,0.004075491962083788
0.0043076923076923075,0.009230769230769233,74.53503896562233,74.53097864072963,0.00406032489270558
0.0043076923076923075,0.00953846153846154,72.91775335592052,72.91371631312715,0.004037042793370915
0.0043076923076923075,0.009846153846153848,71.25788024806168,71.2538744284762,0.004005819585486847
0.0043076923076923075,0.010153846153846156,69.55638917126751,69.55242228769562,0.003966883571891344
0.0043076923076923075,0.010461538461538463,67.81427391781222,67.81035349092208,0.003920426890132944
0.0043076923076923075,0.010769230769230772,66.03255205956089,66.02868535727556,0.0038667022853218214
0.0043076923076923075,0.01107692307692308,64.21226423378188,64.20845833077365,0.0038059030082280287
0.0043076923076923075,0.011384615384615387,62.354473626308604,62.35073537274155,0.003738253567050265
0.0043076923076923075,0.011692307692307695,60.4602653111594,60.456601341072535,0.003663970086861923
0.0043076923076923075,0.012000000000000002,58.5307456456875,58.52716235670156,0.0035832889859435113
0.0043076923076923075,0.012307692307692311,56.56704158284495,56.563545157661736,0.003496425183215024
0.0043076923076923075,0.012615384615384619,54.57030004643508,54.566896441101115,0.0034036053339647765
0.0043076923076923075,0.012923076923076926,52.541687253077654,52.53838219364375,0.0033050594339059103
0.0043076923076923075,0.013230769230769233,50.482388013295875,50.47918701048643,0.003201002809447573
0.0043076923076923075,0.013538461538461541,48.393605080961954,48.39051340362835,0.003091677333607379
0.0043076923076923075,0.013846153846153848,46.27655840343774,46.2735810996381,0.0029773037996392304
0.0043076923076923075,0.014153846153846157,44.13248446578486,44.12962632736755,0.0028581384173094193
0.0043076923076923075,0.014461538461538465,41.962635484815586,41.95990109602915,0.0027343887864361704
0.0043076923076923075,0.014769230769230772,39.76827878735291,39.76567246405765,0.002606323295260893
0.0043076923076923075,0.01507692307692308,37.55069595016255,37.54822179918383,0.002474150978720502
0.0043076923076923075,0.015384615384615387,35.31118217404412,35.30884403015172,0.002338143892401945
0.0043076923076923075,0.015692307692307696,33.0510454044166,33.04884689051665,0.0021985138999482956
0.0043076923076923075,0.016000000000000004,30.771605690923874,30.769550154965806,0.0020555359580676225
0.0043076923076923075,0.01630769230769231,28.47419428901263,28.47228486860687,0.0019094204057594766
0.0043076923076923075,0.01661538461538462,26.160153004297996,26.158392569675225,0.0017604346227706458
0.0043076923076923075,0.016923076923076926,23.830833316478458,23.829224506113288,0.0016088103651696883
0.0043076923076923075,0.017230769230769234,21.48759563235161,21.486140846479966,0.0014547858716440487
0.0043076923076923075,0.01753846153846154,19.13180848126564,19.130509885650298,0.0012985956153421796
0.0043076923076923075,0.01784615384615385,16.764847713610326,16.763707245769968,0.0011404678403579283
0.0043076923076923075,0.01815384615384616,14.388095738219247,14.387115072930513,0.000980665288734528
0.0043076923076923075,0.018461538461538467,12.002940640014604,12.002121230035243,0.0008194099793605858
0.0043076923076923075,0.018769230769230774,9.610775443188329,9.610118486325977,0.0006569568623522315
0.0043076923076923075,0.01907692307692308,7.212997244687878,7.212503704045363,0.0004935406425143896
0.0043076923076923075,0.01938461538461539,4.811006438025553,4.810677022708454,0.0003294153170987357
0.0043076923076923075,0.019692307692307696,2.4062058622525133,2.406041041460825,0.00016482079168822494
0.004923076923076923,0.00030769230769230776,113.09577799901989,113.09542059123467,0.0003574077852164237
0.004923076923076923,0.0006153846153846155,112.99704100988319,112.99634413515864,0.0006968747245537088
0.004923076923076923,0.0009230769230769233,112.83230021652462,112.83128099612831,0.0010192203963015345
0.004923076923076923,0.001230769230769231,112.60165336569048,112.60032756636866,0.0013257993218189768
0.004923076923076923,0.001538461538461539,112.30523549070081,112.30361871617895,0.0016167745218638174
0.004923076923076923,0.0018461538461538465,111.94322064254182,111.94132771517222,0.0018929273695960092
0.004923076923076923,0.002153846153846154,111.515820295575,111.51366613109083,0.002154164484167609
0.004923076923076923,0.002461538461538462,111.02328468255304,111.02088370625675,0.002400976296286217
0.004923076923076923,0.00276923076923077,110.46590160094716,110.46326821172916,0.0026333892180048224
0.004923076923076923,0.003076923076923078,109.84399711485757,109.84114527925416,0.0028518356034084036
0.004923076923076923,0.0033846153846153852,109.15793452325819,109.15487821110514,0.0030563121530491344
0.004923076923076923,0.003692307692307693,108.40811493397162,108.40486776792432,0.00324716604730213
0.004923076923076923,0.004000000000000001,107.59497642781844,107.59155193468995,0.00342449312849169
0.004923076923076923,0.004307692307692308,106.71899427660304,106.71540566494535,0.0035886116576904215
0.004923076923076923,0.004615384615384617,105.78068027043008,105.77694060343941,0.003739666990668411
0.004923076923076923,0.004923076923076924,104.78058271562844,104.77670478734055,0.0038779282878920185
0.004923076923076923,0.0052307692307692315,103.71928591547154,103.71528232619832,0.004003589273224861
0.004923076923076923,0.00553846153846154,102.59740994060235,102.59329306083995,0.0041168797623925
0.004923076923076923,0.005846153846153847,101.41561025711636,101.41139220140082,0.0042180557155404586
0.004923076923076923,0.006153846153846156,100.17457727900046,100.17026994469998,0.004307334300477805
0.004923076923076923,0.006461538461538463,98.87503602838538,98.8706510711849,0.004384957200485928
0.004923076923076923,0.0067692307692307704,97.51774564129627,97.51329452167994,0.004451119616334154
0.004923076923076923,0.007076923076923079,96.10349908149216,96.09899295418633,0.004506127305830887
0.004923076923076923,0.007384615384615386,94.63312245477893,94.6285722809922,0.004550173786725509
0.004923076923076923,0.007692307692307694,93.10747470803432,93.1028911863631,0.004583521671222002
0.004923076923076923,0.008000000000000002,91.52744698096983,91.52284062509449,0.004606355875338863
0.004923076923076923,0.00830769230769231,89.8939623006415,89.88934330221934,0.004618998422159848
0.004923076923076923,0.008615384615384617,88.20797477450644,88.20335313417432,0.004621640332118204
0.004923076923076923,0.008923076923076924,86.47046923664934,86.46585469173938,0.004614544909955498
0.004923076923076923,0.009230769230769233,84.68246053713088,84.6778626250763,0.004597912054578046
0.004923076923076923,0.00953846153846154,82.8449931263536,82.84042107120148,0.004572055152124221
0.004923076923076923,0.009846153846153848,80.95914022128692,80.95460304423929,0.004537177047623686
0.004923076923076923,0.010153846153846156,79.02600334810647,79.02150980881214,0.004493539294330162
0.004923076923076923,0.010461538461538463,77.04671160070025,77.04227023693286,0.004441363767384132
0.004923076923076923,0.010769230769230772,75.02242108758915,75.01804014877527,0.00438093881388113
0.004923076923076923,0.01107692307692308,72.95431412355893,72.95000163770774,0.004312485851187375
0.004923076923076923,0.011384615384615387,70.8435986403832,70.83936237998402,0.0042362603991819014
0.004923076923076923,0.011692307692307695,68.69150743816245,68.68735492949415,0.004152508668298083
0.004923076923076923,0.012000000000000002,66.49929749632243,66.49523599798789,0.004061498334536395
0.004923076923076923,0.012307692307692311,64.26824919383395,64.2642857211903,0.003963472643647492
0.004923076923076923,0.012615384615384619,61.99966559906613,61.99580691123863,0.003858687827495544
0.004923076923076923,0.012923076923076926,59.69487169776145,59.691124295876655,0.003747401884794499
0.004923076923076923,0.013230769230769233,57.35521360246595,57.351583744850984,0.003629857614967591
0.004923076923076923,0.013538461538461541,54.98205780640444,54.97855148396104,0.0035063224433997675
0.004923076923076923,0.013846153846153848,52.57679034317009,52.573413297221705,0.0033770459483832838
0.004923076923076923,0.014153846153846157,50.1408160252286,50.13757371760439,0.003242307624212515
0.004923076923076923,0.014461538461538465,47.6755575492248,47.67245520682943,0.003102342395365554
0.004923076923076923,0.014769230769230772,45.182454765872656,45.179497324688406,0.0029574411842503423
0.004923076923076923,0.01507692307692308,42.662963732392164,42.66015588838184,0.0028078440103271873
0.004923076923076923,0.015384615384615387,40.11855596715469,40.11590212236293,0.002653844791758786
0.004923076923076923,0.015692307692307696,37.550717484762814,37.548221799183835,0.0024956855789781685
0.004923076923076923,0.016000000000000004,34.96094803697304,34.95861437184642,0.0023336651266205877
0.004923076923076923,0.01630769230769231,32.35076012106625,32.348592098163934,0.0021680229023175457
0.004923076923076923,0.01661538461538462,29.721678209244352,29.719679157644975,0.0019990515993768554
0.004923076923076923,0.016923076923076926,27.0752377801182,27.07341076141556,0.0018270187026416806
0.004923076923076923,0.017230769230769234,24.41298445892562,24.411332255699197,0.0016522032264241204
0.004923076923076923,0.01753846153846154,21.73647311019658,21.73499821937802,0.001474890818560226
0.004923076923076923,0.01784615384615385,19.047266907786508,19.04597155616269,0.0012953516238169982
0.004923076923076923,0.01815384615384616,16.346936476962885,16.345822581900396,0.0011138950624882682
0.004923076923076923,0.018461538461538467,13.637058880686933,13.636128107555018,0.0009307731319143642
0.004923076923076923,0.018769230769230774,10.919216796359706,10.918470518393434,0.0007462779662716912
0.004923076923076923,0.01907692307692308,8.19499752028651,8.194436849917476,0.0005606703690332893
0.004923076923076923,0.01938461538461539,5.465992100931173,5.465617861079647,0.0003742398515260703
0.004923076923076923,0.019692307692307696,2.733794361824029,2.7336071053248783,0.00018725649915074527
0.005538461538461539,0.00030769230769230776,126.38379560567812,126.38341937474053,0.00037623093759009407
0.005538461538461539,0.0006153846153846155,126.27344342304458,126.27270205981335,0.0007413632312278651
0.005538461538461539,0.0009230769230769233,126.08933832569465,126.08824504277126,0.0010932829233922803
0.005538461538461539,0.001230769230769231,125.83158673222884,125.83015604131782,0.0014306909110217703
0.005538461538461539,0.001538461538461539,125.5003387508494,125.49858577216202,0.001752978687378004
0.005538461538461539,0.0018461538461538465,125.0957877564634,125.09372786300389,0.0020598934595028595
0.005538461538461539,0.002153846153846154,124.61816988192167,124.61581873946142,0.0023511424602560282
0.005538461538461539,0.002461538461538462,124.06776428807932,124.06513748700463,0.0026268010746832715
0.005538461538461539,0.00276923076923077,123.44489252070333,123.4420056879776,0.002886832725735644
0.005538461538461539,0.003076923076923078,122.74991874321825,122.7467872338033,0.003131509414942002
0.005538461538461539,0.0033846153846153852,121.98324889990094,121.97988811248138,0.003360787419566691
0.005538461538461539,0.003692307692307693,121.14533113507504,121.14175617150248,0.0035749635725608186
0.005538461538461539,0.004000000000000001,120.23665496654016,120.23288085631802,0.0037741102221389156
0.005538461538461539,0.004307692307692308,119.25775147969492,119.25379292451782,0.003958555177092649
0.005538461538461539,0.004615384615384617,118.20919255904877,118.20506413588251,0.004128423166264383
0.005538461538461539,0.004923076923076924,117.09159092983128,117.08730691849209,0.004284011339194649
0.005538461538461539,0.0052307692307692315,115.9055995218775,115.901174011085,0.004425510792501086
0.005538461538461539,0.00553846153846154,114.65191127413897,114.64735808187724,0.004553192261724348
0.005538461538461539,0.005846153846153847,113.33125864061142,113.32659132406351,0.004667316547909195
0.005538461538461539,0.006153846153846156,111.94441316740904,111.93964502823708,0.004768139171957841
0.005538461538461539,0.006461538461538463,110.49218504994658,110.48732913197775,0.0048559179688396625
0.005538461538461539,0.0067692307692307704,108.97542263338761,108.97049174687118,0.004930886516433475
0.005538461538461539,0.007076923076923079,107.39501203904709,107.39001866323555,0.004993375811537248
0.005538461538461539,0.007384615384615386,105.75187644587965,105.74683283284496,0.0050436130346867
0.005538461538461539,0.007692307692307694,104.04697571907127,104.0418938299516,0.005081889119665561
0.005538461538461539,0.008000000000000002,102.28130571140437,102.27619729092144,0.00510842048292659
0.005538461538461539,0.00830769230769231,100.45589789737924,100.45077433281055,0.005123564568691563
0.005538461538461539,0.008615384615384617,98.57181849220562,98.56669095122191,0.00512754098370749
0.005538461538461539,0.008923076923076924,96.63016804282124,96.6250473977938,0.005120645027446358
0.005538461538461539,0.009230769230769233,94.63208064254823,94.62697753768397,0.005103104864261354
0.005538461538461539,0.00953846153846154,92.57872345823334,92.57364818742437,0.005075270808973187
0.005538461538461539,0.009846153846153848,90.47129580619081,90.46625843353296,0.005037372657852757
0.005538461538461539,0.010153846153846156,88.31102863567281,88.30603893228111,0.004989703391700573
0.005538461538461539,0.010461538461538463,86.0991837045715,86.09425119102497,0.004932513546535233
0.005538461538461539,0.010769230769230772,83.83705295656625,83.83218683152059,0.004866125045666081
0.005538461538461539,0.01107692307692308,81.52595762277812,81.52116683565335,0.004790787124775875
0.005538461538461539,0.011384615384615387,79.16724755797284,79.16254077402161,0.004706783951235138
0.005538461538461539,0.011692307692307695,76.7623004099493,76.75768601782552,0.004614392123784228
0.005538461538461539,0.012000000000000002,74.31252084259073,74.3080069345211,0.004513908069625927
0.005538461538461539,0.012307692307692311,71.81933967157451,71.81493406770906,0.004405603865450303
0.005538461538461539,0.012615384615384619,69.28421306397365,69.27992330173774,0.004289762235913486
0.005538461538461539,0.012923076923076926,66.70862168154548,66.70445501150759,0.00416667003788973
0.005538461538461539,0.013230769230769233,64.09406979468665,64.09003319797392,0.00403659671272294
0.005538461538461539,0.013538461538461541,61.44208444475396,61.43818460985269,0.0038998349012686617
0.005538461538461539,0.013846153846153848,58.75421451657024,58.75045785204232,0.003756664527919895
0.005538461538461539,0.014153846153846157,56.03202986841324,56.02842248128189,0.003607387131346229
0.005538461538461539,0.014461538461538465,53.27712036358199,53.27366808957443,0.0034522740075644265
0.005538461538461539,0.014769230769230772,50.49109500783044,50.48780337590968,0.0032916319207600964
0.005538461538461539,0.01507692307692308,47.67558095087496,47.67245520682942,0.003125744045540557
0.005538461538461539,0.015384615384615387,44.83222258143472,44.82926766638314,0.0029549150515819633
0.005538461538461539,0.015692307692307696,41.962680533157844,41.95990109602914,0.002779437128701545
0.005538461538461539,0.016000000000000004,39.0686307372881,39.06603112504207,0.002599612246029892
0.005538461538461539,0.01630769230769231,36.15176342369731,36.149347691992496,0.002415731704815016
0.005538461538461539,0.01661538461538462,33.21378213713479,33.21155405787041,0.002228079264384064
0.005538461538461539,0.016923076923076926,30.256402775692848,30.254365811428663,0.0020369642641853147
0.005538461538461539,0.017230769230769234,27.281352506683408,27.279509867327697,0.001842639355711384
0.005538461538461539,0.01753846153846154,24.29036887927823,24.28872345766571,0.0016454216125190158
0.005538461538461539,0.01784615384615385,21.285198684023175,21.2837531174843,0.0014455665388766192
0.005538461538461539,0.01815384615384616,18.26759709190636,18.266353664840896,0.0012434270654644308
0.005538461538461539,0.018461538461538467,15.239326451034746,15.238287176044874,0.0010392749898713305
0.005538461538461539,0.018769230769230774,12.202155417601736,12.201321956654066,0.000833460947669451
0.005538461538461539,0.01907692307692308,9.157857797308257,9.157231508834533,0.0006262884737235908
0.005538461538461539,0.01938461538461539,6.108211600144738,6.107793495684988,0.00041810445974999055
0.005538461538461539,0.019692307692307696,3.0549979341719333,3.0547887031318117,0.00020923104012160465
0.006153846153846154,0.00030769230769230776,139.37667976534465,139.3762438262771,0.00043593906755745593
0.006153846153846154,0.0006153846153846155,139.2549943401806,139.25414423791793,0.0008501022626603572
0.006153846153846154,0.0009230769230769233,139.05196905604535,139.05072415077424,0.0012449052711076547
0.006153846153846154,0.001230769230769231,138.7677231049953,138.76610235644856,0.0016207485467418792
0.006153846153846154,0.001538461538461539,138.40242349859594,138.4004450660537,0.0019784325422449456
0.006153846153846154,0.0018461538461538465,137.956283910505,137.95396581315023,0.0023180973547596295
0.006153846153846154,0.002153846153846154,137.4295652792327,137.4269253290488,0.00263995018389096
0.006153846153846154,0.002461538461538462,136.822575569671,136.81963139055043,0.00294417912056133
0.006153846153846154,0.00276923076923077,136.13566958090675,136.13243864021362,0.003230940693129014
0.006153846153846154,0.003076923076923078,135.36924894906255,135.36574837925292,0.0035005698096313154
0.006153846153846154,0.0033846153846153852,134.52376142582048,134.52000833319048,0.0037530926300064493
0.006153846153846154,0.003692307692307693,133.5997012497628,133.59571239039678,0.003988859366018005
0.006153846153846154,0.004000000000000001,132.59760828636306,132.59340031367392,0.004207972689130202
0.006153846153846154,0.004307692307692308,131.51806824516265,131.51365742504922,0.004410820113434966
0.006153846153846154,0.004615384615384617,130.36171179845917,130.3571142639636,0.00459753449555933
0.006153846153846154,0.004923076923076924,129.12921468411025,129.1244462190545,0.004768465055747129
0.006153846153846154,0.0052307692307692315,127.82129694881122,127.8163731337477,0.004923815063520465
0.006153846153846154,0.00553846153846154,126.43872279241616,126.43365888588919,0.005063906526970641
0.006153846153846154,0.005846153846153847,124.98229995394263,124.97711094166195,0.005189012280681027
0.006153846153846154,0.006153846153846156,123.45287931368435,123.44757988404845,0.005299429635897468
0.006153846153846154,0.006461538461538463,121.85135435098057,121.84595891611414,0.005395434866429127
0.006153846153846154,0.0067692307692307704,120.17866063911022,120.17318333940207,0.005477299708147143
0.006153846153846154,0.007076923076923079,118.43577538763444,118.43023000774302,0.0055453798914157915
0.006153846153846154,0.007384615384615386,116.62371669130765,116.61811675680042,0.0055999345072308415
0.006153846153846154,0.007692307692307694,114.7435430905733,114.73790180968302,0.005641280890273492
0.006153846153846154,0.008000000000000002,112.79635282348951,112.79068315897236,0.005669664517157003
0.006153846153846154,0.00830769230769231,110.78328340105405,110.77759792552602,0.005685475528025563
0.006153846153846154,0.008615384615384617,108.70551065400232,108.69982169443111,0.005688959571216401
0.006153846153846154,0.008923076923076924,106.56424826999985,106.55856782849555,0.005680441504296141
0.006153846153846154,0.009230769230769233,104.36074693519288,104.35508675967854,0.005660175514336174
0.006153846153846154,0.00953846153846154,102.09629380565468,102.09066525887343,0.005628546781252908
0.006153846153846154,0.009846153846153848,99.77221149470765,99.76662568446964,0.005585810238002864
0.006153846153846154,0.010153846153846156,97.38985749918093,97.3843252101328,0.005532289048133521
0.006153846153846154,0.010461538461538463,94.95062329293576,94.94515503225345,0.005468260682306436
0.006153846153846154,0.010769230769230772,92.45593363711585,92.45053955752745,0.005394079588398881
0.006153846153846154,0.01107692307692308,89.90724559226545,89.90193557114273,0.005310021122724606
0.006153846153846154,0.011384615384615387,87.30604778379747,87.30083138605768,0.005216397739786771
0.006153846153846154,0.011692307692307695,84.6538594893415,84.64874597386826,0.005113515473240682
0.006153846153846154,0.012000000000000002,81.95222977792965,81.94722807777146,0.005001700158189237
0.006153846153846154,0.012307692307692311,79.20273656086184,79.19785530814279,0.004881252719044937
0.006153846153846154,0.012615384615384619,76.4069857052005,76.40223322125637,0.004752483944130859
0.006153846153846154,0.012923076923076926,73.56661009286384,73.56199438168508,0.00461571117875792
0.006153846153846154,0.013230769230769233,70.68326864167383,70.67879740892907,0.004471232744762688
0.006153846153846154,0.013538461538461541,67.75864537693508,67.75432600882843,0.00431936810664979
0.006153846153846154,0.013846153846153848,64.79444841813327,64.79028799032663,0.004160427806638722
0.006153846153846154,0.014153846153846157,61.79240900451753,61.78841426815797,0.003994736359558715
0.006153846153846154,0.014461538461538465,58.75428045164867,58.750457852042324,0.0038225996063445677
0.006153846153846154,0.014769230769230772,55.6818371640533,55.67819282297662,0.003644341076679325
0.006153846153846154,0.01507692307692308,52.576873580312395,52.5734132972217,0.0034602830906962367
0.006153846153846154,0.015384615384615387,49.44120312226135,49.43793237858883,0.0032707436725161187
0.006153846153846154,0.015692307692307696,46.27665716119198,46.27358109963811,0.0030760615538696356
0.006153846153846154,0.016000000000000004,43.085083905428284,43.08220735240708,0.00287655302120271
0.006153846153846154,0.01630769230769231,39.86834737366829,39.86567480929384,0.0026725643744498484
0.006153846153846154,0.01661538461538462,36.6283262367748,36.6258618347248,0.0024644020499948738
0.006153846153846154,0.016923076923076926,33.366912838314505,33.36466038824264,0.002252450071864587
0.006153846153846154,0.017230769230769234,30.086011924837425,30.0839749196555,0.002037005181925622
0.006153846153846154,0.01753846153846154,26.787539726919128,26.78572125689159,0.0018184700275369892
0.006153846153846154,0.01784615384615385,23.473422632879394,23.471825487209934,0.0015971456694607866
0.006153846153846154,0.01815384615384616,20.145596279016907,20.144222832419324,0.0013734465975829835
0.006153846153846154,0.018461538461538467,16.806004188872237,16.804856518763756,0.0011476701084802698
0.006153846153846154,0.018769230769230774,13.456596839575841,13.455676642132447,0.0009201974433938886
0.006153846153846154,0.01907692307692308,10.099330370867648,10.09863902925921,0.0006913416084373125
0.006153846153846154,0.01938461538461539,6.736165560254718,6.735704095574428,0.0004614646802902911
0.006153846153846154,0.019692307692307696,3.369066600131112,3.368835700377887,0.000230899753224989
0.00676923076923077,0.00030769230769230776,152.04401651154012,152.04354860231084,0.0004679092292860787
0.00676923076923077,0.0006153846153846155,151.91126959244798,151.9103519097658,0.0009176826821715167
0.00676923076923077,0.0009230769230769233,151.68979208483117,151.6884438495596,0.0013482352715641355
0.00676923076923077,0.001230769230769231,151.37971307230896,151.37795400975034,0.001759062558619462
0.00676923076923077,0.001538461538461539,150.98121383408272,150.97906370766103,0.002150126421696541
0.00676923076923077,0.0018461538461538465,150.49452747446517,150.49200588399515,0.0025215904700246483
0.00676923076923077,0.002153846153846154,149.91993839760764,149.91706496680595,0.0028734308016851173
0.00676923076923077,0.002461538461538462,149.25778267623815,149.25457670539856,0.003205970839587735
0.00676923076923077,0.00276923076923077,148.5084472596891,148.5049279742617,0.003519285427387331
0.00676923076923077,0.003076923076923078,147.6723703808973,147.66855654714396,0.0038138337533268896
0.00676923076923077,0.0033846153846153852,146.75004044198118,146.74595084140623,0.0040896005749573305
0.00676923076923077,0.003692307692307693,145.7419966635615,145.7376496327997,0.004347030761806536
0.00676923076923077,0.004000000000000001,144.64882795386717,144.6442417408361,0.004586213031075204
0.00676923076923077,0.004307692307692308,143.47117330015902,143.46636568493352,0.004807615225502104
0.00676923076923077,0.004615384615384617,142.20972067729528,142.20470931153915,0.005011365756132591
0.00676923076923077,0.004923076923076924,140.86520726799344,140.86000939244636,0.005197875547082731
0.00676923076923077,0.0052307692307692315,139.43841855189328,139.43305119454058,0.005367357352696445
0.00676923076923077,0.00553846153846154,137.9301882080787,137.92466802122573,0.005520186852976394
0.00676923076923077,0.005846153846153847,136.34139737678646,136.3357407257984,0.0056566509880724425
0.00676923076923077,0.006153846153846156,134.6729742866066,134.66719719705424,0.005777089552367443
0.00676923076923077,0.006461538461538463,132.92589361569537,132.92001181742722,0.005881798268148941
0.00676923076923077,0.0067692307692307704,131.10117598056354,131.0952048939777,0.005971086585844887
0.00676923076923077,0.007076923076923079,129.19988739793095,129.19384206256166,0.006045335369293525
0.00676923076923077,0.007384615384615386,127.22313850107875,127.21703366552951,0.006104835549237464
0.00676923076923077,0.007692307692307694,125.17208403316381,125.16593410331748,0.006149929846330338
0.00676923076923077,0.008000000000000002,123.04792205304888,123.04174116031011,0.006180892738768762
0.00676923076923077,0.00830769230769231,120.8518934511179,120.84569530536803,0.006198145749877426
0.00676923076923077,0.008615384615384617,118.58528092791047,118.57907896742906,0.006201960481419633
0.00676923076923077,0.008923076923076924,116.24940847662627,116.24321578660572,0.006192690020554892
0.00676923076923077,0.009230769230769233,113.84564045511543,113.83946984121678,0.006170613898646593
0.00676923076923077,0.00953846153846154,111.37538100251412,111.36924485120403,0.006136151310087712
0.00676923076923077,0.009846153846153848,108.84007293928522,108.83398335839907,0.006089580886154522
0.00676923076923077,0.010153846153846156,106.24119713974605,106.23516588411978,0.006031255626268717
0.00676923076923077,0.010461538461538463,103.58027154240635,103.57431006458744,0.005961477818914318
0.00676923076923077,0.010769230769230772,100.8588504002053,100.85296976466991,0.005880635535390866
0.00676923076923077,0.01107692307692308,98.07852319813401,98.07273417046838,0.005789027665628055
0.00676923076923077,0.011384615384615387,95.24091385800256,95.23522686127734,0.005686996725216886
0.00676923076923077,0.011692307692307695,92.34767973655245,92.34210486146004,0.005574875092406728
0.00676923076923077,0.012000000000000002,89.40051069302805,89.39505767279297,0.00545302023508043
0.00676923076923077,0.012307692307692311,86.40112804690332,86.3958062878443,0.0053217590590293185
0.00676923076923077,0.012615384615384619,83.35128361675561,83.34610218496279,0.00518143179282049
0.00676923076923077,0.012923076923076926,80.25275869007697,80.24772630546366,0.005032384613315344
0.00676923076923077,0.013230769230769233,77.10736295805582,77.1024880136091,0.004874944446711993
0.00676923076923077,0.013538461538461541,73.91693349857927,73.91222403999038,0.00470945858889138
0.00676923076923077,0.013846153846153848,70.68333367348156,70.6787974089291,0.0045362645524562595
0.00676923076923077,0.014153846153846157,67.4084520649275,67.40409635052318,0.00435571440432625
0.00676923076923077,0.014461538461538465,64.09420133702785,64.09003319797395,0.004168139053902564
0.00676923076923077,0.014769230769230772,60.74251716096085,60.73854327083715,0.003973890123702972
0.00676923076923077,0.01507692307692308,57.355357058886796,57.351583744851,0.0037733140357971706
0.00676923076923077,0.015384615384615387,53.934699268059944,53.93113250900061,0.003566759059332014
0.00676923076923077,0.015692307692307696,50.482541595164406,50.47918701048645,0.0033545846779574617
0.00676923076923077,0.016000000000000004,47.0009002375139,46.99776308827154,0.00313714924236308
0.00676923076923077,0.01630769230769231,43.49180861457635,43.48889379588823,0.0029148186881187144
0.00676923076923077,0.01661538461538462,39.9573161676684,39.9546282141922,0.002687953476204541
0.00676923076923077,0.016923076923076926,36.39948719637918,36.39703025475678,0.00245694162239829
0.00676923076923077,0.017230769230769234,32.820399579088104,32.818177454607046,0.0022221244810580743
0.00676923076923077,0.01753846153846154,29.222143656228457,29.220159762996328,0.001983893232129219
0.00676923076923077,0.01784615384615385,25.60682090970283,25.60507832093503,0.0017425887678008678
0.00676923076923077,0.01815384615384616,21.97654285923448,21.97504423418309,0.001498625051389979
0.00676923076923077,0.018461538461538467,18.333429691957377,18.332177340424213,0.0012523515331643864
0.00676923076923077,0.018769230769230774,14.679609145076894,14.678604971339688,0.00100417373720596
0.00676923076923077,0.01907692307692308,11.017215170068898,11.016460710307111,0.0007544597617865634
0.00676923076923077,0.01938461538461539,7.348386753443802,7.34788314644747,0.0005036069963324508
0.00676923076923077,0.019692307692307696,3.6752666187096636,3.6750146257495597,0.00025199296010391947
0.007384615384615385,0.00030769230769230776,164.3562723409307,164.3557486255933,0.0005237153374082482
0.007384615384615385,0.0006153846153846155,164.21278618210545,164.21176591590955,0.0010202661958942372
0.007384615384615385,0.0009230769230769233,163.97337987107636,163.97188815919762,0.0014917118787423078
0.007384615384615385,0.001230769230769231,163.63819524536194,163.63625543731234,0.0019398080495989234
0.007384615384615385,0.001538461538461539,163.20742885524706,163.2050637503118,0.0023651049352508835
0.007384615384615385,0.0018461538461538465,162.6813334212824,162.67856490199867,0.0027685192837338946
0.007384615384615385,0.002153846153846154,162.06021643038278,162.05706635287393,0.003150077508848881
0.007384615384615385,0.002461538461538462,161.34444146121314,161.34093104058863,0.003510420624508015
0.007384615384615385,0.00276923076923077,160.53442677475525,160.53057716799853,0.003849606756716639
0.007384615384615385,0.003076923076923078,159.6306462416532,159.62647795894532,0.004168282707894377
0.007384615384615385,0.0033846153846153852,158.63362780335936,158.6291613819073,0.004466421452065106
0.007384615384615385,0.003692307692307693,157.54395443130431,157.53920984168064,0.004744589623669526
0.007384615384615385,0.004000000000000001,156.36226272197047,156.3572598392714,0.005002882699074007
0.007384615384615385,0.004307692307692308,155.08924345974268,155.08400160019684,0.005241859545833449
0.007384615384615385,0.004615384615384617,153.7256403314591,153.72017867141304,0.005461660046051975
0.007384615384615385,0.004923076923076924,152.27225024677614,152.26658748710474,0.005662759671395179
0.007384615384615385,0.0052307692307692315,150.7299222923466,150.7240769035898,0.00584538875679641
0.007384615384615385,0.00553846153846154,149.09955767789086,149.09354770361136,0.006009974279493235
0.007384615384615385,0.005846153846153847,147.3821088921481,147.37595207030586,0.006156821842239424
0.007384615384615385,0.006153846153846156,145.57857934167635,145.57229303115497,0.006286310521375071
0.007384615384615385,0.006461538461538463,143.69002262813711,143.68362387224585,0.006398755891268593
0.007384615384615385,0.0067692307692307704,141.71754202453522,141.71104752318163,0.006494501353586202
0.007384615384615385,0.007076923076923079,139.66228986500363,139.65571591300167,0.00657395200195765
0.007384615384615385,0.007384615384615386,137.52546672524522,137.51882929748737,0.00663742775785181
0.007384615384615385,0.007692307692307694,135.30832085312352,135.30163555824666,0.006685294876859871
0.007384615384615385,0.008000000000000002,133.0121473286796,133.00542947398617,0.006717854693420122
0.007384615384615385,0.00830769230769231,130.63828752293264,130.63155196439712,0.006735558535524433
0.007384615384615385,0.008615384615384617,128.18812800978407,128.1813893070958,0.00673870268826704
0.007384615384615385,0.008923076923076924,125.66309999553248,125.6563723280765,0.006727667455976416
0.007384615384615385,0.009230769230769233,123.06467832308478,123.05797556614952,0.006702756935254683
0.007384615384615385,0.00953846153846154,120.39438083591264,120.38771641185204,0.006664424060602414
0.007384615384615385,0.009846153846153848,117.65376719212746,117.64715422133457,0.0066129707928865855
0.007384615384615385,0.010153846153846156,114.8444381863557,114.83788940574111,0.006548780614593852
0.007384615384615385,0.010461538461538463,111.96803467736703,111.96156249661398,0.006472180753050338
0.007384615384615385,0.010769230769230772,109.02623678280027,109.01985318786963,0.006383594930639447
0.007384615384615385,0.01107692307692308,106.02076270114145,106.01447935490472,0.0062833462367279935
0.007384615384615385,0.011384615384615387,102.95336786150028,102.94719605140519,0.00617181009509693
0.007384615384615385,0.011692307692307695,99.82584383033755,99.8197944844444,0.006049345893146096
0.007384615384615385,0.012000000000000002,96.64001731449123,96.63410096846866,0.005916346022573293
0.007384615384615385,0.012307692307692311,93.39774902378569,93.39197585878087,0.005773165004825387
0.007384615384615385,0.012615384615384619,90.10093264157277,90.09531246514565,0.005620176427115098
0.007384615384615385,0.012923076923076926,86.75149370388891,86.74603594614958,0.005457757739335989
0.007384615384615385,0.013230769230769233,83.35138845296989,83.3461021849628,0.005286268007083095
0.007384615384615385,0.013538461538461541,79.90260273581723,79.89749664715838,0.005106088658848762
0.007384615384615385,0.013846153846153848,76.40715081077691,76.4022332212564,0.004917589520516685
0.007384615384615385,0.014153846153846157,72.8670742041926,72.86235304266955,0.00472116152305091
0.007384615384615385,0.014461538461538465,69.284440466869,69.27992330173778,0.004517165131218803
0.007384615384615385,0.014769230769230772,65.66134203227298,65.65703603654715,0.004305995725829348
0.007384615384615385,0.01507692307692308,61.99989493882142,61.99580691123865,0.004088027582767495
0.007384615384615385,0.015384615384615387,58.30223763546479,58.29837398051988,0.0038636549449151403
0.007384615384615385,0.015692307692307696,54.570529696693846,54.56689644110115,0.0036332555926961163
0.007384615384615385,0.016000000000000004,50.806950608368595,50.80355337078568,0.0033972375829165458
0.007384615384615385,0.01630769230769231,47.013698431981716,47.010542455949334,0.003155976032381602
0.007384615384615385,0.01661538461538462,43.19298859256568,43.190078708153784,0.0029098844118990996
0.007384615384615385,0.016923076923076926,39.34705253113096,39.34439317064191,0.002659360489055018
0.007384615384615385,0.017230769230769234,35.47813643034676,35.475731615471716,0.0024048148750424048
0.007384615384615385,0.01753846153846154,31.58849989158411,31.586353232048342,0.0021466595357679807
0.007384615384615385,0.01784615384615385,27.68041460565846,27.678529307821385,0.0018852978370738072
0.007384615384615385,0.01815384615384616,23.756163053788438,23.75454190191662,0.0016211518718165507
0.007384615384615385,0.018461538461538467,19.818037122930836,19.816682512478312,0.001354610452523275
0.007384615384615385,0.018769230769230774,15.868336818385313,15.86725073849811,0.0010860798872034394
0.007384615384615385,0.01907692307692308,11.909368888555274,11.908552936914562,0.0008159516407122425
0.007384615384615385,0.01938461538461539,7.943445506241538,7.942900875765268,0.0005446304762699583
0.007384615384615385,0.019692307692307696,3.9728828972024535,3.9726103841797165,0.0002725130227370087
0.008,0.00030769230769230776,176.28463304776645,176.28408818248005,0.0005448652864004089
0.008,0.0006153846153846155,176.13072603967612,176.12965573394754,0.0010703057285752493
0.008,0.0009230769230769233,175.87394199766274,175.8723685263455,0.0015734713172435022
0.008,0.001230769230769231,175.51443081629682,175.51237680815785,0.0020540081389697207
0.008,0.001538461538461539,175.0524017377581,175.04989080441047,0.002510933347622313
0.008,0.0018461538461538465,174.48812546602096,174.48518059390582,0.0029448721151368318
0.008,0.002153846153846154,173.8219312614023,173.81857595150436,0.0033553098979552942
0.008,0.002461538461538462,173.05420912282517,173.0504661555454,0.0037429672797770763
0.008,0.00276923076923077,172.18540749055438,172.1812997605195,0.004107730034888846
0.008,0.003076923076923078,171.2160347181561,171.2115843351253,0.004450383030786043
0.008,0.0033846153846153852,170.14665702018536,170.1418861658637,0.00477085432166291
0.008,0.003692307692307693,168.97789973630486,168.9728299263424,0.005069809962463978
0.008,0.004000000000000001,167.71044566497577,167.7050983124842,0.005347352491554602
0.008,0.004307692307692308,166.3450357523613,166.33943164385187,0.005604108509430716
0.008,0.004615384615384617,164.88246767618486,164.87662743132205,0.005840244862810096
0.008,0.004923076923076924,163.32359619556587,163.31753991136182,0.006056284204049689
0.008,0.0052307692307692315,161.66933203240774,161.6630795471783,0.006252485229424565
0.008,0.00553846153846154,159.92064180711992,159.91421249703393,0.006429310085991347
0.008,0.005846153846153847,158.07854714598597,158.07196005003726,0.006587095948702881
0.008,0.006153846153846156,156.14412428256637,156.13739802973876,0.00672625282760464
0.008,0.006461538461538463,154.11850328830016,154.11165616588025,0.006847122419912921
0.008,0.0067692307692307704,152.00286751080506,151.99591743466462,0.006950076140441297
0.008,0.007076923076923079,149.7984529163585,149.79141736793085,0.007035548427666072
0.008,0.007384615384615386,147.5065472177673,147.49944333163828,0.007103886129016246
0.008,0.007692307692307694,145.12848925450305,145.1213337740813,0.007155480421744187
0.008,0.008000000000000002,142.66566810267858,142.65847744427305,0.007190658405534123
0.008,0.00830769230769231,140.11952248286332,140.1123125809551,0.007209901908225902
0.008,0.008615384615384617,137.49153960435768,137.48432607270666,0.007213531651018457
0.008,0.008923076923076924,134.783254544322,134.77605258964346,0.007201954678549782
0.008,0.009230769230769233,131.99624918615746,131.98907368721353,0.007175498943922776
0.008,0.00953846153846154,129.13215153356256,129.12501688261358,0.007134650948984245
0.008,0.009846153846153848,126.19263443902743,126.18555470436443,0.007079734662994497
0.008,0.010153846153846156,123.17941487899583,123.17240371560187,0.007011163393954689
0.008,0.010461538461538463,120.09425279850608,120.08732351165185,0.006929286854230554
0.008,0.010769230769230772,116.93895025760486,116.93211569247637,0.006834565128485792
0.008,0.01107692307692308,113.71535015260949,113.70862281059,0.006727342019487992
0.008,0.011384615384615387,110.42533532104873,110.41872729506095,0.006608025987787869
0.008,0.011692307692307695,107.07082735081468,107.06435035222555,0.006476998589135974
0.008,0.012000000000000002,103.6537855317516,103.64745084375788,0.006334687993714283
0.008,0.012307692307692311,100.17620561398373,100.17002414274965,0.006181471234071978
0.008,0.012615384615384619,96.64011872382719,96.63410096846863,0.006017755358556087
0.008,0.012923076923076926,93.04759014470088,93.04174620047559,0.005843944225290443
0.008,0.013230769230769233,89.4007180999966,89.39505767279296,0.0056604272036366865
0.008,0.013538461538461541,85.70163256542779,85.69616494882872,0.005467616599062808
0.008,0.013846153846153848,81.9524939860289,81.94722807777148,0.005265908257413798
0.008,0.014153846153846157,78.15549206411781,78.15043633318236,0.005055730935453084
0.008,0.014461538461538465,74.3128443933915,74.30800693452113,0.00483745887036946
0.008,0.014769230769230772,70.426795285963,70.42218375235227,0.004611533610727747
0.008,0.01507692307692308,66.49961433610834,66.49523599798789,0.004378338120446301
0.008,0.015384615384615387,62.533595216522926,62.52945689833225,0.004138318190676671
0.008,0.015692307692307696,58.531054204097735,58.52716235670158,0.0038918473961544464
0.008,0.016000000000000004,54.494328987851226,54.49068960040207,0.0036393874491551514
0.008,0.01630769230769231,50.425777128544105,50.42239581585478,0.0033813126893278422
0.008,0.01661538461538462,46.32777484650439,46.3246567720652,0.003118074439193208
0.008,0.016923076923076926,42.202715488962156,42.199865433240895,0.002850055721260958
0.008,0.017230769230769234,38.05300824146468,38.05043056136812,0.0025776800965644497
0.008,0.01753846153846154,33.88107665769185,33.87877530956227,0.0023013481295777183
0.008,0.01784615384615385,29.68935728277055,29.687335807015067,0.002021475755483948
0.008,0.01815384615384616,25.48029823297867,25.478559736363287,0.0017384966153812798
0.008,0.018461538461538467,21.2563577442283,21.25490490431166,0.0014528399166415795
0.008,0.018769230769230774,17.020002757963024,17.0188378063422,0.0011649516208223076
0.008,0.01907692307692308,12.773707462586229,12.772832186350916,0.0008752762353125831
0.008,0.01938461538461539,8.51995185536011,8.51936759205065,0.0005842633094612637
0.008,0.019692307692307696,4.261220284357472,4.2609279269853415,0.00029235737213006985
0.008615384615384615,0.00030769230769230776,187.80131033872146,187.80070808323228,0.0006022554891842447
0.008615384615384615,0.0006153846153846155,187.63736129135384,187.63618657999027,0.0011747113635749429
0.008615384615384615,0.0009230769230769233,187.36380885752934,187.36209082769295,0.001718029836382584
0.008615384615384615,0.001230769230769231,186.9808151661775,186.97858089054105,0.002234275636453731
0.008615384615384615,0.001538461538461539,186.48860408143057,186.48588072753807,0.0027233538924917866
0.008615384615384615,0.0018461538461538465,185.88746491936118,185.8842780617046,0.0031868576565727835
0.008615384615384615,0.002153846153846154,185.1777487140746,185.17412421205609,0.0036245020185106114
0.008615384615384615,0.002461538461538462,184.3598713226688,184.35583388844253,0.004037434226262349
0.008615384615384615,0.00276923076923077,183.43431058496108,183.42988494936958,0.0044256355915024415
0.008615384615384615,0.003076923076923078,182.40160822768848,182.3968181229425,0.0047901047459788515
0.008615384615384615,0.0033846153846153852,181.26236752259183,181.25723669109644,0.00513083149539284
0.008615384615384615,0.003692307692307693,180.01725472092753,180.01180613729653,0.005448583630993653
0.008615384615384615,0.004000000000000001,178.6669972686807,178.66125375791435,0.0057435107663366125
0.008615384615384615,0.004307692307692308,177.21238452434008,177.20636823750743,0.006016286832647211
0.008615384615384615,0.004615384615384617,175.6542663088411,175.6479991882495,0.006267120591587627
0.008615384615384615,0.004923076923076924,173.9935532138904,173.9870566537811,0.006496560109297889
0.008615384615384615,0.0052307692307692315,172.231215471211,172.22451057776954,0.0067048934414515315
0.008615384615384615,0.00553846153846154,170.36828283523204,170.36139023748922,0.006892597742819362
0.008615384615384615,0.005846153846153847,168.40584368141026,168.39878364275273,0.007060038657527912
0.008615384615384615,0.006153846153846156,166.34504454202403,166.3378369005436,0.0072076414804200795
0.008615384615384615,0.006461538461538463,164.18708931394096,164.17975354572224,0.007335768218723615
0.008615384615384615,0.0067692307692307704,161.93323864404823,161.9257938381954,0.007444805852827585
0.008615384615384615,0.007076923076923079,159.58480923908255,159.57727402695994,0.007535212122604662
0.008615384615384615,0.007384615384615386,157.14317293298632,157.1355655814503,0.007607351536023543
0.008615384615384615,0.007692307692307694,154.60975602491823,154.6020943906393,0.0076616342789179726
0.008615384615384615,0.008000000000000002,151.986038336492,151.9783399303588,0.0076984061331870635
0.008615384615384615,0.00830769230769231,149.27355257361964,149.26583439932764,0.007718174291994728
0.008615384615384615,0.008615384615384617,146.47388310289944,146.46616182439084,0.0077212785085976066
0.008615384615384615,0.008923076923076924,143.58866528383103,143.58095713549218,0.007708148338849696
0.008615384615384615,0.009230769230769233,140.61958434214463,140.61190521092158,0.0076791312230568565
0.008615384615384615,0.00953846153846154,137.5683746373235,137.56073989339333,0.007634743930168497
0.008615384615384615,0.009846153846153848,134.43681830637394,134.42924297753083,0.00757532884310308
0.008615384615384615,0.010153846153846156,131.22674449632055,131.21924316934883,0.007501326971720346
0.008615384615384615,0.010461538461538463,127.94002812573655,127.93261501834047,0.007413107396075702
0.008615384615384615,0.010769230769230772,124.57858898853472,124.5712778227932,0.007311165741512582
0.008615384615384615,0.01107692307692308,121.14439037256656,121.13719450897268,0.007195863593878471
0.008615384615384615,0.011384615384615387,117.63943812741707,117.63237048482908,0.007067642587983869
0.008615384615384615,0.011692307692307695,114.06577937220668,114.05885246889528,0.006926903311395449
0.008615384615384615,0.012000000000000002,110.42550140601041,110.41872729506095,0.006774110949464784
0.008615384615384615,0.012307692307692311,106.72073035594487,106.71412069392026,0.006609662024601448
0.008615384615384615,0.012615384615384619,102.95363005054516,102.94719605140516,0.006433999140000424
0.008615384615384615,0.012923076923076926,99.12640069471911,99.12015314542882,0.006247549290293364
0.008615384615384615,0.013230769230769233,95.24127759694987,95.23522686127733,0.0060507356725452155
0.008615384615384615,0.013538461538461541,91.30052988567424,91.29468588649955,0.005843999174686587
0.008615384615384615,0.013846153846153848,87.30645915367727,87.3008313860577,0.005627767619571955
0.008615384615384615,0.014153846153846157,83.26139816601493,83.25599565851145,0.005402507503475817
0.008615384615384615,0.014461538461538465,79.16770939043981,79.16254077402164,0.005168616418174565
0.008615384615384615,0.014769230769230772,75.02778377914996,75.02285719496746,0.0049265841824990275
0.008615384615384615,0.01507692307692308,70.84403919323921,70.83936237998402,0.00467681325518754
0.008615384615384615,0.015384615384615387,66.61891917625884,66.6144993722345,0.004419804024337282
0.008615384615384615,0.015692307692307696,62.354891309448924,62.350735372741575,0.004155936707348928
0.008615384615384615,0.016000000000000004,58.05444603181376,58.05056029961173,0.0038857322020291463
0.008615384615384615,0.01630769230769231,53.72009490721171,53.7164853339931,0.0036095732186112173
0.008615384615384615,0.01661538461538462,49.3543694218988,49.35104145361642,0.0033279682823845746
0.008615384615384615,0.016923076923076926,44.95981927393455,44.95677795477515,0.003041319159400757
0.008615384615384615,0.017230769230769234,40.53901108346052,40.536260963608555,0.00275011985196727
0.008615384615384615,0.01753846153846154,36.09452674987171,36.09207193755592,0.0024548123157899226
0.008615384615384615,0.01784615384615385,31.62896203016609,31.62680615785847,0.0021558723076182673
0.008615384615384615,0.01815384615384616,27.144924973652014,27.143071213987778,0.0018537596642360654
0.008615384615384615,0.018461538461538467,22.645034415738202,22.6434854808876,0.0015489348506037004
0.008615384615384615,0.018769230769230774,18.131918441248732,18.13067658991583,0.00124185133290311
0.008615384615384615,0.01907692307692308,13.608212858405468,13.60727989438244,0.0009329640230273384
0.008615384615384615,0.01938461538461539,9.07655965488821,9.075936930576944,0.0006227243112668646
0.008615384615384615,0.019692307692307696,4.539605460779917,4.539293875185919,0.00031158559399813157
0.009230769230769232,0.00030769230769230776,198.8793421677037,198.87871072844516,0.0006314392585409223
0.009230769230769232,0.0006153846153846155,198.70571998299312,198.70448441808762,0.0012355649054995865
0.009230769230769232,0.0009230769230769233,198.4160303799865,198.41422028442486,0.0018100955616375813
0.009230769230769232,0.001230769230769231,198.0104443970641,198.008087833537,0.0023565635271154406
0.009230769230769232,0.001538461538461539,197.4891985199802,197.48632423533854,0.002874284641649183
0.009230769230769232,0.0018461538461538465,196.85259907855288,196.84923418507776,0.003364893475122699
0.009230769230769232,0.002153846153846154,196.1010178208044,196.0971897254033,0.0038280954011042923
0.009230769230769232,0.002461538461538462,195.23489511116236,195.23063002910172,0.004265082060641134
0.009230769230769232,0.00276923076923077,194.25473707364625,194.25006114263303,0.004675931013224499
0.009230769230769232,0.003076923076923078,193.1611173177175,193.15605569061375,0.005061627103742694
0.009230769230769232,0.0033846153846153852,191.95467482018233,191.9492525414202,0.005422278762125643
0.009230769230769232,0.003692307692307693,190.63611506264374,190.63035643410754,0.0057586285361992395
0.009230769230769232,0.004000000000000001,189.20620848183924,189.2001375668617,0.006070914977527764
0.009230769230769232,0.004307692307692308,187.6657909242263,187.65943114722577,0.006359777000511713
0.009230769230769232,0.004615384615384617,186.01576240485286,186.00913690436184,0.0066255004910260595
0.009230769230769232,0.004923076923076924,184.257087176508,184.25021856363486,0.00686861287314855
0.009230769230769232,0.0052307692307692315,182.39079273505826,182.38370328382393,0.0070894512343215865
0.009230769230769232,0.00553846153846154,180.4179695352412,180.41068105729076,0.007288477950453398
0.009230769230769232,0.005846153846153847,178.33977017519737,178.3323040734545,0.007466101742863884
0.009230769230769232,0.006153846153846156,176.1574087925898,176.1497860459459,0.007622746643903611
0.009230769230769232,0.006461538461538463,173.87216030618438,173.86440150383237,0.007758802352014982
0.009230769230769232,0.0067692307692307704,171.4853597081427,171.47748504732928,0.007874660813428136
0.009230769230769232,0.007076923076923079,168.99840137584846,168.99043056843072,0.007970807417734704
0.009230769230769232,0.007384615384615386,166.41273805523258,166.40469043691593,0.00804761831665246
0.009230769230769232,0.007692307692307694,163.7298801759841,163.72177465220628,0.008105523777828694
0.009230769230769232,0.008000000000000002,160.95139484588336,160.94324996156809,0.008144884315271383
0.009230769230769232,0.00830769230769231,158.07890517779532,158.07073894517637,0.008166232618947333
0.009230769230769232,0.008615384615384617,155.1140889935337,155.1059190685737,0.008169924959986474
0.009230769230769232,0.008923076923076924,152.058678115791,152.05052170307752,0.008156412713475447
0.009230769230769232,0.009230769230769233,148.91445717523533,148.9063311147081,0.00812606052721776
0.009230769230769232,0.00953846153846154,145.68326283695166,145.67518342222746,0.008079414724193157
0.009230769230769232,0.009846153846153848,142.36698235850338,142.35896552489763,0.008016833605751117
0.009230769230769232,0.010153846153846156,138.9675527858141,138.95961400058462,0.007938785229470113
0.009230769230769232,0.010461538461538463,135.48695962968407,135.47911397485169,0.007845654832379978
0.009230769230769232,0.010769230769230772,131.92723593607664,131.91949796170155,0.007737974375089607
0.009230769230769232,0.01107692307692308,128.29046079560237,128.28284467664574,0.0076161189566335
0.009230769230769232,0.011384615384615387,124.57875838750368,124.5712778227932,0.007480564710476756
0.009230769230769232,0.011692307692307695,120.79429657626171,120.78696485066742,0.007331725594298177
0.009230769230769232,0.012000000000000002,116.93928579973843,116.93211569247637,0.007170107262055581
0.009230769230769232,0.012307692307692311,113.0159775896532,113.00898147157442,0.006996118078788527
0.009230769230769232,0.012615384615384619,109.02666342760466,109.01985318786961,0.006810239735045798
0.009230769230769232,0.012923076923076926,104.9736732929952,104.96706037994423,0.0066129130509722245
0.009230769230769232,0.013230769230769233,100.85937436762673,100.85296976466991,0.006404602956820327
0.009230769230769232,0.013538461538461541,96.68616962115713,96.67998385511153,0.0061857660456041685
0.009230769230769232,0.013846153846153848,92.45649642782924,92.45053955752748,0.005956870301758954
0.009230769230769232,0.014153846153846157,88.17282515208495,88.16710674828465,0.00571840380030153
0.009230769230769232,0.014461538461538465,83.83765763337249,83.83218683152063,0.005470801851856777
0.009230769230769232,0.014769230769230772,79.45352586211523,79.44831127839369,0.005214583721539157
0.009230769230769232,0.01507692307692308,75.02299033404543,75.01804014877527,0.0049501852701610005
0.009230769230769232,0.015384615384615387,70.54863873888607,70.54396059624698,0.004678142639093608
0.009230769230769232,0.015692307692307696,66.03308421588254,66.02868535727559,0.004398858606947442
0.009230769230769232,0.016000000000000004,61.47896412716596,61.47485122544881,0.004112901717149953
0.009230769230769232,0.01630769230769231,56.88893818091453,56.8851175116619,0.003820669252625919
0.009230769230769232,0.01661538461538462,52.26568721589063,52.2621644911551,0.003522724735532279
0.009230769230769232,0.016923076923076926,47.6119112976124,47.608691838308125,0.003219459304276029
0.009230769230769232,0.017230769230769234,42.93032845516788,42.92741705010677,0.0029114050611127595
0.009230769230769232,0.01753846153846154,38.223672834813925,38.221073859200736,0.002598975613189225
0.009230769230769232,0.01784615384615385,33.49469331061904,33.492410637481164,0.0022826731378771115
0.009230769230769232,0.01815384615384616,28.746151737312136,28.74418879110838,0.0019629462037542567
0.009230769230769232,0.018461538461538467,23.980821436952642,23.97918114792917,0.0016402890234701317
0.009230769230769232,0.018769230769230774,19.201485513939076,19.200170338222524,0.0013151757165523748
0.009230769230769232,0.01907692307692308,14.410935270315228,14.409947169722601,0.0009881005926271058
0.009230769230769232,0.01938461538461539,9.611968549577757,9.611308997865192,0.0006595517125642658
0.009230769230769232,0.019692307692307696,4.8073881134470255,4.807058092211244,0.0003300212357819632
0.009846153846153846,0.00030769230769230776,209.49289225579415,209.49222292963773,0.0006693261564123532
0.009846153846153846,0.0006153846153846155,209.31000379936867,209.30869872578532,0.001305073583353078
0.009846153846153846,0.0009230769230769233,209.00485187953615,209.00294413609078,0.0019077434453720343
0.009846153846153846,0.001230769230769231,208.57761797422216,208.5751377126243,0.002480261597867184
0.009846153846153846,0.001538461538461539,208.02855201340202,208.02552928229002,0.0030227311119972455
0.009846153846153846,0.0018461538461538465,207.35797673763955,207.3544398009341,0.0035369367054443046
0.009846153846153846,0.002153846153846154,206.56628402674926,206.5622611659155,0.004022860833771347
0.009846153846153846,0.002461538461538462,205.6539375682051,205.64945598724896,0.004481580956138487
0.009846153846153846,0.00276923076923077,204.62147059273926,204.61655731745392,0.004913275285332475
0.009846153846153846,0.003076923076923078,203.4694870944844,203.46416834026672,0.005318754217682908
0.009846153846153846,0.0033846153846153852,202.1986602365429,202.1929620183983,0.005698218144601697
0.009846153846153846,0.003692307692307693,200.8097329923076,200.80368070054297,0.0060522917646324
0.009846153846153846,0.004000000000000001,199.30351695810722,199.29713568786767,0.0063812702395580345
0.009846153846153846,0.004307692307692308,197.6808924591967,197.67420676023494,0.006685698961774733
0.009846153846153846,0.004615384615384617,195.94280758556766,195.93584166243616,0.006965923131502905
0.009846153846153846,0.004923076923076924,194.09027797075797,194.08305555073545,0.0072224200225150526
0.009846153846153846,0.0052307692307692315,192.1243859627762,192.1169304000468,0.007455562729376197
0.009846153846153846,0.00553846153846154,190.04628015311815,190.03861437209147,0.0076657810266738124
0.009846153846153846,0.005846153846153847,187.85717466646173,187.84932114490357,0.007853521558160992
0.009846153846153846,0.006153846153846156,185.5583484022352,185.55032920407643,0.008019198158763174
0.009846153846153846,0.006461538461538463,183.15114432089825,183.14298109616297,0.008163224735284302
0.009846153846153846,0.0067692307692307704,180.6369686367854,180.62868264466638,0.008285992119027696
0.009846153846153846,0.007076923076923079,178.01729014096745,178.00890212907873,0.008388011888712299
0.009846153846153846,0.007384615384615386,175.2936390955932,175.28516942744707,0.008469668146119602
0.009846153846153846,0.007692307692307694,172.46760653307123,172.45907512296782,0.008531410103415737
0.009846153846153846,0.008000000000000002,169.5408431853937,169.53226957513084,0.0085736102628573
0.009846153846153846,0.00830769230769231,166.51505878204836,166.50646195595613,0.008596826092230003
0.009846153846153846,0.008615384615384617,163.39202068028735,163.38341925188539,0.008601428401959765
0.009846153846153846,0.008923076923076924,160.17355312128828,160.16496523191168,0.008587889376599378
0.009846153846153846,0.009230769230769233,156.86153597156311,156.85297938254973,0.008556589013380744
0.009846153846153846,0.00953846153846154,153.45790391198182,153.44939581026884,0.008508101712976668
0.009846153846153846,0.009846153846153848,149.96464491202235,149.95620211202896,0.008442799993389372
0.009846153846153846,0.010153846153846156,146.38379939184153,146.37543821458016,0.008361177261377861
0.009846153846153846,0.010461538461538463,142.71745881639146,142.7091951832029,0.00826363318856238
0.009846153846153846,0.010769230769230772,138.96776473495163,138.95961400058462,0.008150734367006862
0.009846153846153846,0.01107692307692308,135.13690718383234,135.1288843165464,0.008022867285944812
0.009846153846153846,0.011384615384615387,131.2271237094828,131.21924316934883,0.007880540133982095
0.009846153846153846,0.011692307692307695,127.24069785711866,127.2329736793249,0.007724177793761555
0.009846153846153846,0.012000000000000002,123.17995804030427,123.17240371560189,0.007554324702383042
0.009846153846153846,0.012307692307692311,119.04727593425275,119.03990453669135,0.007371397561399817
0.009846153846153846,0.012615384615384619,114.84506532051937,114.83788940574108,0.007175914778287051
0.009846153846153846,0.012923076923076926,110.57578050834657,110.56881218125713,0.006968327089438731
0.009846153846153846,0.013230769230769233,106.24191502579782,106.23516588411977,0.006749141678056958
0.009846153846153846,0.013538461538461541,101.84600006378707,101.83948124172932,0.006518822057756779
0.009846153846153846,0.013846153846153848,97.39060308412573,97.38432521013283,0.00627787399290014
0.009846153846153846,0.014153846153846157,92.87832626729646,92.87229947499378,0.006026792302677109
0.009846153846153846,0.014461538461538465,88.31180498332559,88.30603893228115,0.005766051044432174
0.009846153846153846,0.014769230769230772,83.69370632573046,83.68821014956417,0.0054961761662895015
0.009846153846153846,0.01507692307692308,79.0267274467112,79.02150980881214,0.005217637899065153
0.009846153846153846,0.015384615384615387,74.31359411409164,74.30866313160803,0.0049309824836143434
0.009846153846153846,0.015692307692307696,69.55705893393537,69.55242228769565,0.004636646239717379
0.009846153846153846,0.016000000000000004,64.75990000280188,64.75556478779029,0.004335215011593618
0.009846153846153846,0.01630769230769231,59.92491897712888,59.92089186159057,0.004027115538313808
0.009846153846153846,0.01661538461538462,55.05493976491051,55.05122682193917,0.003712942971340283
0.009846153846153846,0.016923076923076926,50.152806545871904,50.149413416087484,0.0033931297844205233
0.009846153846153846,0.017230769230769234,45.221382428740455,45.2183141650277,0.0030682637127554813
0.009846153846153846,0.01753846153846154,40.2635475025255,40.260808691860674,0.002738810664823177
0.009846153846153846,0.01784615384615385,35.282197365712484,35.279792040177554,0.002405325534930114
0.009846153846153846,0.01815384615384616,30.280241277560286,30.278172983435393,0.0020682941248928444
0.009846153846153846,0.018461538461538467,25.260600561952813,25.258872326316077,0.0017282356367367413
0.009846153846153846,0.018769230769230774,20.226206840812242,20.224821199057743,0.0013856417544992894
0.009846153846153846,0.01907692307692308,15.180000362683433,15.178959345757974,0.001041016925459104
0.009846153846153846,0.01938461538461539,10.124928271029106,10.124233407645589,0.0006948633835168749
0.009846153846153846,0.019692307692307696,5.063942889957688,5.063595202325505,0.00034768763218284704
0.010461538461538461,0.00030769230769230776,219.617137165611,219.61645633728332,0.0006808283276882321
0.010461538461538461,0.0006153846153846155,219.42539700435236,219.4240628692178,0.001334135134555936
0.010461538461538461,0.0009230769230769233,219.1054904997271,219.10353192750293,0.00195857222416862
0.010461538461538461,0.001230769230769231,218.65760458945923,218.6550506931824,0.0025538962768223428
0.010461538461538461,0.001538461538461539,218.08200107063365,218.0788810666677,0.0031200039659609047
0.010461538461538461,0.0018461538461538465,217.37901672368176,217.37535951479552,0.00365720888623855
0.010461538461538461,0.002153846153846154,216.5490626308273,216.54489687434068,0.004165756486628425
0.010461538461538461,0.002461538461538462,215.59262422322223,215.5879781120991,0.0046461111231224095
0.010461538461538461,0.00276923076923077,214.510260681634,214.50516204168076,0.00509863995324622
0.010461538461538461,0.003076923076923078,213.3026047869049,213.29708099717817,0.005523789726737505
0.010461538461538461,0.0033846153846153852,211.97036242165166,211.96444046390138,0.005921957750274487
0.010461538461538461,0.003692307692307693,210.51431227594625,210.50801866639412,0.006293609552130874
0.010461538461538461,0.004000000000000001,208.9353052580692,208.92866611397272,0.006639144096482141
0.010461538461538461,0.004307692307692308,207.23426409780566,207.22730510405265,0.0069589937530167845
0.010461538461538461,0.004615384615384617,205.41218278069047,205.40492918355267,0.0072535971378044906
0.010461538461538461,0.004923076923076924,203.4701259518096,203.4626025686916,0.007523383117984395
0.010461538461538461,0.0052307692307692315,201.40922829609934,201.4014595235158,0.007768772583546024
0.010461538461538461,0.00553846153846154,199.2306938589383,199.2227036975211,0.007990161417211539
0.010461538461538461,0.005846153846153847,196.93579546855452,196.92760742275527,0.008188045799244037
0.010461538461538461,0.006153846153846156,194.5258738023907,194.51751097081197,0.008362831578722307
0.010461538461538461,0.006461538461538463,192.00233673221354,191.9938217701499,0.008514962063628673
0.010461538461538461,0.0067692307692307704,189.36665841049683,189.35801358419417,0.008644826302656838
0.010461538461538461,0.007076923076923079,186.62037861806388,186.61162565070006,0.008752967363818698
0.010461538461538461,0.007384615384615386,183.7651015598084,183.7562617828813,0.008839776927089815
0.010461538461538461,0.007692307692307694,180.80249515872129,180.79358943282858,0.008905725892702776
0.010461538461538461,0.008000000000000002,177.73428991524858,177.72533871776434,0.008951197484236673
0.010461538461538461,0.00830769230769231,174.56227818640488,174.55330140970307,0.008976776701814515
0.010461538461538461,0.008615384615384617,171.28831273724217,171.2793298891069,0.00898284813527539
0.010461538461538461,0.008923076923076924,167.91430596904974,167.90533606314747,0.008969905902262099
0.010461538461538461,0.009230769230769233,164.4422285937096,164.4332902492062,0.008938344503377493
0.010461538461538461,0.00953846153846154,160.87410879094156,160.86522002426435,0.008888766677216609
0.010461538461538461,0.009846153846153848,157.21203059965265,157.203209040855,0.008821558797649232
0.010461538461538461,0.010153846153846156,153.4581330489135,153.4493958102688,0.008737238644698664
0.010461538461538461,0.010461538461538463,149.61460867402877,149.60597245372367,0.00863622030510669
0.010461538461538461,0.010769230769230772,145.68370252677443,145.67518342222743,0.00851910454699123
0.010461538461538461,0.01107692307692308,141.66771047522835,141.659324185882,0.008386289346333342
0.010461538461538461,0.011384615384615387,137.56897820615717,137.5607398933933,0.008238312763864997
0.010461538461538461,0.011692307692307695,133.38989961303247,133.38182400257034,0.00807561046212868
0.010461538461538461,0.012000000000000002,129.1329156476749,129.12501688261355,0.007898765061355562
0.010461538461538461,0.012307692307692311,124.80051258938266,124.79280438900759,0.0077082003750774675
0.010461538461538461,0.012615384615384619,120.3952208804279,120.387716411852,0.007504468575902479
0.010461538461538461,0.012923076923076926,115.91961342662584,115.91232539847644,0.007288028149403658
0.010461538461538461,0.013230769230769233,111.37630428340609,111.36924485120402,0.007059432202069615
0.010461538461538461,0.013538461538461541,106.767946945779,106.76112780113935,0.006819144639649721
0.010461538461538461,0.013846153846153848,102.09723297215507,102.09066525887344,0.006567713281626197
0.010461538461538461,0.014153846153846157,97.36689027232222,97.36058464300883,0.006305629313388295
0.010461538461538461,0.014461538461538465,92.57968161260756,92.5736481874244,0.006033425183161967
0.010461538461538461,0.014769230769230772,87.73840294018349,87.7326513282081,0.005751611975384208
0.010461538461538461,0.01507692307692308,82.84588178769712,82.84042107120148,0.005460716495647944
0.010461538461538461,0.015384615384615387,77.90497560707568,77.89981434110753,0.005161265968155249
0.010461538461538461,0.015692307692307696,72.91857008599334,72.91371631312717,0.0048537728661699475
0.010461538461538461,0.016000000000000004,67.88957751746797,67.88503872809834,0.004538789369632923
0.010461538461538461,0.01630769230769231,62.820935007512716,62.81671819212118,0.004216815391536954
0.010461538461538461,0.01661538461538462,57.715602861852915,57.71171446166291,0.0038884001900072462
0.010461538461538461,0.016923076923076926,52.57656276616895,52.57300871514311,0.0035540510258371683
0.010461538461538461,0.017230769230769234,47.40681609761976,47.403601812009946,0.0032142856098147377
0.010461538461538461,0.01753846153846154,42.209382166127575,42.20651254032224,0.0028696258053386714
0.010461538461538461,0.01784615384615385,36.98729643004813,36.98477585386271,0.0025205761854252273
0.010461538461538461,0.01815384615384616,31.743608791282604,31.741441099809943,0.0021676914726604934
0.010461538461538461,0.018461538461538467,26.481381724014266,26.479570238006264,0.0018114860080018502
0.010461538461538461,0.018769230769230774,21.203688575067066,21.20223605285846,0.0014525222086057
0.010461538461538461,0.01907692307692308,15.913611693818137,15.912520358918982,0.0010913348991543614
0.010461538461538461,0.01938461538461539,10.614240687590682,10.613512201192563,0.0007284863981187328
0.010461538461538461,0.019692307692307696,5.308670574678897,5.308306051221296,0.00036452345760107363
0.011076923076923078,0.00030769230769230776,229.2284789295367,229.22776533514852,0.0007135943881735329
0.011076923076923078,0.0006153846153846155,229.02834580171276,229.02695194672918,0.001393854983575693
0.011076923076923078,0.0009230769230769233,228.69443657346497,228.69239326786027,0.0020433056047011178
0.011076923076923078,0.001230769230769231,228.22694662210185,228.224284671389,0.002661950712848693
0.011076923076923078,0.001538461538461539,227.62615039641628,227.62289951955358,0.0032508768626939855
0.011076923076923078,0.0018461538461538465,226.89239883582442,226.88858900434744,0.003809831476985437
0.011076923076923078,0.002153846153846154,226.02612153335025,226.021781942433,0.004339590917254554
0.011076923076923078,0.002461538461538462,225.02782473293635,225.02298452472473,0.0048402082116183465
0.011076923076923078,0.00276923076923077,223.89809227511802,223.89278002078817,0.005312254329851385
0.011076923076923078,0.003076923076923078,222.63758428356172,222.63182843822653,0.0057558453351873595
0.011076923076923078,0.0033846153846153852,221.24703768337633,221.24086613725518,0.006171546121152005
0.011076923076923078,0.003692307692307693,219.72726506017156,219.72070540068785,0.006559659483713176
0.011076923076923078,0.004000000000000001,218.07915462652704,218.07223395958638,0.006920666940658293
0.011076923076923078,0.004307692307692308,216.303669359829,216.2964144748508,0.007254884978209475
0.011076923076923078,0.004615384615384617,214.40184680811032,214.3942839750524,0.007562833057932039
0.011076923076923078,0.004923076923076924,212.37479814216684,212.36695325083832,0.007844891328517178
0.011076923076923078,0.0052307692307692315,210.22370773050895,210.21560620626113,0.00810152424782018
0.011076923076923078,0.00553846153846154,207.94983226416062,207.94149916741208,0.008333096748543767
0.011076923076923078,0.005846153846153847,205.5545003023675,205.54596014876213,0.00854015360536664
0.011076923076923078,0.006153846153846156,203.03911117362264,203.0303880776389,0.008723095983754092
0.011076923076923078,0.006461538461538463,200.40513437507005,200.39625197729234,0.008882397777711049
0.011076923076923078,0.0067692307692307704,197.65410855854932,197.64509010902688,0.009018449522443461
0.011076923076923078,0.007076923076923079,194.7876409008156,194.77850907389978,0.009131826915819374
0.011076923076923078,0.007384615384615386,191.80740580620184,191.7981828745115,0.009222931690345604
0.011076923076923078,0.007692307692307694,188.71514419513468,188.70585193743534,0.009292257699343054
0.011076923076923078,0.008000000000000002,185.51266229756,185.50332209685735,0.009340200702666834
0.011076923076923078,0.00830769230769231,182.20183091376876,182.1924635400199,0.009367373748858654
0.011076923076923078,0.008615384615384617,178.78458389124594,178.77520971508523,0.009374176160719117
0.011076923076923078,0.008923076923076924,175.26291732629753,175.2535562020558,0.009361124241735297
0.011076923076923078,0.009230769230769233,171.6388881745921,171.62955954741213,0.009328627179968407
0.011076923076923078,0.00953846153846154,167.91461337873196,167.90533606314744,0.00927731558451228
0.011076923076923078,0.009846153846153848,164.09226818008105,164.08306059090094,0.009207589180107334
0.011076923076923078,0.010153846153846156,160.17408522151027,160.16496523191165,0.009119989598616485
0.011076923076923078,0.010461538461538463,156.1623529877551,156.15333804353415,0.009014944220950838
0.011076923076923078,0.010769230769230772,152.05941479021737,152.0505217030775,0.008893087139881573
0.011076923076923078,0.01107692307692308,147.86766696584198,147.85891213974762,0.008754826094360624
0.011076923076923078,0.011384615384615387,143.58955786372047,143.58095713549218,0.008600728228287835
0.011076923076923078,0.011692307692307695,139.2275861333468,139.21915489556474,0.008431237782048129
0.011076923076923078,0.012000000000000002,134.78429956443466,134.77605258964346,0.00824697479120573
0.011076923076923078,0.012307692307692311,130.2622932318429,130.25424486435543,0.008048367487475616
0.011076923076923078,0.012615384615384619,125.66420832940123,125.65637232807644,0.007836001324790232
0.011076923076923078,0.012923076923076926,120.99273034851211,120.98512000888981,0.007610339622303286
0.011076923076923078,0.013230769230769233,116.25058776734801,116.24321578660569,0.007371980742320261
0.011076923076923078,0.013538461538461541,111.44055018423865,111.43342879975594,0.007121384482701387
0.011076923076923078,0.013846153846153848,106.56542696676689,106.55856782849557,0.006859138271323673
0.011076923076923078,0.014153846153846157,101.62806537727266,101.62147965435369,0.006585722918970305
0.011076923076923078,0.014461538461538465,96.63134912188228,96.62504739779381,0.006301724088473293
0.011076923076923078,0.014769230769230772,91.57819646531135,91.5721888345522,0.006007630759157223
0.011076923076923078,0.01507692307692308,86.47155871176317,86.46585469173938,0.005704020023785006
0.011076923076923078,0.015384615384615387,81.314418319204,81.30902692469846,0.0053913945055370505
0.011076923076923078,0.015692307692307696,76.10978730984291,76.10471697562707,0.005070334215844241
0.011076923076923078,0.016000000000000004,70.8607053749886,70.85596401498009,0.004741360008509332
0.011076923076923078,0.01630769230769231,65.57023820264214,65.56583316667967,0.004405035962477655
0.011076923076923078,0.01661538461538462,60.241475605021,60.23741371816913,0.004061886851872032
0.011076923076923078,0.016923076923076926,54.87752982531835,54.873817316355925,0.0037125089624225893
0.011076923076923078,0.017230769230769234,49.48153356880199,49.47817615049791,0.003357418304084092
0.011076923076923078,0.01753846153846154,44.0566383559226,44.05364112309248,0.0029972328301184348
0.011076923076923078,0.01784615384615385,38.60601248246374,38.60338000983875,0.0026324726249882247
0.011076923076923078,0.01815384615384616,33.13283938011236,33.13057560974521,0.0022637703671506415
0.011076923076923078,0.018461538461538467,27.640315536189153,27.638423886465517,0.0018916497236354246
0.011076923076923078,0.018769230769230774,22.131648816385468,22.130132101944767,0.0015167144407008948
0.011076923076923078,0.01907692307692308,16.610056449800595,16.608916943469588,0.001139506331007567
0.011076923076923078,0.01938461538461539,11.078763255518584,11.078002645212885,0.000760610305698961
0.011076923076923078,0.019692307692307696,5.540999689538151,5.540619105372257,0.0003805841658941489
0.011692307692307693,0.00030769230769230776,238.30442877543607,238.30370226572546,0.0007265097106028406
0.011692307692307693,0.0006153846153846155,238.09636280677682,238.0949379659257,0.00142484085111505
0.011692307692307693,0.0009230769230769233,237.74922743251668,237.74713292719917,0.0020945053175012163
0.011692307692307693,0.001230769230769231,237.26322426894424,237.26049025789416,0.0027340110500801984
0.011692307692307693,0.001538461538461539,236.6386380537276,236.63529414362554,0.003343910102046266
0.011692307692307693,0.0018461538461538465,235.8758330131883,235.87190968131824,0.0039233318700553355
0.011692307692307693,0.002153846153846154,234.97525576280682,234.97078266600104,0.004473096805782006
0.011692307692307693,0.002461538461538462,233.93743227951336,233.93243933047484,0.004992949038523875
0.011692307692307693,0.00276923076923077,232.7629695599034,232.7574860380074,0.005483521895996546
0.011692307692307693,0.003076923076923078,231.4525536176956,231.44660892823438,0.005944689461216512
0.011692307692307693,0.0033846153846153852,230.0069506361229,230.00057351647314,0.006377119649755514
0.011692307692307693,0.003692307692307693,228.42700523734493,228.42022424668318,0.006780990661752639
0.011692307692307693,0.004000000000000001,226.71364084025083,226.70648399833482,0.0071568419160144
0.011692307692307693,0.004307692307692308,224.86785844644393,224.86035354747352,0.007504898970410068
0.011692307692307693,0.004615384615384617,222.89073672628274,222.88291098229485,0.00782574398789393
0.011692307692307693,0.004923076923076924,220.7834307916433,220.7753110735713,0.008119718072009618
0.011692307692307693,0.0052307692307692315,218.54717192042511,218.5387846002987,0.008387320126416853
0.011692307692307693,0.00553846153846154,216.183266521564,216.17463763095608,0.008628890607923267
0.011692307692307693,0.005846153846153847,213.69309577496279,213.6842507607982,0.008845014164592158
0.011692307692307693,0.006153846153846156,211.07811439452934,211.069078305627,0.009036088902348638
0.011692307692307693,0.006461538461538463,208.33985006638525,208.33064745251198,0.009202613873270593
0.011692307692307693,0.0067692307692307704,205.47990234983337,205.47055736795613,0.009344981877234204
0.011692307692307693,0.007076923076923079,202.49994206014736,202.49047826402764,0.009463796119717927
0.011692307692307693,0.007384615384615386,199.4017098907423,199.39215042300293,0.00955946773936489
0.011692307692307693,0.007692307692307694,196.18701569086602,196.1773831810911,0.009632509774917253
0.011692307692307693,0.008000000000000002,192.8577372013754,192.84805387183232,0.00968332954306561
0.011692307692307693,0.00830769230769231,189.41581929436984,189.40610672978804,0.009712564581803917
0.011692307692307693,0.008615384615384617,185.8632723825971,185.8535517551626,0.00972062743448987
0.011692307692307693,0.008923076923076924,182.2021715939679,182.19246354001993,0.009708053947974804
0.011692307692307693,0.009230769230769233,178.43465532298953,178.4249800567799,0.009675266209626443
0.011692307692307693,0.00953846153846154,174.56292433013095,174.55330140970307,0.009622920427887038
0.011692307692307693,0.009846153846153848,170.58923997762517,170.5796885500913,0.009551427533864398
0.011692307692307693,0.010153846153846156,166.5159233073789,166.5064619559561,0.009461351422800135
0.011692307692307693,0.010461538461538463,162.34535340712688,162.3360002769249,0.009353130201986914
0.011692307692307693,0.010769230769230772,158.0799663753774,158.07073894517637,0.009227430201036668
0.011692307692307693,0.01107692307692308,153.7222534193145,153.71316875321685,0.009084666097663785
0.011692307692307693,0.011384615384615387,149.2747598333663,149.26583439932764,0.008925434038644653
0.011692307692307693,0.011692307692307695,144.74008318509067,144.7313330015327,0.00875018355796442
0.011692307692307693,0.012000000000000002,140.12087215311377,140.1123125809551,0.0085595721586742
0.011692307692307693,0.012307692307692311,135.41982454480024,135.41147051544695,0.008354029353284886
0.011692307692307693,0.012615384615384619,130.63968613935114,130.6315519643971,0.008134174954051332
0.011692307692307693,0.012923076923076926,125.78324873960884,125.77534826563493,0.007900473973904809
0.011692307692307693,0.013230769230769233,120.8533488751317,120.84569530536801,0.007653569763689916
0.011692307692307693,0.013538461538461541,115.85286577918939,115.84547186210415,0.0073939170852383995
0.011692307692307693,0.013846153846153848,110.78472006925989,110.77759792552604,0.007122143733852226
0.011692307692307693,0.014153846153846157,105.65187171336851,105.6450329912993,0.00683872206920455
0.011692307692307693,0.014461538461538465,100.45731862035053,100.4507743328106,0.006544287539938409
0.011692307692307693,0.014769230769230772,95.20409456681153,95.19785525084404,0.006239315967491166
0.011692307692307693,0.01507692307692308,89.89526773239407,89.88934330221934,0.005924430174729878
0.011692307692307693,0.015384615384615387,84.53393863052194,84.5283385084248,0.005600122097149551
0.011692307692307693,0.015692307692307696,79.123238567667,79.11797154529192,0.005267022375079478
0.011692307692307693,0.016000000000000004,73.66632756553314,73.6614019147692,0.004925650763937028
0.011692307692307693,0.01630769230769231,68.16639271163314,68.16181609986175,0.004576611771383909
0.011692307692307693,0.01661538461538462,62.626646151319434,62.62242570381511,0.004220447504323488
0.011692307692307693,0.016923076923076926,57.05032335064,57.04646557462903,0.003857776010967484
0.011692307692307693,0.017230769230769234,51.440681042400826,51.43719191599793,0.0034891264028971136
0.011692307692307693,0.01753846153846154,45.800995495609556,45.797880385779,0.0031151098305528535
0.011692307692307693,0.01784615384615385,40.13456044813425,40.13182418310082,0.002736265033433938
0.011692307692307693,0.01815384615384616,34.444685350897714,34.4423321252272,0.0023532256705109944
0.011692307692307693,0.018461538461538467,28.734693266737505,28.732726715301975,0.0019665514355295954
0.011692307692307693,0.018769230769230774,23.007919069657923,23.006342202099635,0.0015768675582883418
0.011692307692307693,0.01907692307692308,17.267707393398503,17.266522632918793,0.0011847604797097233
0.011692307692307693,0.01938461538461539,11.517410749014358,11.516619900752216,0.0007908482621417079
0.011692307692307693,0.019692307692307696,5.760387514624895,5.759991786876113,0.0003957277487822708
0.012307692307692308,0.00030769230769230776,246.82384471429776,246.8230698577761,0.000774856521672973
0.012307692307692308,0.0006153846153846155,246.60835243605587,246.6068422252913,0.0015102107645645901
0.012307692307692308,0.0009230769230769233,246.24881335440307,246.24660314149074,0.0022102129123311443
0.012307692307692308,0.001230769230769231,245.74543888078338,245.74256297585492,0.0028759049284587945
0.012307692307692308,0.001538461538461539,245.09852529535766,245.09501607364663,0.0035092217110275215
0.012307692307692308,0.0018461538461538465,244.308450537916,244.3043405840216,0.00410995389441382
0.012307692307692308,0.002153846153846154,243.37567768731878,243.37099823919996,0.004679448118821483
0.012307692307692308,0.002461538461538462,242.300751704233,242.2955340848279,0.005217619405101459
0.012307692307692308,0.00276923076923077,241.08430148169333,241.07857616168604,0.005725320007286427
0.012307692307692308,0.003076923076923078,239.72703756181468,239.72083513893148,0.006202422883205827
0.012307692307692308,0.0033846153846153852,238.22975364209685,238.22310389908705,0.006649743009802478
0.012307692307692308,0.003692307692307693,236.59332451868138,236.5862570750201,0.007067443661298967
0.012307692307692308,0.004000000000000001,234.8187066842939,234.8112505391816,0.0074561451122860944
0.012307692307692308,0.004307692307692308,232.90693688709678,232.8991208454037,0.007816041693075704
0.012307692307692308,0.004615384615384617,230.8591324059173,230.85098462358116,0.008147782336152432
0.012307692307692308,0.004923076923076924,228.6764896206407,228.6680379275913,0.008451693049380538
0.012307692307692308,0.0052307692307692315,226.36028384670368,226.3515555368319,0.008728309871770534
0.012307692307692308,0.00553846153846154,223.91186817210877,223.90289021178617,0.008977960322596346
0.012307692307692308,0.005846153846153847,221.33267317001858,221.32347190404857,0.009201265970006034
0.012307692307692308,0.006153846153846156,218.62420554531795,218.61480692127338,0.009398624044564485
0.012307692307692308,0.006461538461538463,215.7880476041073,215.77847704753347,0.00957055657383421
0.012307692307692308,0.0067692307692307704,212.8258560783207,212.816138619603,0.009717458717688032
0.012307692307692308,0.007076923076923079,209.7393615174122,209.72952155970333,0.009839957708862812
0.012307692307692308,0.007384615384615386,206.53036683774965,206.52042836527698,0.009938472472668991
0.012307692307692308,0.007692307692307694,203.20074658906856,203.19073305638034,0.010013532688219584
0.012307692307692308,0.008000000000000002,199.75244563686874,199.7423800813082,0.010065555560544226
0.012307692307692308,0.00830769230769231,196.18747838116855,196.17738318109107,0.010095200077472555
0.012307692307692308,0.008615384615384617,192.50792710365724,192.49782421352708,0.010102890130156084
0.012307692307692308,0.008923076923076924,188.7159411163475,188.70585193743534,0.01008917891215333
0.012307692307692308,0.009230769230769233,184.81373525769436,184.80368075784176,0.01005449985260043
0.012307692307692308,0.00953846153846154,180.8035889654421,180.79358943282858,0.009999532613505835
0.012307692307692308,0.009846153846153848,176.68784444087413,176.67791974280388,0.009924698070250315
0.012307692307692308,0.010153846153846156,172.46890570394024,172.4590751229678,0.009830580972447933
0.012307692307692308,0.010461538461538463,168.14923688889354,168.139519259774,0.009717629119535331
0.012307692307692308,0.010769230769230772,163.7313611917052,163.72177465220625,0.009586539498940283
0.012307692307692308,0.01107692307692308,159.2178588719852,159.20842113870998,0.009437733275206028
0.012307692307692308,0.011384615384615387,154.61136622556307,154.60209439063928,0.009271834923794131
0.012307692307692308,0.011692307692307695,149.914573672354,149.90548437309909,0.009089299254924299
0.012307692307692308,0.012000000000000002,145.13022459405653,145.1213337740813,0.00889081997522112
0.012307692307692308,0.012307692307692311,140.2611132323371,140.25243640281218,0.008676829524915775
0.012307692307692308,0.012615384615384619,135.3100835401239,135.3016355582466,0.00844798187731044
0.012307692307692308,0.012923076923076926,130.28002711526563,130.27182236866128,0.008204746604349111
0.012307692307692308,0.013230769230769233,125.17388191247863,125.16593410331745,0.00794780916118043
0.012307692307692308,0.013538461538461541,119.99463008466797,119.98695245717828,0.00767762748969858
0.012307692307692308,0.013846153846153848,114.74529667871816,114.73790180968304,0.0073948690351244295
0.012307692307692308,0.014153846153846157,109.42894747123951,109.4218474585945,0.007100012645011589
0.012307692307692308,0.014461538461538465,104.04868756855676,104.04189382995163,0.006793738605125554
0.012307692307692308,0.014769230769230772,98.60765919767287,98.60118266517192,0.00647653250095459
0.012307692307692308,0.01507692307692308,93.10904024461483,93.1028911863631,0.0061490582517365056
0.012307692307692308,0.015384615384615387,87.55604206395789,87.55023024091483,0.005811823043060826
0.012307692307692308,0.015692307692307696,81.95190792253437,81.9464424264541,0.005465496080276466
0.012307692307692308,0.016000000000000004,76.29991081783169,76.29480019725975,0.005110620571940672
0.012307692307692308,0.01630769230769231,70.60335178590124,70.59860395324124,0.00474783266000145
0.012307692307692308,0.01661538461538462,64.86555782525392,64.86118011259802,0.0043777126558950386
0.012307692307692308,0.016923076923076926,59.08988008386459,59.08587916928483,0.004000914579762593
0.012307692307692308,0.017230769230769234,53.27969176251568,53.27607373641801,0.003618026097669258
0.012307692307692308,0.01753846153846154,47.43838627279938,47.435156576763866,0.0032296960355111537
0.012307692307692308,0.01784615384615385,41.56937513548195,41.566538621461255,0.0028365140206929595
0.012307692307692308,0.01815384615384616,35.67608610590546,35.67364697813332,0.002439127772142058
0.012307692307692308,0.018461538461538467,29.76196104850852,29.759922929553984,0.0020381189545375378
0.012307692307692308,0.018769230769230774,23.830454031580384,23.82881992403465,0.0016341075457333432
0.012307692307692308,0.01907692307692308,17.885029241247963,17.883801558708498,0.001227682539465036
0.012307692307692308,0.01938461538461539,11.929159012818086,11.928339556886764,0.0008194559313228211
0.012307692307692308,0.019692307692307696,5.966321767024972,5.965911740670503,0.00041002635446929503
0.012923076923076924,0.00030769230769230776,254.7667529091687,254.76597073354142,0.0007821756272790026
0.012923076923076924,0.0006153846153846155,254.54431772496676,254.5427847780262,0.0015329469405571672
0.012923076923076924,0.0009230769230769233,254.17320481940854,254.17095300422363,0.002251815184905581
0.012923076923076924,0.001230769230769231,253.6536301385981,253.65069255141873,0.0029375871793604347
0.012923076923076924,0.001538461538461539,252.98589810005674,252.98230723706519,0.003590862991558197
0.012923076923076924,0.0018461538461538465,252.17039843307202,252.16618737936463,0.00421105370739383
0.012923076923076924,0.002153846153846154,251.20760865639437,251.2028095693317,0.004799087062679064
0.012923076923076924,0.002461538461538462,250.09809127312593,250.0927363924783,0.005354880647644222
0.012923076923076924,0.00276923076923077,248.84249528111442,248.83661610027966,0.005879180834767794
0.012923076923076924,0.003076923076923078,247.4415541632269,247.4351822316136,0.00637193161330174
0.012923076923076924,0.0033846153846153852,245.89608712125977,245.88925318439453,0.006833936865234591
0.012923076923076924,0.003692307692307693,244.20699713541129,244.19973173765203,0.0072653977592551655
0.012923076923076924,0.004000000000000001,242.37527148045882,242.36760452433342,0.007666956125405022
0.012923076923076924,0.004307692307692308,240.40198027662154,240.3939414551379,0.008038821483637548
0.012923076923076924,0.004615384615384617,238.288276765785,238.27989509371872,0.008381672066292367
0.012923076923076924,0.004923076923076924,236.0353958197555,236.02669998361864,0.008695836136865864
0.012923076923076924,0.0052307692307692315,233.64465380149724,233.63567192733106,0.00898187416618157
0.012923076923076924,0.00553846153846154,231.11744733051066,231.1082072179086,0.009240112602043382
0.012923076923076924,0.005846153846153847,228.4552530226416,228.44578182356724,0.009471199074368997
0.012923076923076924,0.006153846153846156,225.65962605802255,225.64995052576225,0.009675532260303044
0.012923076923076924,0.006461538461538463,222.73219966447994,222.72234601123992,0.009853653240014637
0.012923076923076924,0.0067692307692307704,219.67468387971812,219.66467791859424,0.010005961123880525
0.012923076923076924,0.007076923076923079,216.48886494293572,216.47873183988622,0.01013310304949755
0.012923076923076924,0.007384615384615386,213.17660378314434,213.16636827790833,0.010235505236011022
0.012923076923076924,0.007692307692307694,209.73983527179698,209.72952155970336,0.010313712093619642
0.012923076923076924,0.008000000000000002,206.18056685732194,206.17019870697177,0.010368150350160477
0.012923076923076924,0.00830769230769231,202.50087776189372,202.49047826402767,0.010399497866046659
0.012923076923076924,0.008615384615384617,198.70291727298775,198.6925090839874,0.010408189000344237
0.012923076923076924,0.008923076923076924,194.7889038664569,194.7785090738998,0.010394792557093524
0.012923076923076924,0.009230769230769233,190.76112365205884,190.75076389955103,0.010359752507810072
0.012923076923076924,0.00953846153846154,186.62192942067406,186.6116256507001,0.010303769973972976
0.012923076923076924,0.009846153846153848,182.3737387424911,182.3635114675245,0.010227274966609912
0.012923076923076924,0.010153846153846156,178.0190330005677,178.00890212907873,0.010130871488968296
0.012923076923076924,0.010461538461538463,173.56035562074726,173.550340604589,0.010015016158263279
0.012923076923076924,0.010769230769230772,169.00031100255953,168.99043056843072,0.009880434128803017
0.012923076923076924,0.01107692307692308,164.34156243214798,164.33183487965624,0.009727552491739289
0.012923076923076924,0.011384615384615387,159.58683104893157,159.57727402695994,0.009557021971630775
0.012923076923076924,0.011692307692307695,154.7388938423405,154.7295245399895,0.009369302350989983
0.012923076923076924,0.012000000000000002,149.80058248750498,149.79141736793085,0.009165119574134906
0.012923076923076924,0.012307692307692311,144.7747811364203,144.7658362263134,0.008944910106890802
0.012923076923076924,0.012615384615384619,139.66442527164898,139.65571591300164,0.00870935864733724
0.012923076923076924,0.012923076923076926,134.47249953625354,134.46404059435557,0.008458941897970362
0.012923076923076924,0.013230769230769233,129.2020364402224,129.19384206256166,0.008194377660743157
0.012923076923076924,0.013538461538461541,123.85611409917692,123.84819796515163,0.007916134025293786
0.012923076923076924,0.013846153846153848,118.43785491345696,118.43023000774306,0.007624905713896624
0.012923076923076924,0.014153846153846157,112.95042332023911,112.9431021310509,0.007321189188203903
0.012923076923076924,0.014461538461538465,107.39702434543457,107.39001866323561,0.007005682198965246
0.012923076923076924,0.014769230769230772,101.7809013463682,101.7742224486653,0.006678897702897757
0.012923076923076924,0.01507692307692308,96.10533446435987,96.09899295418634,0.006341510173527354
0.012923076923076924,0.015384615384615387,90.37363841685851,90.36764435400694,0.0059940628515704475
0.012923076923076924,0.015692307692307696,84.58916081511926,84.58352359431248,0.005637220806775645
0.012923076923076924,0.016000000000000004,78.75528000681477,78.75000843874359,0.0052715680711798996
0.012923076923076924,0.01630769230769231,72.87540323488594,72.87050549587713,0.004897739008811186
0.012923076923076924,0.01661538461538462,66.95296457164426,66.94844822986269,0.004516341781567235
0.012923076923076924,0.016923076923076926,60.99142296981312,60.98729495537607,0.0041280144370503535
0.012923076923076924,0.017230769230769234,54.99426016860756,54.99052681806134,0.003733350546220038
0.012923076923076924,0.01753846153846154,48.964978751139796,48.961645761639275,0.0033329895005209664
0.012923076923076924,0.01784615384615385,42.907100005722974,42.904172482871296,0.002927522851678077
0.012923076923076924,0.01815384615384616,36.82416198319891,36.82164437557121,0.0025176076277020343
0.012923076923076924,0.018461538461538467,30.719717316773796,30.71761346486768,0.002103851906117171
0.012923076923076924,0.018769230769230774,24.5973312448156,24.595644332920457,0.0016869118951419182
0.012923076923076924,0.01907692307692308,18.460579450812794,18.4593120373057,0.0012674135070938064
0.012923076923076924,0.01938461538461539,12.313046028479762,12.312200023282454,0.0008460051973084859
0.012923076923076924,0.019692307692307696,6.158321352270955,6.157898031161969,0.0004233211089852418
0.01353846153846154,0.00030769230769230776,262.1146737565299,262.1138538799889,0.0008198765410156739
0.01353846153846154,0.0006153846153846155,261.8858326954974,261.8842308625837,0.0016018329137068577
0.01353846153846154,0.0009230769230769233,261.50402234015087,261.5016748291158,0.0023475110350545947
0.01353846153846154,0.001230769230769231,260.9694666240993,260.9664091815358,0.0030574425634881663
0.01353846153846154,0.001538461538461539,260.2824790025203,260.2787464999086,0.0037325026116832305
0.01353846153846154,0.0018461538461538465,259.4434611703977,259.43908835987537,0.004372810522340842
0.01353846153846154,0.002153846153846154,258.452904352775,258.4479250981448,0.004979254630200103
0.01353846153846154,0.002461538461538462,257.3113876181394,257.3058355261503,0.005552091989102337
0.01353846153846154,0.00276923076923077,256.01957864854637,256.0134865920401,0.006092056506247445
0.01353846153846154,0.003076923076923078,254.57823228735506,254.57163299119875,0.00659929615630972
0.01353846153846154,0.0033846153846153852,252.98819135630274,252.98111672552596,0.0070746307767706185
0.01353846153846154,0.003692307692307693,251.25038498041692,251.24286661173136,0.0075183686855666565
0.01353846153846154,0.004000000000000001,249.36582892440762,249.35789773893157,0.007931185476053315
0.01353846153846154,0.004307692307692308,247.33562422659568,247.3273108758669,0.00831335072876982
0.01353846153846154,0.004615384615384617,245.16095740603217,245.15229182808326,0.008665577948903547
0.01353846153846154,0.004923076923076924,242.8430989725534,242.83411074545518,0.008988227098228663
0.01353846153846154,0.0052307692307692315,240.3834032680348,240.37412138045397,0.009281887580840475
0.01353846153846154,0.00553846153846154,237.78330720268463,237.77376029759463,0.009546905089990787
0.01353846153846154,0.005846153846153847,235.04432998900916,235.03454603452235,0.009783954486806579
0.01353846153846154,0.006153846153846156,232.1680716635766,232.15807821522944,0.009993448347159983
0.01353846153846154,0.006461538461538463,229.15621256358915,229.14603661591988,0.01017594766926777
0.01353846153846154,0.0067692307692307704,226.01051204784065,226.0001801840675,0.010331863773160421
0.01353846153846154,0.007076923076923079,222.73280787466243,222.72234601123992,0.010461863422506212
0.01353846153846154,0.007384615384615386,219.3250146454068,219.31444826028894,0.010566385117869004
0.01353846153846154,0.007692307692307694,215.78912303564826,215.7784770475335,0.01064598811476003
0.01353846153846154,0.008000000000000002,212.12719839249198,212.11649728058748,0.01070111190449552
0.01353846153846154,0.00830769230769231,208.34137990520267,208.33064745251198,0.010732452690689342
0.01353846153846154,0.008615384615384617,204.4338788503171,204.42313839299572,0.010740457321361419
0.01353846153846154,0.008923076923076924,200.40697768764326,200.3962519772924,0.010725710350868667
0.01353846153846154,0.009230769230769233,196.26302846160917,196.25233979367007,0.010688667939092511
0.01353846153846154,0.00953846153846154,192.00445182271716,191.99382177014994,0.010630052567222492
0.01353846153846154,0.009846153846153848,187.63373506627744,187.62318476133612,0.0105503049413187
0.01353846153846154,0.010153846153846156,183.15343114502846,183.14298109616297,0.0104500488654935
0.01353846153846154,0.010461538461538463,178.5661568388157,178.5558270874067,0.010329751408988841
0.01353846153846154,0.010769230769230772,173.8745916695706,173.8644015038324,0.010190165738208634
0.01353846153846154,0.01107692307692308,169.08147573287314,169.07144400586847,0.01003172700467303
0.01353846153846154,0.011384615384615387,164.18960865841686,164.17975354572226,0.009855112694594936
0.01353846153846154,0.011692307692307695,159.20184752308342,159.19218673287054,0.009660790212876691
0.01353846153846154,0.012000000000000002,154.1211056834195,154.11165616588028,0.009449517539223962
0.01353846153846154,0.012307692307692311,148.95035047026803,148.9411287315328,0.009221738735220697
0.01353846153846154,0.012615384615384619,143.69260204163976,143.68362387224582,0.00897816939394147
0.01353846153846154,0.012923076923076926,138.35093112049762,138.34221182280373,0.008719297693886574
0.01353846153846154,0.013230769230769233,132.92845769083226,132.92001181742722,0.008445873405037219
0.01353846153846154,0.013538461538461541,127.42834864961895,127.42019026822814,0.008158381390813929
0.01353846153846154,0.013846153846153848,121.85381646088635,121.84595891611418,0.007857544772164715
0.01353846153846154,0.014153846153846157,116.20811684182733,116.2005729552224,0.007543886604935324
0.01353846153846154,0.014461538461538465,110.49454725647706,110.4873291319778,0.007218124499260625
0.01353846153846154,0.014769230769230772,104.71644462921769,104.7095638198859,0.006880809331789806
0.01353846153846154,0.01507692307692308,98.87718369924923,98.87065107118491,0.006532628064320534
0.01353846153846154,0.015384615384615387,92.9801748165648,92.97400064649409,0.006174170070707419
0.01353846153846154,0.015692307692307696,87.02886211866031,87.02305602360941,0.00580609505090024
0.01353846153846154,0.016000000000000004,81.02672142340315,81.02129238660977,0.005429036793373143
0.01353846153846154,0.01630769230769231,74.97725821275955,74.97221459644723,0.005043616312320864
0.01353846153846154,0.01661538461538462,68.88400562942543,68.87935514420693,0.004650485218505196
0.01353846153846154,0.016923076923076926,62.75052235381867,62.74627208823155,0.004250265587117497
0.01353846153846154,0.017230769230769234,56.58039058062481,56.576546976315946,0.003843604308862325
0.01353846153846154,0.01753846153846154,50.37721389944553,50.37378275418352,0.0034311452620059413
0.01353846153846154,0.01784615384615385,44.144615187816015,44.14160166146787,0.003013526348148332
0.01353846153846154,0.01815384615384616,37.88623451863512,37.883643116426285,0.0025914022088358024
0.01353846153846154,0.018461538461538467,31.60572699995562,31.60356159062289,0.002165409332732793
0.01353846153846154,0.018769230769230774,25.30676067392048,25.305024474819007,0.0017361991014723799
0.01353846153846154,0.01907692307692308,18.99301434592255,18.99170993732114,0.00130440860140979
0.01353846153846154,0.01938461538461539,12.668175458803569,12.667304776033706,0.0008706827698627961
0.01353846153846154,0.019692307692307696,6.335937929334844,6.335502265473313,0.00043566386153148784
0.014153846153846154,0.00030769230769230776,268.8503991720131,268.8495579755633,0.000841196449812287
0.014153846153846154,0.0006153846153846155,268.6156806068474,268.61403419146507,0.0016464153823108063
0.014153846153846154,0.0009230769230769233,268.22406156548374,268.22164737567385,0.0024141898098832826
0.014153846153846154,0.001230769230769231,267.67577200488347,267.6726266710404,0.0031453338430651456
0.014153846153846154,0.001538461538461539,266.9711325372647,266.96729269019545,0.003839847069230018
0.014153846153846154,0.0018461538461538465,266.1105557562662,266.1060573283215,0.0044984279446680375
0.014153846153846154,0.002153846153846154,265.09454518048386,265.08942352261704,0.0051216578668231705
0.014153846153846154,0.002461538461538462,263.92369512795176,263.91798495859587,0.005710169355893413
0.014153846153846154,0.00276923076923077,262.59869030857726,262.59242572339116,0.006264585186102067
0.014153846153846154,0.003076923076923078,261.120305187129,261.11351990626804,0.006785280860981402
0.014153846153846154,0.0033846153846153852,259.48940418081213,259.48213114657716,0.007273034234970055
0.014153846153846154,0.003692307692307693,257.7069404067273,257.6992121294137,0.007728277313617582
0.014153846153846154,0.004000000000000001,255.77395570715672,255.7658040292758,0.008151677880903208
0.014153846153846154,0.004307692307692308,253.69157948150738,253.68303590204866,0.008543579458716977
0.014153846153846154,0.004615384615384617,251.46102872657667,251.45212402566688,0.008904700909795338
0.014153846153846154,0.004923076923076924,249.08360663600868,249.07437118984296,0.009235446165718031
0.014153846153846154,0.0052307692307692315,246.560702349793,246.55116593527458,0.00953641451840781
0.014153846153846154,0.00553846153846154,243.89378972479216,243.883981742776,0.009807982016155847
0.014153846153846154,0.005846153846153847,241.084427009236,241.0743761728067,0.010050836429314813
0.014153846153846154,0.006153846153846156,238.13425536761696,238.12398995589993,0.010265411717028883
0.014153846153846154,0.006461538461538463,235.0449983144417,235.03454603452235,0.010452279919348939
0.014153846153846154,0.0067692307692307704,231.81846042702975,231.80784855692414,0.010611870105606158
0.014153846153846154,0.007076923076923079,228.4565266856004,228.44578182356722,0.010744862033192248
0.014153846153846154,0.007384615384615386,224.96116089642942,224.95030918674667,0.010851709682754063
0.014153846153846154,0.007692307692307694,221.33440488722562,221.3234719040486,0.010932983177013966
0.014153846153846154,0.008000000000000002,217.57837708294912,217.56738794631292,0.010989136636197827
0.014153846153846154,0.00830769230769231,213.69527164185502,213.68425076079822,0.011020881056793996
0.014153846153846154,0.008615384615384617,209.68735666662093,209.6763279902702,0.011028676350719024
0.014153846153846154,0.008923076923076924,205.55697326910698,205.54596014876216,0.011013120344813387
0.014153846153846154,0.009230769230769233,201.30653393609234,201.29555925478078,0.010974681311552104
0.014153846153846154,0.00953846153846154,196.9385215231224,196.9276074227553,0.01091410036710272
0.014153846153846154,0.009846153846153848,192.4554872420414,192.4446554135523,0.010831828489074269
0.014153846153846154,0.010153846153846156,187.86004965203466,187.84932114490357,0.010728507131091192
0.014153846153846154,0.010461538461538463,183.15489277585868,183.14428816261562,0.010604613243060612
0.014153846153846154,0.010769230769230772,178.34276499794134,178.3323040734545,0.010460924486835665
0.014153846153846154,0.01107692307692308,173.4264768243196,173.41617894062102,0.010297883698569876
0.014153846153846154,0.011384615384615387,168.40889983462023,168.39878364275273,0.010116191867496127
0.014153846153846154,0.011692307692307695,163.29296452157786,163.28304819741183,0.009916324166027835
0.014153846153846154,0.012000000000000002,158.08165911629504,158.07196005003726,0.009699066257780942
0.014153846153846154,0.012307692307692311,152.77802719964302,152.76856232936086,0.0094648702821587
0.014153846153846154,0.012615384615384619,147.38516654856264,147.37595207030583,0.009214478256808434
0.014153846153846154,0.012923076923076926,141.90622679584794,141.8972784054054,0.00894839044255491
0.014153846153846154,0.013230769230769233,136.344408109028,136.3357407257984,0.00866738322960714
0.014153846153846154,0.013538461538461541,130.70295877079832,130.69458681287452,0.0083719579237993
0.014153846153846154,0.013846153846153848,124.98517380162232,124.97711094166198,0.008062859960347168
0.014153846153846154,0.014153846153846157,119.19439259392152,119.18665195706315,0.007740636858372341
0.014153846153846154,0.014461538461538465,113.33399734579571,113.32659132406356,0.0074060217321516575
0.014153846153846154,0.014769230769230772,107.40741075289165,107.40035115305122,0.007059599840431474
0.014153846153846154,0.01507692307692308,101.41809426750042,101.41139220140082,0.006702066099606441
0.014153846153846154,0.015384615384615387,95.3695459049988,95.3632118524888,0.006334052509998855
0.014153846153846154,0.015692307692307696,89.26529828473248,89.25934207331974,0.005956211412737389
0.014153846153846154,0.016000000000000004,83.10891658521236,83.10334735195735,0.005569233255002359
0.014153846153846154,0.01630769230769231,76.90399633789477,76.89882261596378,0.005173721930987085
0.014153846153846154,0.01661538461538462,70.65416152875561,70.64939113306306,0.004770395692546003
0.014153846153846154,0.016923076923076926,64.36306222792514,64.35870239525468,0.004359832670459696
0.014153846153846154,0.017230769230769234,58.03437272534244,58.030429987613445,0.003942737728998225
0.014153846153846154,0.01753846153846154,51.67178913638222,51.66826944301869,0.0035196933635361916
0.014153846153846154,0.01784615384615385,45.279027470198734,45.27593608406766,0.003091386131075069
0.014153846153846154,0.01815384615384616,38.8598212717243,38.857162853431205,0.0026584182930946554
0.014153846153846154,0.018461538461538467,32.417919610956076,32.41569813392122,0.00222147703485831
0.014153846153846154,0.018769230769230774,25.957084752949296,25.955303559539537,0.0017811934097586857
0.014153846153846154,0.01907692307692308,19.48109006669918,19.479751818790504,0.0013382479086772037
0.014153846153846154,0.01938461538461539,12.99371773949341,12.992824451536572,0.0008932879568384067
0.014153846153846154,0.019692307692307696,6.498756626079814,6.49830964068595,0.00044698539386356373
0.01476923076923077,0.00030769230769230776,274.9582312931902,274.95735147124833,0.0008798219418508779
0.01476923076923077,0.0006153846153846155,274.7181920356206,274.71647699716783,0.001715038452744011
0.01476923076923077,0.0009230769230769233,274.3176830331027,274.315175836643,0.0025071964597032093
0.01476923076923077,0.001230769230769231,273.7569416154901,273.75368233825077,0.003259277239351377
0.01476923076923077,0.001538461538461539,273.0362965881079,273.03232439838234,0.0039721897255731164
0.01476923076923077,0.0018461538461538465,272.15617069320496,272.1515232697609,0.004647423444055221
0.01476923076923077,0.002153846153846154,271.11707914604193,271.11179331544184,0.005285830600087138
0.01476923076923077,0.002461538461538462,269.91963006372066,269.9137417084393,0.005888355281342683
0.01476923076923077,0.00276923076923077,268.5645237777437,268.5580680771542,0.006455700589526714
0.01476923076923077,0.003076923076923078,267.05255247929153,267.0455640968108,0.006988382480756172
0.01476923076923077,0.0033846153846153852,265.3846002311087,265.37711302714104,0.0074872039676847635
0.01476923076923077,0.003692307692307693,263.5616418615421,263.55368919658537,0.007952664956746958
0.01476923076923077,0.004000000000000001,261.584742880469,261.57635743331247,0.008385447156513237
0.01476923076923077,0.004307692307692308,259.45505837933547,259.4462724433897,0.008785935945752499
0.01476923076923077,0.004615384615384617,257.173832999229,257.16467813646716,0.009154862761818094
0.01476923076923077,0.004923076923076924,254.742399558857,254.73290689936954,0.009492659487449373
0.01476923076923077,0.0052307692307692315,252.16217875718235,252.1523788180196,0.009799939162746796
0.01476923076923077,0.00553846153846154,249.43467794923401,249.42460084814823,0.01007710108578408
0.01476923076923077,0.005846153846153847,246.56149078224615,246.5511659352746,0.010324846971542456
0.01476923076923077,0.006153846153846156,243.54429571263915,243.53375208447073,0.010543628168420582
0.01476923076923077,0.006461538461538463,240.3848554102388,240.37412138045397,0.01073402978482818
0.01476923076923077,0.0067692307692307704,237.08501545559324,237.07411895857908,0.010896497014158513
0.01476923076923077,0.007076923076923079,233.64670365129857,233.63567192733106,0.011031723967505513
0.01476923076923077,0.007384615384615386,230.07192842193788,230.06078824294815,0.011140178989734295
0.01476923076923077,0.007692307692307694,226.3627779817999,226.35155553683197,0.011222444967927458
0.01476923076923077,0.008000000000000002,222.521418886358,222.5101398964294,0.011278989928598548
0.01476923076923077,0.00830769230769231,218.55009514041666,218.53878460029873,0.011310540117932533
0.01476923076923077,0.008615384615384617,214.45112637591504,214.43980880809804,0.011317567817002328
0.01476923076923077,0.008923076923076924,210.22690689085917,210.21560620626119,0.011300684597983945
0.01476923076923077,0.009230769230769233,205.8799039808507,205.86864361015242,0.011260370698295219
0.01476923076923077,0.00953846153846154,201.41265690848357,201.40145952351583,0.011197384967744028
0.01476923076923077,0.009846153846153848,196.82777484508867,196.81666265606032,0.011112189028352759
0.01476923076923077,0.010153846153846156,192.12793584084994,192.11693040004684,0.011005440803103284
0.01476923076923077,0.010461538461538463,187.31588489450337,187.30500726676664,0.01087762773673262
0.01476923076923077,0.010769230769230772,182.39443283235647,182.38370328382393,0.010729548532538047
0.01476923076923077,0.01107692307692308,177.3664540089092,177.35589235415895,0.010561654750233629
0.01476923076923077,0.011384615384615387,172.23488524517202,172.22451057776954,0.010374667402487603
0.01476923076923077,0.011692307692307695,167.0027236080449,166.99255453711137,0.010169070933528701
0.01476923076923077,0.012000000000000002,161.67302522118294,161.6630795471783,0.009945674004626426
0.01476923076923077,0.012307692307692311,156.2489028090941,156.2391978712844,0.009704937809686953
0.01476923076923077,0.012615384615384619,150.7335245298043,150.72407690358978,0.009447626214523552
0.01476923076923077,0.012923076923076926,145.13011157048783,145.12093731943165,0.009174251056180083
0.01476923076923077,0.013230769230769233,139.44193680584164,139.43305119454058,0.008885611301053586
0.01476923076923077,0.013538461538461541,133.67232231427,133.6637400942404,0.008582220029580867
0.01476923076923077,0.013846153846153848,127.82463797556078,127.81637313374775,0.008264841813030444
0.01476923076923077,0.014153846153846157,121.90229904828205,121.89436501070332,0.007934037578721131
0.01476923076923077,0.014461538461538465,115.90876456810224,115.90117401108506,0.007590557017181254
0.01476923076923077,0.014769230769230772,109.84753498977322,109.84029998966606,0.007235000107158385
0.01476923076923077,0.01507692307692308,103.72215040046257,103.71528232619833,0.00686807426423286
0.01476923076923077,0.015384615384615387,97.53618828678417,97.52969785851454,0.006490428269628978
0.01476923076923077,0.015692307692307696,91.29326151784798,91.28715879375525,0.006102724092727385
0.01476923076923077,0.016000000000000004,84.99701627602902,84.99131059894202,0.005705677086993433
0.01476923076923077,0.01630769230769231,78.65112977555484,78.64582987212714,0.005299903427697927
0.01476923076923077,0.01661538461538462,72.25930835715485,72.2544221953639,0.0048861617909494726
0.01476923076923077,0.016923076923076926,65.82528502541939,65.82081997075092,0.004465054668472135
0.01476923076923077,0.017230769230769234,59.35281758724329,59.348780240814776,0.004037346428511057
0.01476923076923077,0.01753846153846154,52.845686144517465,52.8420824945025,0.0036036500149663198
0.01476923076923077,0.01784615384615385,46.307691165382835,46.30452646006692,0.0031647053159176153
0.01476923076923077,0.01815384615384616,39.742651012612384,39.73992988613182,0.002721126480565772
0.01476923076923077,0.018461538461538467,33.1543999390054,33.15212631223516,0.0022736267702399005
0.01476923076923077,0.018769230769230774,26.546785659829585,26.544962830148773,0.0018228296808118216
0.01476923076923077,0.01907692307692308,19.923667257964897,19.922297837286028,0.0013694206788699148
0.01476923076923077,0.01938461538461539,13.28891281938014,13.287998783505849,0.0009140358742918409
0.01476923076923077,0.019692307692307696,6.646397257310072,6.645939912631335,0.0004573446787370372
0.015384615384615385,0.00030769230769230776,280.4238532405658,280.42296933232797,0.0008839082378244711
0.015384615384615385,0.0006153846153846155,280.1790344532504,280.17730674176045,0.001727711489934336
0.015384615384615385,0.0009230769230769233,279.77056020205356,279.76802849395676,0.002531708096796592
0.015384615384615385,0.001230769230769231,279.19867012493415,279.1953735958883,0.0032965290458264462
0.015384615384615385,0.001538461538461539,278.4636993605487,278.45967646188933,0.004022898659343355
0.015384615384615385,0.0018461538461538465,277.56607801733475,277.56136671836856,0.004711298966185495
0.015384615384615385,0.002153846153846154,276.5063316197862,276.50096895291944,0.005362666866744803
0.015384615384615385,0.002461538461538462,275.28507995850913,275.2791024079758,0.005977550533316389
0.015384615384615385,0.00276923076923077,273.90303735950476,273.8964806191917,0.006556740313044429
0.015384615384615385,0.003076923076923078,272.3610115899939,272.3539109987566,0.007100591237303888
0.015384615384615385,0.0033846153846153852,270.6599043317182,270.65229436388944,0.007609967828784647
0.015384615384615385,0.003692307692307693,268.8007097193235,268.79262441078686,0.008085308536635694
0.015384615384615385,0.004000000000000001,266.78451446675473,266.77598713433235,0.008527332422374911
0.015384615384615385,0.004307692307692308,264.6124966005346,264.6035601939062,0.008936406628379245
0.015384615384615385,0.004615384615384617,262.2859255123566,262.2766122256652,0.009313286691394751
0.015384615384615385,0.004923076923076924,259.8061605048386,259.796502101695,0.009658403143589567
0.015384615384615385,0.0052307692307692315,257.17465052556827,257.16467813646716,0.009972389101108092
0.015384615384615385,0.00553846153846154,254.39293289376062,254.38267724106421,0.01025565269640083
0.015384615384615385,0.005846153846153847,251.46263293595285,251.4521240256669,0.010508910285949469
0.015384615384615385,0.006153846153846156,248.38546247181503,248.3747298508274,0.010732620987624841
0.015384615384615385,0.006461538461538463,245.16321921227595,245.15229182808326,0.010927384192683576
0.015384615384615385,0.0067692307692307704,241.79778542582827,241.78669177049468,0.011093655333581864
0.015384615384615385,0.007076923076923079,238.29112723655393,238.27989509371872,0.01123214283521179
0.015384615384615385,0.007384615384615386,234.64529299283421,234.6339496682618,0.011343324572408164
0.015384615384615385,0.007692307692307694,230.8624124205302,230.8509846235812,0.011427796948993318
0.015384615384615385,0.008000000000000002,226.94469514295395,226.93320910473324,0.011486038220709816
0.015384615384615385,0.00830769230769231,222.89442977139242,222.88291098229485,0.011518789097578974
0.015384615384615385,0.008615384615384617,218.7139820473508,218.70245551631166,0.011526531039152133
0.015384615384615385,0.008923076923076924,214.40579386349987,214.39428397505242,0.011509888447449157
0.015384615384615385,0.009230769230769233,209.97238156062602,209.9609122093775,0.011469351248507564
0.015384615384615385,0.00953846153846154,205.41633487687932,205.4049291835527,0.011405693326622668
0.015384615384615385,0.009846153846153848,200.7403148489164,200.72899546336674,0.011319385549654726
0.015384615384615385,0.010153846153846156,195.94705276157697,195.93584166243616,0.011211099140808756
0.015384615384615385,0.010461538461538463,191.03934817902498,191.02826684760365,0.011081331421337381
0.015384615384615385,0.010769230769230772,186.02006780056382,186.00913690436184,0.010930896201983842
0.015384615384615385,0.01107692307692308,180.89214311728136,180.88138286325696,0.010760254024404503
0.015384615384615385,0.011384615384615387,175.65856932804053,175.6479991882495,0.010570139791013844
0.015384615384615385,0.011692307692307695,170.32240307612255,170.31204202803156,0.010361048090999248
0.015384615384615385,0.012000000000000002,164.88676123408104,164.87662743132208,0.0101338027589577
0.015384615384615385,0.012307692307692311,159.35481840169112,159.3449295271821,0.009888874509016432
0.015384615384615385,0.012615384615384619,153.72980571315352,153.720178671413,0.009627041740515097
0.015384615384615385,0.012923076923076926,148.0150083863839,148.0056595601194,0.009348826264499621
0.015384615384615385,0.013230769230769233,142.21376435518172,142.20470931153915,0.00905504364257581
0.015384615384615385,0.013538461538461541,136.32946173077997,136.32071551726042,0.008746213519543744
0.015384615384615385,0.013846153846153848,130.36553738265658,130.35711426396367,0.008423118692917342
0.015384615384615385,0.014153846153846157,124.3254744498654,124.31738812684331,0.00808632302208423
0.015384615384615385,0.014461538461538465,118.21280073778075,118.20506413588257,0.0077366018981877005
0.015384615384615385,0.014769230769230772,112.03108626609615,112.02371171616664,0.007374549929508589
0.015384615384615385,0.01507692307692308,105.7839415074581,105.77694060343943,0.0070009040186675975
0.015384615384615385,0.015384615384615387,99.47501503649445,99.46839873611934,0.006616300375114292
0.015384615384615385,0.015692307692307696,93.10799156806682,93.10177012500579,0.00622144306103678
0.015384615384615385,0.016000000000000004,86.68658972366708,86.68077270192101,0.0058170217460684626
0.015384615384615385,0.01630769230769231,80.21455984864376,80.20915614854232,0.005403700101439313
0.015384615384615385,0.01661538461538462,73.6956819041343,73.69069970669375,0.004982197440554614
0.015384615384615385,0.016923076923076926,67.1337631422205,67.12920997137493,0.004553170845568388
0.015384615384615385,0.017230769230769234,60.53263599260153,60.528518667817366,0.004117324784161269
0.015384615384615385,0.01753846153846154,53.896155734615704,53.89248041386418,0.003675320751526101
0.015384615384615385,0.01784615384615385,47.228198318321915,47.22497046898239,0.003227849339523914
0.015384615384615385,0.01815384615384616,40.53265805635153,40.52988247121994,0.002775585131587377
0.015384615384615385,0.018461538461538467,33.81344538668427,33.81112616343161,0.002319223252662539
0.015384615384615385,0.018769230769230774,27.074484555948352,27.072625110098134,0.0018594458502185773
0.015384615384615385,0.01907692307692308,20.31971135553214,20.31831440607599,0.0013969494561472118
0.015384615384615385,0.01938461538461539,13.553070796516787,13.552138378612215,0.0009324179045719916
0.015384615384615385,0.019692307692307696,6.778514824382674,6.778048283968838,0.00046654041383575873
0.016,0.00030769230769230776,285.2345310955844,285.23364635503634,0.0008847405480310044
0.016,0.0006153846153846155,284.98550036125664,284.9837694043449,0.0017309569117287538
0.016,0.0009230769230769233,284.5700098072754,284.56746995757425,0.0025398497011792642
0.016,0.001230769230769231,283.9883021770874,283.9849911218781,0.0033110552092807666
0.016,0.001538461538461539,283.240718415884,283.2366730484938,0.00404536739017658
0.016,0.0018461538461538465,282.32769516701507,282.3229527341032,0.004742432911882588
0.016,0.002153846153846154,281.24976688448135,281.24436376563915,0.005403118842195909
0.016,0.002461538461538462,280.0075634775708,280.0015360086858,0.006027468885008602
0.016,0.00276923076923077,278.60181144579,278.59519523965463,0.006616206135390712
0.016,0.003076923076923078,277.0333321419724,277.0261627219518,0.007169420020602502
0.016,0.0033846153846153852,275.3030426473878,275.295354726383,0.007687921004844611
0.016,0.003692307692307693,273.4119540061284,273.4037819960774,0.008172010050998324
0.016,0.004000000000000001,271.36117153369935,271.35254915624205,0.00862237745729999
0.016,0.004307692307692308,269.151893404336,269.1428540690921,0.009039335243926416
0.016,0.004615384615384617,266.7854107531382,266.7759871343323,0.00942361880589715
0.016,0.004923076923076924,264.2631061727719,264.2533305356009,0.009775637171003382
0.016,0.0052307692307692315,261.5864534530273,261.5763574333124,0.010096019714865179
0.016,0.00553846153846154,258.75701628172834,258.7466311043741,0.010385177354237385
0.016,0.005846153846153847,255.7764478535844,255.7658040292758,0.010643824308573357
0.016,0.006153846153846156,252.64648935239774,252.63561692708817,0.010872425309571554
0.016,0.006461538461538463,249.36896932441283,249.35789773893154,0.011071585481289503
0.016,0.0067692307692307704,245.94580233246324,245.93456056051005,0.011241771953194757
0.016,0.007076923076923079,242.3789882256891,242.3676045243334,0.011383701355725862
0.016,0.007384615384615386,238.67061049491994,238.65911263227974,0.011497862640197809
0.016,0.007692307692307694,234.82283540236173,234.8112505391816,0.011584863180132743
0.016,0.008000000000000002,230.83791048150405,230.826265288144,0.011645193360067196
0.016,0.00830769230769231,226.71816360457947,226.70648399833482,0.01167960624465536
0.016,0.008615384615384617,222.4660010998005,222.4543125060127,0.011688593787795298
0.016,0.008923076923076924,218.08390675207417,218.07223395958638,0.01167279248778641
0.016,0.009230769230769233,213.57444007263553,213.5628073695259,0.011632703109626163
0.016,0.00953846153846154,208.94023522729972,208.92866611397272,0.011569113326999059
0.016,0.009846153846153848,204.18399890504517,204.1725164009208,0.011482504124359139
0.016,0.010153846153846156,199.3085092468234,199.29713568786767,0.011373558955739327
0.016,0.010461538461538463,194.31661384546422,194.30537105985704,0.011242785607180394
0.016,0.010769230769230772,189.21122857724473,189.20013756686168,0.011091010383040611
0.016,0.01107692307692308,183.99533522470196,183.9844165214762,0.010918703225769377
0.016,0.011384615384615387,178.67198036773962,178.66125375791432,0.010726609825297828
0.016,0.011692307692307695,173.244273088262,173.2337578533277,0.010515234934302953
0.016,0.012000000000000002,167.7153837250148,167.7050983124842,0.010285412530578242
0.016,0.012307692307692311,162.088541338949,162.0785037168665,0.010037622082506914
0.016,0.012615384615384619,156.3670324901638,156.35725983927136,0.009772650892443835
0.016,0.012923076923076926,150.55419875312361,150.54470772501085,0.009491028112762478
0.016,0.013230769230769233,144.6534353187036,144.64424174083607,0.009193577867534941
0.016,0.013538461538461541,138.66818841422193,138.65930759272226,0.008880821499673175
0.016,0.013846153846153848,132.60195386545598,132.59340031367395,0.00855355178202899
0.016,0.014153846153846157,126.45827455038234,126.45006222272373,0.008212327658611684
0.016,0.014461538461538465,120.24073879592206,120.23288085631806,0.007857939603994168
0.016,0.014769230769230772,113.9529778413098,113.94548687329656,0.00749096801324356
0.016,0.01507692307692308,107.59866410541244,107.59155193468995,0.007112170722493261
0.016,0.015384615384615387,101.18150872168623,101.17478655957315,0.0067221621130784115
0.016,0.015692307692307696,94.70525963461513,94.69893795822654,0.00632167638859471
0.016,0.016000000000000004,88.17369921510651,88.16778784387097,0.005911371235541196
0.016,0.01630769230769231,81.59064216658379,81.58515022425351,0.005491942330280608
0.016,0.01661538461538462,74.95993324448239,74.95486917437448,0.005064070107906105
0.016,0.016923076923076926,68.28544504856227,68.28081659165557,0.004628456906701217
0.016,0.017230769230769234,61.571075711786115,61.56688993486135,0.004185776924764184
0.016,0.01753846153846154,54.82074669667369,54.81700994809249,0.0037367485811969914
0.016,0.01784615384615385,48.038400416600886,48.035118371182165,0.0032820454187216797
0.016,0.01815384615384616,41.227998035686745,41.225175637830354,0.0028223978563914898
0.016,0.018461538461538467,34.3935170531253,34.391158562823094,0.002358490302206917
0.016,0.018769230769230774,27.53894906558386,27.53705801968338,0.001891045900482169
0.016,0.01907692307692308,20.6682973735586,20.66687661011441,0.0014207634441909534
0.016,0.01938461538461539,13.785574684993852,13.784626326592297,0.0009483584015548274
0.016,0.019692307692307696,6.894800744745733,6.894326209475912,0.00047453526982099703
0.016615384615384615,0.00030769230769230776,289.3790344011714,289.37814698028274,0.0008874208886595625
0.016615384615384615,0.0006153846153846155,289.12637854218457,289.1246392686639,0.001739273520684037
0.016615384615384615,0.0009230769230769233,288.7048463501258,288.7022909095735,0.0025554405523280366
0.016615384615384615,0.001230769230769231,288.11468321070606,288.1113485425599,0.003334668146180775
0.016615384615384615,0.001538461538461539,287.35623480400284,287.3521572613242,0.004077542678658119
0.016615384615384615,0.0018461538461538465,286.4299437228922,286.4251604121955,0.004783310696666376
0.016615384615384615,0.002153846153846154,285.33635213474406,285.33089933522916,0.005452799514898743
0.016615384615384615,0.002461538461538462,284.0760988432804,284.07001304807926,0.006085795201158817
0.016615384615384615,0.00276923076923077,282.6499208921437,282.6432378728305,0.006683019313186378
0.016615384615384615,0.003076923076923078,281.05865144157553,281.0514070060067,0.007244435568850349
0.016615384615384615,0.0033846153846153852,279.30322085286707,279.2954500320074,0.007770820859661853
0.016615384615384615,0.003692307692307693,277.38465477780926,277.37639238025713,0.008262397552130096
0.016615384615384615,0.004000000000000001,275.30407456442015,275.29535472638304,0.008719838037109184
0.016615384615384615,0.004307692307692308,273.062695775818,273.05355233777215,0.009143438045839503
0.016615384615384615,0.004615384615384617,270.66182826898654,270.65229436388944,0.009533905097100615
0.016615384615384615,0.004923076923076924,268.10287471723393,268.0929830717713,0.00989164546263055
0.016615384615384615,0.0052307692307692315,265.387330306527,265.37711302714104,0.010217279385983602
0.016615384615384615,0.00553846153846154,262.51678145838736,262.5062702216249,0.010511236762454246
0.016615384615384615,0.005846153846153847,259.49290536665546,259.4821311465772,0.010774220078246799
0.016615384615384615,0.006153846153846156,256.31746852328644,256.3064618140569,0.01100670922954805
0.016615384615384615,0.006461538461538463,252.99232603498382,252.98111672552596,0.011209309457854033
0.016615384615384615,0.0067692307692307704,249.5194202966118,249.50803778887328,0.011382507738517234
0.016615384615384615,0.007076923076923079,245.90078020718553,245.88925318439453,0.011527022791000263
0.016615384615384615,0.007384615384615386,242.13851953979196,242.12687618039234,0.011643359399613473
0.016615384615384615,0.007692307692307694,238.23483603187373,238.2231038990871,0.011732132786619331
0.016615384615384615,0.008000000000000002,234.1920098826633,234.1802160335593,0.011793849104009269
0.016615384615384615,0.00830769230769231,230.0124027873893,230.00057351647317,0.011829270916138057
0.016615384615384615,0.008615384615384617,225.69845604409113,225.68661714135837,0.011838902732762335
0.016615384615384615,0.008923076923076924,221.25268952904995,221.24086613725524,0.011823391794706595
0.016615384615384615,0.009230769230769233,216.67769994858247,216.66591669755607,0.011783251026400876
0.016615384615384615,0.00953846153846154,211.97615974409163,211.96444046390144,0.011719280190192194
0.016615384615384615,0.009846153846153848,207.1508149371678,207.13918296601628,0.011631971151530252
0.016615384615384615,0.010153846153846156,202.20448403679416,202.1929620183983,0.011522018395851319
0.016615384615384615,0.010461538461538463,197.14005601570338,197.12866607479347,0.011389940909907637
0.016615384615384615,0.010769230769230772,191.96048911670135,191.94925254142024,0.011236575281117211
0.016615384615384615,0.01107692307692308,186.66880845176044,186.65774604992782,0.011062401832617752
0.016615384615384615,0.011384615384615387,181.26810486578566,181.25723669109647,0.01086817468919321
0.016615384615384615,0.011692307692307695,175.7615326201026,175.7508782103112,0.010654409791385433
0.016615384615384615,0.012000000000000002,170.1523081130613,170.14188616586372,0.010421947197585268
0.016615384615384615,0.012307692307692311,164.44370732784012,164.4335360511565,0.0101712766836215
0.016615384615384615,0.012615384615384619,158.6390645730298,158.62916138190727,0.009903191122532462
0.016615384615384615,0.012923076923076926,152.74176997798702,152.7321517494694,0.00961822851760985
0.016615384615384615,0.013230769230769233,146.75526805787314,146.74595084140623,0.009317216466911304
0.016615384615384615,0.013538461538461541,140.68305511145314,140.6740544304742,0.00900068097894291
0.016615384615384615,0.013846153846153848,134.5286777554304,134.52000833319053,0.008669422239876212
0.016615384615384615,0.014153846153846157,128.29573033759561,128.28740633917556,0.008323998420053158
0.016615384615384615,0.014461538461538465,121.98785332295853,121.97988811248143,0.007965210477095752
0.016615384615384615,0.014769230769230772,115.6087306987729,115.60113706613029,0.00759363264261026
0.016615384615384615,0.01507692307692308,109.16208825303694,109.15487821110516,0.007210041931784872
0.016615384615384615,0.015384615384615387,102.65169102180315,102.64487598104829,0.0068150407548586145
0.016615384615384615,0.015692307692307696,96.08134141960755,96.07493203393777,0.006409385669783774
0.016615384615384615,0.016000000000000004,89.45487675675592,89.44888303202657,0.005993724729350447
0.016615384615384615,0.01630769230769231,82.77616718319786,82.77059840133975,0.0055687818581020565
0.016615384615384615,0.01661538461538462,76.04911330495638,76.04397807203861,0.005135232917766075
0.016615384615384615,0.016923076923076926,69.27764400024243,69.2729502009711,0.004693799271336729
0.016615384615384615,0.017230769230769234,62.4657140250072,62.46146887773929,0.004245147267909033
0.016615384615384615,0.01753846153846154,55.61730182026702,55.6135118156219,0.0037900046451255776
0.016615384615384615,0.01784615384615385,48.736407066001654,48.73307802870219,0.0033290372994656536
0.016615384615384615,0.01815384615384616,41.827048485115846,41.82418549655582,0.0028629885600253147
0.016615384615384615,0.018461538461538467,34.89326136155385,34.890868817864856,0.002392543688991111
0.016615384615384615,0.018769230769230774,27.939095302666942,27.937176854324534,0.0019184483424083965
0.016615384615384615,0.01907692307692308,20.96861177776974,20.967170366223023,0.0014414115467182853
0.016615384615384615,0.01938461538461539,13.985881815633167,13.984919641071187,0.0009621745619803335
0.016615384615384615,0.019692307692307696,6.994983576685237,6.994502116669762,0.0004814600154752213
0.01723076923076923,0.00030769230769230776,292.84771001466527,292.84679153481983,0.0009184798454384691
0.01723076923076923,0.0006153846153846155,292.592038163809,292.5902451412804,0.0017930225286022505
0.01723076923076923,0.0009230769230769233,292.16546090176587,292.1628342840326,0.002626617733255898
0.01723076923076923,0.001230769230769231,291.5682284880611,291.56480855898116,0.0034199290799392656
0.01723076923076923,0.001538461538461539,290.80069182310143,290.79651719630874,0.004174626792689651
0.01723076923076923,0.0018461538461538465,289.8632995750214,289.8584088565359,0.00489071848551248
0.01723076923076923,0.002153846153846154,288.75660073512637,288.7510313685155,0.0055693666108709294
0.01723076923076923,0.002461538461538462,287.4812420454385,287.4750314095163,0.006210635922172969
0.01723076923076923,0.00276923076923077,286.0379695002278,286.03115412758183,0.006815372645974094
0.01723076923076923,0.003076923076923078,284.42762641718656,284.4202427063845,0.007383710802059795
0.01723076923076923,0.0033846153846153852,282.65115428900447,282.64323787283047,0.007916416173998186
0.01723076923076923,0.003692307692307693,280.7095911294255,280.7011773477014,0.008413781724129876
0.01723076923076923,0.004000000000000001,278.6040717056845,278.5951952396547,0.008876466029789754
0.01723076923076923,0.004307692307692308,276.33582621934016,276.3265213829363,0.00930483640388502
0.01723076923076923,0.004615384615384617,273.90618018006074,273.89648061919166,0.009699560869080415
0.01723076923076923,0.004923076923076924,271.3165531107074,271.3064920237961,0.010061086911264283
0.01723076923076923,0.0052307692307692315,268.56845809575844,268.55806807715413,0.01039001860431199
0.01723076923076923,0.00553846153846154,265.6635006138686,265.6528137814539,0.010686832414705805
0.01723076923076923,0.005846153846153847,262.6033779335329,262.59242572339116,0.010952210141738306
0.01723076923076923,0.006153846153846156,259.3898777447463,259.37869108341,0.01118666133629631
0.01723076923076923,0.006461538461538463,256.0248773791164,256.01348659204007,0.011390787076322795
0.01723076923076923,0.0067692307692307704,252.51034253812122,252.49877743393904,0.01156510418218204
0.01723076923076923,0.007076923076923079,248.84832642929058,248.83661610027963,0.011710329010952591
0.01723076923076923,0.007384615384615386,245.04096817791822,245.02914119015276,0.011826987765459762
0.01723076923076923,0.007692307692307694,241.09049186347332,241.07857616168607,0.011915701787245325
0.01723076923076923,0.008000000000000002,236.99920503067355,236.98722803360664,0.01197699706690969
0.01723076923076923,0.00830769230769231,232.76949768198457,232.7574860380074,0.012011643977160702
0.01723076923076923,0.008615384615384617,228.4038403872206,228.39182022510263,0.012020162117977407
0.01723076923076923,0.008923076923076924,223.90478323003418,223.8927800207882,0.01200320924598941
0.01723076923076923,0.009230769230769233,219.27495405017456,219.26299273784866,0.011961312325894369
0.01723076923076923,0.00953846153846154,214.51705732437927,214.50516204168076,0.011895282698503706
0.01723076923076923,0.009846153846153848,209.63387199585557,209.62206637142864,0.011805624426926897
0.01723076923076923,0.010153846153846156,204.62825036068216,204.61655731745392,0.011693043228234501
0.01723076923076923,0.010461538461538463,199.503116026479,199.49155795608704,0.011558070391970432
0.01723076923076923,0.010769230769230772,194.26146269510687,194.25006114263303,0.011401552473842003
0.01723076923076923,0.01107692307692308,188.90635174509438,188.8951277636284,0.011223981465974475
0.01723076923076923,0.011384615384615387,183.440911069533,183.42988494936955,0.01102612016345006
0.01723076923076923,0.011692307692307695,177.86833274483564,177.8575242477566,0.01080849707904008
0.01723076923076923,0.012000000000000002,172.191871717828,172.1812997605195,0.010571957308513902
0.01723076923076923,0.012307692307692311,166.4148432462524,166.40452624291407,0.01031700333831509
0.01723076923076923,0.012615384615384619,160.54062160080463,160.53057716799847,0.010044432806154191
0.01723076923076923,0.012923076923076926,154.5726375527562,154.56288275661979,0.00975479613640573
0.01723076923076923,0.013230769230769233,148.51437689457524,148.50492797426168,0.009448920313559483
0.01723076923076923,0.013538461538461541,142.36937783935306,142.36025049592266,0.009127343430407109
0.01723076923076923,0.013846153846153848,136.1412295088567,136.13243864021365,0.008790868643046679
0.01723076923076923,0.014153846153846157,129.83356933923955,129.82512927388072,0.008440065358826132
0.01723076923076923,0.014461538461538465,123.45008142217739,123.44200568797764,0.008075734199749718
0.01723076923076923,0.014769230769230772,116.99449390885279,116.98679544692725,0.007698461925542688
0.01723076923076923,0.01507692307692308,110.47057724416472,110.46326821172916,0.007309032435557583
0.01723076923076923,0.015384615384615387,103.88214159769714,103.87523353858374,0.006908059113399645
0.01723076923076923,0.015692307692307696,97.23303495589934,97.2265386542184,0.006496301680940064
0.01723076923076923,0.016000000000000004,90.52714063664615,90.52106620921583,0.006074427430320384
0.01723076923076923,0.01630769230769231,83.76837518802549,83.76273201065526,0.005643177370231456
0.01723076923076923,0.01661538461538462,76.96068599210133,76.95548273539139,0.005203256709947368
0.01723076923076923,0.016923076923076926,70.10804903481515,70.10329362530605,0.0047554095091015824
0.01723076923076923,0.017230769230769234,63.21446650972262,63.21016616587943,0.004300343843191001
0.01723076923076923,0.01753846153846154,56.28396456735332,56.28012574943454,0.003838817918783377
0.01723076923076923,0.01784615384615385,49.32059085071458,49.3172193244221,0.0033715262924829403
0.01723076923076923,0.01815384615384616,42.328412255462325,42.325513032115936,0.00289922334638959
0.01723076923076923,0.018461538461538467,35.3115124310863,35.30908983210198,0.0024225989843174034
0.01723076923076923,0.018769230769230774,28.273989513175987,28.272047117943625,0.0019423952323620597
0.01723076923076923,0.01907692307692308,21.219953633235836,21.218494324420202,0.0014593088156331646
0.01723076923076923,0.01938461538461539,14.153524597715064,14.152550527732249,0.000974069982815351
0.01723076923076923,0.019692307692307696,7.078829431112849,7.0783420400774455,0.0004873910354037392
0.01784615384615385,0.00030769230769230776,295.63240209379535,295.6314788385697,0.0009232552256435156
0.01784615384615385,0.0006153846153846155,295.37429884722656,295.37249293909895,0.001805908127607836
0.01784615384615385,0.0009230769230769233,294.9436664652475,294.94101782155514,0.002648643692339192
0.01784615384615385,0.001230769230769231,294.34075688387367,294.3373054552564,0.003451428617267993
0.01784615384615385,0.001538461538461539,293.56592353951646,293.56170839122393,0.004215148292530557
0.01784615384615385,0.0018461538461538465,292.6196195331816,292.614679556302,0.004939976879597907
0.01784615384615385,0.002153846153846154,291.502398638936,291.4967719886615,0.00562665027445064
0.01784615384615385,0.002461538461538462,290.21491395425187,290.2086385148412,0.006275439410671879
0.01784615384615385,0.00276923076923077,288.7579183722887,288.7510313685155,0.006887003773215383
0.01784615384615385,0.003076923076923078,287.13226348471954,287.12480175121107,0.007461733508478119
0.01784615384615385,0.0033846153846153852,285.33889956339715,285.33089933522916,0.008000228167986734
0.01784615384615385,0.003692307692307693,283.3788746387686,283.3703717090637,0.008502929704889084
0.01784615384615385,0.004000000000000001,281.2533341824488,281.24436376563915,0.008970416809631843
0.01784615384615385,0.004307692307692308,278.96352023089855,278.95411703372537,0.009403197173185163
0.01784615384615385,0.004615384615384617,276.510770811582,276.50096895291944,0.009801858662569884
0.01784615384615385,0.004923076923076924,273.89651902277643,273.886352092619,0.010166930157424758
0.01784615384615385,0.0052307692307692315,271.12229229655776,271.11179331544184,0.01049898111591574
0.01784615384615385,0.00553846153846154,268.18971144847325,268.1789128855812,0.010798562892034624
0.01784615384615385,0.005846153846153847,265.1004898444097,265.0894235226171,0.011066321792611689
0.01784615384615385,0.006153846153846156,261.8564322132916,261.8451294013362,0.01130281195543148
0.01784615384615385,0.006461538461538463,258.4594337206823,258.4479250981448,0.011508622537462543
0.01784615384615385,0.0067692307692307704,254.9114787945395,254.89979448468947,0.011684309850039654
0.01784615384615385,0.007076923076923079,251.2146401495145,251.20280956933166,0.011830580182845551
0.01784615384615385,0.007384615384615386,247.37107727248934,247.3591292871534,0.011947985335950762
0.01784615384615385,0.007692307692307694,243.38303538717247,243.37099823920002,0.012037147972449702
0.01784615384615385,0.008000000000000002,239.25284399759582,239.24074538169614,0.012098615899674314
0.01784615384615385,0.00830769230769231,234.98291582839445,234.97078266600107,0.01213316239338269
0.01784615384615385,0.008615384615384617,230.57574495217165,230.56360363009702,0.01214132207462626
0.01784615384615385,0.008923076923076924,226.03390570222066,226.02178194243302,0.012123759787641575
0.01784615384615385,0.009230769230769233,221.36005091452228,221.3479698989752,0.012081015547067864
0.01784615384615385,0.00953846153846154,216.55691078303326,216.54489687434074,0.0120139086925235
0.01784615384615385,0.009846153846153848,211.62729068178564,211.61536772791945,0.0119229538661898
0.01784615384615385,0.010153846153846156,206.57407003129768,206.5622611659155,0.011808865382192835
0.01784615384615385,0.010461538461538463,201.40020024524426,201.38852806026367,0.011672184980596967
0.01784615384615385,0.010769230769230772,196.1087034916516,196.09718972540327,0.011513766248327784
0.01784615384615385,0.01107692307692308,190.70267026518516,190.6913361539158,0.011334111269349023
0.01784615384615385,0.011384615384615387,185.1852582015901,185.17412421205609,0.011133989534016564
0.01784615384615385,0.011692307692307695,179.55968973731703,179.54877579623133,0.010913941085703982
0.01784615384615385,0.012000000000000002,173.82925076474623,173.81857595150439,0.010674813241848824
0.01784615384615385,0.012307692307692311,167.99728807511732,167.9868709532199,0.010417121897432935
0.01784615384615385,0.012615384615384619,162.06720802046306,162.0570663528739,0.010141667589152803
0.01784615384615385,0.012923076923076926,156.04247400572822,156.03262498936732,0.009849016360902851
0.01784615384615385,0.013230769230769233,149.9266049561354,149.91706496680595,0.009539989329454102
0.01784615384615385,0.013538461538461541,143.72317274441883,143.7139576000263,0.009215144392527463
0.01784615384615385,0.013846153846153848,137.43580060977575,137.42692532904883,0.008875280726925894
0.01784615384615385,0.014153846153846157,131.06816059489066,131.05963960367438,0.008520991216272478
0.01784615384615385,0.014461538461538465,124.62397179875673,124.61581873946146,0.00815305929526744
0.01784615384615385,0.014769230769230772,118.10699784874868,118.0992257463342,0.007772102414477899
0.01784615384615385,0.01507692307692308,111.5210450216609,111.51366613109084,0.0073788905700524765
0.01784615384615385,0.015384615384615387,104.86995974477026,104.86298567509488,0.006974069675379724
0.01784615384615385,0.015692307692307696,98.15762655772369,98.15106818844674,0.006558369276945086
0.01784615384615385,0.016000000000000004,91.38796573658169,91.3818332419485,0.006132494633192209
0.01784615384615385,0.01630769230769231,84.56493104412966,84.55923387818466,0.005697165945008464
0.01784615384615385,0.01661538461538462,77.6925074206657,77.68725430305669,0.0052531176090155896
0.01784615384615385,0.016923076923076926,70.77470861904737,70.7699075591187,0.004801059928666973
0.01784615384615385,0.017230769230769234,63.815574904798886,63.8112331820742,0.004341722724689134
0.01784615384615385,0.01753846153846154,56.81917068455024,56.81529484180024,0.003875842749998526
0.01784615384615385,0.01784615384615385,49.78958209742612,49.78617796927936,0.0034041281467622753
0.01784615384615385,0.01815384615384616,42.73091468824528,42.72798737082222,0.0029273174230581844
0.01784615384615385,0.018461538461538467,35.64729095183816,35.64484483097732,0.0024461208608386187
0.01784615384615385,0.018769230769230774,28.542847989434197,28.540886705523654,0.0019612839105427327
0.01784615384615385,0.01907692307692308,21.421735026602175,21.42026150595641,0.0014735206457636707
0.01784615384615385,0.01938461538461539,14.288111043217791,14.287127476872458,0.0009835663453330312
0.01784615384615385,0.019692307692307696,7.146142314825041,7.1456501676730975,0.0004921471519434562
0.018461538461538463,0.00030769230769230776,297.726636699063,297.72570512530496,0.0009315737580664063
0.018461538461538463,0.0006153846153846155,297.46670801338314,297.4648845934713,0.0018234199118296601
0.018461538461538463,0.0009230769230769233,297.0330282153105,297.030352945761,0.002675269549456516
0.018461538461538463,0.001230769230769231,296.4258513092527,296.4223639364198,0.0034873728329216647
0.018461538461538463,0.001538461538461539,295.6455324066204,295.6412726139078,0.004259792712616672
0.018461538461538463,0.0018461538461538465,294.69252819245963,294.6875351135617,0.00499307889793954
0.018461538461538463,0.002153846153846154,293.56739577160306,293.56170839122393,0.005687380379129081
0.018461538461538463,0.002461538461538462,292.27079315880644,292.2644498979967,0.00634326080972869
0.018461538461538463,0.00276923076923077,290.8034782810085,290.7965171963088,0.006961084699696585
0.018461538461538463,0.003076923076923078,289.16630906980873,289.15876751752035,0.0075415522883872654
0.018461538461538463,0.0033846153846153852,287.36024231995617,287.3521572613242,0.00808505863199116
0.018461538461538463,0.003692307692307693,285.38633368714994,285.37774143723504,0.00859224991489782
0.018461538461538463,0.004000000000000001,283.245736659787,283.23667304849386,0.00906361129312927
0.018461538461538463,0.004307692307692308,280.9397022476533,280.93020241874643,0.009499828906882613
0.018461538461538463,0.004615384615384617,278.46957787661114,278.45967646188933,0.009901414721809942
0.018461538461538463,0.004923076923076924,275.8368069053111,275.82653789551046,0.01026900980065193
0.018461538461538463,0.0052307692307692315,273.0429275505422,273.03232439838234,0.010603152159831097
0.018461538461538463,0.00553846153846154,270.08957219843353,270.0786677125012,0.010904485932314856
0.018461538461538463,0.005846153846153847,266.9784663178129,266.9672926901955,0.011173627617381499
0.018461538461538463,0.006153846153846156,263.7114274758463,263.7000162868607,0.011411188985562148
0.018461538461538463,0.006461538461538463,260.2903642493381,260.2787464999086,0.011617749429490232
0.018461538461538463,0.0067692307692307704,256.7172751662115,256.7054812545505,0.011793911661015954
0.018461538461538463,0.007076923076923079,252.9942476108933,252.9823072370652,0.011940373828082329
0.018461538461538463,0.007384615384615386,249.1234563942125,249.11139867623282,0.012057717979672589
0.018461538461538463,0.007692307692307694,245.10716264178922,245.0950160736467,0.012146568142526348
0.018461538461538463,0.008000000000000002,240.94771237975493,240.93550488364374,0.012207496111187766
0.018461538461538463,0.00830769230769231,236.6475354214928,236.63529414362557,0.012241277867218514
0.018461538461538463,0.008615384615384617,232.20914351988355,232.19689505556875,0.012248464314808416
0.018461538461538463,0.008923076923076924,227.6351292462398,227.62289951955364,0.012229726686172171
0.018461538461538463,0.009230769230769233,222.9281642383974,222.91597862016775,0.01218561822963693
0.018461538461538463,0.00953846153846154,218.0909980321914,218.07888106666775,0.012116965523659928
0.018461538461538463,0.009846153846153848,213.1264558813,213.1144315878102,0.012024293489787397
0.018461538461538463,0.010153846153846156,208.0374376067685,208.02552928229005,0.01190832447844059
0.018461538461538463,0.010461538461538463,202.8269155355481,202.81514592574823,0.011769609799870295
0.018461538461538463,0.010769230769230772,197.49793324528542,197.48632423533854,0.011609009946880633
0.018461538461538463,0.01107692307692308,192.05360312900947,192.04217609286653,0.0114270361429476
0.018461538461538463,0.011384615384615387,186.4971051924981,186.4858807275381,0.011224464960008618
0.018461538461538463,0.011692307692307695,180.8316847064231,180.8206828593791,0.011001847043985435
0.018461538461538463,0.012000000000000002,175.06065083772828,175.0498908044105,0.010760033317779971
0.018461538461538463,0.012307692307692311,169.18737409572074,169.17687454268454,0.01049955303619754
0.018461538461538463,0.012615384615384619,163.2152849615319,163.20506375031178,0.010221211220112991
0.018461538461538463,0.012923076923076926,157.14787138787395,157.1379457966264,0.009925591247537113
0.018461538461538463,0.013230769230769233,150.98867721879145,150.97906370766103,0.009613511130424968
0.018461538461538463,0.013538461538461541,144.7412996500946,144.73201409711902,0.009285552975569544
0.018461538461538463,0.013846153846153848,138.40938757947407,138.40044506605375,0.008942513420322484
0.018461538461538463,0.014153846153846157,131.99663908892302,131.98805407247977,0.008585016443248605
0.018461538461538463,0.014461538461538465,125.50679960162869,125.49858577216207,0.00821382946661231
0.018461538461538463,0.014769230769230772,118.9436594424601,118.93582983184199,0.007829610618117044
0.018461538461538463,0.01507692307692308,112.31105182895223,112.30361871617896,0.007433112773270523
0.018461538461538463,0.015384615384615387,105.61285047589278,105.605825449699,0.007025026193787198
0.018461538461538463,0.015692307692307696,98.85296739777662,98.84636135505716,0.006606042719468519
0.018461538461538463,0.016000000000000004,92.03535068313015,92.02917376893564,0.006176914194512051
0.018461538461538463,0.01630769230769231,85.16398205456413,85.15824373691011,0.00573831765402133
0.018461538461538463,0.01661538461538462,78.24287471053536,78.23758368863132,0.005291021904042736
0.018461538461538463,0.016923076923076926,71.27607077175563,71.27123509467883,0.004835677076798106
0.018461538461538463,0.017230769230769234,64.26763915521082,64.2632661064566,0.004373048754217734
0.018461538461538463,0.01753846153846154,57.22167300835819,57.21776918050652,0.0039038278516656533
0.018461538461538463,0.01784615384615385,50.142287443746255,50.13885868862954,0.003428755116715365
0.018461538461538463,0.01815384615384616,43.03361704179065,43.03066851520783,0.002948526582819966
0.018461538461538463,0.018461538461538467,35.899813528548215,35.89734964313365,0.002463885414563549
0.018461538461538463,0.018769230769230774,28.745043283825257,28.743067729751047,0.0019755540742103506
0.018461538461538463,0.01907692307692308,21.57348494375516,21.57200067423021,0.0014842695249512872
0.018461538461538463,0.01938461538461539,14.389326934583092,14.388336177791423,0.0009907567916691562
0.018461538461538463,0.019692307692307696,7.196765051796098,7.196269298205968,0.000495753590129766
0.019076923076923078,0.00030769230769230776,299.12552451631626,299.1245792324963,0.0009452838199877078
0.019076923076923078,0.0006153846153846155,298.86438377297964,298.86253322673707,0.0018505462425650876
0.019076923076923078,0.0009230769230769233,298.4286738515173,298.4259599176577,0.0027139338596384732
0.019076923076923078,0.001230769230769231,297.8186507881873,297.81511425177655,0.003536536410763347
0.019076923076923078,0.001538461538461539,297.03467066889567,297.03035294576097,0.004317723134704465
0.019076923076923078,0.0018461538461538465,296.0771931779358,296.0721342781145,0.005058899821278828
0.019076923076923078,0.002153846153846154,294.9467775906121,294.94101782155514,0.0057597690569650695
0.019076923076923078,0.002461538461538462,293.64408558700444,293.6376641162408,0.006421470763655179
0.019076923076923078,0.00276923076923077,292.16987840633544,292.1628342840326,0.007044122302829692
0.019076923076923078,0.003076923076923078,290.5250184418571,290.51738958402063,0.0076288578364938076
0.019076923076923078,0.0033846153846153852,288.7104667970502,288.7022909095735,0.008175887476681964
0.019076923076923078,0.003692307692307693,286.72728435382277,286.718598227203,0.008686126619750212
0.019076923076923078,0.004000000000000001,284.5766299184798,284.56746995757425,0.00915996090554927
0.019076923076923078,0.004307692307692308,282.2597605762155,282.2501622990201,0.009598277195436822
0.019076923076923078,0.004615384615384617,279.77803000334427,279.76802849395676,0.010001509387507213
0.019076923076923078,0.004923076923076924,277.1328884624646,277.12251803862864,0.010370423835979636
0.019076923076923078,0.0052307692307692315,274.3258813562365,274.31517583664294,0.010705519593557256
0.019076923076923078,0.00553846153846154,271.3586488323017,271.3476412967899,0.01100753551179423
0.019076923076923078,0.005846153846153847,268.23292443167486,268.22164737567385,0.011277056001006258
0.019076923076923078,0.006153846153846156,264.950534318262,264.9390195657155,0.011514752546474938
0.019076923076923078,0.006461538461538463,261.5133960195756,261.5016748291158,0.01172119045980935
0.019076923076923078,0.0067692307692307704,257.923517496155,257.911620478404,0.011897017750982286
0.019076923076923078,0.007076923076923079,254.18299592648452,254.1709530042236,0.012042922260917521
0.019076923076923078,0.007384615384615386,250.29401636680151,250.28185685104083,0.01215951576068619
0.019076923076923078,0.007692307692307694,246.25885056196452,246.24660314149077,0.01224742047375571
0.019076923076923078,0.008000000000000002,242.07985558080574,242.0675483501054,0.012307230700344007
0.019076923076923078,0.00830769230769231,237.7594726500858,237.74713292719917,0.01233972288662244
0.019076923076923078,0.008615384615384617,233.30022533684343,233.2878798737145,0.012345463128923484
0.019076923076923078,0.008923076923076924,228.70471839454245,228.6923932678603,0.012325126682156906
0.019076923076923078,0.009230769230769233,223.9756360229075,223.96335674440368,0.012279278503825708
0.019076923076923078,0.00953846153846154,219.11574067802385,219.10353192750296,0.012208750520898093
0.019076923076923078,0.009846153846153848,214.12787089438694,214.11575681799653,0.01211407639041795
0.019076923076923078,0.010153846153846156,209.01494012107764,209.00294413609075,0.011995984986896246
0.019076923076923078,0.010461538461538463,203.77993465570316,203.7680796204131,0.011855035290068372
0.019076923076923078,0.010769230769230772,198.42591237841046,198.41422028442483,0.011692093985629981
0.019076923076923078,0.01107692307692308,192.95600031065308,192.94449263121152,0.011507679441564278
0.019076923076923078,0.011384615384615387,187.37339340265018,187.36209082769295,0.011302574957227307
0.019076923076923078,0.011692307692307695,181.68135217883852,181.67027483931977,0.01107733951874934
0.019076923076923078,0.012000000000000002,175.88320135471994,175.8723685263455,0.01083282837444699
0.019076923076923078,0.012307692307692311,169.98232728458063,169.9717577027856,0.010569581795039085
0.019076923076923078,0.012615384615384619,163.98217656848854,163.97188815919756,0.010288409290978962
0.019076923076923078,0.012923076923076926,157.88625356002845,157.87626365043621,0.009989909592235335
0.019076923076923078,0.013230769230769233,151.69811874791006,151.68844384955958,0.009674898350482408
0.019076923076923078,0.013538461538461541,145.42138624917263,145.41204226907985,0.009343980092779702
0.019076923076923078,0.013846153846153848,139.05972209742745,139.05072415077427,0.008997946653181543
0.019076923076923078,0.014153846153846157,132.6168417774303,132.60820432528664,0.00863745214365963
0.019076923076923078,0.014461538461538465,126.09650828849075,126.0882450427713,0.00826324571944781
0.019076923076923078,0.014769230769230772,119.50252980213095,119.49465377584457,0.007876026286382398
0.019076923076923078,0.01507692307692308,112.83875751930134,112.83128099612831,0.0074765231730253845
0.019076923076923078,0.015384615384615387,106.10908339980378,106.1020179256828,0.00706547412097791
0.019076923076923078,0.015692307692307696,99.31743779336911,99.31079426464241,0.006643528726698378
0.019076923076923078,0.016000000000000004,92.46778739351977,92.46157589638175,0.006211497138025379
0.019076923076923078,0.01630769230769231,85.56413258237787,85.55836257155126,0.0057700108266089956
0.019076923076923078,0.01661538461538462,78.61050547227991,78.60518557233557,0.005319899944339568
0.019076923076923078,0.016923076923076926,71.6109671101407,71.60610535829791,0.004861751842796025
0.019076923076923078,0.017230769230769234,64.56960558938604,64.56520919518665,0.0043963941993894196
0.019076923076923078,0.01753846153846154,57.49053322240893,57.48660876808655,0.0039244543223802
0.019076923076923078,0.01784615384615385,50.37788450833449,50.37443778031102,0.0034467280234693476
0.019076923076923078,0.01815384615384616,43.235813385804526,43.232849539435215,0.0029638463693117956
0.019076923076923078,0.018461538461538467,36.068491136201814,36.0660145318823,0.002476604319511466
0.019076923076923078,0.018769230769230774,28.8801036670656,28.878117987475594,0.001985679590006839
0.019076923076923078,0.01907692307692308,21.674849278397822,21.67335743538321,0.0014918430146124706
0.019076923076923078,0.01938461538461539,14.456936044503257,14.455940252878607,0.000995791624649911
0.019076923076923078,0.019692307692307696,7.230579479649961,7.230081208351246,0.0004982712987153803
0.019692307692307693,0.00030769230769230776,299.8258068857125,299.82483402484894,0.0009728608635555247
0.019692307692307693,0.0006153846153846155,299.56407323993784,299.5621745657526,0.0018986741852131672
0.019692307692307693,0.0009230769230769233,299.1273563952413,299.1245792324963,0.002777162745019268
0.019692307692307693,0.001230769230769231,298.51591494025126,298.5123035684317,0.003611371819545184
0.019692307692307693,0.001538461538461539,297.7301063700209,297.72570512530496,0.00440124471595027
0.019692307692307693,0.0018461538461538465,296.7703925279506,296.7652432544557,0.005149273494907902
0.019692307692307693,0.002153846153846154,295.63733417343184,295.63147883856965,0.00585533486218992
0.019692307692307693,0.002461538461538462,294.3315951248021,294.3250739641384,0.006521160663680803
0.019692307692307693,0.00276923076923077,292.85393845953797,292.84679153481983,0.0071469247181426
0.019692307692307693,0.003076923076923078,291.2052289506094,291.1974948259235,0.007734124685896404
0.019692307692307693,0.0033846153846153852,289.3864299412334,289.37814698028274,0.008282960950680263
0.019692307692307693,0.003692307692307693,287.39860500186853,287.3898104458057,0.008794556062809988
0.019692307692307693,0.004000000000000001,285.24291564050196,285.23364635503634,0.009269285465620669
0.019692307692307693,0.004307692307692308,282.9206220215678,282.9109138470853,0.009708174482511822
0.019692307692307693,0.004615384615384617,280.43308096990444,280.4229693323279,0.010111637576528665
0.019692307692307693,0.004923076923076924,277.7817462250614,277.7712657002996,0.010480524761817378
0.019692307692307693,0.0052307692307692315,274.96816679761747,274.9573514712483,0.010815326369197464
0.019692307692307693,0.00553846153846154,271.9939867331002,271.9828698918429,0.011116841257319265
0.019692307692307693,0.005846153846153847,268.8609436196284,268.8495579755633,0.011385644065114775
0.019692307692307693,0.006153846153846156,265.57086793243496,265.55924548833326,0.011622444101703877
0.019692307692307693,0.006461538461538463,262.12568168380415,262.1138538799888,0.011827803815322113
0.019692307692307693,0.0067692307692307704,258.5273975614879,258.51539516220583,0.012002399282039278
0.019692307692307693,0.007076923076923079,254.7781176496343,254.7659707335414,0.012146916092916626
0.019692307692307693,0.007384615384615386,250.88003213694444,250.8677701522766,0.012261984667844672
0.019692307692307693,0.007692307692307694,246.83541808637455,246.82306985777612,0.012348228598426658
0.019692307692307693,0.008000000000000002,242.6466380973746,242.63423184111159,0.012406256263005844
0.019692307692307693,0.00830769230769231,238.31613911191084,238.30370226572546,0.012436846185380546
0.019692307692307693,0.008615384615384617,233.846450613179,233.8340100389404,0.012440574238610225
0.019692307692307693,0.008923076923076924,229.24018345448306,229.22776533514855,0.012418119334512312
0.019692307692307693,0.009230769230769233,224.50002812562113,224.48765807154325,0.012370054077877057
0.019692307692307693,0.00953846153846154,219.6287535518593,219.61645633728332,0.012297214575966109
0.019692307692307693,0.009846153846153848,214.62920491740402,214.61700477700657,0.012200140397453652
0.019692307692307693,0.010153846153846156,209.5043024947845,209.4922229296377,0.012079565146791538
0.019692307692307693,0.010461538461538463,204.25703957652541,204.24510352345982,0.011936053065596752
0.019692307692307693,0.010769230769230772,198.89048120383555,198.87871072844516,0.011770475390392221
0.019692307692307693,0.01107692307692308,193.40776172234524,193.3961783668663,0.0115833554789333
0.019692307692307693,0.011384615384615387,187.81208356477376,187.80070808323225,0.01137548154150636
0.019692307692307693,0.011692307692307695,182.10671489290232,182.095567474618,0.011147418284309651
0.019692307692307693,0.012000000000000002,176.2949882072355,176.28408818248005,0.010900024755443383
0.019692307692307693,0.012307692307692311,170.3802977956931,170.36966394707142,0.010633848621694142
0.019692307692307693,0.012615384615384619,164.36609832914613,164.35574862559324,0.010349703552890333
0.019692307692307693,0.012923076923076926,158.25590237370932,158.24585417523903,0.010048198470286707
0.019692307692307693,0.013230769230769233,152.05327875226752,152.0435486023108,0.00973014995670951
0.019692307692307693,0.013538461538461541,145.76185005557198,145.7524538786038,0.00939617696818118
0.019692307692307693,0.013846153846153848,139.38529089734115,139.37624382627712,0.009047071064031798
0.019692307692307693,0.014153846153846157,132.927325477679,132.91864197244465,0.00868350523435879
0.019692307692307693,0.014461538461538465,126.39172559606025,126.38341937474057,0.008306221319685392
0.019692307692307693,0.014769230769230772,119.78230836221923,119.77439241912745,0.007915943091774125
0.019692307692307693,0.01507692307692308,113.10293398060108,113.09542059123467,0.007513389366408774
0.019692307692307693,0.015384615384615387,106.35750354918086,106.35040422252737,0.007099326653488447
0.019692307692307693,0.015692307692307696,99.54995659806076,99.54328221262249,0.006674385438273589
0.019692307692307693,0.016000000000000004,92.68426914407075,92.67802972908265,0.006239414988101544
0.019692307692307693,0.01630769230769231,85.76445091882503,85.75865588603014,0.005795032794893018
0.019692307692307693,0.01661538461538462,78.79454352245551,78.7892014029371,0.005342119518417121
0.019692307692307693,0.016923076923076926,71.77861749365263,71.77373624495897,0.00488124869366402
0.019692307692307693,0.017230769230769234,64.72077055160678,64.71635724618999,0.004413305416790081
0.019692307692307693,0.01753846153846154,57.62512462010249,57.62118571722675,0.003938902875738393
0.019692307692307693,0.01784615384615385,50.495823921858474,50.49236503843954,0.0034588834189364093
0.019692307692307693,0.01815384615384616,43.33703209102426,43.33405824035418,0.0029738506700809353
0.019692307692307693,0.018461538461538467,36.15293020051518,36.15044557256045,0.002484627954729035
0.019692307692307693,0.018769230769230774,28.94771392380582,28.945722062562776,0.0019918612430451788
0.019692307692307693,0.01907692307692308,21.725591392466846,21.724095066003336,0.001496326463509945
0.019692307692307693,0.01938461538461539,14.490780499720174,14.489781809684189,0.0009986900359848505
0.019692307692307693,0.019692307692307696,7.247506612222247,7.247006928826098,0.000499683396149031
0.020307692307692308,0.00030769230769230776,299.8258068857125,299.82483402484894,0.0009728608635555247
0.020307692307692308,0.0006153846153846155,299.56407323993784,299.5621745657526,0.0018986741852131672
0.020307692307692308,0.0009230769230769233,299.1273563952413,299.1245792324963,0.002777162745019268
0.020307692307692308,0.001230769230769231,298.51591494025126,298.5123035684317,0.003611371819545184
0.020307692307692308,0.001538461538461539,297.7301063700209,297.72570512530496,0.00440124471595027
0.020307692307692308,0.0018461538461538465,296.77039252795055,296.7652432544557,0.005149273494851059
0.020307692307692308,0.002153846153846154,295.6373341734318,295.63147883856965,0.005855334862133077
0.020307692307692308,0.002461538461538462,294.3315951248021,294.3250739641384,0.006521160663680803
0.020307692307692308,0.00276923076923077,292.8539384595379,292.84679153481983,0.0071469247180857565
0.020307692307692308,0.003076923076923078,291.20522895060935,291.1974948259235,0.007734124685839561
0.020307692307692308,0.0033846153846153852,289.3864299412334,289.37814698028274,0.008282960950680263
0.020307692307692308,0.003692307692307693,287.39860500186853,287.3898104458057,0.008794556062809988
0.020307692307692308,0.004000000000000001,285.24291564050196,285.23364635503634,0.009269285465620669
0.020307692307692308,0.004307692307692308,282.9206220215678,282.9109138470853,0.009708174482511822
0.020307692307692308,0.004615384615384617,280.43308096990444,280.4229693323279,0.010111637576528665
0.020307692307692308,0.004923076923076924,277.7817462250614,277.7712657002996,0.010480524761817378
0.020307692307692308,0.0052307692307692315,274.96816679761747,274.9573514712483,0.010815326369197464
0.020307692307692308,0.00553846153846154,271.99398673310026,271.9828698918429,0.011116841257376109
0.020307692307692308,0.005846153846153847,268.8609436196284,268.8495579755633,0.011385644065114775
0.020307692307692308,0.006153846153846156,265.570867932435,265.55924548833326,0.01162244410176072
0.020307692307692308,0.006461538461538463,262.12568168380415,262.1138538799888,0.011827803815322113
0.020307692307692308,0.0067692307692307704,258.52739756148793,258.51539516220583,0.012002399282096121
0.020307692307692308,0.007076923076923079,254.77811764963437,254.7659707335414,0.01214691609297347
0.020307692307692308,0.007384615384615386,250.8800321369445,250.8677701522766,0.012261984667901515
0.020307692307692308,0.007692307692307694,246.8354180863746,246.82306985777612,0.012348228598483502
0.020307692307692308,0.008000000000000002,242.64663809737462,242.63423184111159,0.012406256263034265
0.020307692307692308,0.00830769230769231,238.3161391119109,238.30370226572546,0.012436846185437389
0.020307692307692308,0.008615384615384617,233.84645061317903,233.8340100389404,0.012440574238638646
0.020307692307692308,0.008923076923076924,229.2401834544831,229.22776533514855,0.012418119334540734
0.020307692307692308,0.009230769230769233,224.50002812562113,224.48765807154325,0.012370054077877057
0.020307692307692308,0.00953846153846154,219.6287535518593,219.61645633728332,0.012297214575966109
0.020307692307692308,0.009846153846153848,214.62920491740402,214.61700477700657,0.012200140397453652
0.020307692307692308,0.010153846153846156,209.5043024947845,209.4922229296377,0.012079565146791538
0.020307692307692308,0.010461538461538463,204.25703957652541,204.24510352345982,0.011936053065596752
0.020307692307692308,0.010769230769230772,198.89048120383555,198.87871072844516,0.011770475390392221
0.020307692307692308,0.01107692307692308,193.40776172234524,193.3961783668663,0.0115833554789333
0.020307692307692308,0.011384615384615387,187.81208356477367,187.80070808323225,0.011375481541421095
0.020307692307692308,0.011692307692307695,182.1067148929023,182.095567474618,0.01114741828428123
0.020307692307692308,0.012000000000000002,176.2949882072355,176.28408818248005,0.010900024755443383
0.020307692307692308,0.012307692307692311,170.3802977956931,170.36966394707142,0.010633848621694142
0.020307692307692308,0.012615384615384619,164.36609832914607,164.35574862559324,0.010349703552833489
0.020307692307692308,0.012923076923076926,158.2559023737093,158.24585417523903,0.010048198470258285
0.020307692307692308,0.013230769230769233,152.05327875226752,152.0435486023108,0.00973014995670951
0.020307692307692308,0.013538461538461541,145.76185005557204,145.7524538786038,0.009396176968238024
0.020307692307692308,0.013846153846153848,139.38529089734118,139.37624382627712,0.00904707106406022
0.020307692307692308,0.014153846153846157,132.92732547767906,132.91864197244465,0.008683505234415634
0.020307692307692308,0.014461538461538465,126.39172559606028,126.38341937474057,0.008306221319713814
0.020307692307692308,0.014769230769230772,119.78230836221923,119.77439241912745,0.007915943091774125
0.020307692307692308,0.01507692307692308,113.10293398060108,113.09542059123467,0.007513389366408774
0.020307692307692308,0.015384615384615387,106.35750354918086,106.35040422252737,0.007099326653488447
0.020307692307692308,0.015692307692307696,99.54995659806076,99.54328221262249,0.006674385438273589
0.020307692307692308,0.016000000000000004,92.68426914407075,92.67802972908265,0.006239414988101544
0.020307692307692308,0.01630769230769231,85.76445091882502,85.75865588603014,0.005795032794878807
0.020307692307692308,0.01661538461538462,78.7945435224555,78.7892014029371,0.00534211951840291
0.020307692307692308,0.016923076923076926,71.77861749365262,71.77373624495897,0.004881248693649809
0.020307692307692308,0.017230769230769234,64.72077055160676,64.71635724618999,0.00441330541677587
0.020307692307692308,0.01753846153846154,57.62512462010248,57.62118571722675,0.003938902875731287
0.020307692307692308,0.01784615384615385,50.49582392185847,50.49236503843954,0.003458883418929304
0.020307692307692308,0.01815384615384616,43.33703209102425,43.33405824035418,0.0029738506700667244
0.020307692307692308,0.018461538461538467,36.152930200515165,36.15044557256045,0.0024846279547148242
0.020307692307692308,0.018769230769230774,28.94771392380581,28.945722062562776,0.0019918612430345206
0.020307692307692308,0.01907692307692308,21.725591392466843,21.724095066003336,0.0014963264635063922
0.020307692307692308,0.01938461538461539,14.490780499720172,14.489781809684189,0.0009986900359830742
0.020307692307692308,0.019692307692307696,7.247506612222246,7.247006928826098,0.0004996833961481428
0.020923076923076923,0.00030769230769230776,299.12552451631626,299.1245792324963,0.0009452838199877078
0.020923076923076923,0.0006153846153846155,298.86438377297964,298.86253322673707,0.0018505462425650876
0.020923076923076923,0.0009230769230769233,298.4286738515173,298.4259599176577,0.0027139338596384732
0.020923076923076923,0.001230769230769231,297.8186507881873,297.81511425177655,0.003536536410763347
0.020923076923076923,0.001538461538461539,297.03467066889567,297.03035294576097,0.004317723134704465
0.020923076923076923,0.0018461538461538465,296.0771931779358,296.0721342781145,0.005058899821278828
0.020923076923076923,0.002153846153846154,294.9467775906121,294.94101782155514,0.0057597690569650695
0.020923076923076923,0.002461538461538462,293.6440855870043,293.6376641162408,0.0064214707635414925
0.020923076923076923,0.00276923076923077,292.16987840633533,292.1628342840326,0.007044122302716005
0.020923076923076923,0.003076923076923078,290.52501844185707,290.51738958402063,0.007628857836436964
0.020923076923076923,0.0033846153846153852,288.7104667970501,288.7022909095735,0.008175887476625121
0.020923076923076923,0.003692307692307693,286.72728435382265,286.718598227203,0.008686126619636525
0.020923076923076923,0.004000000000000001,284.5766299184797,284.56746995757425,0.009159960905435582
0.020923076923076923,0.004307692307692308,282.25976057621546,282.2501622990201,0.009598277195379978
0.020923076923076923,0.004615384615384617,279.7780300033443,279.76802849395676,0.010001509387564056
0.020923076923076923,0.004923076923076924,277.1328884624647,277.12251803862864,0.01037042383603648
0.020923076923076923,0.0052307692307692315,274.3258813562365,274.31517583664294,0.010705519593557256
0.020923076923076923,0.00553846153846154,271.3586488323018,271.3476412967899,0.011007535511907918
0.020923076923076923,0.005846153846153847,268.232924431675,268.22164737567385,0.011277056001119945
0.020923076923076923,0.006153846153846156,264.95053431826216,264.9390195657155,0.011514752546645468
0.020923076923076923,0.006461538461538463,261.5133960195758,261.5016748291158,0.01172119045997988
0.020923076923076923,0.0067692307692307704,257.92351749615506,257.911620478404,0.01189701775103913
0.020923076923076923,0.007076923076923079,254.18299592648467,254.1709530042236,0.01204292226105963
0.020923076923076923,0.007384615384615386,250.29401636680166,250.28185685104083,0.012159515760828299
0.020923076923076923,0.007692307692307694,246.25885056196466,246.24660314149077,0.012247420473897819
0.020923076923076923,0.008000000000000002,242.07985558080588,242.0675483501054,0.012307230700486116
0.020923076923076923,0.00830769230769231,237.7594726500859,237.74713292719917,0.012339722886736126
0.020923076923076923,0.008615384615384617,233.30022533684345,233.2878798737145,0.012345463128951906
0.020923076923076923,0.008923076923076924,228.70471839454245,228.6923932678603,0.012325126682156906
0.020923076923076923,0.009230769230769233,223.97563602290745,223.96335674440368,0.012279278503768865
0.020923076923076923,0.00953846153846154,219.1157406780239,219.10353192750296,0.012208750520954936
0.020923076923076923,0.009846153846153848,214.12787089438694,214.11575681799653,0.01211407639041795
0.020923076923076923,0.010153846153846156,209.01494012107767,209.00294413609075,0.011995984986924668
0.020923076923076923,0.010461538461538463,203.77993465570316,203.7680796204131,0.011855035290068372
0.020923076923076923,0.010769230769230772,198.42591237841046,198.41422028442483,0.011692093985629981
0.020923076923076923,0.01107692307692308,192.95600031065308,192.94449263121152,0.011507679441564278
0.020923076923076923,0.011384615384615387,187.37339340265012,187.36209082769295,0.011302574957170464
0.020923076923076923,0.011692307692307695,181.68135217883852,181.67027483931977,0.01107733951874934
0.020923076923076923,0.012000000000000002,175.88320135471994,175.8723685263455,0.01083282837444699
0.020923076923076923,0.012307692307692311,169.98232728458066,169.9717577027856,0.010569581795067506
0.020923076923076923,0.012615384615384619,163.98217656848857,163.97188815919756,0.010288409291007383
0.020923076923076923,0.012923076923076926,157.8862535600285,157.87626365043621,0.009989909592292179
0.020923076923076923,0.013230769230769233,151.69811874791014,151.68844384955958,0.009674898350567673
0.020923076923076923,0.013538461538461541,145.42138624917277,145.41204226907985,0.00934398009292181
0.020923076923076923,0.013846153846153848,139.05972209742754,139.05072415077427,0.008997946653266808
0.020923076923076923,0.014153846153846157,132.61684177743038,132.60820432528664,0.008637452143744895
0.020923076923076923,0.014461538461538465,126.09650828849082,126.0882450427713,0.008263245719518864
0.020923076923076923,0.014769230769230772,119.50252980213098,119.49465377584457,0.00787602628641082
0.020923076923076923,0.01507692307692308,112.83875751930135,112.83128099612831,0.007476523173039595
0.020923076923076923,0.015384615384615387,106.1090833998038,106.1020179256828,0.007065474120992121
0.020923076923076923,0.015692307692307696,99.31743779336911,99.31079426464241,0.006643528726698378
0.020923076923076923,0.016000000000000004,92.46778739351976,92.46157589638175,0.006211497138011168
0.020923076923076923,0.01630769230769231,85.56413258237787,85.55836257155126,0.0057700108266089956
0.020923076923076923,0.01661538461538462,78.61050547227988,78.60518557233557,0.005319899944311146
0.020923076923076923,0.016923076923076926,71.61096711014068,71.60610535829791,0.004861751842767603
0.020923076923076923,0.017230769230769234,64.569605589386,64.56520919518665,0.004396394199346787
0.020923076923076923,0.01753846153846154,57.49053322240888,57.48660876808655,0.003924454322330462
0.020923076923076923,0.01784615384615385,50.37788450833447,50.37443778031102,0.0034467280234480313
0.020923076923076923,0.01815384615384616,43.23581338580451,43.232849539435215,0.0029638463692975847
0.020923076923076923,0.018461538461538467,36.06849113620181,36.0660145318823,0.0024766043195043608
0.020923076923076923,0.018769230769230774,28.880103667065594,28.878117987475594,0.0019856795899997337
0.020923076923076923,0.01907692307692308,21.674849278397822,21.67335743538321,0.0014918430146124706
0.020923076923076923,0.01938461538461539,14.456936044503257,14.455940252878607,0.000995791624649911
0.020923076923076923,0.019692307692307696,7.230579479649961,7.230081208351246,0.0004982712987153803
0.021538461538461538,0.00030769230769230776,297.726636699063,297.72570512530496,0.0009315737580664063
0.021538461538461538,0.0006153846153846155,297.46670801338314,297.4648845934713,0.0018234199118296601
0.021538461538461538,0.0009230769230769233,297.0330282153105,297.030352945761,0.002675269549456516
0.021538461538461538,0.001230769230769231,296.42585130925266,296.4223639364198,0.0034873728328648212
0.021538461538461538,0.001538461538461539,295.6455324066204,295.6412726139078,0.004259792712616672
0.021538461538461538,0.0018461538461538465,294.6925281924596,294.6875351135617,0.004993078897882697
0.021538461538461538,0.002153846153846154,293.567395771603,293.56170839122393,0.005687380379072238
0.021538461538461538,0.002461538461538462,292.2707931588063,292.2644498979967,0.006343260809615003
0.021538461538461538,0.00276923076923077,290.8034782810083,290.7965171963088,0.0069610846995260545
0.021538461538461538,0.003076923076923078,289.1663090698086,289.15876751752035,0.007541552288273579
0.021538461538461538,0.0033846153846153852,287.36024231995606,287.3521572613242,0.008085058631877473
0.021538461538461538,0.003692307692307693,285.38633368714983,285.37774143723504,0.008592249914784134
0.021538461538461538,0.004000000000000001,283.24573665978687,283.23667304849386,0.009063611293015583
0.021538461538461538,0.004307692307692308,280.9397022476532,280.93020241874643,0.009499828906768926
0.021538461538461538,0.004615384615384617,278.4695778766111,278.45967646188933,0.009901414721753099
0.021538461538461538,0.004923076923076924,275.8368069053111,275.82653789551046,0.01026900980065193
0.021538461538461538,0.0052307692307692315,273.04292755054223,273.03232439838234,0.01060315215988794
0.021538461538461538,0.00553846153846154,270.0895721984336,270.0786677125012,0.0109044859323717
0.021538461538461538,0.005846153846153847,266.97846631781306,266.9672926901955,0.011173627617552029
0.021538461538461538,0.006153846153846156,263.7114274758465,263.7000162868607,0.011411188985789522
0.021538461538461538,0.006461538461538463,260.2903642493384,260.2787464999086,0.011617749429774449
0.021538461538461538,0.0067692307692307704,256.7172751662117,256.7054812545505,0.011793911661243328
0.021538461538461538,0.007076923076923079,252.99424761089355,252.9823072370652,0.011940373828338124
0.021538461538461538,0.007384615384615386,249.12345639421272,249.11139867623282,0.012057717979899962
0.021538461538461538,0.007692307692307694,245.10716264178944,245.0950160736467,0.012146568142753722
0.021538461538461538,0.008000000000000002,240.94771237975507,240.93550488364374,0.012207496111329874
0.021538461538461538,0.00830769230769231,236.64753542149285,236.63529414362557,0.012241277867275357
0.021538461538461538,0.008615384615384617,232.20914351988364,232.19689505556875,0.012248464314893681
0.021538461538461538,0.008923076923076924,227.6351292462398,227.62289951955364,0.012229726686172171
0.021538461538461538,0.009230769230769233,222.9281642383973,222.91597862016775,0.012185618229551665
0.021538461538461538,0.00953846153846154,218.09099803219138,218.07888106666775,0.012116965523631507
0.021538461538461538,0.009846153846153848,213.1264558813,213.1144315878102,0.012024293489787397
0.021538461538461538,0.010153846153846156,208.0374376067685,208.02552928229005,0.01190832447844059
0.021538461538461538,0.010461538461538463,202.82691553554807,202.81514592574823,0.011769609799841874
0.021538461538461538,0.010769230769230772,197.4979332452854,197.48632423533854,0.011609009946852211
0.021538461538461538,0.01107692307692308,192.05360312900947,192.04217609286653,0.0114270361429476
0.021538461538461538,0.011384615384615387,186.4971051924981,186.4858807275381,0.011224464960008618
0.021538461538461538,0.011692307692307695,180.83168470642315,180.8206828593791,0.011001847044042279
0.021538461538461538,0.012000000000000002,175.0606508377283,175.0498908044105,0.010760033317808393
0.021538461538461538,0.012307692307692311,169.1873740957208,169.17687454268454,0.010499553036254383
0.021538461538461538,0.012615384615384619,163.21528496153195,163.20506375031178,0.010221211220169835
0.021538461538461538,0.012923076923076926,157.14787138787403,157.1379457966264,0.009925591247622378
0.021538461538461538,0.013230769230769233,150.98867721879157,150.97906370766103,0.009613511130538654
0.021538461538461538,0.013538461538461541,144.7412996500947,144.73201409711902,0.009285552975683231
0.021538461538461538,0.013846153846153848,138.40938757947418,138.40044506605375,0.008942513420436171
0.021538461538461538,0.014153846153846157,131.99663908892313,131.98805407247977,0.008585016443362292
0.021538461538461538,0.014461538461538465,125.50679960162877,125.49858577216207,0.008213829466697575
0.021538461538461538,0.014769230769230772,118.94365944246019,118.93582983184199,0.00782961061820231
0.021538461538461538,0.01507692307692308,112.31105182895229,112.30361871617896,0.007433112773327366
0.021538461538461538,0.015384615384615387,105.61285047589284,105.605825449699,0.007025026193844042
0.021538461538461538,0.015692307692307696,98.85296739777664,98.84636135505716,0.00660604271948273
0.021538461538461538,0.016000000000000004,92.03535068313013,92.02917376893564,0.00617691419449784
0.021538461538461538,0.01630769230769231,85.16398205456412,85.15824373691011,0.005738317654007119
0.021538461538461538,0.01661538461538462,78.2428747105353,78.23758368863132,0.005291021903985893
0.021538461538461538,0.016923076923076926,71.27607077175558,71.27123509467883,0.0048356770767554735
0.021538461538461538,0.017230769230769234,64.26763915521077,64.2632661064566,0.004373048754175102
0.021538461538461538,0.01753846153846154,57.221673008358145,57.21776918050652,0.0039038278516230207
0.021538461538461538,0.01784615384615385,50.14228744374623,50.13885868862954,0.0034287551166869434
0.021538461538461538,0.01815384615384616,43.033617041790635,43.03066851520783,0.002948526582805755
0.021538461538461538,0.018461538461538467,35.899813528548215,35.89734964313365,0.002463885414563549
0.021538461538461538,0.018769230769230774,28.745043283825257,28.743067729751047,0.0019755540742103506
0.021538461538461538,0.01907692307692308,21.573484943755155,21.57200067423021,0.0014842695249441817
0.021538461538461538,0.01938461538461539,14.389326934583092,14.388336177791423,0.0009907567916691562
0.021538461538461538,0.019692307692307696,7.196765051796097,7.196269298205968,0.0004957535901288779
0.022153846153846156,0.00030769230769230776,295.63240209379524,295.6314788385697,0.0009232552255298287
0.022153846153846156,0.0006153846153846155,295.3742988472265,295.37249293909895,0.0018059081275509925
0.022153846153846156,0.0009230769230769233,294.9436664652475,294.94101782155514,0.002648643692339192
0.022153846153846156,0.001230769230769231,294.34075688387355,294.3373054552564,0.0034514286171543063
0.022153846153846156,0.001538461538461539,293.5659235395163,293.56170839122393,0.004215148292360027
0.022153846153846156,0.0018461538461538465,292.61961953318144,292.614679556302,0.004939976879427377
0.022153846153846156,0.002153846153846154,291.5023986389358,291.4967719886615,0.0056266502742801094
0.022153846153846156,0.002461538461538462,290.2149139542517,290.2086385148412,0.006275439410501349
0.022153846153846156,0.00276923076923077,288.75791837228854,288.7510313685155,0.006887003773044853
0.022153846153846156,0.003076923076923078,287.1322634847195,287.12480175121107,0.0074617335084212755
0.022153846153846156,0.0033846153846153852,285.3388995633971,285.33089933522916,0.00800022816792989
0.022153846153846156,0.003692307692307693,283.3788746387684,283.3703717090637,0.008502929704718554
0.022153846153846156,0.004000000000000001,281.25333418244867,281.24436376563915,0.008970416809518156
0.022153846153846156,0.004307692307692308,278.9635202308985,278.95411703372537,0.00940319717312832
0.022153846153846156,0.004615384615384617,276.510770811582,276.50096895291944,0.009801858662569884
0.022153846153846156,0.004923076923076924,273.89651902277643,273.886352092619,0.010166930157424758
0.022153846153846156,0.0052307692307692315,271.1222922965579,271.11179331544184,0.010498981116029427
0.022153846153846156,0.00553846153846154,268.1897114484734,268.1789128855812,0.010798562892205155
0.022153846153846156,0.005846153846153847,265.1004898444098,265.0894235226171,0.011066321792725375
0.022153846153846156,0.006153846153846156,261.85643221329184,261.8451294013362,0.011302811955658854
0.022153846153846156,0.006461538461538463,258.4594337206826,258.4479250981448,0.011508622537803603
0.022153846153846156,0.0067692307692307704,254.91147879453982,254.89979448468947,0.011684309850352292
0.022153846153846156,0.007076923076923079,251.2146401495148,251.20280956933166,0.011830580183129769
0.022153846153846156,0.007384615384615386,247.3710772724896,247.3591292871534,0.011947985336206557
0.022153846153846156,0.007692307692307694,243.3830353871726,243.37099823920002,0.01203714797259181
0.022153846153846156,0.008000000000000002,239.25284399759593,239.24074538169614,0.012098615899788001
0.022153846153846156,0.00830769230769231,234.98291582839457,234.97078266600107,0.012133162393496377
0.022153846153846156,0.008615384615384617,230.5757449521717,230.56360363009702,0.012141322074683103
0.022153846153846156,0.008923076923076924,226.03390570222072,226.02178194243302,0.012123759787698418
0.022153846153846156,0.009230769230769233,221.3600509145223,221.3479698989752,0.012081015547096285
0.022153846153846156,0.00953846153846154,216.5569107830333,216.54489687434074,0.012013908692551922
0.022153846153846156,0.009846153846153848,211.6272906817856,211.61536772791945,0.011922953866161379
0.022153846153846156,0.010153846153846156,206.5740700312976,206.5622611659155,0.01180886538210757
0.022153846153846156,0.010461538461538463,201.4002002452442,201.38852806026367,0.011672184980540123
0.022153846153846156,0.010769230769230772,196.1087034916516,196.09718972540327,0.011513766248327784
0.022153846153846156,0.01107692307692308,190.70267026518513,190.6913361539158,0.011334111269320601
0.022153846153846156,0.011384615384615387,185.18525820159013,185.17412421205609,0.011133989534044986
0.022153846153846156,0.011692307692307695,179.559689737317,179.54877579623133,0.01091394108567556
0.022153846153846156,0.012000000000000002,173.82925076474618,173.81857595150439,0.01067481324179198
0.022153846153846156,0.012307692307692311,167.99728807511732,167.9868709532199,0.010417121897432935
0.022153846153846156,0.012615384615384619,162.06720802046308,162.0570663528739,0.010141667589181225
0.022153846153846156,0.012923076923076926,156.04247400572828,156.03262498936732,0.009849016360959695
0.022153846153846156,0.013230769230769233,149.9266049561355,149.91706496680595,0.009539989329539367
0.022153846153846156,0.013538461538461541,143.7231727444189,143.7139576000263,0.009215144392584307
0.022153846153846156,0.013846153846153848,137.43580060977584,137.42692532904883,0.008875280727011159
0.022153846153846156,0.014153846153846157,131.0681605948908,131.05963960367438,0.008520991216414586
0.022153846153846156,0.014461538461538465,124.62397179875684,124.61581873946146,0.008153059295381127
0.022153846153846156,0.014769230769230772,118.1069978487488,118.0992257463342,0.007772102414605797
0.022153846153846156,0.01507692307692308,111.52104502166101,111.51366613109084,0.007378890570166163
0.022153846153846156,0.015384615384615387,104.86995974477036,104.86298567509488,0.0069740696754792
0.022153846153846156,0.015692307692307696,98.15762655772376,98.15106818844674,0.006558369277016141
0.022153846153846156,0.016000000000000004,91.3879657365817,91.3818332419485,0.00613249463320642
0.022153846153846156,0.01630769230769231,84.56493104412968,84.55923387818466,0.005697165945022675
0.022153846153846156,0.01661538461538462,77.69250742066569,77.68725430305669,0.005253117609001379
0.022153846153846156,0.016923076923076926,70.77470861904735,70.7699075591187,0.004801059928638551
0.022153846153846156,0.017230769230769234,63.81557490479886,63.8112331820742,0.004341722724660713
0.022153846153846156,0.01753846153846154,56.8191706845502,56.81529484180024,0.003875842749962999
0.022153846153846156,0.01784615384615385,49.78958209742608,49.78617796927936,0.0034041281467196427
0.022153846153846156,0.01815384615384616,42.73091468824525,42.72798737082222,0.0029273174230297627
0.022153846153846156,0.018461538461538467,35.647290951838144,35.64484483097732,0.002446120860824408
0.022153846153846156,0.018769230769230774,28.542847989434186,28.540886705523654,0.0019612839105320745
0.022153846153846156,0.01907692307692308,21.421735026602164,21.42026150595641,0.0014735206457530126
0.022153846153846156,0.01938461538461539,14.288111043217786,14.287127476872458,0.0009835663453277022
0.022153846153846156,0.019692307692307696,7.146142314825039,7.1456501676730975,0.0004921471519416798
0.02276923076923077,0.00030769230769230776,292.8477100146652,292.84679153481983,0.0009184798453816256
0.02276923076923077,0.0006153846153846155,292.5920381638089,292.5902451412804,0.0017930225285454071
0.02276923076923077,0.0009230769230769233,292.1654609017658,292.1628342840326,0.0026266177331990548
0.02276923076923077,0.001230769230769231,291.56822848806104,291.56480855898116,0.0034199290798824222
0.02276923076923077,0.001538461538461539,290.80069182310143,290.79651719630874,0.004174626792689651
0.02276923076923077,0.0018461538461538465,289.8632995750214,289.8584088565359,0.00489071848551248
0.02276923076923077,0.002153846153846154,288.7566007351263,288.7510313685155,0.005569366610814086
0.02276923076923077,0.002461538461538462,287.4812420454384,287.4750314095163,0.006210635922116126
0.02276923076923077,0.00276923076923077,286.0379695002277,286.03115412758183,0.006815372645860407
0.02276923076923077,0.003076923076923078,284.42762641718645,284.4202427063845,0.007383710801946108
0.02276923076923077,0.0033846153846153852,282.6511542890044,282.64323787283047,0.007916416173941343
0.02276923076923077,0.003692307692307693,280.7095911294255,280.7011773477014,0.008413781724129876
0.02276923076923077,0.004000000000000001,278.6040717056844,278.5951952396547,0.00887646602973291
0.02276923076923077,0.004307692307692308,276.3358262193402,276.3265213829363,0.009304836403941863
0.02276923076923077,0.004615384615384617,273.9061801800608,273.89648061919166,0.009699560869137258
0.02276923076923077,0.004923076923076924,271.3165531107075,271.3064920237961,0.01006108691137797
0.02276923076923077,0.0052307692307692315,268.5684580957587,268.55806807715413,0.010390018604539364
0.02276923076923077,0.00553846153846154,265.6635006138689,265.6528137814539,0.010686832414990022
0.02276923076923077,0.005846153846153847,262.6033779335331,262.59242572339116,0.01095221014196568
0.02276923076923077,0.006153846153846156,259.3898777447465,259.37869108341,0.011186661336523684
0.02276923076923077,0.006461538461538463,256.02487737911673,256.01348659204007,0.011390787076663855
0.02276923076923077,0.0067692307692307704,252.5103425381215,252.49877743393904,0.011565104182466257
0.02276923076923077,0.007076923076923079,248.84832642929086,248.83661610027963,0.011710329011236809
0.02276923076923077,0.007384615384615386,245.04096817791844,245.02914119015276,0.011826987765687136
0.02276923076923077,0.007692307692307694,241.0904918634735,241.07857616168607,0.011915701787415856
0.02276923076923077,0.008000000000000002,236.99920503067372,236.98722803360664,0.01197699706708022
0.02276923076923077,0.00830769230769231,232.76949768198472,232.7574860380074,0.01201164397730281
0.02276923076923077,0.008615384615384617,228.40384038722075,228.39182022510263,0.012020162118119515
0.02276923076923077,0.008923076923076924,223.90478323003424,223.8927800207882,0.012003209246046254
0.02276923076923077,0.009230769230769233,219.2749540501746,219.26299273784866,0.011961312325951212
0.02276923076923077,0.00953846153846154,214.51705732437927,214.50516204168076,0.011895282698503706
0.02276923076923077,0.009846153846153848,209.63387199585554,209.62206637142864,0.011805624426898476
0.02276923076923077,0.010153846153846156,204.62825036068213,204.61655731745392,0.01169304322820608
0.02276923076923077,0.010461538461538463,199.50311602647895,199.49155795608704,0.011558070391913589
0.02276923076923077,0.010769230769230772,194.26146269510687,194.25006114263303,0.011401552473842003
0.02276923076923077,0.01107692307692308,188.90635174509438,188.8951277636284,0.011223981465974475
0.02276923076923077,0.011384615384615387,183.440911069533,183.42988494936955,0.01102612016345006
0.02276923076923077,0.011692307692307695,177.86833274483558,177.8575242477566,0.010808497078983237
0.02276923076923077,0.012000000000000002,172.19187171782798,172.1812997605195,0.01057195730848548
0.02276923076923077,0.012307692307692311,166.4148432462524,166.40452624291407,0.01031700333831509
0.02276923076923077,0.012615384615384619,160.54062160080466,160.53057716799847,0.010044432806182613
0.02276923076923077,0.012923076923076926,154.57263755275622,154.56288275661979,0.009754796136434152
0.02276923076923077,0.013230769230769233,148.51437689457526,148.50492797426168,0.009448920313587905
0.02276923076923077,0.013538461538461541,142.36937783935312,142.36025049592266,0.009127343430463952
0.02276923076923077,0.013846153846153848,136.14122950885678,136.13243864021365,0.008790868643131944
0.02276923076923077,0.014153846153846157,129.83356933923966,129.82512927388072,0.008440065358939819
0.02276923076923077,0.014461538461538465,123.45008142217749,123.44200568797764,0.008075734199849194
0.02276923076923077,0.014769230769230772,116.9944939088529,116.98679544692725,0.007698461925656375
0.02276923076923077,0.01507692307692308,110.47057724416479,110.46326821172916,0.007309032435628637
0.02276923076923077,0.015384615384615387,103.8821415976972,103.87523353858374,0.006908059113456488
0.02276923076923077,0.015692307692307696,97.23303495589937,97.2265386542184,0.006496301680968486
0.02276923076923077,0.016000000000000004,90.5271406366462,90.52106620921583,0.006074427430363016
0.02276923076923077,0.01630769230769231,83.76837518802552,83.76273201065526,0.0056431773702598775
0.02276923076923077,0.01661538461538462,76.96068599210133,76.95548273539139,0.005203256709947368
0.02276923076923077,0.016923076923076926,70.10804903481514,70.10329362530605,0.004755409509087372
0.02276923076923077,0.017230769230769234,63.214466509722584,63.21016616587943,0.004300343843155474
0.02276923076923077,0.01753846153846154,56.28396456735329,56.28012574943454,0.00383881791874785
0.02276923076923077,0.01784615384615385,49.32059085071455,49.3172193244221,0.0033715262924545186
0.02276923076923077,0.01815384615384616,42.328412255462304,42.325513032115936,0.0028992233463682737
0.02276923076923077,0.018461538461538467,35.31151243108628,35.30908983210198,0.002422598984296087
0.02276923076923077,0.018769230769230774,28.27398951317597,28.272047117943625,0.0019423952323442961
0.02276923076923077,0.01907692307692308,21.21995363323582,21.218494324420202,0.0014593088156189538
0.02276923076923077,0.01938461538461539,14.153524597715055,14.152550527732249,0.0009740699828064692
0.02276923076923077,0.019692307692307696,7.078829431112845,7.0783420400774455,0.0004873910353992983
0.023384615384615386,0.00030769230769230776,289.3790344011714,289.37814698028274,0.0008874208886595625
0.023384615384615386,0.0006153846153846155,289.12637854218457,289.1246392686639,0.001739273520684037
0.023384615384615386,0.0009230769230769233,288.7048463501259,288.7022909095735,0.00255544055238488
0.023384615384615386,0.001230769230769231,288.1146832107062,288.1113485425599,0.0033346681462944616
0.023384615384615386,0.001538461538461539,287.35623480400295,287.3521572613242,0.004077542678771806
0.023384615384615386,0.0018461538461538465,286.4299437228923,286.4251604121955,0.004783310696780063
0.023384615384615386,0.002153846153846154,285.3363521347441,285.33089933522916,0.005452799514955586
0.023384615384615386,0.002461538461538462,284.0760988432804,284.07001304807926,0.006085795201158817
0.023384615384615386,0.00276923076923077,282.6499208921437,282.6432378728305,0.006683019313186378
0.023384615384615386,0.003076923076923078,281.0586514415755,281.0514070060067,0.007244435568793506
0.023384615384615386,0.0033846153846153852,279.30322085286696,279.2954500320074,0.0077708208595481665
0.023384615384615386,0.003692307692307693,277.38465477780915,277.37639238025713,0.00826239755201641
0.023384615384615386,0.004000000000000001,275.30407456442003,275.29535472638304,0.008719838036995498
0.023384615384615386,0.004307692307692308,273.062695775818,273.05355233777215,0.009143438045839503
0.023384615384615386,0.004615384615384617,270.6618282689866,270.65229436388944,0.009533905097157458
0.023384615384615386,0.004923076923076924,268.10287471723404,268.0929830717713,0.009891645462744236
0.023384615384615386,0.0052307692307692315,265.38733030652725,265.37711302714104,0.010217279386210976
0.023384615384615386,0.00553846153846154,262.5167814583876,262.5062702216249,0.01051123676268162
0.023384615384615386,0.005846153846153847,259.49290536665575,259.4821311465772,0.010774220078531016
0.023384615384615386,0.006153846153846156,256.31746852328666,256.3064618140569,0.011006709229775424
0.023384615384615386,0.006461538461538463,252.99232603498407,252.98111672552596,0.011209309458109828
0.023384615384615386,0.0067692307692307704,249.51942029661203,249.50803778887328,0.011382507738744607
0.023384615384615386,0.007076923076923079,245.9007802071858,245.88925318439453,0.011527022791256059
0.023384615384615386,0.007384615384615386,242.13851953979218,242.12687618039234,0.011643359399840847
0.023384615384615386,0.007692307692307694,238.23483603187398,238.2231038990871,0.011732132786875127
0.023384615384615386,0.008000000000000002,234.19200988266357,234.1802160335593,0.011793849104265064
0.023384615384615386,0.00830769230769231,230.01240278738945,230.00057351647317,0.011829270916280166
0.023384615384615386,0.008615384615384617,225.69845604409122,225.68661714135837,0.0118389027328476
0.023384615384615386,0.008923076923076924,221.25268952904997,221.24086613725524,0.011823391794735016
0.023384615384615386,0.009230769230769233,216.67769994858247,216.66591669755607,0.011783251026400876
0.023384615384615386,0.00953846153846154,211.97615974409163,211.96444046390144,0.011719280190192194
0.023384615384615386,0.009846153846153848,207.1508149371678,207.13918296601628,0.011631971151530252
0.023384615384615386,0.010153846153846156,202.20448403679416,202.1929620183983,0.011522018395851319
0.023384615384615386,0.010461538461538463,197.14005601570338,197.12866607479347,0.011389940909907637
0.023384615384615386,0.010769230769230772,191.96048911670135,191.94925254142024,0.011236575281117211
0.023384615384615386,0.01107692307692308,186.6688084517604,186.65774604992782,0.01106240183258933
0.023384615384615386,0.011384615384615387,181.26810486578566,181.25723669109647,0.01086817468919321
0.023384615384615386,0.011692307692307695,175.7615326201026,175.7508782103112,0.010654409791385433
0.023384615384615386,0.012000000000000002,170.1523081130613,170.14188616586372,0.010421947197585268
0.023384615384615386,0.012307692307692311,164.44370732784014,164.4335360511565,0.010171276683649921
0.023384615384615386,0.012615384615384619,158.6390645730298,158.62916138190727,0.009903191122532462
0.023384615384615386,0.012923076923076926,152.74176997798705,152.7321517494694,0.009618228517638272
0.023384615384615386,0.013230769230769233,146.75526805787317,146.74595084140623,0.009317216466939726
0.023384615384615386,0.013538461538461541,140.6830551114532,140.6740544304742,0.009000680978999753
0.023384615384615386,0.013846153846153848,134.5286777554305,134.52000833319053,0.008669422239961477
0.023384615384615386,0.014153846153846157,128.29573033759573,128.28740633917556,0.008323998420166845
0.023384615384615386,0.014461538461538465,121.98785332295864,121.97988811248143,0.007965210477209439
0.023384615384615386,0.014769230769230772,115.60873069877302,115.60113706613029,0.0075936326427239464
0.023384615384615386,0.01507692307692308,109.16208825303704,109.15487821110516,0.007210041931884348
0.023384615384615386,0.015384615384615387,102.65169102180319,102.64487598104829,0.006815040754901247
0.023384615384615386,0.015692307692307696,96.08134141960758,96.07493203393777,0.006409385669812195
0.023384615384615386,0.016000000000000004,89.45487675675595,89.44888303202657,0.005993724729378869
0.023384615384615386,0.01630769230769231,82.7761671831979,82.77059840133975,0.005568781858144689
0.023384615384615386,0.01661538461538462,76.04911330495639,76.04397807203861,0.005135232917780286
0.023384615384615386,0.016923076923076926,69.27764400024243,69.2729502009711,0.004693799271336729
0.023384615384615386,0.017230769230769234,62.46571402500719,62.46146887773929,0.004245147267894822
0.023384615384615386,0.01753846153846154,55.61730182026701,55.6135118156219,0.0037900046451113667
0.023384615384615386,0.01784615384615385,48.73640706600163,48.73307802870219,0.0033290372994443373
0.023384615384615386,0.01815384615384616,41.82704848511584,41.82418549655582,0.0028629885600182092
0.023384615384615386,0.018461538461538467,34.89326136155384,34.890868817864856,0.0023925436889840057
0.023384615384615386,0.018769230769230774,27.939095302666928,27.937176854324534,0.0019184483423941856
0.023384615384615386,0.01907692307692308,20.96861177776973,20.967170366223023,0.0014414115467076272
0.023384615384615386,0.01938461538461539,13.98588181563316,13.984919641071187,0.000962174561973228
0.023384615384615386,0.019692307692307696,6.994983576685233,6.994502116669762,0.0004814600154716686
0.024,0.00030769230769230776,285.2345310955844,285.2336463550364,0.000884740547974161
0.024,0.0006153846153846155,284.98550036125664,284.98376940434497,0.0017309569116719103
0.024,0.0009230769230769233,284.57000980727554,284.5674699575743,0.0025398497012361076
0.024,0.001230769230769231,283.9883021770875,283.9849911218782,0.00331105520933761
0.024,0.001538461538461539,283.24071841588403,283.23667304849386,0.00404536739017658
0.024,0.0018461538461538465,282.3276951670152,282.32295273410324,0.0047424329119394315
0.024,0.002153846153846154,281.24976688448146,281.2443637656392,0.005403118842252752
0.024,0.002461538461538462,280.0075634775708,280.00153600868583,0.006027468884951759
0.024,0.00276923076923077,278.60181144579,278.5951952396547,0.006616206135333869
0.024,0.003076923076923078,277.0333321419724,277.02616272195183,0.007169420020545658
0.024,0.0033846153846153852,275.30304264738777,275.29535472638304,0.007687921004730924
0.024,0.003692307692307693,273.4119540061283,273.40378199607744,0.008172010050884637
0.024,0.004000000000000001,271.36117153369923,271.3525491562421,0.00862237745712946
0.024,0.004307692307692308,269.151893404336,269.1428540690921,0.009039335243926416
0.024,0.004615384615384617,266.78541075313825,266.77598713433235,0.00942361880589715
0.024,0.004923076923076924,264.26310617277204,264.2533305356009,0.009775637171117069
0.024,0.0052307692307692315,261.58645345302733,261.57635743331247,0.010096019714865179
0.024,0.00553846153846154,258.7570162817284,258.74663110437416,0.010385177354237385
0.024,0.005846153846153847,255.77644785358447,255.76580402927584,0.010643824308630201
0.024,0.006153846153846156,252.64648935239794,252.6356169270882,0.010872425309742084
0.024,0.006461538461538463,249.36896932441297,249.3578977389316,0.011071585481374768
0.024,0.0067692307692307704,245.94580233246342,245.93456056051008,0.011241771953336865
0.024,0.007076923076923079,242.37898822568926,242.36760452433342,0.011383701355839548
0.024,0.007384615384615386,238.67061049492008,238.6591126322798,0.011497862640283074
0.024,0.007692307692307694,234.82283540236185,234.81125053918166,0.011584863180189586
0.024,0.008000000000000002,230.83791048150417,230.82626528814404,0.01164519336012404
0.024,0.00830769230769231,226.71816360457956,226.70648399833485,0.011679606244712204
0.024,0.008615384615384617,222.46600109980056,222.45431250601277,0.011688593787795298
0.024,0.008923076923076924,218.08390675207417,218.07223395958644,0.011672792487729566
0.024,0.009230769230769233,213.57444007263553,213.56280736952593,0.011632703109597742
0.024,0.00953846153846154,208.94023522729975,208.92866611397275,0.011569113326999059
0.024,0.009846153846153848,204.18399890504517,204.17251640092087,0.011482504124302295
0.024,0.010153846153846156,199.3085092468234,199.2971356878677,0.011373558955710905
0.024,0.010461538461538463,194.31661384546425,194.3053710598571,0.011242785607151973
0.024,0.010769230769230772,189.21122857724473,189.20013756686174,0.011091010382983768
0.024,0.01107692307692308,183.99533522470196,183.98441652147622,0.010918703225740956
0.024,0.011384615384615387,178.67198036773965,178.66125375791438,0.010726609825269406
0.024,0.011692307692307695,173.24427308826205,173.23375785332772,0.010515234934331374
0.024,0.012000000000000002,167.71538372501482,167.70509831248424,0.010285412530578242
0.024,0.012307692307692311,162.08854133894906,162.07850371686652,0.010037622082535336
0.024,0.012615384615384619,156.36703249016384,156.3572598392714,0.009772650892443835
0.024,0.012923076923076926,150.55419875312367,150.54470772501088,0.0094910281127909
0.024,0.013230769230769233,144.65343531870369,144.6442417408361,0.009193577867591785
0.024,0.013538461538461541,138.66818841422202,138.65930759272229,0.008880821499730018
0.024,0.013846153846153848,132.60195386545615,132.59340031367398,0.008553551782171098
0.024,0.014153846153846157,126.45827455038253,126.45006222272376,0.008212327658768004
0.024,0.014461538461538465,120.24073879592223,120.23288085631808,0.007857939604150488
0.024,0.014769230769230772,113.95297784130993,113.94548687329659,0.007490968013343036
0.024,0.01507692307692308,107.59866410541257,107.59155193468996,0.0071121707226069475
0.024,0.015384615384615387,101.18150872168633,101.17478655957316,0.006722162113163677
0.024,0.015692307692307696,94.7052596346152,94.69893795822657,0.006321676388637343
0.024,0.016000000000000004,88.17369921510657,88.16778784387098,0.005911371235583829
0.024,0.01630769230769231,81.59064216658383,81.58515022425352,0.00549194233030903
0.024,0.01661538461538462,74.95993324448241,74.9548691743745,0.005064070107920315
0.024,0.016923076923076926,68.28544504856228,68.28081659165558,0.004628456906701217
0.024,0.017230769230769234,61.57107571178613,61.56688993486136,0.0041857769247712895
0.024,0.01753846153846154,54.8207466966737,54.817009948092505,0.0037367485811969914
0.024,0.01784615384615385,48.03840041660088,48.03511837118217,0.003282045418707469
0.024,0.01815384615384616,41.227998035686745,41.22517563783036,0.0028223978563843843
0.024,0.018461538461538467,34.393517053125294,34.3911585628231,0.002358490302192706
0.024,0.018769230769230774,27.53894906558385,27.537058019683386,0.0018910459004644053
0.024,0.01907692307692308,20.66829737355859,20.666876610114414,0.0014207634441767425
0.024,0.01938461538461539,13.785574684993845,13.7846263265923,0.0009483584015459456
0.024,0.019692307692307696,6.894800744745728,6.8943262094759135,0.0004745352698147798
0.024615384615384615,0.00030769230769230776,280.4238532405658,280.42296933232797,0.0008839082378244711
0.024615384615384615,0.0006153846153846155,280.1790344532505,280.17730674176045,0.0017277114900480228
0.024615384615384615,0.0009230769230769233,279.7705602020536,279.76802849395676,0.0025317080968534356
0.024615384615384615,0.001230769230769231,279.1986701249342,279.1953735958883,0.0032965290458832897
0.024615384615384615,0.001538461538461539,278.4636993605487,278.45967646188933,0.004022898659343355
0.024615384615384615,0.0018461538461538465,277.5660780173348,277.56136671836856,0.004711298966242339
0.024615384615384615,0.002153846153846154,276.5063316197862,276.50096895291944,0.005362666866744803
0.024615384615384615,0.002461538461538462,275.28507995850913,275.2791024079758,0.005977550533316389
0.024615384615384615,0.00276923076923077,273.90303735950476,273.8964806191917,0.006556740313044429
0.024615384615384615,0.003076923076923078,272.36101158999384,272.3539109987566,0.007100591237247045
0.024615384615384615,0.0033846153846153852,270.6599043317181,270.65229436388944,0.0076099678286709604
0.024615384615384615,0.003692307692307693,268.8007097193234,268.79262441078686,0.008085308536522007
0.024615384615384615,0.004000000000000001,266.7845144667547,266.77598713433235,0.008527332422318068
0.024615384615384615,0.004307692307692308,264.6124966005346,264.6035601939062,0.008936406628379245
0.024615384615384615,0.004615384615384617,262.2859255123567,262.2766122256652,0.009313286691508438
0.024615384615384615,0.004923076923076924,259.8061605048388,259.796502101695,0.009658403143760097
0.024615384615384615,0.0052307692307692315,257.1746505255684,257.16467813646716,0.009972389101221779
0.024615384615384615,0.00553846153846154,254.39293289376067,254.38267724106421,0.010255652696457673
0.024615384615384615,0.005846153846153847,251.46263293595294,251.4521240256669,0.010508910286034734
0.024615384615384615,0.006153846153846156,248.38546247181512,248.3747298508274,0.010732620987710106
0.024615384615384615,0.006461538461538463,245.16321921227606,245.15229182808326,0.010927384192797263
0.024615384615384615,0.0067692307692307704,241.79778542582832,241.78669177049468,0.011093655333638708
0.024615384615384615,0.007076923076923079,238.29112723655402,238.27989509371872,0.011232142835297054
0.024615384615384615,0.007384615384615386,234.6452929928343,234.6339496682618,0.01134332457249343
0.024615384615384615,0.007692307692307694,230.86241242053032,230.8509846235812,0.011427796949107005
0.024615384615384615,0.008000000000000002,226.94469514295398,226.93320910473324,0.011486038220738237
0.024615384615384615,0.00830769230769231,222.89442977139242,222.88291098229485,0.011518789097578974
0.024615384615384615,0.008615384615384617,218.71398204735087,218.70245551631166,0.011526531039208976
0.024615384615384615,0.008923076923076924,214.40579386349987,214.39428397505242,0.011509888447449157
0.024615384615384615,0.009230769230769233,209.97238156062608,209.9609122093775,0.011469351248564408
0.024615384615384615,0.00953846153846154,205.41633487687926,205.4049291835527,0.011405693326565824
0.024615384615384615,0.009846153846153848,200.7403148489164,200.72899546336674,0.011319385549654726
0.024615384615384615,0.010153846153846156,195.94705276157697,195.93584166243616,0.011211099140808756
0.024615384615384615,0.010461538461538463,191.03934817902498,191.02826684760365,0.011081331421337381
0.024615384615384615,0.010769230769230772,186.02006780056382,186.00913690436184,0.010930896201983842
0.024615384615384615,0.01107692307692308,180.8921431172814,180.88138286325696,0.010760254024432925
0.024615384615384615,0.011384615384615387,175.65856932804056,175.6479991882495,0.010570139791042266
0.024615384615384615,0.011692307692307695,170.3224030761226,170.31204202803156,0.010361048091056091
0.024615384615384615,0.012000000000000002,164.88676123408106,164.87662743132208,0.010133802758986121
0.024615384615384615,0.012307692307692311,159.3548184016912,159.3449295271821,0.009888874509101697
0.024615384615384615,0.012615384615384619,153.72980571315364,153.720178671413,0.009627041740628783
0.024615384615384615,0.012923076923076926,148.01500838638398,148.0056595601194,0.009348826264584886
0.024615384615384615,0.013230769230769233,142.2137643551818,142.20470931153915,0.009055043642661076
0.024615384615384615,0.013538461538461541,136.32946173078008,136.32071551726042,0.008746213519657431
0.024615384615384615,0.013846153846153848,130.3655373826567,130.35711426396367,0.008423118693031029
0.024615384615384615,0.014153846153846157,124.32547444986554,124.31738812684331,0.008086323022226338
0.024615384615384615,0.014461538461538465,118.2128007377809,118.20506413588257,0.007736601898329809
0.024615384615384615,0.014769230769230772,112.03108626609628,112.02371171616664,0.007374549929636487
0.024615384615384615,0.01507692307692308,105.7839415074582,105.77694060343943,0.0070009040187670735
0.024615384615384615,0.015384615384615387,99.47501503649453,99.46839873611934,0.006616300375185347
0.024615384615384615,0.015692307692307696,93.10799156806686,93.10177012500579,0.0062214430610794125
0.024615384615384615,0.016000000000000004,86.68658972366713,86.68077270192101,0.005817021746111095
0.024615384615384615,0.01630769230769231,80.21455984864379,80.20915614854232,0.005403700101467734
0.024615384615384615,0.01661538461538462,73.69568190413433,73.69069970669375,0.004982197440583036
0.024615384615384615,0.016923076923076926,67.13376314222052,67.12920997137493,0.004553170845582599
0.024615384615384615,0.017230769230769234,60.53263599260153,60.528518667817366,0.004117324784161269
0.024615384615384615,0.01753846153846154,53.896155734615704,53.89248041386418,0.003675320751526101
0.024615384615384615,0.01784615384615385,47.228198318321915,47.22497046898239,0.003227849339523914
0.024615384615384615,0.01815384615384616,40.532658056351515,40.52988247121994,0.002775585131573166
0.024615384615384615,0.018461538461538467,33.813445386684265,33.81112616343161,0.0023192232526554335
0.024615384615384615,0.018769230769230774,27.07448455594835,27.072625110098134,0.0018594458502150246
0.024615384615384615,0.01907692307692308,20.319711355532135,20.31831440607599,0.001396949456143659
0.024615384615384615,0.01938461538461539,13.553070796516781,13.552138378612215,0.0009324179045666625
0.024615384615384615,0.019692307692307696,6.778514824382672,6.778048283968838,0.00046654041383398237
0.02523076923076923,0.00030769230769230776,274.9582312931902,274.95735147124833,0.0008798219418508779
0.02523076923076923,0.0006153846153846155,274.7181920356206,274.71647699716783,0.001715038452744011
0.02523076923076923,0.0009230769230769233,274.3176830331027,274.315175836643,0.0025071964597032093
0.02523076923076923,0.001230769230769231,273.75694161549006,273.75368233825077,0.0032592772392945335
0.02523076923076923,0.001538461538461539,273.0362965881078,273.03232439838234,0.00397218972545943
0.02523076923076923,0.0018461538461538465,272.15617069320484,272.1515232697609,0.004647423443941534
0.02523076923076923,0.002153846153846154,271.11707914604193,271.11179331544184,0.005285830600087138
0.02523076923076923,0.002461538461538462,269.91963006372066,269.9137417084393,0.005888355281342683
0.02523076923076923,0.00276923076923077,268.5645237777437,268.5580680771542,0.006455700589526714
0.02523076923076923,0.003076923076923078,267.0525524792915,267.0455640968108,0.006988382480699329
0.02523076923076923,0.0033846153846153852,265.38460023110855,265.37711302714104,0.007487203967514233
0.02523076923076923,0.003692307692307693,263.5616418615419,263.55368919658537,0.007952664956519584
0.02523076923076923,0.004000000000000001,261.58474288046887,261.57635743331247,0.00838544715639955
0.02523076923076923,0.004307692307692308,259.45505837933536,259.4462724433897,0.008785935945638812
0.02523076923076923,0.004615384615384617,257.1738329992289,257.16467813646716,0.009154862761761251
0.02523076923076923,0.004923076923076924,254.74239955885696,254.73290689936954,0.009492659487420951
0.02523076923076923,0.0052307692307692315,252.1621787571823,252.1523788180196,0.009799939162689952
0.02523076923076923,0.00553846153846154,249.43467794923401,249.42460084814823,0.01007710108578408
0.02523076923076923,0.005846153846153847,246.56149078224612,246.5511659352746,0.010324846971514035
0.02523076923076923,0.006153846153846156,243.54429571263915,243.53375208447073,0.010543628168420582
0.02523076923076923,0.006461538461538463,240.38485541023883,240.37412138045397,0.010734029784856602
0.02523076923076923,0.0067692307692307704,237.08501545559324,237.07411895857908,0.010896497014158513
0.02523076923076923,0.007076923076923079,233.64670365129857,233.63567192733106,0.011031723967505513
0.02523076923076923,0.007384615384615386,230.07192842193794,230.06078824294815,0.011140178989791139
0.02523076923076923,0.007692307692307694,226.36277798179995,226.35155553683197,0.011222444967984302
0.02523076923076923,0.008000000000000002,222.52141888635796,222.5101398964294,0.011278989928570127
0.02523076923076923,0.00830769230769231,218.5500951404167,218.53878460029873,0.011310540117960954
0.02523076923076923,0.008615384615384617,214.4511263759151,214.43980880809804,0.011317567817059171
0.02523076923076923,0.008923076923076924,210.22690689085917,210.21560620626119,0.011300684597983945
0.02523076923076923,0.009230769230769233,205.8799039808507,205.86864361015242,0.011260370698295219
0.02523076923076923,0.00953846153846154,201.4126569084835,201.40145952351583,0.011197384967687185
0.02523076923076923,0.009846153846153848,196.82777484508864,196.81666265606032,0.011112189028324337
0.02523076923076923,0.010153846153846156,192.12793584084991,192.11693040004684,0.011005440803074862
0.02523076923076923,0.010461538461538463,187.31588489450337,187.30500726676664,0.01087762773673262
0.02523076923076923,0.010769230769230772,182.3944328323565,182.38370328382393,0.010729548532566469
0.02523076923076923,0.01107692307692308,177.36645400890922,177.35589235415895,0.01056165475026205
0.02523076923076923,0.011384615384615387,172.23488524517208,172.22451057776954,0.010374667402544446
0.02523076923076923,0.011692307692307695,167.00272360804496,166.99255453711137,0.010169070933585544
0.02523076923076923,0.012000000000000002,161.673025221183,161.6630795471783,0.00994567400468327
0.02523076923076923,0.012307692307692311,156.2489028090942,156.2391978712844,0.00970493780980064
0.02523076923076923,0.012615384615384619,150.7335245298044,150.72407690358978,0.00944762621463724
0.02523076923076923,0.012923076923076926,145.1301115704879,145.12093731943165,0.009174251056265348
0.02523076923076923,0.013230769230769233,139.44193680584178,139.43305119454058,0.008885611301195695
0.02523076923076923,0.013538461538461541,133.6723223142701,133.6637400942404,0.008582220029694554
0.02523076923076923,0.013846153846153848,127.8246379755609,127.81637313374775,0.008264841813158341
0.02523076923076923,0.014153846153846157,121.90229904828217,121.89436501070332,0.00793403757884903
0.02523076923076923,0.014461538461538465,115.90876456810237,115.90117401108506,0.007590557017309152
0.02523076923076923,0.014769230769230772,109.84753498977335,109.84029998966606,0.007235000107286282
0.02523076923076923,0.01507692307692308,103.72215040046268,103.71528232619833,0.0068680742643465464
0.02523076923076923,0.015384615384615387,97.53618828678422,97.52969785851454,0.006490428269685822
0.02523076923076923,0.015692307692307696,91.29326151784804,91.28715879375525,0.0061027240927842286
0.02523076923076923,0.016000000000000004,84.99701627602907,84.99131059894202,0.005705677087050276
0.02523076923076923,0.01630769230769231,78.65112977555486,78.64582987212714,0.005299903427726349
0.02523076923076923,0.01661538461538462,72.25930835715486,72.2544221953639,0.004886161790963683
0.02523076923076923,0.016923076923076926,65.82528502541938,65.82081997075092,0.004465054668457924
0.02523076923076923,0.017230769230769234,59.352817587243266,59.348780240814776,0.004037346428489741
0.02523076923076923,0.01753846153846154,52.84568614451746,52.8420824945025,0.0036036500149592143
0.02523076923076923,0.01784615384615385,46.30769116538284,46.30452646006692,0.0031647053159247207
0.02523076923076923,0.01815384615384616,39.742651012612384,39.73992988613182,0.002721126480565772
0.02523076923076923,0.018461538461538467,33.15439993900541,33.15212631223516,0.002273626770247006
0.02523076923076923,0.018769230769230774,26.546785659829588,26.544962830148773,0.0018228296808153743
0.02523076923076923,0.01907692307692308,19.9236672579649,19.922297837286028,0.0013694206788734675
0.02523076923076923,0.01938461538461539,13.288912819380142,13.287998783505849,0.0009140358742936172
0.02523076923076923,0.019692307692307696,6.646397257310072,6.645939912631335,0.0004573446787370372
0.02584615384615385,0.00030769230769230776,268.85039917201317,268.84955797556324,0.0008411964499259739
0.02584615384615385,0.0006153846153846155,268.6156806068474,268.614034191465,0.0016464153823676497
0.02584615384615385,0.0009230769230769233,268.2240615654837,268.2216473756738,0.0024141898098832826
0.02584615384615385,0.001230769230769231,267.67577200488336,267.67262667104035,0.003145333843008302
0.02584615384615385,0.001538461538461539,266.9711325372645,266.9672926901954,0.003839847069116331
0.02584615384615385,0.0018461538461538465,266.11055575626614,266.10605732832147,0.0044984279446680375
0.02584615384615385,0.002153846153846154,265.0945451804837,265.089423522617,0.005121657866709484
0.02584615384615385,0.002461538461538462,263.9236951279516,263.9179849585958,0.005710169355779726
0.02584615384615385,0.00276923076923077,262.59869030857715,262.5924257233911,0.006264585186045224
0.02584615384615385,0.003076923076923078,261.12030518712885,261.113519906268,0.006785280860867715
0.02584615384615385,0.0033846153846153852,259.4894041808119,259.48213114657716,0.007273034234742681
0.02584615384615385,0.003692307692307693,257.70694040672714,257.69921212941364,0.007728277313503895
0.02584615384615385,0.004000000000000001,255.77395570715652,255.76580402927576,0.008151677880761099
0.02584615384615385,0.004307692307692308,253.69157948150726,253.6830359020486,0.008543579458660133
0.02584615384615385,0.004615384615384617,251.4610287265766,251.45212402566682,0.008904700909766916
0.02584615384615385,0.004923076923076924,249.0836066360086,249.0743711898429,0.00923544616568961
0.02584615384615385,0.0052307692307692315,246.5607023497929,246.55116593527453,0.009536414518379388
0.02584615384615385,0.00553846153846154,243.89378972479207,243.88398174277594,0.009807982016127426
0.02584615384615385,0.005846153846153847,241.08442700923595,241.07437617280664,0.010050836429314813
0.02584615384615385,0.006153846153846156,238.13425536761684,238.12398995589987,0.01026541171697204
0.02584615384615385,0.006461538461538463,235.04499831444156,235.0345460345223,0.010452279919263674
0.02584615384615385,0.0067692307692307704,231.8184604270297,231.8078485569241,0.010611870105577736
0.02584615384615385,0.007076923076923079,228.45652668560038,228.44578182356716,0.01074486203322067
0.02584615384615385,0.007384615384615386,224.96116089642942,224.9503091867466,0.010851709682810906
0.02584615384615385,0.007692307692307694,221.33440488722556,221.32347190404855,0.010932983177013966
0.02584615384615385,0.008000000000000002,217.57837708294912,217.5673879463129,0.010989136636226249
0.02584615384615385,0.00830769230769231,213.69527164185496,213.68425076079816,0.011020881056793996
0.02584615384615385,0.008615384615384617,209.68735666662093,209.67632799027015,0.011028676350775868
0.02584615384615385,0.008923076923076924,205.5569732691069,205.54596014876213,0.011013120344756544
0.02584615384615385,0.009230769230769233,201.30653393609228,201.29555925478076,0.010974681311523682
0.02584615384615385,0.00953846153846154,196.93852152312238,196.92760742275524,0.010914100367131141
0.02584615384615385,0.009846153846153848,192.45548724204136,192.44465541355228,0.010831828489074269
0.02584615384615385,0.010153846153846156,187.86004965203463,187.84932114490354,0.010728507131091192
0.02584615384615385,0.010461538461538463,183.15489277585868,183.1442881626156,0.010604613243089034
0.02584615384615385,0.010769230769230772,178.34276499794134,178.33230407345448,0.010460924486864087
0.02584615384615385,0.01107692307692308,173.4264768243196,173.416178940621,0.010297883698598298
0.02584615384615385,0.011384615384615387,168.40889983462029,168.3987836427527,0.010116191867581392
0.02584615384615385,0.011692307692307695,163.29296452157791,163.28304819741177,0.009916324166141521
0.02584615384615385,0.012000000000000002,158.0816591162951,158.07196005003723,0.009699066257866207
0.02584615384615385,0.012307692307692311,152.7780271996431,152.76856232936083,0.009464870282272386
0.02584615384615385,0.012615384615384619,147.38516654856272,147.3759520703058,0.00921447825692212
0.02584615384615385,0.012923076923076926,141.90622679584806,141.89727840540536,0.008948390442697018
0.02584615384615385,0.013230769230769233,136.34440810902808,136.33574072579836,0.008667383229720826
0.02584615384615385,0.013538461538461541,130.70295877079838,130.6945868128745,0.008371957923884565
0.02584615384615385,0.013846153846153848,124.98517380162241,124.97711094166195,0.008062859960460855
0.02584615384615385,0.014153846153846157,119.1943925939216,119.18665195706312,0.0077406368584860274
0.02584615384615385,0.014461538461538465,113.33399734579581,113.32659132406353,0.007406021732279555
0.02584615384615385,0.014769230769230772,107.40741075289174,107.40035115305119,0.007059599840545161
0.02584615384615385,0.01507692307692308,101.41809426750049,101.4113922014008,0.006702066099691706
0.02584615384615385,0.015384615384615387,95.36954590499886,95.36321185248879,0.00633405251006991
0.02584615384615385,0.015692307692307696,89.26529828473251,89.25934207331971,0.005956211412794232
0.02584615384615385,0.016000000000000004,83.10891658521237,83.10334735195734,0.005569233255030781
0.02584615384615385,0.01630769230769231,76.90399633789477,76.89882261596377,0.005173721931001296
0.02584615384615385,0.01661538461538462,70.65416152875561,70.64939113306305,0.004770395692560214
0.02584615384615385,0.016923076923076926,64.36306222792513,64.35870239525467,0.004359832670459696
0.02584615384615385,0.017230769230769234,58.03437272534243,58.03042998761343,0.003942737728998225
0.02584615384615385,0.01753846153846154,51.67178913638223,51.66826944301867,0.003519693363557508
0.02584615384615385,0.01784615384615385,45.27902747019874,45.27593608406765,0.00309138613108928
0.02584615384615385,0.01815384615384616,38.85982127172431,38.8571628534312,0.0026584182931088662
0.02584615384615385,0.018461538461538467,32.41791961095608,32.41569813392121,0.002221477034872521
0.02584615384615385,0.018769230769230774,25.957084752949303,25.955303559539534,0.0017811934097693438
0.02584615384615385,0.01907692307692308,19.48109006669919,19.4797518187905,0.0013382479086878618
0.02584615384615385,0.01938461538461539,12.993717739493412,12.99282445153657,0.0008932879568419594
0.02584615384615385,0.019692307692307696,6.498756626079815,6.498309640685949,0.00044698539386622826
0.026461538461538463,0.00030769230769230776,262.1146737565299,262.1138538799889,0.0008198765410156739
0.026461538461538463,0.0006153846153846155,261.88583269549736,261.8842308625837,0.0016018329136500142
0.026461538461538463,0.0009230769230769233,261.50402234015075,261.5016748291158,0.002347511034940908
0.026461538461538463,0.001230769230769231,260.9694666240992,260.9664091815358,0.0030574425633744795
0.026461538461538463,0.001538461538461539,260.2824790025202,260.2787464999086,0.0037325026115695437
0.026461538461538463,0.0018461538461538465,259.44346117039765,259.43908835987537,0.004372810522283999
0.026461538461538463,0.002153846153846154,258.45290435277496,258.4479250981448,0.004979254630143259
0.026461538461538463,0.002461538461538462,257.31138761813924,257.3058355261503,0.0055520919889318066
0.026461538461538463,0.00276923076923077,256.01957864854626,256.0134865920401,0.006092056506133758
0.026461538461538463,0.003076923076923078,254.57823228735492,254.57163299119875,0.006599296156167611
0.026461538461538463,0.0033846153846153852,252.98819135630268,252.98111672552596,0.007074630776713775
0.026461538461538463,0.003692307692307693,251.2503849804169,251.24286661173136,0.007518368685538235
0.026461538461538463,0.004000000000000001,249.36582892440754,249.35789773893157,0.00793118547596805
0.026461538461538463,0.004307692307692308,247.33562422659557,247.3273108758669,0.008313350728656133
0.026461538461538463,0.004615384615384617,245.16095740603208,245.15229182808326,0.008665577948818282
0.026461538461538463,0.004923076923076924,242.8430989725533,242.83411074545518,0.008988227098114976
0.026461538461538463,0.0052307692307692315,240.3834032680347,240.37412138045397,0.009281887580726789
0.026461538461538463,0.00553846153846154,237.7833072026845,237.77376029759463,0.0095469050898771
0.026461538461538463,0.005846153846153847,235.044329989009,235.03454603452235,0.009783954486636048
0.026461538461538463,0.006153846153846156,232.16807166357643,232.15807821522944,0.009993448346989453
0.026461538461538463,0.006461538461538463,229.156212563589,229.14603661591988,0.010175947669125662
0.026461538461538463,0.0067692307692307704,226.01051204784056,226.0001801840675,0.010331863773075156
0.026461538461538463,0.007076923076923079,222.7328078746624,222.72234601123992,0.01046186342247779
0.026461538461538463,0.007384615384615386,219.32501464540678,219.31444826028894,0.010566385117840582
0.026461538461538463,0.007692307692307694,215.7891230356483,215.7784770475335,0.010645988114788452
0.026461538461538463,0.008000000000000002,212.1271983924919,212.11649728058748,0.010701111904410254
0.026461538461538463,0.00830769230769231,208.34137990520261,208.33064745251198,0.010732452690632499
0.026461538461538463,0.008615384615384617,204.43387885031706,204.42313839299572,0.010740457321332997
0.026461538461538463,0.008923076923076924,200.4069776876432,200.3962519772924,0.010725710350811823
0.026461538461538463,0.009230769230769233,196.2630284616091,196.25233979367007,0.010688667939035668
0.026461538461538463,0.00953846153846154,192.00445182271704,191.99382177014994,0.010630052567108805
0.026461538461538463,0.009846153846153848,187.63373506627738,187.62318476133612,0.010550304941261857
0.026461538461538463,0.010153846153846156,183.1534311450284,183.14298109616297,0.010450048865436656
0.026461538461538463,0.010461538461538463,178.56615683881563,178.5558270874067,0.010329751408931998
0.026461538461538463,0.010769230769230772,173.8745916695706,173.8644015038324,0.010190165738208634
0.026461538461538463,0.01107692307692308,169.08147573287314,169.07144400586847,0.01003172700467303
0.026461538461538463,0.011384615384615387,164.18960865841686,164.17975354572226,0.009855112694594936
0.026461538461538463,0.011692307692307695,159.20184752308342,159.19218673287054,0.009660790212876691
0.026461538461538463,0.012000000000000002,154.12110568341953,154.11165616588028,0.009449517539252383
0.026461538461538463,0.012307692307692311,148.9503504702681,148.9411287315328,0.00922173873527754
0.026461538461538463,0.012615384615384619,143.69260204163982,143.68362387224582,0.008978169393998314
0.026461538461538463,0.012923076923076926,138.35093112049773,138.34221182280373,0.008719297694000261
0.026461538461538463,0.013230769230769233,132.92845769083235,132.92001181742722,0.008445873405122484
0.026461538461538463,0.013538461538461541,127.428348649619,127.42019026822814,0.008158381390856562
0.026461538461538463,0.013846153846153848,121.85381646088639,121.84595891611418,0.007857544772207348
0.026461538461538463,0.014153846153846157,116.20811684182736,116.2005729552224,0.007543886604963745
0.026461538461538463,0.014461538461538465,110.49454725647712,110.4873291319778,0.007218124499317469
0.026461538461538463,0.014769230769230772,104.71644462921776,104.7095638198859,0.00688080933186086
0.026461538461538463,0.01507692307692308,98.87718369924927,98.87065107118491,0.006532628064363166
0.026461538461538463,0.015384615384615387,92.98017481656483,92.97400064649409,0.0061741700707358405
0.026461538461538463,0.015692307692307696,87.02886211866033,87.02305602360941,0.0058060950509144504
0.026461538461538463,0.016000000000000004,81.02672142340315,81.02129238660977,0.005429036793373143
0.026461538461538463,0.01630769230769231,74.97725821275955,74.97221459644723,0.005043616312320864
0.026461538461538463,0.01661538461538462,68.88400562942543,68.87935514420693,0.004650485218505196
0.026461538461538463,0.016923076923076926,62.75052235381867,62.74627208823155,0.004250265587117497
0.026461538461538463,0.017230769230769234,56.58039058062482,56.576546976315946,0.003843604308876536
0.026461538461538463,0.01753846153846154,50.37721389944554,50.37378275418352,0.003431145262020152
0.026461538461538463,0.01784615384615385,44.14461518781602,44.14160166146787,0.0030135263481554375
0.026461538461538463,0.01815384615384616,37.886234518635135,37.883643116426285,0.0025914022088500133
0.026461538461538463,0.018461538461538467,31.605726999955635,31.60356159062289,0.0021654093327470036
0.026461538461538463,0.018769230769230774,25.306760673920493,25.305024474819007,0.0017361991014865907
0.026461538461538463,0.01907692307692308,18.993014345922557,18.99170993732114,0.0013044086014168954
0.026461538461538463,0.01938461538461539,12.668175458803574,12.667304776033706,0.0008706827698681252
0.026461538461538463,0.019692307692307696,6.335937929334848,6.335502265473313,0.00043566386153504055
0.02707692307692308,0.00030769230769230776,254.76675290916862,254.76597073354137,0.0007821756272505809
0.02707692307692308,0.0006153846153846155,254.54431772496667,254.54278477802615,0.0015329469405287455
0.02707692307692308,0.0009230769230769233,254.17320481940843,254.17095300422358,0.0022518151848487378
0.02707692307692308,0.001230769230769231,253.65363013859795,253.65069255141867,0.0029375871792751695
0.02707692307692308,0.001538461538461539,252.98589810005666,252.98230723706513,0.003590862991529775
0.02707692307692308,0.0018461538461538465,252.17039843307197,252.16618737936457,0.00421105370739383
0.02707692307692308,0.002153846153846154,251.2076086563943,251.20280956933163,0.004799087062679064
0.02707692307692308,0.002461538461538462,250.09809127312582,250.09273639247823,0.005354880647587379
0.02707692307692308,0.00276923076923077,248.84249528111437,248.8366161002796,0.005879180834767794
0.02707692307692308,0.003076923076923078,247.4415541632268,247.43518223161354,0.006371931613273318
0.02707692307692308,0.0033846153846153852,245.89608712125968,245.88925318439448,0.006833936865206169
0.02707692307692308,0.003692307692307693,244.2069971354112,244.19973173765197,0.007265397759226744
0.02707692307692308,0.004000000000000001,242.37527148045865,242.36760452433336,0.007666956125291335
0.02707692307692308,0.004307692307692308,240.4019802766214,240.39394145513785,0.008038821483552283
0.02707692307692308,0.004615384615384617,238.2882767657849,238.27989509371866,0.008381672066235524
0.02707692307692308,0.004923076923076924,236.0353958197553,236.02669998361858,0.008695836136723756
0.02707692307692308,0.0052307692307692315,233.64465380149718,233.635671927331,0.00898187416618157
0.02707692307692308,0.00553846153846154,231.11744733051054,231.10820721790856,0.009240112601986539
0.02707692307692308,0.005846153846153847,228.45525302264147,228.4457818235672,0.009471199074283732
0.02707692307692308,0.006153846153846156,225.65962605802235,225.6499505257622,0.009675532260160935
0.02707692307692308,0.006461538461538463,222.73219966447977,222.72234601123986,0.00985365323990095
0.02707692307692308,0.0067692307692307704,219.67468387971803,219.66467791859418,0.010005961123852103
0.02707692307692308,0.007076923076923079,216.48886494293563,216.4787318398862,0.010133103049440706
0.02707692307692308,0.007384615384615386,213.17660378314434,213.16636827790828,0.010235505236067866
0.02707692307692308,0.007692307692307694,209.739835271797,209.72952155970333,0.010313712093676486
0.02707692307692308,0.008000000000000002,206.18056685732196,206.17019870697172,0.010368150350245742
0.02707692307692308,0.00830769230769231,202.50087776189372,202.49047826402762,0.010399497866103502
0.02707692307692308,0.008615384615384617,198.70291727298772,198.69250908398737,0.010408189000344237
0.02707692307692308,0.008923076923076924,194.78890386645682,194.77850907389978,0.01039479255703668
0.02707692307692308,0.009230769230769233,190.76112365205873,190.750763899551,0.010359752507724806
0.02707692307692308,0.00953846153846154,186.62192942067395,186.61162565070003,0.010303769973916133
0.02707692307692308,0.009846153846153848,182.37373874249104,182.36351146752446,0.01022727496658149
0.02707692307692308,0.010153846153846156,178.0190330005676,178.0089021290787,0.010130871488883031
0.02707692307692308,0.010461538461538463,173.56035562074715,173.55034060458897,0.010015016158178014
0.02707692307692308,0.010769230769230772,169.00031100255944,168.9904305684307,0.009880434128746174
0.02707692307692308,0.01107692307692308,164.3415624321479,164.3318348796562,0.009727552491682445
0.02707692307692308,0.011384615384615387,159.58683104893151,159.5772740269599,0.009557021971602353
0.02707692307692308,0.011692307692307695,154.73889384234047,154.72952453998946,0.009369302351018405
0.02707692307692308,0.012000000000000002,149.80058248750495,149.79141736793082,0.009165119574134906
0.02707692307692308,0.012307692307692311,144.7747811364203,144.76583622631338,0.008944910106919224
0.02707692307692308,0.012615384615384619,139.66442527164898,139.65571591300161,0.008709358647365661
0.02707692307692308,0.012923076923076926,134.47249953625354,134.46404059435554,0.008458941897998784
0.02707692307692308,0.013230769230769233,129.20203644022243,129.19384206256163,0.0081943776608
0.02707692307692308,0.013538461538461541,123.85611409917693,123.8481979651516,0.007916134025336419
0.02707692307692308,0.013846153846153848,118.43785491345697,118.43023000774303,0.007624905713939256
0.02707692307692308,0.014153846153846157,112.95042332023912,112.94310213105088,0.007321189188246535
0.02707692307692308,0.014461538461538465,107.39702434543457,107.39001866323558,0.007005682198993668
0.02707692307692308,0.014769230769230772,101.78090134636815,101.77422244866527,0.006678897702883546
0.02707692307692308,0.01507692307692308,96.10533446435986,96.09899295418633,0.006341510173527354
0.02707692307692308,0.015384615384615387,90.3736384168585,90.36764435400691,0.005994062851584658
0.02707692307692308,0.015692307692307696,84.58916081511921,84.58352359431245,0.005637220806761434
0.02707692307692308,0.016000000000000004,78.75528000681476,78.75000843874358,0.0052715680711798996
0.02707692307692308,0.01630769230769231,72.87540323488594,72.87050549587711,0.004897739008825397
0.02707692307692308,0.01661538461538462,66.95296457164426,66.94844822986268,0.0045163417815814455
0.02707692307692308,0.016923076923076926,60.99142296981311,60.98729495537606,0.0041280144370503535
0.02707692307692308,0.017230769230769234,54.99426016860754,54.99052681806133,0.003733350546205827
0.02707692307692308,0.01753846153846154,48.964978751139796,48.96164576163926,0.0033329895005351773
0.02707692307692308,0.01784615384615385,42.90710000572298,42.90417248287129,0.002927522851692288
0.02707692307692308,0.01815384615384616,36.82416198319892,36.8216443755712,0.002517607627716245
0.02707692307692308,0.018461538461538467,30.71971731677381,30.71761346486767,0.0021038519061384875
0.02707692307692308,0.018769230769230774,24.597331244815614,24.59564433292045,0.0016869118951632345
0.02707692307692308,0.01907692307692308,18.460579450812805,18.459312037305697,0.0012674135071080173
0.02707692307692308,0.01938461538461539,12.313046028479766,12.31220002328245,0.0008460051973155913
0.02707692307692308,0.019692307692307696,6.158321352270956,6.1578980311619675,0.0004233211089887945
0.027692307692307693,0.00030769230769230776,246.82384471429776,246.82306985777612,0.0007748565216445513
0.027692307692307693,0.0006153846153846155,246.60835243605587,246.60684222529133,0.0015102107645361684
0.027692307692307693,0.0009230769230769233,246.24881335440307,246.24660314149077,0.0022102129123027225
0.027692307692307693,0.001230769230769231,245.74543888078333,245.74256297585495,0.0028759049283735294
0.027692307692307693,0.001538461538461539,245.09852529535763,245.09501607364666,0.003509221710970678
0.027692307692307693,0.0018461538461538465,244.308450537916,244.30434058402162,0.004109953894385399
0.027692307692307693,0.002153846153846154,243.3756776873187,243.3709982392,0.004679448118707796
0.027692307692307693,0.002461538461538462,242.30075170423288,242.29553408482792,0.0052176194049593505
0.027692307692307693,0.00276923076923077,241.08430148169325,241.07857616168607,0.005725320007172741
0.027692307692307693,0.003076923076923078,239.7270375618145,239.7208351389315,0.006202422883006875
0.027692307692307693,0.0033846153846153852,238.2297536420967,238.22310389908708,0.006649743009631948
0.027692307692307693,0.003692307692307693,236.5933245186812,236.58625707502011,0.007067443661071593
0.027692307692307693,0.004000000000000001,234.81870668429374,234.8112505391816,0.007456145112143986
0.027692307692307693,0.004307692307692308,232.9069368870966,232.8991208454037,0.007816041692905173
0.027692307692307693,0.004615384615384617,230.85913240591708,230.85098462358118,0.008147782335896636
0.027692307692307693,0.004923076923076924,228.67648962064047,228.66803792759134,0.008451693049124742
0.027692307692307693,0.0052307692307692315,226.3602838467035,226.35155553683194,0.008728309871571582
0.027692307692307693,0.00553846153846154,223.9118681721085,223.9028902117862,0.008977960322312128
0.027692307692307693,0.005846153846153847,221.33267317001835,221.3234719040486,0.009201265969750239
0.027692307692307693,0.006153846153846156,218.62420554531772,218.61480692127338,0.009398624044337112
0.027692307692307693,0.006461538461538463,215.78804760410708,215.7784770475335,0.009570556573578415
0.027692307692307693,0.0067692307692307704,212.82585607832053,212.81613861960304,0.00971745871748908
0.027692307692307693,0.007076923076923079,209.7393615174121,209.72952155970336,0.009839957708749125
0.027692307692307693,0.007384615384615386,206.53036683774965,206.520428365277,0.00993847247264057
0.027692307692307693,0.007692307692307694,203.20074658906856,203.19073305638037,0.010013532688191162
0.027692307692307693,0.008000000000000002,199.75244563686877,199.74238008130823,0.010065555560544226
0.027692307692307693,0.00830769230769231,196.18747838116857,196.1773831810911,0.010095200077472555
0.027692307692307693,0.008615384615384617,192.50792710365724,192.49782421352708,0.010102890130156084
0.027692307692307693,0.008923076923076924,188.7159411163474,188.70585193743537,0.010089178912039642
0.027692307692307693,0.009230769230769233,184.81373525769425,184.80368075784176,0.010054499852486742
0.027692307692307693,0.00953846153846154,180.80358896544195,180.7935894328286,0.009999532613335305
0.027692307692307693,0.009846153846153848,176.68784444087396,176.6779197428039,0.009924698070051363
0.027692307692307693,0.010153846153846156,172.4689057039401,172.45907512296782,0.009830580972277403
0.027692307692307693,0.010461538461538463,168.1492368888934,168.13951925977403,0.009717629119364801
0.027692307692307693,0.010769230769230772,163.73136119170508,163.72177465220628,0.009586539498798174
0.027692307692307693,0.01107692307692308,159.2178588719851,159.20842113870998,0.009437733275120763
0.027692307692307693,0.011384615384615387,154.611366225563,154.6020943906393,0.009271834923680444
0.027692307692307693,0.011692307692307695,149.91457367235395,149.90548437309909,0.009089299254867456
0.027692307692307693,0.012000000000000002,145.13022459405647,145.1213337740813,0.008890819975164277
0.027692307692307693,0.012307692307692311,140.26111323233704,140.2524364028122,0.00867682952483051
0.027692307692307693,0.012615384615384619,135.31008354012388,135.30163555824663,0.008447981877253596
0.027692307692307693,0.012923076923076926,130.28002711526563,130.27182236866128,0.008204746604349111
0.027692307692307693,0.013230769230769233,125.17388191247865,125.16593410331747,0.00794780916118043
0.027692307692307693,0.013538461538461541,119.99463008466797,119.98695245717829,0.007677627489684369
0.027692307692307693,0.013846153846153848,114.74529667871816,114.73790180968305,0.007394869035110219
0.027692307692307693,0.014153846153846157,109.4289474712395,109.42184745859451,0.007100012644983167
0.027692307692307693,0.014461538461538465,104.04868756855674,104.04189382995165,0.006793738605097133
0.027692307692307693,0.014769230769230772,98.60765919767283,98.60118266517193,0.006476532500897747
0.027692307692307693,0.01507692307692308,93.1090402446148,93.1028911863631,0.006149058251708084
0.027692307692307693,0.015384615384615387,87.55604206395785,87.55023024091484,0.005811823043003983
0.027692307692307693,0.015692307692307696,81.95190792253433,81.94644242645411,0.005465496080219623
0.027692307692307693,0.016000000000000004,76.29991081783163,76.29480019725976,0.005110620571869617
0.027692307692307693,0.01630769230769231,70.6033517859012,70.59860395324124,0.004747832659958817
0.027692307692307693,0.01661538461538462,64.8655578252539,64.86118011259802,0.004377712655880828
0.027692307692307693,0.016923076923076926,59.08988008386458,59.08587916928484,0.004000914579741277
0.027692307692307693,0.017230769230769234,53.27969176251568,53.27607373641801,0.003618026097669258
0.027692307692307693,0.01753846153846154,47.43838627279938,47.43515657676387,0.0032296960355040483
0.027692307692307693,0.01784615384615385,41.56937513548195,41.56653862146126,0.002836514020685854
0.027692307692307693,0.01815384615384616,35.67608610590547,35.67364697813333,0.002439127772142058
0.027692307692307693,0.018461538461538467,29.761961048508528,29.759922929553987,0.0020381189545410905
0.027692307692307693,0.018769230769230774,23.830454031580395,23.828819924034654,0.0016341075457404486
0.027692307692307693,0.01907692307692308,17.88502924124797,17.8838015587085,0.0012276825394685886
0.027692307692307693,0.01938461538461539,11.929159012818092,11.928339556886765,0.0008194559313263738
0.027692307692307693,0.019692307692307696,5.966321767024975,5.965911740670504,0.0004100263544710714
0.028307692307692308,0.00030769230769230776,238.30442877543607,238.30370226572546,0.0007265097106028406
0.028307692307692308,0.0006153846153846155,238.09636280677682,238.0949379659257,0.00142484085111505
0.028307692307692308,0.0009230769230769233,237.74922743251662,237.74713292719917,0.002094505317444373
0.028307692307692308,0.001230769230769231,237.26322426894416,237.26049025789416,0.0027340110499949333
0.028307692307692308,0.001538461538461539,236.6386380537275,236.63529414362554,0.0033439101019610007
0.028307692307692308,0.0018461538461538465,235.87583301318827,235.87190968131824,0.003923331870026914
0.028307692307692308,0.002153846153846154,234.97525576280682,234.97078266600104,0.004473096805782006
0.028307692307692308,0.002461538461538462,233.93743227951333,233.93243933047484,0.004992949038495453
0.028307692307692308,0.00276923076923077,232.7629695599033,232.7574860380074,0.005483521895882859
0.028307692307692308,0.003076923076923078,231.4525536176955,231.44660892823438,0.005944689461102826
0.028307692307692308,0.0033846153846153852,230.0069506361228,230.00057351647314,0.006377119649670249
0.028307692307692308,0.003692307692307693,228.42700523734482,228.42022424668318,0.006780990661638953
0.028307692307692308,0.004000000000000001,226.71364084025063,226.70648399833482,0.007156841915815448
0.028307692307692308,0.004307692307692308,224.86785844644376,224.86035354747352,0.0075048989702395374
0.028307692307692308,0.004615384615384617,222.89073672628254,222.88291098229485,0.007825743987694977
0.028307692307692308,0.004923076923076924,220.7834307916431,220.7753110735713,0.008119718071810667
0.028307692307692308,0.0052307692307692315,218.54717192042497,218.5387846002987,0.008387320126274744
0.028307692307692308,0.00553846153846154,216.18326652156387,216.17463763095608,0.008628890607781159
0.028307692307692308,0.005846153846153847,213.69309577496264,213.6842507607982,0.008845014164450049
0.028307692307692308,0.006153846153846156,211.0781143945292,211.069078305627,0.00903608890220653
0.028307692307692308,0.006461538461538463,208.33985006638514,208.33064745251198,0.009202613873156906
0.028307692307692308,0.0067692307692307704,205.47990234983328,205.47055736795613,0.009344981877148939
0.028307692307692308,0.007076923076923079,202.49994206014733,202.49047826402764,0.009463796119689505
0.028307692307692308,0.007384615384615386,199.4017098907423,199.39215042300293,0.00955946773936489
0.028307692307692308,0.007692307692307694,196.18701569086602,196.1773831810911,0.009632509774917253
0.028307692307692308,0.008000000000000002,192.85773720137541,192.84805387183232,0.009683329543094032
0.028307692307692308,0.00830769230769231,189.4158192943699,189.40610672978804,0.009712564581860761
0.028307692307692308,0.008615384615384617,185.8632723825972,185.8535517551626,0.009720627434575135
0.028307692307692308,0.008923076923076924,182.2021715939679,182.19246354001993,0.009708053947974804
0.028307692307692308,0.009230769230769233,178.4346553229895,178.4249800567799,0.009675266209598021
0.028307692307692308,0.00953846153846154,174.56292433013087,174.55330140970307,0.009622920427801773
0.028307692307692308,0.009846153846153848,170.58923997762508,170.5796885500913,0.009551427533779133
0.028307692307692308,0.010153846153846156,166.51592330737876,166.5064619559561,0.009461351422658026
0.028307692307692308,0.010461538461538463,162.34535340712674,162.3360002769249,0.009353130201844806
0.028307692307692308,0.010769230769230772,158.0799663753773,158.07073894517637,0.009227430200922981
0.028307692307692308,0.01107692307692308,153.72225341931443,153.71316875321685,0.00908466609757852
0.028307692307692308,0.011384615384615387,149.27475983336623,149.26583439932764,0.00892543403858781
0.028307692307692308,0.011692307692307695,144.7400831850906,144.7313330015327,0.008750183557907576
0.028307692307692308,0.012000000000000002,140.12087215311374,140.1123125809551,0.008559572158645778
0.028307692307692308,0.012307692307692311,135.4198245448002,135.41147051544695,0.008354029353256465
0.028307692307692308,0.012615384615384619,130.6396861393511,130.6315519643971,0.00813417495402291
0.028307692307692308,0.012923076923076926,125.78324873960885,125.77534826563493,0.00790047397391902
0.028307692307692308,0.013230769230769233,120.85334887513169,120.84569530536801,0.007653569763675705
0.028307692307692308,0.013538461538461541,115.85286577918937,115.84547186210415,0.007393917085224189
0.028307692307692308,0.013846153846153848,110.78472006925988,110.77759792552604,0.007122143733838016
0.028307692307692308,0.014153846153846157,105.65187171336845,105.6450329912993,0.006838722069147707
0.028307692307692308,0.014461538461538465,100.45731862035046,100.4507743328106,0.006544287539867355
0.028307692307692308,0.014769230769230772,95.20409456681146,95.19785525084404,0.0062393159674201115
0.028307692307692308,0.01507692307692308,89.895267732394,89.88934330221934,0.0059244301746588235
0.028307692307692308,0.015384615384615387,84.53393863052186,84.5283385084248,0.005600122097064286
0.028307692307692308,0.015692307692307696,79.12323856766693,79.11797154529192,0.005267022375008423
0.028307692307692308,0.016000000000000004,73.66632756553308,73.6614019147692,0.004925650763880185
0.028307692307692308,0.01630769230769231,68.1663927116331,68.16181609986175,0.004576611771341277
0.028307692307692308,0.01661538461538462,62.626646151319406,62.62242570381511,0.004220447504295066
0.028307692307692308,0.016923076923076926,57.050323350639985,57.04646557462903,0.0038577760109532733
0.028307692307692308,0.017230769230769234,51.440681042400804,51.43719191599793,0.0034891264028757973
0.028307692307692308,0.01753846153846154,45.800995495609534,45.797880385779,0.0031151098305315372
0.028307692307692308,0.01784615384615385,40.13456044813424,40.13182418310082,0.002736265033419727
0.028307692307692308,0.01815384615384616,34.4446853508977,34.4423321252272,0.0023532256704967836
0.028307692307692308,0.018461538461538467,28.73469326673749,28.732726715301975,0.0019665514355153846
0.028307692307692308,0.018769230769230774,23.00791906965792,23.006342202099635,0.001576867558284789
0.028307692307692308,0.01907692307692308,17.267707393398503,17.266522632918793,0.0011847604797097233
0.028307692307692308,0.01938461538461539,11.51741074901436,11.516619900752216,0.0007908482621434842
0.028307692307692308,0.019692307692307696,5.760387514624896,5.759991786876113,0.00039572774878315897
0.028923076923076923,0.00030769230769230776,229.22847892953672,229.22776533514858,0.0007135943881451112
0.028923076923076923,0.0006153846153846155,229.0283458017127,229.02695194672924,0.0013938549834620062
0.028923076923076923,0.0009230769230769233,228.69443657346494,228.69239326786033,0.0020433056046158526
0.028923076923076923,0.001230769230769231,228.22694662210185,228.22428467138906,0.0026619507127918496
0.028923076923076923,0.001538461538461539,227.62615039641622,227.62289951955364,0.0032508768625802986
0.028923076923076923,0.0018461538461538465,226.89239883582437,226.8885890043475,0.00380983147687175
0.028923076923076923,0.002153846153846154,226.0261215333502,226.02178194243305,0.0043395909171408675
0.028923076923076923,0.002461538461538462,225.02782473293635,225.0229845247248,0.004840208211561503
0.028923076923076923,0.00276923076923077,223.89809227511796,223.89278002078822,0.005312254329737698
0.028923076923076923,0.003076923076923078,222.63758428356164,222.6318284382266,0.005755845335045251
0.028923076923076923,0.0033846153846153852,221.24703768337622,221.24086613725524,0.006171546120981475
0.028923076923076923,0.003692307692307693,219.72726506017148,219.7207054006879,0.0065596594835710675
0.028923076923076923,0.004000000000000001,218.07915462652696,218.0722339595864,0.006920666940544606
0.028923076923076923,0.004307692307692308,216.3036693598289,216.29641447485085,0.007254884978038945
0.028923076923076923,0.004615384615384617,214.40184680811026,214.39428397505242,0.007562833057846774
0.028923076923076923,0.004923076923076924,212.3747981421668,212.36695325083838,0.007844891328431913
0.028923076923076923,0.0052307692307692315,210.2237077305089,210.21560620626119,0.008101524247706493
0.028923076923076923,0.00553846153846154,207.94983226416056,207.94149916741213,0.00833309674843008
0.028923076923076923,0.005846153846153847,205.55450030236747,205.5459601487622,0.008540153605281375
0.028923076923076923,0.006153846153846156,203.03911117362262,203.03038807763892,0.008723095983697249
0.028923076923076923,0.006461538461538463,200.40513437507002,200.3962519772924,0.008882397777625783
0.028923076923076923,0.0067692307692307704,197.6541085585493,197.64509010902694,0.009018449522358196
0.028923076923076923,0.007076923076923079,194.7876409008156,194.77850907389984,0.009131826915762531
0.028923076923076923,0.007384615384615386,191.80740580620187,191.79818287451153,0.009222931690345604
0.028923076923076923,0.007692307692307694,188.7151441951347,188.7058519374354,0.009292257699314632
0.028923076923076923,0.008000000000000002,185.51266229756007,185.50332209685737,0.009340200702695256
0.028923076923076923,0.00830769230769231,182.2018309137688,182.19246354001996,0.009367373748830232
0.028923076923076923,0.008615384615384617,178.78458389124603,178.77520971508525,0.00937417616077596
0.028923076923076923,0.008923076923076924,175.26291732629758,175.25355620205585,0.009361124241735297
0.028923076923076923,0.009230769230769233,171.63888817459213,171.62955954741219,0.009328627179939986
0.028923076923076923,0.00953846153846154,167.91461337873196,167.9053360631475,0.009277315584455437
0.028923076923076923,0.009846153846153848,164.09226818008102,164.08306059090097,0.00920758918005049
0.028923076923076923,0.010153846153846156,160.17408522151024,160.16496523191168,0.009119989598559641
0.028923076923076923,0.010461538461538463,156.16235298775504,156.1533380435342,0.009014944220837151
0.028923076923076923,0.010769230769230772,152.0594147902173,152.05052170307755,0.008893087139739464
0.028923076923076923,0.01107692307692308,147.86766696584192,147.85891213974767,0.008754826094246937
0.028923076923076923,0.011384615384615387,143.58955786372042,143.5809571354922,0.00860072822820257
0.028923076923076923,0.011692307692307695,139.22758613334676,139.21915489556477,0.008431237781991285
0.028923076923076923,0.012000000000000002,134.78429956443466,134.77605258964348,0.008246974791177308
0.028923076923076923,0.012307692307692311,130.2622932318429,130.25424486435546,0.008048367487447194
0.028923076923076923,0.012615384615384619,125.66420832940122,125.65637232807649,0.007836001324733388
0.028923076923076923,0.012923076923076926,120.99273034851211,120.98512000888985,0.007610339622260653
0.028923076923076923,0.013230769230769233,116.25058776734798,116.24321578660572,0.007371980742263418
0.028923076923076923,0.013538461538461541,111.44055018423859,111.43342879975597,0.007121384482616122
0.028923076923076923,0.013846153846153848,106.56542696676681,106.5585678284956,0.006859138271209986
0.028923076923076923,0.014153846153846157,101.62806537727259,101.62147965435372,0.006585722918870829
0.028923076923076923,0.014461538461538465,96.63134912188221,96.62504739779384,0.006301724088373817
0.028923076923076923,0.014769230769230772,91.57819646531125,91.57218883455222,0.006007630759029325
0.028923076923076923,0.01507692307692308,86.47155871176307,86.4658546917394,0.005704020023671319
0.028923076923076923,0.015384615384615387,81.31441831920388,81.30902692469849,0.005391394505394942
0.028923076923076923,0.015692307692307696,76.10978730984282,76.10471697562708,0.005070334215730554
0.028923076923076923,0.016000000000000004,70.86070537498851,70.85596401498012,0.004741360008395645
0.028923076923076923,0.01630769230769231,65.57023820264209,65.56583316667968,0.0044050359624066004
0.028923076923076923,0.01661538461538462,60.24147560502096,60.237413718169144,0.0040618868518151885
0.028923076923076923,0.016923076923076926,54.87752982531831,54.87381731635594,0.0037125089623728513
0.028923076923076923,0.017230769230769234,49.481533568801986,49.478176150497916,0.0033574183040698813
0.028923076923076923,0.01753846153846154,44.05663835592259,44.0536411230925,0.002997232830090013
0.028923076923076923,0.01784615384615385,38.606012482463726,38.60338000983876,0.0026324726249669084
0.028923076923076923,0.01815384615384616,33.13283938011235,33.130575609745215,0.0022637703671364307
0.028923076923076923,0.018461538461538467,27.640315536189146,27.638423886465525,0.0018916497236212138
0.028923076923076923,0.018769230769230774,22.13164881638546,22.13013210194477,0.0015167144406902366
0.028923076923076923,0.01907692307692308,16.610056449800595,16.60891694346959,0.0011395063310040143
0.028923076923076923,0.01938461538461539,11.078763255518583,11.078002645212887,0.0007606103056954083
0.028923076923076923,0.019692307692307696,5.5409996895381495,5.540619105372258,0.00038058416589148436
0.02953846153846154,0.00030769230769230776,219.617137165611,219.6164563372833,0.0006808283277166538
0.02953846153846154,0.0006153846153846155,219.42539700435236,219.42406286921778,0.0013341351345843577
0.02953846153846154,0.0009230769230769233,219.1054904997271,219.1035319275029,0.0019585722241970416
0.02953846153846154,0.001230769230769231,218.65760458945925,218.65505069318237,0.002553896276879186
0.02953846153846154,0.001538461538461539,218.08200107063365,218.07888106666766,0.0031200039659893264
0.02953846153846154,0.0018461538461538465,217.37901672368181,217.3753595147955,0.003657208886323815
0.02953846153846154,0.002153846153846154,216.54906263082734,216.54489687434065,0.004165756486685268
0.02953846153846154,0.002461538461538462,215.5926242232223,215.58797811209908,0.004646111123207675
0.02953846153846154,0.00276923076923077,214.510260681634,214.50516204168073,0.005098639953274642
0.02953846153846154,0.003076923076923078,213.3026047869049,213.29708099717814,0.005523789726765926
0.02953846153846154,0.0033846153846153852,211.9703624216516,211.96444046390135,0.005921957750246065
0.02953846153846154,0.003692307692307693,210.51431227594617,210.5080186663941,0.006293609552074031
0.02953846153846154,0.004000000000000001,208.9353052580692,208.9286661139727,0.006639144096510563
0.02953846153846154,0.004307692307692308,207.23426409780566,207.22730510405262,0.006958993753045206
0.02953846153846154,0.004615384615384617,205.41218278069047,205.40492918355264,0.007253597137832912
0.02953846153846154,0.004923076923076924,203.4701259518096,203.46260256869158,0.007523383118012816
0.02953846153846154,0.0052307692307692315,201.40922829609934,201.40145952351577,0.007768772583574446
0.02953846153846154,0.00553846153846154,199.23069385893834,199.22270369752107,0.007990161417268382
0.02953846153846154,0.005846153846153847,196.9357954685546,196.92760742275524,0.008188045799357724
0.02953846153846154,0.006153846153846156,194.52587380239075,194.51751097081194,0.008362831578807572
0.02953846153846154,0.006461538461538463,192.00233673221356,191.99382177014988,0.008514962063685516
0.02953846153846154,0.0067692307692307704,189.36665841049688,189.35801358419414,0.008644826302742104
0.02953846153846154,0.007076923076923079,186.62037861806388,186.61162565070003,0.00875296736384712
0.02953846153846154,0.007384615384615386,183.76510155980847,183.75626178288127,0.008839776927203502
0.02953846153846154,0.007692307692307694,180.80249515872134,180.79358943282858,0.00890572589275962
0.02953846153846154,0.008000000000000002,177.73428991524867,177.72533871776432,0.00895119748435036
0.02953846153846154,0.00830769230769231,174.56227818640497,174.55330140970304,0.008976776701928202
0.02953846153846154,0.008615384615384617,171.28831273724225,171.27932988910686,0.008982848135389077
0.02953846153846154,0.008923076923076924,167.91430596904982,167.90533606314744,0.008969905902375785
0.02953846153846154,0.009230769230769233,164.44222859370964,164.43329024920618,0.008938344503462758
0.02953846153846154,0.00953846153846154,160.87410879094156,160.86522002426435,0.008888766677216609
0.02953846153846154,0.009846153846153848,157.21203059965265,157.20320904085497,0.008821558797677653
0.02953846153846154,0.010153846153846156,153.4581330489135,153.4493958102688,0.008737238644698664
0.02953846153846154,0.010461538461538463,149.61460867402877,149.60597245372364,0.008636220305135112
0.02953846153846154,0.010769230769230772,145.68370252677443,145.67518342222743,0.00851910454699123
0.02953846153846154,0.01107692307692308,141.66771047522835,141.659324185882,0.008386289346333342
0.02953846153846154,0.011384615384615387,137.5689782061571,137.5607398933933,0.008238312763808153
0.02953846153846154,0.011692307692307695,133.3898996130324,133.38182400257034,0.008075610462071836
0.02953846153846154,0.012000000000000002,129.13291564767485,129.12501688261355,0.007898765061298718
0.02953846153846154,0.012307692307692311,124.80051258938262,124.79280438900757,0.007708200375049046
0.02953846153846154,0.012615384615384619,120.39522088042786,120.38771641185198,0.007504468575874057
0.02953846153846154,0.012923076923076926,115.91961342662579,115.91232539847643,0.0072880281493610255
0.02953846153846154,0.013230769230769233,111.376304283406,111.369244851204,0.007059432201998561
0.02953846153846154,0.013538461538461541,106.76794694577895,106.76112780113934,0.006819144639607089
0.02953846153846154,0.013846153846153848,102.09723297215496,102.09066525887343,0.006567713281526721
0.02953846153846154,0.014153846153846157,97.36689027232212,97.36058464300882,0.0063056293133030294
0.02953846153846154,0.014461538461538465,92.57968161260746,92.57364818742438,0.006033425183076702
0.02953846153846154,0.014769230769230772,87.73840294018339,87.73265132820809,0.0057516119752989425
0.02953846153846154,0.01507692307692308,82.84588178769702,82.84042107120146,0.005460716495562679
0.02953846153846154,0.015384615384615387,77.9049756070756,77.89981434110751,0.005161265968084194
0.02953846153846154,0.015692307692307696,72.91857008599325,72.91371631312717,0.004853772866084682
0.02953846153846154,0.016000000000000004,67.8895775174679,67.88503872809832,0.0045387893695760795
0.02953846153846154,0.01630769230769231,62.82093500751267,62.816718192121165,0.004216815391501427
0.02953846153846154,0.01661538461538462,57.71560286185287,57.7117144616629,0.003888400189971719
0.02953846153846154,0.016923076923076926,52.57656276616891,52.573008715143104,0.0035540510258087465
0.02953846153846154,0.017230769230769234,47.40681609761975,47.40360181200994,0.0032142856098147377
0.02953846153846154,0.01753846153846154,42.20938216612756,42.20651254032223,0.002869625805331566
0.02953846153846154,0.01784615384615385,36.98729643004812,36.9847758538627,0.002520576185418122
0.02953846153846154,0.01815384615384616,31.743608791282597,31.74144109980994,0.0021676914726569407
0.02953846153846154,0.018461538461538467,26.48138172401426,26.47957023800626,0.0018114860079982975
0.02953846153846154,0.018769230769230774,21.203688575067062,21.202236052858456,0.0014525222086057
0.02953846153846154,0.01907692307692308,15.913611693818135,15.91252035891898,0.0010913348991543614
0.02953846153846154,0.01938461538461539,10.614240687590678,10.613512201192563,0.0007284863981151801
0.02953846153846154,0.019692307692307696,5.308670574678894,5.308306051221295,0.0003645234575992973
0.030153846153846156,0.00030769230769230776,209.49289225579415,209.49222292963773,0.0006693261564123532
0.030153846153846156,0.0006153846153846155,209.31000379936867,209.30869872578532,0.001305073583353078
0.030153846153846156,0.0009230769230769233,209.00485187953615,209.00294413609078,0.0019077434453720343
0.030153846153846156,0.001230769230769231,208.57761797422216,208.5751377126243,0.002480261597867184
0.030153846153846156,0.001538461538461539,208.02855201340205,208.02552928229002,0.0030227311120256672
0.030153846153846156,0.0018461538461538465,207.35797673763958,207.3544398009341,0.0035369367054727263
0.030153846153846156,0.002153846153846154,206.56628402674932,206.5622611659155,0.00402286083382819
0.030153846153846156,0.002461538461538462,205.6539375682052,205.64945598724896,0.0044815809562521736
0.030153846153846156,0.00276923076923077,204.6214705927393,204.61655731745392,0.004913275285389318
0.030153846153846156,0.003076923076923078,203.46948709448444,203.46416834026672,0.00531875421771133
0.030153846153846156,0.0033846153846153852,202.19866023654293,202.1929620183983,0.005698218144630118
0.030153846153846156,0.003692307692307693,200.80973299230763,200.80368070054297,0.006052291764660822
0.030153846153846156,0.004000000000000001,199.3035169581073,199.29713568786767,0.0063812702396433
0.030153846153846156,0.004307692307692308,197.68089245919685,197.67420676023494,0.006685698961916842
0.030153846153846156,0.004615384615384617,195.94280758556778,195.93584166243616,0.0069659231316165915
0.030153846153846156,0.004923076923076924,194.09027797075808,194.08305555073545,0.007222420022628739
0.030153846153846156,0.0052307692307692315,192.1243859627763,192.1169304000468,0.007455562729489884
0.030153846153846156,0.00553846153846154,190.04628015311826,190.03861437209147,0.007665781026787499
0.030153846153846156,0.005846153846153847,187.85717466646184,187.84932114490357,0.007853521558274679
0.030153846153846156,0.006153846153846156,185.55834840223534,185.55032920407643,0.008019198158905283
0.030153846153846156,0.006461538461538463,183.1511443208983,183.14298109616297,0.008163224735341146
0.030153846153846156,0.0067692307692307704,180.63696863678553,180.62868264466638,0.008285992119141383
0.030153846153846156,0.007076923076923079,178.0172901409675,178.00890212907873,0.008388011888769142
0.030153846153846156,0.007384615384615386,175.29363909559328,175.28516942744707,0.008469668146204867
0.030153846153846156,0.007692307692307694,172.46760653307135,172.45907512296782,0.008531410103529424
0.030153846153846156,0.008000000000000002,169.54084318539375,169.53226957513084,0.008573610262914144
0.030153846153846156,0.00830769230769231,166.51505878204836,166.50646195595613,0.008596826092230003
0.030153846153846156,0.008615384615384617,163.39202068028735,163.38341925188539,0.008601428401959765
0.030153846153846156,0.008923076923076924,160.17355312128828,160.16496523191168,0.008587889376599378
0.030153846153846156,0.009230769230769233,156.86153597156314,156.85297938254973,0.008556589013409166
0.030153846153846156,0.00953846153846154,153.45790391198184,153.44939581026884,0.00850810171300509
0.030153846153846156,0.009846153846153848,149.96464491202235,149.95620211202896,0.008442799993389372
0.030153846153846156,0.010153846153846156,146.38379939184153,146.37543821458016,0.008361177261377861
0.030153846153846156,0.010461538461538463,142.71745881639148,142.7091951832029,0.008263633188590802
0.030153846153846156,0.010769230769230772,138.9677647349517,138.95961400058462,0.008150734367063706
0.030153846153846156,0.01107692307692308,135.1369071838324,135.1288843165464,0.008022867286001656
0.030153846153846156,0.011384615384615387,131.2271237094828,131.21924316934883,0.007880540133982095
0.030153846153846156,0.011692307692307695,127.24069785711866,127.2329736793249,0.007724177793761555
0.030153846153846156,0.012000000000000002,123.17995804030426,123.17240371560189,0.007554324702368831
0.030153846153846156,0.012307692307692311,119.04727593425271,119.03990453669135,0.007371397561357185
0.030153846153846156,0.012615384615384619,114.84506532051931,114.83788940574108,0.007175914778230208
0.030153846153846156,0.012923076923076926,110.57578050834653,110.56881218125713,0.006968327089396098
0.030153846153846156,0.013230769230769233,106.24191502579775,106.23516588411977,0.006749141677985904
0.030153846153846156,0.013538461538461541,101.84600006378703,101.83948124172932,0.0065188220577141465
0.030153846153846156,0.013846153846153848,97.39060308412563,97.38432521013283,0.006277873992800664
0.030153846153846156,0.014153846153846157,92.87832626729633,92.87229947499378,0.006026792302549211
0.030153846153846156,0.014461538461538465,88.31180498332549,88.30603893228115,0.0057660510443326984
0.030153846153846156,0.014769230769230772,83.69370632573035,83.68821014956417,0.005496176166175815
0.030153846153846156,0.01507692307692308,79.02672744671112,79.02150980881214,0.005217637898979888
0.030153846153846156,0.015384615384615387,74.31359411409157,74.30866313160803,0.004930982483543289
0.030153846153846156,0.015692307692307696,69.55705893393531,69.55242228769565,0.004636646239660536
0.030153846153846156,0.016000000000000004,64.75990000280183,64.75556478779029,0.004335215011536775
0.030153846153846156,0.01630769230769231,59.92491897712884,59.92089186159057,0.004027115538271175
0.030153846153846156,0.01661538461538462,55.054939764910486,55.05122682193917,0.0037129429713189666
0.030153846153846156,0.016923076923076926,50.1528065458719,50.149413416087484,0.003393129784413418
0.030153846153846156,0.017230769230769234,45.22138242874044,45.2183141650277,0.0030682637127412704
0.030153846153846156,0.01753846153846154,40.26354750252548,40.260808691860674,0.002738810664808966
0.030153846153846156,0.01784615384615385,35.28219736571248,35.279792040177554,0.0024053255349230085
0.030153846153846156,0.01815384615384616,30.280241277560282,30.278172983435393,0.0020682941248892917
0.030153846153846156,0.018461538461538467,25.260600561952806,25.258872326316077,0.0017282356367296359
0.030153846153846156,0.018769230769230774,20.22620684081224,20.224821199057743,0.0013856417544957367
0.030153846153846156,0.01907692307692308,15.180000362683433,15.178959345757974,0.001041016925459104
0.030153846153846156,0.01938461538461539,10.124928271029104,10.124233407645589,0.0006948633835150986
0.030153846153846156,0.019692307692307696,5.063942889957687,5.063595202325505,0.00034768763218195886
0.03076923076923077,0.00030769230769230776,198.8793421677037,198.87871072844516,0.0006314392585409223
0.03076923076923077,0.0006153846153846155,198.7057199829931,198.70448441808762,0.0012355649054711648
0.03076923076923077,0.0009230769230769233,198.4160303799865,198.41422028442486,0.0018100955616375813
0.03076923076923077,0.001230769230769231,198.0104443970641,198.008087833537,0.0023565635271154406
0.03076923076923077,0.001538461538461539,197.48919851998022,197.48632423533854,0.0028742846416776047
0.03076923076923077,0.0018461538461538465,196.852599078553,196.84923418507776,0.0033648934752363857
0.03076923076923077,0.002153846153846154,196.10101782080457,196.0971897254033,0.0038280954012748225
0.03076923076923077,0.002461538461538462,195.23489511116256,195.23063002910172,0.004265082060840086
0.03076923076923077,0.00276923076923077,194.25473707364642,194.25006114263303,0.004675931013395029
0.03076923076923077,0.003076923076923078,193.16111731771772,193.15605569061375,0.005061627103970068
0.03076923076923077,0.0033846153846153852,191.95467482018253,191.9492525414202,0.005422278762324595
0.03076923076923077,0.003692307692307693,190.63611506264388,190.63035643410754,0.005758628536341348
0.03076923076923077,0.004000000000000001,189.2062084818394,189.2001375668617,0.006070914977698294
0.03076923076923077,0.004307692307692308,187.66579092422649,187.65943114722577,0.006359777000710665
0.03076923076923077,0.004615384615384617,186.0157624048531,186.00913690436184,0.006625500491253433
0.03076923076923077,0.004923076923076924,184.25708717650824,184.25021856363486,0.006868612873375923
0.03076923076923077,0.0052307692307692315,182.39079273505845,182.38370328382393,0.0070894512345205385
0.03076923076923077,0.00553846153846154,180.4179695352414,180.41068105729076,0.00728847795065235
0.03076923076923077,0.005846153846153847,178.33977017519754,178.3323040734545,0.0074661017430344145
0.03076923076923077,0.006153846153846156,176.15740879258996,176.1497860459459,0.007622746644074141
0.03076923076923077,0.006461538461538463,173.87216030618453,173.86440150383237,0.00775880235215709
0.03076923076923077,0.0067692307692307704,171.4853597081428,171.47748504732928,0.007874660813513401
0.03076923076923077,0.007076923076923079,168.99840137584854,168.99043056843072,0.00797080741781997
0.03076923076923077,0.007384615384615386,166.4127380552326,166.40469043691593,0.008047618316680882
0.03076923076923077,0.007692307692307694,163.72988017598416,163.72177465220628,0.008105523777885537
0.03076923076923077,0.008000000000000002,160.9513948458834,160.94324996156809,0.008144884315328227
0.03076923076923077,0.00830769230769231,158.07890517779532,158.07073894517637,0.008166232618947333
0.03076923076923077,0.008615384615384617,155.1140889935337,155.1059190685737,0.008169924959986474
0.03076923076923077,0.008923076923076924,152.058678115791,152.05052170307752,0.008156412713475447
0.03076923076923077,0.009230769230769233,148.91445717523533,148.9063311147081,0.00812606052721776
0.03076923076923077,0.00953846153846154,145.68326283695166,145.67518342222746,0.008079414724193157
0.03076923076923077,0.009846153846153848,142.3669823585034,142.35896552489763,0.008016833605779539
0.03076923076923077,0.010153846153846156,138.96755278581415,138.95961400058462,0.007938785229526957
0.03076923076923077,0.010461538461538463,135.48695962968412,135.47911397485169,0.007845654832436821
0.03076923076923077,0.010769230769230772,131.9272359360767,131.91949796170155,0.00773797437514645
0.03076923076923077,0.01107692307692308,128.29046079560243,128.28284467664574,0.007616118956690343
0.03076923076923077,0.011384615384615387,124.57875838750374,124.5712778227932,0.007480564710533599
0.03076923076923077,0.011692307692307695,120.79429657626174,120.78696485066742,0.007331725594326599
0.03076923076923077,0.012000000000000002,116.93928579973846,116.93211569247637,0.007170107262084002
0.03076923076923077,0.012307692307692311,113.01597758965322,113.00898147157442,0.006996118078802738
0.03076923076923077,0.012615384615384619,109.02666342760466,109.01985318786961,0.006810239735045798
0.03076923076923077,0.012923076923076926,104.97367329299516,104.96706037994423,0.006612913050929592
0.03076923076923077,0.013230769230769233,100.85937436762669,100.85296976466991,0.006404602956777694
0.03076923076923077,0.013538461538461541,96.6861696211571,96.67998385511153,0.006185766045575747
0.03076923076923077,0.013846153846153848,92.45649642782918,92.45053955752748,0.005956870301702111
0.03076923076923077,0.014153846153846157,88.17282515208488,88.16710674828465,0.005718403800230476
0.03076923076923077,0.014461538461538465,83.8376576333724,83.83218683152063,0.005470801851771512
0.03076923076923077,0.014769230769230772,79.45352586211514,79.44831127839369,0.0052145837214538915
0.03076923076923077,0.01507692307692308,75.02299033404536,75.01804014877527,0.004950185270089946
0.03076923076923077,0.015384615384615387,70.54863873888601,70.54396059624698,0.004678142639036764
0.03076923076923077,0.015692307692307696,66.0330842158825,66.02868535727559,0.00439885860690481
0.03076923076923077,0.016000000000000004,61.47896412716592,61.47485122544881,0.0041129017171144255
0.03076923076923077,0.01630769230769231,56.888938180914515,56.8851175116619,0.003820669252611708
0.03076923076923077,0.01661538461538462,52.265687215890615,52.2621644911551,0.003522724735518068
0.03076923076923077,0.016923076923076926,47.6119112976124,47.608691838308125,0.003219459304276029
0.03076923076923077,0.017230769230769234,42.93032845516788,42.92741705010677,0.0029114050611127595
0.03076923076923077,0.01753846153846154,38.22367283481392,38.221073859200736,0.0025989756131821196
0.03076923076923077,0.01784615384615385,33.494693310619034,33.492410637481164,0.002282673137870006
0.03076923076923077,0.01815384615384616,28.746151737312125,28.74418879110838,0.0019629462037435985
0.03076923076923077,0.018461538461538467,23.980821436952642,23.97918114792917,0.0016402890234701317
0.03076923076923077,0.018769230769230774,19.20148551393908,19.200170338222524,0.0013151757165559275
0.03076923076923077,0.01907692307692308,14.410935270315228,14.409947169722601,0.0009881005926271058
0.03076923076923077,0.01938461538461539,9.611968549577755,9.611308997865192,0.0006595517125624895
0.03076923076923077,0.019692307692307696,4.807388113447025,4.807058092211244,0.000330021235781075
0.031384615384615386,0.00030769230769230776,187.80131033872144,187.80070808323222,0.0006022554892126664
0.031384615384615386,0.0006153846153846155,187.63736129135378,187.6361865799902,0.0011747113635749429
0.031384615384615386,0.0009230769230769233,187.36380885752934,187.3620908276929,0.0017180298364394275
0.031384615384615386,0.001230769230769231,186.98081516617756,186.978580890541,0.0022342756365674177
0.031384615384615386,0.001538461538461539,186.4886040814307,186.48588072753802,0.0027233538926907386
0.031384615384615386,0.0018461538461538465,185.88746491936138,185.88427806170455,0.003186857656828579
0.031384615384615386,0.002153846153846154,185.17774871407488,185.17412421205603,0.003624502018851672
0.031384615384615386,0.002461538461538462,184.35987132266905,184.35583388844248,0.004037434226574987
0.031384615384615386,0.00276923076923077,183.43431058496137,183.42988494936952,0.004425635591843502
0.031384615384615386,0.003076923076923078,182.4016082276888,182.39681812294245,0.004790104746348334
0.031384615384615386,0.0033846153846153852,181.26236752259217,181.2572366910964,0.0051308314957623224
0.031384615384615386,0.003692307692307693,180.0172547209278,180.01180613729647,0.005448583631334714
0.031384615384615386,0.004000000000000001,178.66699726868097,178.6612537579143,0.005743510766677673
0.031384615384615386,0.004307692307692308,177.21238452434042,177.20636823750738,0.006016286833045115
0.031384615384615386,0.004615384615384617,175.6542663088414,175.64799918824946,0.006267120591928688
0.031384615384615386,0.004923076923076924,173.9935532138907,173.98705665378105,0.006496560109638949
0.031384615384615386,0.0052307692307692315,172.23121547121124,172.22451057776948,0.00670489344176417
0.031384615384615386,0.00553846153846154,170.3682828352323,170.36139023748916,0.006892597743132001
0.031384615384615386,0.005846153846153847,168.4058436814105,168.3987836427527,0.007060038657783707
0.031384615384615386,0.006153846153846156,166.3450445420242,166.33783690054358,0.007207641480619031
0.031384615384615386,0.006461538461538463,164.1870893139411,164.1797535457222,0.007335768218894145
0.031384615384615386,0.0067692307692307704,161.93323864404832,161.92579383819537,0.007444805852941272
0.031384615384615386,0.007076923076923079,159.58480923908263,159.57727402695988,0.0075352121227467705
0.031384615384615386,0.007384615384615386,157.14317293298637,157.13556558145027,0.007607351536108808
0.031384615384615386,0.007692307692307694,154.6097560249183,154.60209439063925,0.007661634279060081
0.031384615384615386,0.008000000000000002,151.98603833649204,151.97833993035874,0.00769840613330075
0.031384615384615386,0.00830769230769231,149.27355257361964,149.26583439932762,0.00771817429202315
0.031384615384615386,0.008615384615384617,146.47388310289946,146.46616182439078,0.007721278508682872
0.031384615384615386,0.008923076923076924,143.58866528383106,143.58095713549216,0.00770814833890654
0.031384615384615386,0.009230769230769233,140.61958434214466,140.61190521092152,0.007679131223142122
0.031384615384615386,0.00953846153846154,137.56837463732353,137.56073989339328,0.007634743930253762
0.031384615384615386,0.009846153846153848,134.436818306374,134.4292429775308,0.007575328843188345
0.031384615384615386,0.010153846153846156,131.22674449632063,131.2192431693488,0.0075013269718340325
0.031384615384615386,0.010461538461538463,127.94002812573667,127.93261501834044,0.0074131073962320215
0.031384615384615386,0.010769230769230772,124.57858898853485,124.57127782279316,0.007311165741683112
0.031384615384615386,0.01107692307692308,121.1443903725667,121.13719450897266,0.007195863594049001
0.031384615384615386,0.011384615384615387,117.6394381274172,117.63237048482905,0.007067642588140188
0.031384615384615386,0.011692307692307695,114.06577937220678,114.05885246889524,0.006926903311537558
0.031384615384615386,0.012000000000000002,110.42550140601048,110.41872729506092,0.00677411094956426
0.031384615384615386,0.012307692307692311,106.72073035594492,106.71412069392022,0.006609662024700924
0.031384615384615386,0.012615384615384619,102.95363005054517,102.94719605140513,0.006433999140043056
0.031384615384615386,0.012923076923076926,99.12640069471914,99.12015314542879,0.006247549290350207
0.031384615384615386,0.013230769230769233,95.2412775969499,95.2352268612773,0.006050735672602059
0.031384615384615386,0.013538461538461541,91.30052988567425,91.29468588649952,0.00584399917472922
0.031384615384615386,0.013846153846153848,87.30645915367725,87.30083138605767,0.005627767619586166
0.031384615384615386,0.014153846153846157,83.26139816601489,83.25599565851142,0.005402507503461607
0.031384615384615386,0.014461538461538465,79.16770939043977,79.16254077402161,0.0051686164181603544
0.031384615384615386,0.014769230769230772,75.0277837791499,75.02285719496743,0.004926584182470606
0.031384615384615386,0.01507692307692308,70.84403919323917,70.83936237998401,0.004676813255159118
0.031384615384615386,0.015384615384615387,66.6189191762588,66.61449937223449,0.00441980402430886
0.031384615384615386,0.015692307692307696,62.3548913094489,62.35073537274156,0.004155936707341823
0.031384615384615386,0.016000000000000004,58.05444603181376,58.05056029961172,0.003885732202043357
0.031384615384615386,0.01630769230769231,53.72009490721172,53.716485333993084,0.0036095732186325336
0.031384615384615386,0.01661538461538462,49.354369421898824,49.3510414536164,0.003327968282420102
0.031384615384615386,0.016923076923076926,44.95981927393456,44.956777954775134,0.003041319159429179
0.031384615384615386,0.017230769230769234,40.53901108346054,40.53626096360854,0.0027501198519956915
0.031384615384615386,0.01753846153846154,36.09452674987171,36.092071937555914,0.002454812315797028
0.031384615384615386,0.01784615384615385,31.62896203016609,31.62680615785846,0.0021558723076289255
0.031384615384615386,0.01815384615384616,27.144924973652014,27.14307121398777,0.0018537596642431708
0.031384615384615386,0.018461538461538467,22.64503441573821,22.64348548088759,0.0015489348506179113
0.031384615384615386,0.018769230769230774,18.131918441248736,18.130676589915826,0.0012418513329102154
0.031384615384615386,0.01907692307692308,13.60821285840547,13.607279894382437,0.0009329640230326675
0.031384615384615386,0.01938461538461539,9.076559654888213,9.075936930576942,0.0006227243112704173
0.031384615384615386,0.019692307692307696,4.539605460779919,4.539293875185917,0.0003115855940016843
0.032,0.00030769230769230776,176.28463304776648,176.28408818248008,0.0005448652864004089
0.032,0.0006153846153846155,176.13072603967615,176.12965573394757,0.0010703057285752493
0.032,0.0009230769230769233,175.87394199766277,175.87236852634553,0.0015734713172435022
0.032,0.001230769230769231,175.5144308162969,175.51237680815788,0.002054008139026564
0.032,0.001538461538461539,175.0524017377582,175.0498908044105,0.002510933347707578
0.032,0.0018461538461538465,174.4881254660212,174.48518059390585,0.0029448721153357837
0.032,0.002153846153846154,173.82193126140257,173.81857595150439,0.003355309898182668
0.032,0.002461538461538462,173.05420912282548,173.05046615554542,0.0037429672800612934
0.032,0.00276923076923077,172.18540749055475,172.18129976051952,0.004107730035229906
0.032,0.003076923076923078,171.21603471815644,171.21158433512534,0.004450383031098681
0.032,0.0033846153846153852,170.14665702018573,170.14188616586372,0.00477085432200397
0.032,0.003692307692307693,168.97789973630518,168.97282992634243,0.005069809962748195
0.032,0.004000000000000001,167.71044566497608,167.70509831248424,0.005347352491838819
0.032,0.004307692307692308,166.34503575236164,166.3394316438519,0.005604108509743355
0.032,0.004615384615384617,164.8824676761852,164.87662743132208,0.005840244863122734
0.032,0.004923076923076924,163.32359619556618,163.31753991136185,0.006056284204333906
0.032,0.0052307692307692315,161.66933203240805,161.66307954717834,0.006252485229708782
0.032,0.00553846153846154,159.9206418071202,159.91421249703396,0.006429310086247142
0.032,0.005846153846153847,158.07854714598616,158.0719600500373,0.0065870959488734115
0.032,0.006153846153846156,156.14412428256657,156.1373980297388,0.00672625282777517
0.032,0.006461538461538463,154.11850328830036,154.11165616588028,0.006847122420083451
0.032,0.0067692307692307704,152.00286751080523,151.99591743466465,0.0069500761405834055
0.032,0.007076923076923079,149.79845291635866,149.79141736793085,0.00703554842780818
0.032,0.007384615384615386,147.5065472177674,147.4994433316383,0.007103886129101511
0.032,0.007692307692307694,145.12848925450317,145.12133377408134,0.007155480421829452
0.032,0.008000000000000002,142.6656681026787,142.65847744427307,0.007190658405619388
0.032,0.00830769230769231,140.11952248286343,140.11231258095512,0.007209901908311167
0.032,0.008615384615384617,137.4915396043578,137.4843260727067,0.007213531651103722
0.032,0.008923076923076924,134.7832545443221,134.77605258964348,0.007201954678606626
0.032,0.009230769230769233,131.99624918615757,131.98907368721356,0.007175498944008041
0.032,0.00953846153846154,129.13215153356268,129.12501688261358,0.0071346509490979315
0.032,0.009846153846153848,126.19263443902757,126.18555470436446,0.007079734663108184
0.032,0.010153846153846156,123.17941487899594,123.1724037156019,0.007011163394039954
0.032,0.010461538461538463,120.09425279850622,120.08732351165186,0.006929286854358452
0.032,0.010769230769230772,116.93895025760501,116.93211569247639,0.006834565128627901
0.032,0.01107692307692308,113.71535015260963,113.70862281059001,0.0067273420196158895
0.032,0.011384615384615387,110.42533532104883,110.41872729506098,0.006608025987858923
0.032,0.011692307692307695,107.07082735081481,107.06435035222556,0.006476998589249661
0.032,0.012000000000000002,103.65378553175172,103.64745084375791,0.006334687993813759
0.032,0.012307692307692311,100.17620561398383,100.17002414274968,0.006181471234143032
0.032,0.012615384615384619,96.64011872382726,96.63410096846864,0.006017755358612931
0.032,0.012923076923076926,93.04759014470093,93.0417462004756,0.005843944225333075
0.032,0.013230769230769233,89.40071809999664,89.39505767279297,0.005660427203665108
0.032,0.013538461538461541,85.70163256542783,85.69616494882874,0.0054676165990912295
0.032,0.013846153846153848,81.95249398602891,81.9472280777715,0.005265908257413798
0.032,0.014153846153846157,78.15549206411781,78.15043633318237,0.0050557309354388735
0.032,0.014461538461538465,74.31284439339147,74.30800693452115,0.004837458870326827
0.032,0.014769230769230772,70.42679528596298,70.42218375235228,0.0046115336106993254
0.032,0.01507692307692308,66.49961433610834,66.4952359979879,0.00437833812043209
0.032,0.015384615384615387,62.533595216522926,62.529456898332256,0.004138318190669565
0.032,0.015692307692307696,58.53105420409774,58.52716235670159,0.0038918473961544464
0.032,0.016000000000000004,54.49432898785126,54.49068960040208,0.003639387449183573
0.032,0.01630769230769231,50.425777128544155,50.422395815854784,0.003381312689370475
0.032,0.01661538461538462,46.32777484650444,46.324656772065204,0.0031180744392358406
0.032,0.016923076923076926,42.202715488962205,42.1998654332409,0.0028500557213035904
0.032,0.017230769230769234,38.05300824146471,38.050430561368124,0.002577680096585766
0.032,0.01753846153846154,33.88107665769187,33.87877530956228,0.002301348129591929
0.032,0.01784615384615385,29.68935728277057,29.687335807015074,0.002021475755494606
0.032,0.01815384615384616,25.480298232978683,25.47855973636329,0.001738496615391938
0.032,0.018461538461538467,21.25635774422831,21.254904904311662,0.001452839916648685
0.032,0.018769230769230774,17.02000275796303,17.018837806342205,0.0011649516208258603
0.032,0.01907692307692308,12.773707462586236,12.772832186350918,0.0008752762353179122
0.032,0.01938461538461539,8.519951855360114,8.519367592050651,0.0005842633094630401
0.032,0.019692307692307696,4.261220284357474,4.260927926985342,0.0002923573721318462
0.032615384615384616,0.00030769230769230776,164.35627234093073,164.3557486255933,0.0005237153374366699
0.032615384615384616,0.0006153846153846155,164.21278618210553,164.21176591590955,0.0010202661959795023
0.032615384615384616,0.0009230769230769233,163.97337987107645,163.97188815919762,0.001491711878827573
0.032615384615384616,0.001230769230769231,163.63819524536208,163.63625543731234,0.001939808049741032
0.032615384615384616,0.001538461538461539,163.20742885524726,163.2050637503118,0.0023651049354498355
0.032615384615384616,0.0018461538461538465,162.68133342128263,162.67856490199867,0.0027685192839612682
0.032615384615384616,0.002153846153846154,162.06021643038306,162.05706635287393,0.003150077509133098
0.032615384615384616,0.002461538461538462,161.34444146121345,161.34093104058863,0.0035104206248206538
0.032615384615384616,0.00276923076923077,160.5344267747556,160.53057716799853,0.0038496067570576997
0.032615384615384616,0.003076923076923078,159.6306462416536,159.62647795894532,0.004168282708292281
0.032615384615384616,0.0033846153846153852,158.6336278033598,158.6291613819073,0.004466421452491431
0.032615384615384616,0.003692307692307693,157.54395443130474,157.53920984168064,0.004744589624095852
0.032615384615384616,0.004000000000000001,156.36226272197086,156.3572598392714,0.005002882699471911
0.032615384615384616,0.004307692307692308,155.08924345974305,155.08400160019684,0.005241859546202932
0.032615384615384616,0.004615384615384617,153.72564033145943,153.72017867141304,0.005461660046393035
0.032615384615384616,0.004923076923076924,152.27225024677645,152.26658748710474,0.005662759671707818
0.032615384615384616,0.0052307692307692315,150.7299222923469,150.7240769035898,0.005845388757109049
0.032615384615384616,0.00553846153846154,149.09955767789114,149.09354770361136,0.0060099742797774525
0.032615384615384616,0.005846153846153847,147.38210889214838,147.37595207030586,0.006156821842523641
0.032615384615384616,0.006153846153846156,145.5785793416766,145.57229303115497,0.006286310521630867
0.032615384615384616,0.006461538461538463,143.69002262813734,143.68362387224585,0.006398755891495966
0.032615384615384616,0.0067692307692307704,141.71754202453545,141.71104752318163,0.006494501353813575
0.032615384615384616,0.007076923076923079,139.66228986500383,139.65571591300167,0.006573952002156602
0.032615384615384616,0.007384615384615386,137.52546672524542,137.51882929748737,0.006637427758050762
0.032615384615384616,0.007692307692307694,135.30832085312372,135.30163555824666,0.006685294877058823
0.032615384615384616,0.008000000000000002,133.01214732867976,133.00542947398617,0.0067178546935906525
0.032615384615384616,0.00830769230769231,130.6382875229328,130.63155196439712,0.006735558535694963
0.032615384615384616,0.008615384615384617,128.18812800978424,128.1813893070958,0.00673870268843757
0.032615384615384616,0.008923076923076924,125.66309999553263,125.6563723280765,0.006727667456132735
0.032615384615384616,0.009230769230769233,123.06467832308496,123.05797556614952,0.0067027569354394245
0.032615384615384616,0.00953846153846154,120.39438083591281,120.38771641185204,0.006664424060772944
0.032615384615384616,0.009846153846153848,117.65376719212762,117.64715422133457,0.006612970793042905
0.032615384615384616,0.010153846153846156,114.84443818635587,114.83788940574111,0.006548780614764382
0.032615384615384616,0.010461538461538463,111.96803467736723,111.96156249661398,0.00647218075324929
0.032615384615384616,0.010769230769230772,109.02623678280044,109.01985318786963,0.006383594930809977
0.032615384615384616,0.01107692307692308,106.02076270114159,106.01447935490472,0.006283346236870102
0.032615384615384616,0.011384615384615387,102.95336786150045,102.94719605140519,0.00617181009526746
0.032615384615384616,0.011692307692307695,99.82584383033772,99.8197944844444,0.006049345893316627
0.032615384615384616,0.012000000000000002,96.64001731449136,96.63410096846866,0.005916346022701191
0.032615384615384616,0.012307692307692311,93.39774902378582,93.39197585878087,0.0057731650049532846
0.032615384615384616,0.012615384615384619,90.10093264157288,90.09531246514565,0.005620176427228785
0.032615384615384616,0.012923076923076926,86.75149370388903,86.74603594614958,0.005457757739449676
0.032615384615384616,0.013230769230769233,83.35138845297001,83.3461021849628,0.0052862680072109924
0.032615384615384616,0.013538461538461541,79.90260273581734,79.89749664715838,0.005106088658962449
0.032615384615384616,0.013846153846153848,76.407150810777,76.4022332212564,0.00491758952060195
0.032615384615384616,0.014153846153846157,72.86707420419268,72.86235304266955,0.004721161523121964
0.032615384615384616,0.014461538461538465,69.28444046686906,69.27992330173778,0.004517165131275647
0.032615384615384616,0.014769230769230772,65.66134203227303,65.65703603654715,0.0043059957258719805
0.032615384615384616,0.01507692307692308,61.999894938821456,61.99580691123865,0.004088027582803022
0.032615384615384616,0.015384615384615387,58.302237635464834,58.29837398051988,0.003863654944957773
0.032615384615384616,0.015692307692307696,54.57052969669388,54.56689644110115,0.0036332555927316434
0.032615384615384616,0.016000000000000004,50.80695060836866,50.80355337078568,0.0033972375829804946
0.032615384615384616,0.01630769230769231,47.01369843198179,47.010542455949334,0.0031559760324526565
0.032615384615384616,0.01661538461538462,43.19298859256575,43.190078708153784,0.0029098844119630485
0.032615384615384616,0.016923076923076926,39.34705253113102,39.34439317064191,0.0026593604891118616
0.032615384615384616,0.017230769230769234,35.4781364303468,35.475731615471716,0.0024048148750850373
0.032615384615384616,0.01753846153846154,31.588499891584153,31.586353232048342,0.0021466595358106133
0.032615384615384616,0.01784615384615385,27.680414605658488,27.678529307821385,0.0018852978371022289
0.032615384615384616,0.01815384615384616,23.756163053788455,23.75454190191662,0.0016211518718343143
0.032615384615384616,0.018461538461538467,19.81803712293085,19.816682512478312,0.0013546104525374858
0.032615384615384616,0.018769230769230774,15.868336818385322,15.86725073849811,0.0010860798872123212
0.032615384615384616,0.01907692307692308,11.909368888555283,11.908552936914562,0.0008159516407211242
0.032615384615384616,0.01938461538461539,7.943445506241545,7.942900875765268,0.0005446304762770637
0.032615384615384616,0.019692307692307696,3.972882897202457,3.9726103841797165,0.00027251302274056144
0.03323076923076923,0.00030769230769230776,152.0440165115402,152.0435486023109,0.0004679092293145004
0.03323076923076923,0.0006153846153846155,151.9112695924481,151.91035190976586,0.0009176826822283601
0.03323076923076923,0.0009230769230769233,151.68979208483134,151.68844384955966,0.0013482352716778223
0.03323076923076923,0.001230769230769231,151.37971307230916,151.3779540097504,0.0017590625587615705
0.03323076923076923,0.001538461538461539,150.98121383408292,150.97906370766108,0.0021501264218386495
0.03323076923076923,0.0018461538461538465,150.49452747446537,150.4920058839952,0.002521590470166757
0.03323076923076923,0.002153846153846154,149.9199383976079,149.917064966806,0.0028734308018840693
0.03323076923076923,0.002461538461538462,149.2577826762385,149.25457670539862,0.003205970839871952
0.03323076923076923,0.00276923076923077,148.5084472596895,148.50492797426176,0.0035192854277283914
0.03323076923076923,0.003076923076923078,147.6723703808977,147.668556547144,0.003813833753696372
0.03323076923076923,0.0033846153846153852,146.7500404419816,146.74595084140628,0.004089600575326813
0.03323076923076923,0.003692307692307693,145.74199666356193,145.73764963279976,0.0043470307621760185
0.03323076923076923,0.004000000000000001,144.6488279538676,144.64424174083615,0.004586213031444686
0.03323076923076923,0.004307692307692308,143.47117330015942,143.46636568493358,0.004807615225843165
0.03323076923076923,0.004615384615384617,142.20972067729562,142.2047093115392,0.005011365756416808
0.03323076923076923,0.004923076923076924,140.86520726799378,140.86000939244641,0.005197875547366948
0.03323076923076923,0.0052307692307692315,139.4384185518936,139.43305119454064,0.00536735735295224
0.03323076923076923,0.00553846153846154,137.93018820807902,137.92466802122578,0.00552018685323219
0.03323076923076923,0.005846153846153847,136.34139737678677,136.33574072579844,0.005656650988328238
0.03323076923076923,0.006153846153846156,134.6729742866069,134.6671971970543,0.005777089552594816
0.03323076923076923,0.006461538461538463,132.92589361569563,132.92001181742728,0.005881798268347893
0.03323076923076923,0.0067692307692307704,131.1011759805638,131.09520489397775,0.005971086586043839
0.03323076923076923,0.007076923076923079,129.1998873979312,129.1938420625617,0.006045335369492477
0.03323076923076923,0.007384615384615386,127.22313850107899,127.21703366552957,0.006104835549422205
0.03323076923076923,0.007692307692307694,125.17208403316403,125.16593410331754,0.006149929846486657
0.03323076923076923,0.008000000000000002,123.04792205304912,123.04174116031015,0.006180892738967714
0.03323076923076923,0.00830769230769231,120.85189345111812,120.84569530536807,0.006198145750047956
0.03323076923076923,0.008615384615384617,118.5852809279107,118.5790789674291,0.006201960481604374
0.03323076923076923,0.008923076923076924,116.24940847662653,116.24321578660576,0.006192690020768055
0.03323076923076923,0.009230769230769233,113.84564045511564,113.83946984121683,0.006170613898817123
0.03323076923076923,0.00953846153846154,111.37538100251433,111.36924485120407,0.006136151310258242
0.03323076923076923,0.009846153846153848,108.84007293928545,108.83398335839911,0.006089580886339263
0.03323076923076923,0.010153846153846156,106.24119713974626,106.23516588411981,0.006031255626453458
0.03323076923076923,0.010461538461538463,103.58027154240655,103.57431006458748,0.0059614778190706375
0.03323076923076923,0.010769230769230772,100.8588504002055,100.85296976466995,0.005880635535547185
0.03323076923076923,0.01107692307692308,98.0785231981342,98.07273417046841,0.005789027665798585
0.03323076923076923,0.011384615384615387,95.24091385800277,95.23522686127737,0.005686996725401627
0.03323076923076923,0.011692307692307695,92.34767973655264,92.34210486146007,0.0055748750925630475
0.03323076923076923,0.012000000000000002,89.40051069302825,89.395057672793,0.0054530202352509605
0.03323076923076923,0.012307692307692311,86.4011280469035,86.39580628784432,0.005321759059171427
0.03323076923076923,0.012615384615384619,83.35128361675575,83.34610218496282,0.005181431792934177
0.03323076923076923,0.012923076923076926,80.2527586900771,80.24772630546369,0.00503238461341482
0.03323076923076923,0.013230769230769233,77.10736295805594,77.10248801360913,0.004874944446811469
0.03323076923076923,0.013538461538461541,73.9169334985794,73.9122240399904,0.004709458588990856
0.03323076923076923,0.013846153846153848,70.68333367348167,70.67879740892913,0.004536264552541525
0.03323076923076923,0.014153846153846157,67.4084520649276,67.4040963505232,0.004355714404397304
0.03323076923076923,0.014461538461538465,64.09420133702794,64.09003319797398,0.004168139053959408
0.03323076923076923,0.014769230769230772,60.74251716096093,60.73854327083717,0.003973890123759816
0.03323076923076923,0.01507692307692308,57.355357058886874,57.35158374485102,0.003773314035854014
0.03323076923076923,0.015384615384615387,53.934699268060015,53.93113250900063,0.003566759059381752
0.03323076923076923,0.015692307692307696,50.48254159516448,50.47918701048646,0.003354584678014305
0.03323076923076923,0.016000000000000004,47.00090023751397,46.997763088271554,0.003137149242412818
0.03323076923076923,0.01630769230769231,43.491808614576414,43.48889379588825,0.002914818688161347
0.03323076923076923,0.01661538461538462,39.95731616766847,39.95462821419221,0.0026879534762613844
0.03323076923076923,0.016923076923076926,36.39948719637925,36.39703025475679,0.0024569416224551333
0.03323076923076923,0.017230769230769234,32.82039957908817,32.81817745460706,0.0022221244811078122
0.03323076923076923,0.01753846153846154,29.22214365622851,29.22015976299634,0.0019838932321718517
0.03323076923076923,0.01784615384615385,25.606820909702865,25.605078320935036,0.0017425887678292895
0.03323076923076923,0.01815384615384616,21.976542859234506,21.9750442341831,0.0014986250514077426
0.03323076923076923,0.018461538461538467,18.3334296919574,18.33217734042422,0.0012523515331785973
0.03323076923076923,0.018769230769230774,14.679609145076906,14.678604971339693,0.0010041737372130655
0.03323076923076923,0.01907692307692308,11.017215170068908,11.016460710307117,0.0007544597617918924
0.03323076923076923,0.01938461538461539,7.34838675344381,7.347883146447472,0.0005036069963377798
0.03323076923076923,0.019692307692307696,3.6752666187096676,3.675014625749561,0.000251992960106584
0.033846153846153845,0.00030769230769230776,139.3766797653447,139.37624382627715,0.00043593906755745593
0.033846153846153845,0.0006153846153846155,139.25499434018073,139.25414423791798,0.0008501022627456223
0.033846153846153845,0.0009230769230769233,139.05196905604552,139.0507241507743,0.0012449052712213415
0.033846153846153845,0.001230769230769231,138.76772310499544,138.7661023564486,0.0016207485468271443
0.033846153846153845,0.001538461538461539,138.4024234985961,138.40044506605375,0.0019784325423586324
0.033846153846153845,0.0018461538461538465,137.9562839105052,137.9539658131503,0.002318097354901738
0.033846153846153845,0.002153846153846154,137.42956527923295,137.42692532904883,0.0026399501841183337
0.033846153846153845,0.002461538461538462,136.82257556967127,136.81963139055048,0.0029441791207887036
0.033846153846153845,0.00276923076923077,136.13566958090712,136.13243864021368,0.003230940693441653
0.033846153846153845,0.003076923076923078,135.3692489490629,135.36574837925298,0.0035005698099155325
0.033846153846153845,0.0033846153846153852,134.52376142582088,134.52000833319053,0.00375309263034751
0.033846153846153845,0.003692307692307693,133.59970124976317,133.59571239039684,0.003988859366330644
0.033846153846153845,0.004000000000000001,132.59760828636342,132.59340031367398,0.00420797268944284
0.033846153846153845,0.004307692307692308,131.51806824516302,131.51365742504927,0.004410820113747604
0.033846153846153845,0.004615384615384617,130.3617117984595,130.35711426396367,0.004597534495843547
0.033846153846153845,0.004923076923076924,129.12921468411056,129.12444621905456,0.004768465056002924
0.033846153846153845,0.0052307692307692315,127.82129694881155,127.81637313374776,0.004923815063790471
0.033846153846153845,0.00553846153846154,126.43872279241644,126.43365888588923,0.005063906527212225
0.033846153846153845,0.005846153846153847,124.98229995394294,124.97711094166199,0.005189012280951033
0.033846153846153845,0.006153846153846156,123.45287931368466,123.4475798840485,0.005299429636167474
0.033846153846153845,0.006461538461538463,121.85135435098086,121.8459589161142,0.005395434866656501
0.033846153846153845,0.0067692307692307704,120.17866063911048,120.17318333940213,0.005477299708346095
0.033846153846153845,0.007076923076923079,118.43577538763465,118.43023000774308,0.005545379891572111
0.033846153846153845,0.007384615384615386,116.62371669130786,116.61811675680046,0.005599934507401372
0.033846153846153845,0.007692307692307694,114.74354309057354,114.73790180968307,0.005641280890472444
0.033846153846153845,0.008000000000000002,112.79635282348977,112.7906831589724,0.005669664517370165
0.033846153846153845,0.00830769230769231,110.78328340105432,110.77759792552607,0.005685475528252937
0.033846153846153845,0.008615384615384617,108.7055106540026,108.69982169443115,0.005688959571443775
0.033846153846153845,0.008923076923076924,106.56424827000012,106.5585678284956,0.005680441504523515
0.033846153846153845,0.009230769230769233,104.36074693519312,104.35508675967858,0.005660175514535126
0.033846153846153845,0.00953846153846154,102.09629380565492,102.09066525887347,0.00562854678145186
0.033846153846153845,0.009846153846153848,99.77221149470789,99.76662568446969,0.005585810238201816
0.033846153846153845,0.010153846153846156,97.38985749918118,97.38432521013284,0.005532289048332473
0.033846153846153845,0.010461538461538463,94.95062329293603,94.94515503225348,0.005468260682548021
0.033846153846153845,0.010769230769230772,92.4559336371161,92.45053955752749,0.005394079588612044
0.033846153846153845,0.01107692307692308,89.90724559226571,89.90193557114277,0.005310021122937769
0.033846153846153845,0.011384615384615387,87.30604778379772,87.30083138605771,0.005216397740014145
0.033846153846153845,0.011692307692307695,84.65385948934176,84.64874597386829,0.0051135154734680555
0.033846153846153845,0.012000000000000002,81.95222977792987,81.9472280777715,0.005001700158373978
0.033846153846153845,0.012307692307692311,79.20273656086204,79.19785530814283,0.004881252719201257
0.033846153846153845,0.012615384615384619,76.40698570520067,76.4022332212564,0.004752483944272967
0.033846153846153845,0.012923076923076926,73.56661009286398,73.56199438168511,0.0046157111788716065
0.033846153846153845,0.013230769230769233,70.68326864167393,70.6787974089291,0.004471232744833742
0.033846153846153845,0.013538461538461541,67.75864537693519,67.75432600882846,0.004319368106735055
0.033846153846153845,0.013846153846153848,64.79444841813337,64.79028799032666,0.004160427806709777
0.033846153846153845,0.014153846153846157,61.792409004517644,61.788414268158,0.00399473635964398
0.033846153846153845,0.014461538461538465,58.75428045164878,58.750457852042345,0.0038225996064369383
0.033846153846153845,0.014769230769230772,55.681837164053405,55.67819282297665,0.0036443410767574846
0.033846153846153845,0.01507692307692308,52.57687358031249,52.57341329722172,0.003460283090767291
0.033846153846153845,0.015384615384615387,49.44120312226145,49.437932378588854,0.0032707436725942785
0.033846153846153845,0.015692307692307696,46.27665716119209,46.27358109963812,0.0030760615539691116
0.033846153846153845,0.016000000000000004,43.085083905428384,43.0822073524071,0.00287655302128087
0.033846153846153845,0.01630769230769231,39.8683473736684,39.865674809293864,0.0026725643745351135
0.033846153846153845,0.01661538461538462,36.62832623677489,36.625861834724816,0.0024644020500730335
0.033846153846153845,0.016923076923076926,33.36691283831458,33.364660388242655,0.0022524500719285356
0.033846153846153845,0.017230769230769234,30.086011924837504,30.083974919655514,0.0020370051819895707
0.033846153846153845,0.01753846153846154,26.78753972691918,26.785721256891602,0.0018184700275796217
0.033846153846153845,0.01784615384615385,23.473422632879437,23.471825487209944,0.001597145669492761
0.033846153846153845,0.01815384615384616,20.14559627901694,20.14422283241933,0.0013734465976078525
0.033846153846153845,0.018461538461538467,16.80600418887226,16.804856518763764,0.0011476701084980334
0.033846153846153845,0.018769230769230774,13.456596839575859,13.455676642132453,0.0009201974434063231
0.033846153846153845,0.01907692307692308,10.09933037086766,10.098639029259214,0.0006913416084461943
0.033846153846153845,0.01938461538461539,6.736165560254726,6.73570409557443,0.00046146468029562016
0.033846153846153845,0.019692307692307696,3.3690666001311156,3.3688357003778884,0.00023089975322720946
0.03446153846153846,0.00030769230769230776,126.38379560567817,126.38341937474053,0.0003762309376469375
0.03446153846153846,0.0006153846153846155,126.27344342304468,126.27270205981335,0.0007413632313273411
0.03446153846153846,0.0009230769230769233,126.0893383256948,126.08824504277126,0.0010932829235343888
0.03446153846153846,0.001230769230769231,125.83158673222898,125.83015604131782,0.0014306909111638788
0.03446153846153846,0.001538461538461539,125.50033875084958,125.49858577216202,0.001752978687562745
0.03446153846153846,0.0018461538461538465,125.0957877564636,125.09372786300389,0.0020598934597018115
0.03446153846153846,0.002153846153846154,124.6181698819219,124.61581873946142,0.002351142460483402
0.03446153846153846,0.002461538461538462,124.06776428807957,124.06513748700463,0.002626801074939067
0.03446153846153846,0.00276923076923077,123.44489252070363,123.4420056879776,0.002886832726034072
0.03446153846153846,0.003076923076923078,122.74991874321857,122.7467872338033,0.0031315094152688516
0.03446153846153846,0.0033846153846153852,121.9832488999013,121.97988811248138,0.0033607874199219623
0.03446153846153846,0.003692307692307693,121.14533113507532,121.14175617150248,0.0035749635728450357
0.03446153846153846,0.004000000000000001,120.2366549665405,120.23288085631802,0.003774110222479976
0.03446153846153846,0.004307692307692308,119.25775147969527,119.25379292451782,0.00395855517744792
0.03446153846153846,0.004615384615384617,118.2091925590491,118.20506413588251,0.004128423166591233
0.03446153846153846,0.004923076923076924,117.0915909298316,117.08730691849209,0.004284011339507288
0.03446153846153846,0.0052307692307692315,115.90559952187786,115.901174011085,0.0044255107928563575
0.03446153846153846,0.00553846153846154,114.6519112741393,114.64735808187724,0.004553192262051198
0.03446153846153846,0.005846153846153847,113.33125864061175,113.32659132406351,0.004667316548236045
0.03446153846153846,0.006153846153846156,111.94441316740931,111.93964502823708,0.004768139172227848
0.03446153846153846,0.006461538461538463,110.49218504994683,110.48732913197775,0.004855917969081247
0.03446153846153846,0.0067692307692307704,108.97542263338786,108.97049174687118,0.00493088651668927
0.03446153846153846,0.007076923076923079,107.39501203904734,107.39001866323555,0.004993375811793044
0.03446153846153846,0.007384615384615386,105.75187644587987,105.74683283284496,0.005043613034914074
0.03446153846153846,0.007692307692307694,104.0469757190715,104.0418938299516,0.005081889119892935
0.03446153846153846,0.008000000000000002,102.28130571140461,102.27619729092144,0.0051084204831681745
0.03446153846153846,0.00830769230769231,100.45589789737947,100.45077433281055,0.005123564568918937
0.03446153846153846,0.008615384615384617,98.57181849220585,98.56669095122191,0.005127540983934864
0.03446153846153846,0.008923076923076924,96.63016804282148,96.6250473977938,0.005120645027687942
0.03446153846153846,0.009230769230769233,94.63208064254849,94.62697753768397,0.0051031048645171495
0.03446153846153846,0.00953846153846154,92.5787234582336,92.57364818742437,0.005075270809228982
0.03446153846153846,0.009846153846153848,90.47129580619105,90.46625843353296,0.005037372658094341
0.03446153846153846,0.010153846153846156,88.31102863567305,88.30603893228111,0.004989703391942157
0.03446153846153846,0.010461538461538463,86.09918370457174,86.09425119102497,0.004932513546776818
0.03446153846153846,0.010769230769230772,83.83705295656648,83.83218683152059,0.004866125045893455
0.03446153846153846,0.01107692307692308,81.52595762277835,81.52116683565335,0.0047907871250032485
0.03446153846153846,0.011384615384615387,79.16724755797306,79.16254077402161,0.004706783951448301
0.03446153846153846,0.011692307692307695,76.76230040994953,76.75768601782552,0.0046143921240116015
0.03446153846153846,0.012000000000000002,74.31252084259094,74.3080069345211,0.00451390806983909
0.03446153846153846,0.012307692307692311,71.81933967157471,71.81493406770906,0.004405603865649255
0.03446153846153846,0.012615384615384619,69.28421306397382,69.27992330173774,0.004289762236084016
0.03446153846153846,0.012923076923076926,66.70862168154564,66.70445501150759,0.00416667003804605
0.03446153846153846,0.013230769230769233,64.09406979468679,64.09003319797392,0.004036596712865048
0.03446153846153846,0.013538461538461541,61.44208444475409,61.43818460985269,0.0038998349013965594
0.03446153846153846,0.013846153846153848,58.75421451657036,58.75045785204232,0.0037566645280406874
0.03446153846153846,0.014153846153846157,56.032029868413346,56.02842248128189,0.0036073871314528105
0.03446153846153846,0.014461538461538465,53.27712036358211,53.27366808957443,0.0034522740076781133
0.03446153846153846,0.014769230769230772,50.49109500783054,50.48780337590968,0.0032916319208595723
0.03446153846153846,0.01507692307692308,47.67558095087505,47.67245520682942,0.0031257440456329277
0.03446153846153846,0.015384615384615387,44.83222258143481,44.82926766638314,0.002954915051674334
0.03446153846153846,0.015692307692307696,41.96268053315794,41.95990109602914,0.002779437128801021
0.03446153846153846,0.016000000000000004,39.06863073728821,39.06603112504207,0.0025996122461364735
0.03446153846153846,0.01630769230769231,36.15176342369741,36.149347691992496,0.002415731704914492
0.03446153846153846,0.01661538461538462,33.21378213713488,33.21155405787041,0.0022280792644693292
0.03446153846153846,0.016923076923076926,30.256402775692926,30.254365811428663,0.0020369642642634744
0.03446153846153846,0.017230769230769234,27.281352506683483,27.279509867327697,0.001842639355785991
0.03446153846153846,0.01753846153846154,24.290368879278283,24.28872345766571,0.0016454216125723065
0.03446153846153846,0.01784615384615385,21.285198684023225,21.2837531174843,0.0014455665389263572
0.03446153846153846,0.01815384615384616,18.2675970919064,18.266353664840896,0.0012434270655035107
0.03446153846153846,0.018461538461538467,15.239326451034774,15.238287176044874,0.0010392749898997522
0.03446153846153846,0.018769230769230774,12.202155417601757,12.201321956654066,0.0008334609476907673
0.03446153846153846,0.01907692307692308,9.157857797308273,9.157231508834533,0.000626288473739578
0.03446153846153846,0.01938461538461539,6.108211600144746,6.107793495684988,0.00041810445975798416
0.03446153846153846,0.019692307692307696,3.054997934171938,3.0547887031318117,0.00020923104012648963
0.035076923076923075,0.00030769230769230776,113.09577799901996,113.09542059123477,0.000357407785188002
0.035076923076923075,0.0006153846153846155,112.99704100988328,112.99634413515874,0.000696874724539498
0.035076923076923075,0.0009230769230769233,112.83230021652471,112.83128099612841,0.0010192203963015345
0.035076923076923075,0.001230769230769231,112.60165336569061,112.60032756636876,0.0013257993218473985
0.035076923076923075,0.001538461538461539,112.30523549070097,112.30361871617905,0.0016167745219206608
0.035076923076923075,0.0018461538461538465,111.943220642542,111.94132771517232,0.0018929273696812743
0.035076923076923075,0.002153846153846154,111.51582029557521,111.51366613109093,0.0021541644842812957
0.035076923076923075,0.002461538461538462,111.0232846825533,111.02088370625685,0.0024009762964425363
0.035076923076923075,0.00276923076923077,110.46590160094746,110.46326821172926,0.0026333892182037744
0.035076923076923075,0.003076923076923078,109.8439971148579,109.84114527925426,0.0028518356036357773
0.035076923076923075,0.0033846153846153852,109.1579345232585,109.15487821110523,0.003056312153276508
0.035076923076923075,0.003692307692307693,108.40811493397193,108.40486776792442,0.003247166047515293
0.035076923076923075,0.004000000000000001,107.5949764278188,107.59155193469003,0.0034244931287759073
0.035076923076923075,0.004307692307692308,106.71899427660338,106.71540566494544,0.003588611657946217
0.035076923076923075,0.004615384615384617,105.78068027043044,105.7769406034395,0.0037396669909384173
0.035076923076923075,0.004923076923076924,104.78058271562881,104.77670478734065,0.0038779282881620247
0.035076923076923075,0.0052307692307692315,103.7192859154719,103.7152823261984,0.0040035892734948675
0.035076923076923075,0.00553846153846154,102.5974099406027,102.59329306084005,0.004116879762648296
0.035076923076923075,0.005846153846153847,101.4156102571167,101.4113922014009,0.004218055715796254
0.035076923076923075,0.006153846153846156,100.17457727900077,100.17026994470007,0.004307334300705179
0.035076923076923075,0.006461538461538463,98.8750360283857,98.87065107118498,0.004384957200713302
0.035076923076923075,0.0067692307692307704,97.51774564129657,97.51329452168002,0.004451119616547317
0.035076923076923075,0.007076923076923079,96.10349908149243,96.09899295418641,0.004506127306015628
0.035076923076923075,0.007384615384615386,94.63312245477917,94.62857228099229,0.004550173786881828
0.035076923076923075,0.007692307692307694,93.10747470803456,93.10289118636318,0.004583521671378321
0.035076923076923075,0.008000000000000002,91.52744698097004,91.52284062509457,0.004606355875466761
0.035076923076923075,0.00830769230769231,89.89396230064172,89.88934330221942,0.0046189984223019565
0.035076923076923075,0.008615384615384617,88.20797477450665,88.20335313417439,0.004621640332260313
0.035076923076923075,0.008923076923076924,86.47046923664955,86.46585469173945,0.004614544910097607
0.035076923076923075,0.009230769230769233,84.68246053713113,84.67786262507637,0.004597912054762787
0.035076923076923075,0.00953846153846154,82.84499312635383,82.84042107120155,0.004572055152280541
0.035076923076923075,0.009846153846153848,80.95914022128714,80.95460304423936,0.0045371770477800055
0.035076923076923075,0.010153846153846156,79.0260033481067,79.02150980881221,0.004493539294486482
0.035076923076923075,0.010461538461538463,77.04671160070048,77.04227023693292,0.0044413637675546624
0.035076923076923075,0.010769230769230772,75.02242108758941,75.01804014877533,0.004380938814080082
0.035076923076923075,0.01107692307692308,72.95431412355916,72.95000163770781,0.004312485851343695
0.035076923076923075,0.011384615384615387,70.84359864038343,70.83936237998408,0.004236260399352432
0.035076923076923075,0.011692307692307695,68.69150743816266,68.68735492949422,0.004152508668440191
0.035076923076923075,0.012000000000000002,66.49929749632263,66.49523599798795,0.004061498334678504
0.035076923076923075,0.012307692307692311,64.26824919383412,64.26428572119036,0.003963472643761179
0.035076923076923075,0.012615384615384619,61.99966559906629,61.99580691123869,0.0038586878276021253
0.035076923076923075,0.012923076923076926,59.694871697761585,59.691124295876705,0.003747401884879764
0.035076923076923075,0.013230769230769233,57.35521360246608,57.351583744851034,0.0036298576150457507
0.035076923076923075,0.013538461538461541,54.982057806404576,54.978551483961084,0.003506322443492138
0.035076923076923075,0.013846153846153848,52.57679034317022,52.573413297221755,0.0033770459484614435
0.035076923076923075,0.014153846153846157,50.1408160252287,50.13757371760443,0.0032423076242693583
0.035076923076923075,0.014461538461538465,47.675557549224905,47.672455206829476,0.0031023423954295026
0.035076923076923075,0.014769230769230772,45.182454765872755,45.17949732468845,0.0029574411843071857
0.035076923076923075,0.01507692307692308,42.66296373239226,42.66015588838188,0.0028078440103769253
0.035076923076923075,0.015384615384615387,40.11855596715478,40.11590212236297,0.002653844791808524
0.035076923076923075,0.015692307692307696,37.550717484762906,37.54822179918387,0.002495685579035012
0.035076923076923075,0.016000000000000004,34.960948036973136,34.95861437184646,0.002333665126677431
0.035076923076923075,0.01630769230769231,32.350760121066344,32.34859209816396,0.0021680229023814945
0.035076923076923075,0.01661538461538462,29.721678209244427,29.719679157645004,0.0019990515994230407
0.035076923076923075,0.016923076923076926,27.075237780118268,27.07341076141558,0.001827018702687866
0.035076923076923075,0.017230769230769234,24.41298445892568,24.411332255699218,0.0016522032264632003
0.035076923076923075,0.01753846153846154,21.73647311019664,21.734998219378042,0.001474890818599306
0.035076923076923075,0.01784615384615385,19.04726690778656,19.04597155616271,0.0012953516238525253
0.035076923076923075,0.01815384615384616,16.346936476962927,16.34582258190041,0.00111389506251669
0.035076923076923075,0.018461538461538467,13.637058880686963,13.636128107555031,0.0009307731319321277
0.035076923076923075,0.018769230769230774,10.91921679635973,10.918470518393445,0.000746277966285902
0.035076923076923075,0.01907692307692308,8.194997520286526,8.194436849917484,0.000560670369042171
0.035076923076923075,0.01938461538461539,5.465992100931183,5.465617861079651,0.00037423985153228756
0.035076923076923075,0.019692307692307696,2.7337943618240343,2.7336071053248805,0.0001872564991538539
0.0356923076923077,0.00030769230769230776,99.54360268472693,99.54328221262237,0.00032047210456198627
0.0356923076923077,0.0006153846153846155,99.45670348588476,99.45607801305138,0.0006254728333772164
0.0356923076923077,0.0009230769230769233,99.31170859715326,99.3107942646423,0.0009143325109590705
0.0356923076923077,0.001230769230769231,99.10870409620671,99.10751580901295,0.0011882871937558548
0.0356923076923077,0.001538461538461539,98.8478085687761,98.84636135505703,0.00144721371907508
0.0356923076923077,0.0018461538461538465,98.52917564474288,98.52748340962145,0.001692235121424801
0.0356923076923077,0.002153846153846154,98.15299142170998,98.15106818844662,0.001923233263369184
0.0356923076923077,0.002461538461538462,97.71947649316408,97.71733550742168,0.002140985742400403
0.0356923076923077,0.00276923076923077,97.22888419968919,97.22653865421829,0.002345545470902266
0.0356923076923077,0.003076923076923078,96.68150174977912,96.67896424037768,0.0025375094014350452
0.0356923076923077,0.0033846153846153852,96.07764895220757,96.07493203393764,0.0027169182699253724
0.0356923076923077,0.003692307692307693,95.41767896459878,95.41479477269695,0.0028841919018276485
0.0356923076923077,0.004000000000000001,94.70197741493371,94.69893795822644,0.0030394567072704604
0.0356923076923077,0.004307692307692308,93.93096266728314,93.92777963074698,0.0031830365361571467
0.0356923076923077,0.004615384615384617,93.10508522958547,93.10177012500567,0.0033151045797978895
0.0356923076923077,0.004923076923076924,92.22482771632438,92.22139180729314,0.003435909031239248
0.0356923076923077,0.0052307692307692315,91.29070444542009,91.28715879375514,0.0035456516649503556
0.0356923076923077,0.00553846153846154,90.30326117244489,90.2996166501632,0.003644522281689433
0.0356923076923077,0.005846153846153847,89.2630748493897,89.25934207331963,0.0037327760700662793
0.0356923076923077,0.006153846153846156,88.17075314312763,88.16694255428276,0.0038105888448711767
0.0356923076923077,0.006461538461538463,87.026934213173,87.0230560236093,0.003878189563707224
0.0356923076923077,0.0067692307692307704,85.83228620933602,85.82835047882091,0.003935730515109981
0.0356923076923077,0.007076923076923079,84.5875070890185,84.58352359431237,0.003983494706133683
0.0356923076923077,0.007384615384615386,83.29332395118972,83.2893023139294,0.004021637260322564
0.0356923076923077,0.007692307692307694,81.95049282084429,81.94644242645401,0.004050394390276324
0.0356923076923077,0.008000000000000002,80.55979803954688,80.55572812424501,0.004069915301869287
0.0356923076923077,0.00830769230769231,79.12205203249789,79.11797154529182,0.004080487206067573
0.0356923076923077,0.008615384615384617,77.63809456797303,77.63401229894883,0.004082269024195284
0.0356923076923077,0.008923076923076924,76.10879246758934,76.10471697562699,0.004075491962353794
0.0356923076923077,0.009230769230769233,74.53503896562252,74.53097864072956,0.0040603248929613756
0.0356923076923077,0.00953846153846154,72.91775335592072,72.9137163131271,0.004037042793626711
0.0356923076923077,0.009846153846153848,71.2578802480619,71.25387442847614,0.0040058195857568535
0.0356923076923077,0.010153846153846156,69.5563891712677,69.55242228769556,0.003966883572132929
0.0356923076923077,0.010461538461538463,67.81427391781243,67.81035349092203,0.0039204268904029504
0.0356923076923077,0.010769230769230772,66.03255205956108,66.0286853572755,0.0038667022855776167
0.0356923076923077,0.01107692307692308,64.2122642337821,64.20845833077361,0.003805903008483824
0.0356923076923077,0.011384615384615387,62.3544736263088,62.350735372741504,0.0037382535672989547
0.0356923076923077,0.011692307692307695,60.46026531115959,60.456601341072485,0.0036639700871035075
0.0356923076923077,0.012000000000000002,58.53074564568769,58.52716235670151,0.0035832889861779904
0.0356923076923077,0.012307692307692311,56.56704158284513,56.56354515766169,0.003496425183435292
0.0356923076923077,0.012615384615384619,54.57030004643526,54.566896441101065,0.00340360533419215
0.0356923076923077,0.012923076923076926,52.541687253077804,52.538382193643706,0.003305059434097757
0.0356923076923077,0.013230769230769233,50.48238801329601,50.479187010486385,0.0032010028096252086
0.0356923076923077,0.013538461538461541,48.39360508096207,48.390513403628304,0.0030916773337636982
0.0356923076923077,0.013846153846153848,46.276558403437846,46.273581099638065,0.002977303799781339
0.0356923076923077,0.014153846153846157,44.132484465784955,44.12962632736752,0.002858138417437317
0.0356923076923077,0.014461538461538465,41.96263548481567,41.959901096029114,0.0027343887865569627
0.0356923076923077,0.014769230769230772,39.768278787353005,39.765672464057616,0.0026063232953887905
0.0356923076923077,0.01507692307692308,37.55069595016263,37.54822179918379,0.0024741509788341887
0.0356923076923077,0.015384615384615387,35.311182174044205,35.30884403015168,0.002338143892522737
0.0356923076923077,0.015692307692307696,33.05104540441668,33.04884689051662,0.0021985139000619824
0.0356923076923077,0.016000000000000004,30.771605690923952,30.76955015496578,0.002055535958170651
0.0356923076923077,0.01630769230769231,28.474194289012704,28.472284868606845,0.0019094204058589526
0.0356923076923077,0.01661538461538462,26.160153004298056,26.1583925696752,0.001760434622855911
0.0356923076923077,0.016923076923076926,23.83083331647851,23.829224506113267,0.0016088103652442953
0.0356923076923077,0.017230769230769234,21.48759563235166,21.486140846479948,0.0014547858717115503
0.0356923076923077,0.01753846153846154,19.131808481265686,19.13050988565028,0.0012985956154061284
0.0356923076923077,0.01784615384615385,16.76484771361037,16.763707245769954,0.0011404678404147717
0.0356923076923077,0.01815384615384616,14.388095738219281,14.3871150729305,0.0009806652887807132
0.0356923076923077,0.018461538461538467,12.002940640014632,12.002121230035232,0.0008194099793996656
0.0356923076923077,0.018769230769230774,9.61077544318835,9.610118486325968,0.0006569568623824296
0.0356923076923077,0.01907692307692308,7.212997244687893,7.212503704045357,0.0004935406425357058
0.0356923076923077,0.01938461538461539,4.811006438025563,4.810677022708449,0.00032941531711383476
0.0356923076923077,0.019692307692307696,2.406205862252518,2.406041041460823,0.00016482079169533037
0.03630769230769231,0.00030769230769230776,85.75893285528154,85.75865588603016,0.0002769692513879818
0.03630769230769231,0.0006153846153846155,85.68406701819463,85.68352761241295,0.0005394057816801023
0.03630769230769231,0.0009230769230769233,85.559150021453,85.55836257155129,0.0007874499017077596
0.03630769230769231,0.001230769230769231,85.38425669617656,85.38323385630433,0.0010228398722347265
0.03630769230769231,0.001538461538461539,85.15948903570533,85.15824373691012,0.0012452987952116246
0.03630769230769231,0.0018461538461538465,84.88497965655591,84.88352360126258,0.001456055293331815
0.03630769230769231,0.002153846153846154,84.56088861676113,84.55923387818467,0.0016547385764624778
0.03630769230769231,0.002461538461538462,84.18740608631059,84.18556394374257,0.001842142568023064
0.03630769230769231,0.00276923076923077,83.76475016017308,83.76273201065528,0.002018149517795109
0.03630769230769231,0.003076923076923078,83.29316834663678,83.29098500086462,0.002183345772152734
0.03630769230769231,0.0033846153846153852,82.77293609732025,82.77059840133977,0.0023376959804863873
0.03630769230769231,0.003692307692307693,82.20435769914539,82.2018761032005,0.0024815959448858393
0.03630769230769231,0.004000000000000001,81.58776536172698,81.58515022425354,0.0026151374734411093
0.03630769230769231,0.004307692307692308,80.92351951638813,80.92078091504493,0.0027386013431964784
0.03630769230769231,0.004615384615384617,80.21200830519098,80.20915614854233,0.002852156648643245
0.03630769230769231,0.004923076923076924,79.4536475023587,79.4506914935698,0.0029560087888995668
0.03630769230769231,0.0052307692307692315,78.6488802264337,78.64582987212714,0.0030503543065663052
0.03630769230769231,0.00553846153846154,77.79817663608857,77.79504130073609,0.003135335352482116
0.03630769230769231,0.005846153846153847,76.90203381875695,76.8988226159638,0.003211202793153234
0.03630769230769231,0.006153846153846156,75.96097527446024,75.9576971842843,0.0032780901759394965
0.03630769230769231,0.006461538461538463,74.97555081155664,74.97221459644724,0.0033362151093996317
0.03630769230769231,0.0067692307692307704,73.94633603551681,73.94295034653237,0.0033856889844372517
0.03630769230769231,0.007076923076923079,72.87393227101293,72.87050549587714,0.0034267751357930365
0.03630769230769231,0.007384615384615386,71.75896591527315,71.75550632207387,0.00345959319928113
0.03630769230769231,0.007692307692307694,70.60208830982863,70.59860395324127,0.0034843565873643456
0.03630769230769231,0.008000000000000002,69.40397516935502,69.40047398778388,0.0035011815711385452
0.03630769230769231,0.00830769230769231,68.16532642320436,68.16181609986178,0.0035103233425815006
0.03630769230769231,0.008615384615384617,66.88686554179469,66.88335363080041,0.0035119109942769455
0.03630769230769231,0.008923076923076924,65.56933931271803,65.5658331666797,0.0035061460383332133
0.03630769230769231,0.009230769230769233,64.21351727060231,64.2100241023488,0.0034931682535130903
0.03630769230769231,0.00953846153846154,62.82019140782904,62.8167181921212,0.0034732157078423143
0.03630769230769231,0.009846153846153848,61.3901755224101,61.38672908741242,0.0034464349976772723
0.03630769230769231,0.010153846153846156,59.92430488377886,59.920891861590576,0.003413022188283321
0.03630769230769231,0.010461538461538463,58.42343566287111,58.42006252231701,0.00337314055409621
0.03630769230769231,0.010769230769230772,56.88844451850745,56.88511751166191,0.003327006845537994
0.03630769230769231,0.01107692307692308,55.320227980346196,55.31695319428687,0.00327478605932896
0.03630769230769231,0.011384615384615387,53.7197020043881,53.71648533399311,0.003216670394984078
0.03630769230769231,0.011692307692307695,52.08780140432285,52.08464855894126,0.0031528453815923285
0.03630769230769231,0.012000000000000002,50.42547933023731,50.42239581585479,0.003083514382517194
0.03630769230769231,0.012307692307692311,48.73370667594798,48.73069781352598,0.003008862421999936
0.03630769230769231,0.012615384615384619,47.0134715398491,47.010542455949334,0.002929083899765317
0.03630769230769231,0.012923076923076926,45.26577864339639,45.262934265413435,0.002844377982953006
0.03630769230769231,0.013230769230769233,43.49164872525557,43.48889379588824,0.0027549293673345687
0.03630769230769231,0.013538461538461541,41.69211798466629,41.68945703705026,0.0026609476160288636
0.03630769230769231,0.013846153846153848,39.86823742843298,39.865674809293864,0.0025626191391125985
0.03630769230769231,0.014153846153846157,38.02107231610974,38.018612150081616,0.002460166028122046
0.03630769230769231,0.014461538461538465,36.15170145471737,36.14934769199252,0.002353762724851549
0.03630769230769231,0.014769230769230772,34.261216673108116,34.258973032830866,0.002243640277249881
0.03630769230769231,0.01507692307692308,32.35072206946126,32.34859209816394,0.002129971297321731
0.03630769230769231,0.015384615384615387,30.421333487154158,30.419320496660546,0.0020129904936112553
0.03630769230769231,0.015692307692307696,28.47417774510079,28.472284868606888,0.001892876493901241
0.03630769230769231,0.016000000000000004,26.51039208948787,26.508622227980492,0.001769861507376902
0.03630769230769231,0.01630769230769231,24.53112341820298,24.529479298465986,0.0016441197369942984
0.03630769230769231,0.01661538461538462,22.537527717564057,22.536011843800807,0.0015158737632496866
0.03630769230769231,0.016923076923076926,20.530769322036605,20.52938399284161,0.001385329194995677
0.03630769230769231,0.017230769230769234,18.512020252792187,18.510767559745993,0.001252693046193798
0.03630769230769231,0.01753846153846154,16.48245954155975,16.481341359665826,0.0011181818939220989
0.03630769230769231,0.01784615384615385,14.443272521893833,14.442290520352563,0.000982001541270705
0.03630769230769231,0.01815384615384616,12.395650178364638,12.394805790075834,0.0008443882888045096
0.03630769230769231,0.018461538461538467,10.340788377514949,10.340082842260271,0.0007055352546778693
0.03630769230769231,0.018769230769230774,8.279887235844603,8.279321577245533,0.0005656585990703178
0.03630769230769231,0.01907692307692308,6.214150378920629,6.213725421578592,0.000424957342037402
0.03630769230769231,0.01938461538461539,4.14478426906713,4.144500625246337,0.00028364382079271167
0.03630769230769231,0.019692307692307696,2.0729974798405535,2.072855557259694,0.00014192258085943266
0.036923076923076927,0.00030769230769230776,71.77395115213535,71.77373624495893,0.00021490717642791424
0.036923076923076927,0.0006153846153846155,71.71128403717005,71.71085936285962,0.00042467431042325643
0.036923076923076927,0.0009230769230769233,71.60673187476591,71.60610535829787,0.0006265164680456792
0.036923076923076927,0.001230769230769231,71.46035564564751,71.45953540466243,0.0008202409850781578
0.036923076923076927,0.001538461538461539,71.27223968357558,71.27123509467877,0.001004588896805103
0.036923076923076927,0.0018461538461538465,71.04249440057477,71.04131439042531,0.001180010149454347
0.036923076923076927,0.002153846153846154,70.77125336905286,70.76990755911866,0.0013458099341931984
0.036923076923076927,0.002461538461538462,70.45867551817499,70.4571730947054,0.0015024234695886207
0.036923076923076927,0.00276923076923077,70.10494326623368,70.10329362530602,0.0016496409276527402
0.036923076923076927,0.003076923076923078,69.710263670266,69.70847580656526,0.0017878637007413545
0.036923076923076927,0.0033846153846153852,69.27486725687777,69.27295020097104,0.0019170559067305248
0.036923076923076927,0.003692307692307693,68.7990086518279,68.79697114321247,0.0020375086154302835
0.036923076923076927,0.004000000000000001,68.28296591592432,68.28081659165552,0.002149324268799546
0.036923076923076927,0.004307692307692308,67.72704067399711,67.72478796602321,0.002252707973894985
0.036923076923076927,0.004615384615384617,67.1315578143892,67.12920997137489,0.002347843014305795
0.036923076923076927,0.004923076923076924,66.49686529055435,66.49443040848774,0.002434882066609134
0.036923076923076927,0.0052307692307692315,65.8233339906786,65.82081997075088,0.00251401992773026
0.036923076923076927,0.00553846153846154,65.11135738001956,65.10877202769076,0.002585352328793533
0.036923076923076927,0.005846153846153847,64.36135151606531,64.35870239525465,0.0026491208106591557
0.036923076923076927,0.006153846153846156,63.5737545138636,63.57104909298559,0.002705420878008624
0.036923076923076927,0.006461538461538463,62.74902654050029,62.74627208823151,0.002754452268781904
0.036923076923076927,0.0067692307692307704,61.88764931798151,61.88485302753713,0.0027962904443796788
0.036923076923076927,0.007076923076923079,60.99012612761147,60.98729495537603,0.002831172235438828
0.036923076923076927,0.007384615384615386,60.056981205867956,60.054122020386735,0.0028591854812205497
0.036923076923076927,0.007692307692307694,59.088759685033175,59.0858791692848,0.0028805157483731136
0.036923076923076927,0.008000000000000002,58.0860270775576,58.083131828629156,0.0028952489284463923
0.036923076923076927,0.00830769230769231,57.0493691788112,57.046465574629,0.0029036041821939307
0.036923076923076927,0.008615384615384617,55.979391473128786,55.97648579118376,0.002905681945023275
0.036923076923076927,0.008923076923076924,54.87671896771541,54.873817316355904,0.0029016513595081506
0.036923076923076927,0.009230769230769233,53.74199570081049,53.739104077483155,0.00289162332733639
0.036923076923076927,0.00953846153846154,52.575884511781325,52.57300871514308,0.002875796638242889
0.036923076923076927,0.009846153846153848,51.37906648626887,51.37621219618958,0.0028542900792913883
0.036923076923076927,0.010153846153846156,50.15224068139552,50.149413416087455,0.0028272653080634313
0.036923076923076927,0.010461538461538463,48.896123646884035,48.89332879077718,0.0027948561068527056
0.036923076923076927,0.010769230769230772,47.611449079376555,47.6086918383081,0.002757241068458427
0.036923076923076927,0.01107692307692308,46.29896730674468,46.29625275048458,0.0027145562601020856
0.036923076923076927,0.011384615384615387,44.959444913905514,44.95677795477512,0.0026669591303942752
0.036923076923076927,0.011692307692307695,43.593664270364734,43.59104966674029,0.0026146036244441007
0.036923076923076927,0.012000000000000002,42.20242309073962,42.199865433240866,0.0025576574987553613
0.036923076923076927,0.012307692307692311,40.78653394075913,40.78403766669292,0.0024962740662104466
0.036923076923076927,0.012615384615384619,39.3468237843204,39.34439317064187,0.0024306136785270382
0.036923076923076927,0.012923076923076926,37.88413349841974,37.88177265693247,0.0023608414872740013
0.036923076923076927,0.013230769230769233,36.399317367463475,36.39703025475676,0.0022871127067176644
0.036923076923076927,0.013538461538461541,34.893242610865606,34.891033011866675,0.0022095989989310283
0.036923076923076927,0.013846153846153848,33.36678884582622,33.36466038824263,0.0021284575835878172
0.036923076923076927,0.014153846153846157,31.820847610237646,31.818803742513555,0.0020438677240903758
0.036923076923076927,0.014461538461538465,30.256321792458426,30.254365811428656,0.0019559810297700153
0.036923076923076927,0.014769230769230772,28.674125162656537,28.67226018268449,0.00186497997204782
0.036923076923076927,0.01507692307692308,27.07518177627805,27.073410761415545,0.0017710148625056377
0.036923076923076927,0.015384615384615387,25.460425499614203,25.45875123065964,0.0016742689545630185
0.036923076923076927,0.015692307692307696,23.830799408254535,23.82922450611328,0.0015749021412538866
0.036923076923076927,0.016000000000000004,22.187255275592154,22.18578218549551,0.0014730900966455351
0.036923076923076927,0.01630769230769231,20.5307529743343,20.529383992841595,0.0013689814927033694
0.036923076923076927,0.01661538461538462,18.86225995569808,18.860997218051253,0.00126273764682594
0.036923076923076927,0.016923076923076926,17.182750678451377,17.181596152018514,0.0011545264328631788
0.036923076923076927,0.017230769230769234,15.493206000375073,15.49216151767339,0.0010444827016833358
0.036923076923076927,0.01753846153846154,13.794612672381735,13.793679897267179,0.0009327751145562502
0.036923076923076927,0.01784615384615385,12.087962701426031,12.087143156236325,0.0008195451897066164
0.036923076923076927,0.01815384615384616,10.374252860519865,10.3735478639808,0.0007049965390653057
0.036923076923076927,0.018461538461538467,8.654483994422288,8.65389471189587,0.0005892825264179891
0.036923076923076927,0.018769230769230774,6.92966053389251,6.92918792899619,0.0004726048963199503
0.036923076923076927,0.01907692307692308,5.200789836643199,5.2004346954745975,0.0003551411686011363
0.036923076923076927,0.01938461538461539,3.468881649355523,3.468644554537082,0.0002370948184409194
0.036923076923076927,0.019692307692307696,1.7349474744024826,1.7348288228581008,0.00011865154438184256
0.03753846153846154,0.00030769230769230776,57.62136762220487,57.621185717226766,0.00018190497810621764
0.03753846153846154,0.0006153846153846155,57.57106200089234,57.57070707851693,0.0003549223754077957
0.03753846153846154,0.0009230769230769233,57.48712770251825,57.48660876808656,0.0005189344316889333
0.03753846153846154,0.001230769230769231,57.36961486849156,57.36893989698072,0.0006749715108398391
0.03753846153846154,0.001538461538461539,57.21859191541265,57.21776918050653,0.0008227349061229461
0.03753846153846154,0.0018461538461538465,57.03414785803454,57.03318489810539,0.0009629599291471891
0.03753846153846154,0.002153846153846154,56.816390176954314,56.81529484180025,0.001095335154062127
0.03753846153846154,0.002461538461538462,56.56544653601551,56.56422625324813,0.0012202827673775118
0.03753846153846154,0.00276923076923077,56.281463495499196,56.28012574943455,0.001337746064642431
0.03753846153846154,0.003076923076923078,55.96460726693593,55.96315923705337,0.00144802988256032
0.03753846153846154,0.0033846153846153852,55.6150629811818,55.613511815621905,0.0015511655598956509
0.03753846153846154,0.003692307692307693,55.233035011744015,55.23138766938808,0.0016473423559375533
0.03753846153846154,0.004000000000000001,54.818746625004025,54.81700994809251,0.0017366769115128022
0.03753846153846154,0.004307692307692308,54.37243991687812,54.37062063665543,0.0018192802226906224
0.03753846153846154,0.004615384615384617,53.8943757475582,53.892480413864185,0.0018953336940157328
0.03753846153846154,0.004923076923076924,53.38483341886106,53.382868500144305,0.00196491871675164
0.03753846153846154,0.0052307692307692315,52.84411070599894,52.842082494502506,0.002028211496437393
0.03753846153846154,0.00553846153846154,52.27252344987443,52.27043820073736,0.0020852491370675352
0.03753846153846154,0.005846153846153847,51.67040569320394,51.6682694430187,0.002136250185237998
0.03753846153846154,0.006153846153846156,51.038109136233004,51.03592787094372,0.0021812652892805318
0.03753846153846154,0.006461538461538463,50.37600322234683,50.37378275418353,0.002220468163301348
0.03753846153846154,0.0067692307692307704,49.68447466301828,49.68222076684007,0.0022538961782103684
0.03753846153846154,0.007076923076923079,48.963927516691335,48.96164576163928,0.0022817550520528584
0.03753846153846154,0.007384615384615386,48.21478263523469,48.21247853409253,0.002304101142158288
0.03753846153846154,0.007692307692307694,47.43747766779082,47.43515657676389,0.0023210910269355622
0.03753846153846154,0.008000000000000002,46.632466606072505,46.630133823786714,0.002332782285790813
0.03753846153846154,0.00830769230769231,45.80021974433435,45.79788038577902,0.0023393585553321827
0.03753846153846154,0.008615384615384617,44.94122316961577,44.93888227531202,0.002340894303749508
0.03753846153846154,0.008923076923076924,44.055978651371916,44.053641123092504,0.0023375282794120267
0.03753846153846154,0.009230769230769233,43.14500323050995,43.14267388502463,0.00232934548532171
0.03753846153846154,0.00953846153846154,42.208829047937165,42.20651254032225,0.0023165076149140873
0.03753846153846154,0.009846153846153848,41.24800288928154,41.24570378084801,0.002299108433525987
0.03753846153846154,0.010153846153846156,40.263085969447836,40.26080869186069,0.0022772775871473527
0.03753846153846154,0.010461538461538463,39.254653546347676,39.25240242435723,0.0022511219904473023
0.03753846153846154,0.010769230769230772,38.223294643387916,38.22107385920075,0.0022207841871662026
0.03753846153846154,0.01107692307692308,37.16961163685519,37.16742526323068,0.0021863736245038012
0.03753846153846154,0.011384615384615387,36.09421995230021,36.092071937555936,0.00214801474427162
0.03753846153846154,0.011692307692307695,34.997747689666596,34.99564185823632,0.0021058314302777603
0.03753846153846154,0.012000000000000002,33.88083526620848,33.878775309562286,0.002059956646192518
0.03753846153846154,0.012307692307692311,32.744135022678414,32.742124510146844,0.002010512531569475
0.03753846153846154,0.012615384615384619,31.588310857488278,31.586353232048342,0.0019576254399353843
0.03753846153846154,0.012923076923076926,30.4140378381981,30.412136413146225,0.0019014250518765152
0.03753846153846154,0.013230769230769233,29.222001798987694,29.220159762996335,0.0018420359913591255
0.03753846153846154,0.013538461538461541,28.012898951901917,28.011119362395817,0.00177958950609991
0.03753846153846154,0.013846153846153848,26.787435470383006,26.785721256891605,0.0017142134914003293
0.03753846153846154,0.014153846153846157,25.54632708621067,25.54468104446961,0.0016460417410613104
0.03753846153846154,0.014461538461538465,24.290298662053473,24.288723457665725,0.0015752043877483857
0.03753846153846154,0.014769230769230772,23.020083774416484,23.018581940342383,0.001501834074101538
0.03753846153846154,0.01507692307692308,21.73642428182706,21.73499821937803,0.0014260624490276541
0.03753846153846154,0.015384615384615387,20.44006989277313,20.438721871519512,0.0013480212536194358
0.03753846153846154,0.015692307692307696,19.131777743705225,19.13050988565031,0.0012678580549163598
0.03753846153846154,0.016000000000000004,17.8123119197319,17.811126220730426,0.0011856990014749158
0.03753846153846154,0.01630769230769231,16.482443043283,16.481341359665826,0.0011016836171720001
0.03753846153846154,0.01661538461538462,15.142947794709917,15.14193185936813,0.0010159353417869
0.03753846153846154,0.016923076923076926,13.794608520652737,13.793679897267191,0.0009286233855458903
0.03753846153846154,0.017230769230769234,12.438212672387646,12.437372814541611,0.0008398578460351303
0.03753846153846154,0.01753846153846154,11.074552465184263,11.073802656333546,0.0007498088507169598
0.03753846153846154,0.01784615384615385,9.704424296749671,9.70376570921675,0.000658587532921473
0.03753846153846154,0.01815384615384616,8.32862841791407,8.328062036187521,0.0005663817265482152
0.03753846153846154,0.018461538461538467,6.947968307064177,6.947495009450637,0.0004732976135404243
0.03753846153846154,0.018769230769230774,5.563250344101669,5.562870841272363,0.00037950282930587775
0.03753846153846154,0.01907692307692308,4.175283234654681,4.174998113175387,0.0002851214792940482
0.03753846153846154,0.01938461538461539,2.7848776216868565,2.784687303749863,0.00019031793699353372
0.03753846153846154,0.019692307692307696,1.392845542887524,1.3927503153568306,9.522753069335366e-05
0.038153846153846156,0.00030769230769230776,43.334195930187725,43.33405824035427,0.0001376898334584098
0.038153846153846156,0.0006153846153846155,43.296364075054576,43.296095740233554,0.00026833482102261996
0.038153846153846156,0.0009230769230769233,43.233241002901416,43.2328495394353,0.0003914634661157379
0.038153846153846156,0.001230769230769231,43.14486459443754,43.14435657195975,0.0005080224777955777
0.038153846153846156,0.001538461538461539,43.03128644880054,43.03066851520791,0.0006179335926361773
0.038153846153846156,0.0018461538461538465,42.8925736885501,42.891851759803416,0.0007219287466853075
0.038153846153846156,0.002153846153846154,42.72880732796814,42.7279873708223,0.0008199571458433752
0.038153846153846156,0.002461538461538462,42.54008342823776,42.539171040453226,0.0009123877845311767
0.038153846153846156,0.00276923076923077,42.32651234585798,42.325513032116014,0.0009993137419641585
0.038153846153846156,0.003076923076923078,42.08821905251476,42.087138116070825,0.001080936443933922
0.038153846153846156,0.0033846153846153852,41.825342863239236,41.8241854965559,0.0011573666833371021
0.038153846153846156,0.003692307692307693,41.53803741913103,41.53680873049619,0.001228688634839159
0.038153846153846156,0.004000000000000001,41.22647068090443,41.22517563783044,0.001295043073987756
0.038153846153846156,0.004307692307692308,40.89082465539463,40.889468203509054,0.0013564518855773144
0.038153846153846156,0.004615384615384617,40.53129555801661,40.52988247122001,0.0014130867965960192
0.038153846153846156,0.004923076923076924,40.14809338671169,40.14662842890492,0.0014649578067746916
0.038153846153846156,0.0052307692307692315,39.741442105414976,39.7399298861319,0.001512219283078764
0.038153846153846156,0.00553846153846154,39.311579201573515,39.31002434339713,0.0015548581763837888
0.038153846153846156,0.005846153846153847,38.85875590865983,38.85716285343128,0.001593055228553908
0.038153846153846156,0.006153846153846156,38.38323669353898,38.381609874591724,0.0016268189472583572
0.038153846153846156,0.006461538461538463,37.88529940644482,37.883643116426356,0.0016562900184666773
0.038153846153846156,0.0067692307692307704,37.365234851821995,37.363553377499,0.0016814743229929263
0.038153846153846156,0.007076923076923079,36.82334690961372,36.82164437557128,0.0017025340424368096
0.038153846153846156,0.007384615384615386,36.259952066292804,36.25823257023993,0.00171949605287125
0.038153846153846156,0.007692307692307694,35.67537946002818,35.6736469781334,0.0017324818947841436
0.038153846153846156,0.008000000000000002,35.06997050432102,35.06822898077529,0.0017415235457320932
0.038153846153846156,0.00830769230769231,34.44407888638812,34.44233212522727,0.0017467611608523725
0.038153846153846156,0.008615384615384617,33.79807016067699,33.79632191762749,0.0017482430495050494
0.038153846153846156,0.008923076923076924,33.13232168319296,33.13057560974528,0.0017460734476841822
0.038153846153846156,0.009230769230769233,32.44722228958554,32.44548197867677,0.0017403109087723578
0.038153846153846156,0.00953846153846154,31.743172175545254,31.741441099810007,0.0017310757352468897
0.038153846153846156,0.009846153846153848,31.020582548056517,31.01886411319219,0.0017184348643262126
0.038153846153846156,0.010153846153846156,30.27987546682642,30.27817298343545,0.0017024833909715653
0.038153846153846156,0.010461538461538463,29.52148355256575,29.519800253301423,0.0016832992643287525
0.038153846153846156,0.010769230769230772,28.745849777756764,28.744188791108435,0.0016609866483285884
0.038153846153846156,0.01107692307692308,27.953427158065544,27.95179153210889,0.001635625956655673
0.038153846153846156,0.011384615384615387,27.144678521081346,27.14307121398783,0.0016073070935149758
0.038153846153846156,0.011692307692307695,26.320076227969153,26.31850010663716,0.0015761213319933631
0.038153846153846156,0.012000000000000002,25.480101901433606,25.478559736363337,0.0015421650702691636
0.038153846153846156,0.012307692307692311,24.62524613180861,24.623740604689548,0.0015055271190611563
0.038153846153846156,0.012615384615384619,23.756008200883944,23.75454190191666,0.0014662989672835636
0.038153846153846156,0.012923076923076926,22.872895788629783,22.871471215610125,0.0014245730196584816
0.038153846153846156,0.013230769230769233,21.976424675190728,21.97504423418313,0.0013804410075977103
0.038153846153846156,0.013538461538461541,21.067118438599113,21.06578444574909,0.0013339928500215592
0.038153846153846156,0.013846153846153848,20.145508156836907,20.144222832419366,0.0012853244175410339
0.038153846153846156,0.014153846153846157,19.21213208390398,19.210897560224588,0.0012345236793933623
0.038153846153846156,0.014461538461538465,18.26753535699195,18.26635366484094,0.001181692151011049
0.038153846153846156,0.014769230769230772,17.312269647004218,17.311142733304578,0.0011269136996396867
0.038153846153846156,0.01507692307692308,16.346892876764457,16.34582258190043,0.0010702948640286536
0.038153846153846156,0.015384615384615387,15.371968848104288,15.370956930413133,0.001011917691155162
0.038153846153846156,0.015692307692307696,14.388066980219973,14.387115072930545,0.0009519072894281777
0.038153846153846156,0.016000000000000004,13.395761889956908,13.394871545392078,0.000890344564830059
0.038153846153846156,0.01630769230769231,12.395633147359835,12.394805790075855,0.0008273572839794241
0.038153846153846156,0.01661538461538462,11.38826484747523,11.387501817220752,0.0007630302544789913
0.038153846153846156,0.016923076923076926,10.374245380798103,10.373547863980827,0.0006975168172758117
0.038153846153846156,0.017230769230769234,9.35416693778729,9.353536050911458,0.0006308868758324593
0.038153846153846156,0.01753846153846154,8.328625323548431,8.328062036187534,0.000563287360897391
0.038153846153846156,0.01784615384615385,7.2982194535155545,7.297724667755926,0.0004947857596286909
0.038153846153846156,0.01815384615384616,6.263551174537483,6.263125633625063,0.00042554091241964187
0.038153846153846156,0.018461538461538467,5.2252247291855936,5.224869110496226,0.00035561868936717644
0.038153846153846156,0.018769230769230774,4.183846570458574,4.183561410941182,0.0002851595173920529
0.038153846153846156,0.01907692307692308,3.1400248771905144,3.1398106293328603,0.00021424785765411514
0.038153846153846156,0.01938461538461539,2.0943693010721014,2.094226286735278,0.00014301433682328835
0.038153846153846156,0.019692307692307696,1.0474905353503876,1.0474189749604723,7.156038991529279e-05
0.03876923076923077,0.00030769230769230776,28.945811276133906,28.945722062562798,8.92135711083597e-05
0.03876923076923077,0.0006153846153846155,28.92053851578454,28.920364364209245,0.0001741515752939904
0.03876923076923077,0.0009230769230769233,28.87837240903435,28.878117987475612,0.00025442155873633965
0.03876923076923077,0.001230769230769231,28.81933834058558,28.819007603056242,0.0003307375293388759
0.03876923076923077,0.001538461538461539,28.743470641696355,28.74306772975106,0.00040291194529373797
0.03876923076923077,0.0018461538461538465,28.650814074702286,28.65034271430759,0.0004713603946946421
0.03876923076923077,0.002153846153846154,28.54142273239307,28.540886705523672,0.0005360268693976877
0.03876923076923077,0.002461538461538462,28.415360676520994,28.414763622626108,0.0005970538948858461
0.03876923076923077,0.00276923076923077,28.27270166985373,28.272047117943643,0.0006545519100882302
0.03876923076923077,0.003076923076923078,28.11352909139666,28.112820533896052,0.0007085575006087197
0.03876923076923077,0.0033846153846153852,27.937936067483747,27.937176854324548,0.0007592131591991347
0.03876923076923077,0.003692307692307693,27.746025143610975,27.745218650191795,0.0008064934191800432
0.03876923076923077,0.004000000000000001,27.537908574117427,27.537058019683396,0.0008505544340309257
0.03876923076923077,0.004307692307692308,27.31370786816735,27.31281652274569,0.0008913454216603611
0.03876923076923077,0.004615384615384617,27.07355414131811,27.072625110098144,0.0009290312199645712
0.03876923076923077,0.004923076923076924,26.817587616086282,26.81662404676188,0.0009635693244014476
0.03876923076923077,0.0052307692307692315,26.545957928662837,26.544962830148787,0.0009950985140498858
0.03876923076923077,0.00553846153846154,26.258823675270154,26.25780010275928,0.00102357251087426
0.03876923076923077,0.005846153846153847,25.956352697562487,25.95530355953955,0.0010491380229353808
0.03876923076923077,0.006153846153846156,25.63872162350666,25.637649849952417,0.0010717735542442597
0.03876923076923077,0.006461538461538463,25.30611606496854,25.30502447481902,0.0010915901495174296
0.03876923076923077,0.0067692307692307704,24.958730249504665,24.95762167799159,0.0011085715130754181
0.03876923076923077,0.007076923076923079,24.596767170750198,24.59564433292047,0.0011228378297261088
0.03876923076923077,0.007384615384615386,24.220438217010642,24.219303824181758,0.0011343928288845007
0.03876923076923077,0.007692307692307694,23.829963248860142,23.82881992403467,0.001143324825473968
0.03876923076923077,0.008000000000000002,23.425570309113205,23.424420664080706,0.0011496450324983698
0.03876923076923077,0.00830769230769231,23.00749565343333,23.00634220209965,0.001153451333681943
0.03876923076923077,0.008615384615384617,22.57598345338985,22.57482868414004,0.0011547692498083961
0.03876923076923077,0.008923076923076924,22.13128577211111,22.130132101944785,0.0011536701663246163
0.03876923076923077,0.009230769230769233,21.673662334629448,21.672512145795046,0.0011501888344014333
0.03876923076923077,0.00953846153846154,21.203380458591045,21.202236052858474,0.0011444057325711299
0.03876923076923077,0.009846153846153848,20.720714814153272,20.719578451130182,0.001136363023089615
0.03876923076923077,0.010153846153846156,20.225947322154763,20.224821199057754,0.0011261230970092129
0.03876923076923077,0.010461538461538463,19.719366957583986,19.71825322094385,0.0011137366401356985
0.03876923076923077,0.010769230769230772,19.2012696094705,19.200170338222534,0.0010992712479662714
0.03876923076923077,0.01107692307692308,18.671957876604274,18.6708750967079,0.0010827798963752855
0.03876923076923077,0.011384615384615387,18.13174090999498,18.13067658991584,0.0010643200791413676
0.03876923076923077,0.011692307692307695,17.580934230631357,17.579890278562118,0.001043952069238685
0.03876923076923077,0.012000000000000002,17.019859544086476,17.018837806342212,0.0010217377442636177
0.03876923076923077,0.012307692307692311,16.44884454711696,16.447846812100437,0.0009977350165222276
0.03876923076923077,0.012615384615384619,15.86822274176438,15.867250738498115,0.0009720032662663414
0.03876923076923077,0.012923076923076926,15.27833323834476,15.277388637292413,0.0009446010523479487
0.03876923076923077,0.013230769230769233,14.679520561341185,14.678604971339697,0.0009155900014885532
0.03876923076923077,0.013538461538461541,14.072134437983605,14.071249413438892,0.0008850245447131755
0.03876923076923077,0.013846153846153848,13.456529614728758,13.45567664213246,0.0008529725962986845
0.03876923076923077,0.014153846153846157,12.833065618947632,12.832246134584063,0.0008194843635696003
0.03876923076923077,0.014461538461538465,12.202106592787487,12.201321956654079,0.0007846361334085117
0.03876923076923077,0.014769230769230772,11.564021021926214,11.563272550295338,0.000748471630876324
0.03876923076923077,0.01507692307692308,10.919181592961412,10.918470518393443,0.0007110745679685948
0.03876923076923077,0.015384615384615387,10.267964891629683,10.267292407177154,0.0006724844525294316
0.03876923076923077,0.015692307692307696,9.610751287060713,9.610118486325986,0.0006328007347278231
0.03876923076923077,0.016000000000000004,8.947924583785381,8.947332526903448,0.0005920568819330896
0.03876923076923077,0.01630769230769231,8.279871929475384,8.279321577245536,0.0005503522298475616
0.03876923076923077,0.01661538461538462,7.606983455002691,7.60647573693541,0.0005077180672810044
0.03876923076923077,0.016923076923076926,6.929652201681969,6.929187928996198,0.00046427268577087233
0.03876923076923077,0.017230769230769234,6.248273711260811,6.247853670435066,0.0004200408257455379
0.03876923076923077,0.01753846153846154,5.563245982337732,5.562870841272365,0.00037514106536740144
0.03876923076923077,0.01784615384615385,4.874969053668146,4.874639452190955,0.000329601477190522
0.03876923076923077,0.01815384615384616,4.1838449602926975,4.183561410941176,0.0002835493515211951
0.03876923076923077,0.018461538461538467,3.4902772994941573,3.4900402876381302,0.00023701185602709174
0.03876923076923077,0.018769230769230774,2.794671177600741,2.794481079087979,0.0001900985127618604
0.03876923076923077,0.01907692307692308,2.097432825118957,2.097289972281312,0.00014285283764525758
0.03876923076923077,0.01938461538461539,1.3989694794539889,1.3988741071913215,9.53722626673148e-05
0.03876923076923077,0.019692307692307696,0.6996890626947834,0.6996413390155722,4.77236792111313e-05
0.039384615384615386,0.00030769230769230776,14.489817709459459,14.489781809684274,3.589977518458909e-05
0.039384615384615386,0.0006153846153846155,14.47716043606437,14.477088137177345,7.229888702475762e-05
0.039384615384615386,0.0009230769230769233,14.456048210010687,14.455940252878692,0.00010795713199485135
0.039384615384615386,0.001230769230769231,14.42649316583051,14.426350506557213,0.00014265927329581984
0.039384615384615386,0.001538461538461539,14.388512158147945,14.388336177791505,0.00017598035644006416
0.039384615384615386,0.0018461538461538465,14.342127400368886,14.341919465879066,0.00020793448982026064
0.039384615384615386,0.002153846153846154,14.287365861525357,14.28712747687254,0.00023838465281755816
0.039384615384615386,0.002461538461538462,14.224259531234866,14.223992207750543,0.0002673234843229011
0.039384615384615386,0.00276923076923077,14.152845293989309,14.152550527732332,0.00029476625697633096
0.039384615384615386,0.003076923076923078,14.073164846366184,14.072844156747207,0.0003206896189773545
0.039384615384615386,0.0033846153846153852,13.985264787375723,13.984919641071267,0.0003451463044559233
0.039384615384615386,0.003692307692307693,13.889196421982957,13.888828326145674,0.0003680958372829224
0.039384615384615386,0.004000000000000001,13.78501593113864,13.784626326592377,0.0003896045462621345
0.039384615384615386,0.004307692307692308,13.672784119576399,13.672374493444751,0.00040962613164730044
0.039384615384615386,0.004615384615384617,13.552566612516927,13.552138378612293,0.0004282339046337569
0.039384615384615386,0.004923076923076924,13.424433586842232,13.423988196600172,0.00044539024206002864
0.039384615384615386,0.0052307692307692315,13.288459940268105,13.287998783505925,0.00046115676217972634
0.039384615384615386,0.00553846153846154,13.144725050646002,13.144249553317284,0.00047549732871843275
0.039384615384615386,0.005846153846153847,12.993312930266583,12.992824451536647,0.0004884787299364035
0.039384615384615386,0.006153846153846156,12.834311986168581,12.833811906159264,0.0005000800093171165
0.039384615384615386,0.006461538461538463,12.66781512711854,12.667304776033777,0.000510351084763272
0.039384615384615386,0.0067692307692307704,12.493919572418017,12.493400296635281,0.0005192757827359173
0.039384615384615386,0.007076923076923079,12.31272693281716,12.312200023282523,0.0005269095346367436
0.039384615384615386,0.007384615384615386,12.124343019783586,12.123809771832471,0.000533247951114646
0.039384615384615386,0.007692307692307694,11.928877888112629,11.928339556886835,0.0005383312257940531
0.039384615384615386,0.008000000000000002,11.726445687558181,11.725903527546619,0.0005421600115624869
0.039384615384615386,0.00830769230769231,11.517164680571707,11.516619900752284,0.0005447798194229136
0.039384615384615386,0.008615384615384617,11.301157091669353,11.300610892248372,0.0005461994209809973
0.039384615384615386,0.008923076923076924,11.078549096662172,11.078002645212951,0.0005464514492210526
0.039384615384615386,0.009230769230769233,10.849470706607367,10.848925156593554,0.0005455500138129565
0.039384615384615386,0.00953846153846154,10.614055733794276,10.613512201192627,0.000543532601648522
0.039384615384615386,0.009846153846153848,10.372441671109211,10.371901253546802,0.0005404175624086349
0.039384615384615386,0.010153846153846156,10.124769641202628,10.124233407645647,0.0005362335569802923
0.039384615384615386,0.010461538461538463,9.871184298083943,9.87065329453675,0.000531003547193265
0.039384615384615386,0.010769230769230772,9.61183375677623,9.611308997865248,0.0005247589109824702
0.039384615384615386,0.01107692307692308,9.346869491333175,9.346351967397164,0.0005175239360113437
0.039384615384615386,0.011384615384615387,9.07644625557647,9.075936930576997,0.0005093249994718718
0.039384615384615386,0.011692307692307695,8.800721992263682,8.80022180217126,0.0005001900924224145
0.039384615384615386,0.012000000000000002,8.51985773988722,8.519367592050699,0.0004901478365209044
0.039384615384615386,0.012307692307692311,8.234017536005997,8.233538311165056,0.0004792248409408728
0.039384615384615386,0.012615384615384619,7.943368324112126,7.942900875765312,0.00046744834681433645
0.039384615384615386,0.012923076923076926,7.648079854626944,7.647625009929275,0.00045484469766954305
0.039384615384615386,0.013230769230769233,7.348324588527,7.347883146447511,0.00044144207948892955
0.039384615384615386,0.013538461538461541,7.044277590212642,7.043850326127446,0.0004272640851965548
0.039384615384615386,0.013846153846153848,6.736116437743117,6.7357040955744685,0.0004123421686488271
0.039384615384615386,0.014153846153846157,6.42402110081803,6.4236244035097,0.0003966973083304737
0.039384615384615386,0.014461538461538465,6.108173861145862,6.107793495685026,0.00038036546083564104
0.039384615384615386,0.014769230769230772,5.788759172313004,5.788395808456691,0.0003633638563123043
0.039384615384615386,0.01507692307692308,5.465963593988547,5.465617861079679,0.0003457329088680794
0.039384615384615386,0.015384615384615387,5.139975634607814,5.139648146785706,0.00032748782210845206
0.039384615384615386,0.015692307692307696,4.810985699429055,4.810677022708483,0.0003086767205715546
0.039384615384615386,0.016000000000000004,4.479185907661109,4.478896598720519,0.0002893089405899829
0.039384615384615386,0.01630769230769231,4.14477005310989,4.14450062524636,0.000269427863529792
0.039384615384615386,0.01661538461538462,3.8079334156853837,3.8076843801177978,0.00024903556758593126
0.039384615384615386,0.016923076923076926,3.4688727335556124,3.468644554537104,0.00022817901850835653
0.039384615384615386,0.017230769230769234,3.127785991898,3.1275791382149336,0.00020685368306638807
0.039384615384615386,0.01753846153846154,2.7848724114137076,2.7846873037498785,0.00018510766382906496
0.039384615384615386,0.01784615384615385,2.440332235022218,2.440169290317305,0.00016294470491295954
0.039384615384615386,0.01815384615384616,2.0943667139591184,2.094226286735286,0.00014042722383234008
0.039384615384615386,0.018461538461538467,1.7471778841715702,1.7470603139760437,0.00011757019552649517
0.039384615384615386,0.018769230769230774,1.3989685438236144,1.3988741071913287,9.443663228569932e-05
0.039384615384615386,0.01907692307692308,1.049942055074138,1.0498709973208518,7.10577532863077e-05
0.039384615384615386,0.01938461538461539,0.7003022858730109,0.700254792352709,4.749352030186671e-05
0.039384615384615386,0.019692307692307696,0.3502534479880082,0.3502296583052805,2.3789682727703987e-05
